date,store,new,repeat,total
2025-10-01,Ambience Vasant Kunj,12.0,3.0,15.0
2025-10-01,Andheri,1.0,7.0,8.0
2025-10-01,Express Avenue,15.0,3.0,18.0
2025-10-01,Gurugram,4.0,4.0,8.0
2025-10-01,Indiranagar,19.0,7.0,26.0
2025-10-01,Inorbit mall Hyderabad,0.0,0.0,0.0
2025-10-01,Jaipur Store,6.0,0.0,6.0
2025-10-01,Jubilee Hills,10.0,7.0,17.0
2025-10-01,Juhu Store,2.0,2.0,4.0
2025-10-01,"Kalaghoda, Fort",8.0,7.0,15.0
2025-10-01,Kemps Corner,10.0,10.0,20.0
2025-10-01,Khan Market,14.0,3.0,17.0
2025-10-01,Koregaon Park,6.0,1.0,7.0
2025-10-01,Lavelle Road,1.0,2.0,3.0
2025-10-01,"Mall of India, Noida",20.0,3.0,23.0
2025-10-01,Oberoi Mall Store,4.0,4.0,8.0
2025-10-01,"Pali Hill, Bandra",1.0,9.0,10.0
2025-10-01,Phoenix Marketcity Kurla,,8.0,8.0
2025-10-01,"Phoenix Marketcity, Whitefield",14.0,3.0,17.0
2025-10-01,Phoenix Palassio,14.0,2.0,16.0
2025-10-01,R.K. Salai,3.0,7.0,10.0
2025-10-01,Sarath City-Hyderabad,19.0,4.0,23.0
2025-10-01,Select City,5.0,2.0,7.0
2025-10-01,Shakespearesarani,5.0,2.0,7.0
2025-10-01,Sindhu Bhavan Marg,3.0,1.0,4.0
2025-10-01,South Ex.,3.0,2.0,5.0
2025-10-01,Viviana Mall,10.0,2.0,12.0
2025-10-02,Ambience Vasant Kunj,30.0,1.0,31.0
2025-10-02,Andheri,4.0,10.0,14.0
2025-10-02,Express Avenue,21.0,4.0,25.0
2025-10-02,Gurugram,6.0,10.0,16.0
2025-10-02,Indiranagar,17.0,11.0,28.0
2025-10-02,Inorbit mall Hyderabad,10.0,4.0,14.0
2025-10-02,Jaipur Store,12.0,5.0,17.0
2025-10-02,Jubilee Hills,7.0,8.0,15.0
2025-10-02,Juhu Store,7.0,5.0,12.0
2025-10-02,"Kalaghoda, Fort",11.0,8.0,19.0
2025-10-02,Kemps Corner,12.0,33.0,45.0
2025-10-02,Khan Market,12.0,4.0,16.0
2025-10-02,Koregaon Park,5.0,7.0,12.0
2025-10-02,Lavelle Road,2.0,3.0,5.0
2025-10-02,"Mall of India, Noida",32.0,7.0,39.0
2025-10-02,Oberoi Mall Store,32.0,2.0,34.0
2025-10-02,"Pali Hill, Bandra",13.0,19.0,32.0
2025-10-02,Phoenix Marketcity Kurla,10.0,17.0,27.0
2025-10-02,"Phoenix Marketcity, Whitefield",37.0,4.0,41.0
2025-10-02,Phoenix Palassio,23.0,5.0,28.0
2025-10-02,R.K. Salai,8.0,6.0,14.0
2025-10-02,Sarath City-Hyderabad,31.0,7.0,38.0
2025-10-02,Select City,13.0,5.0,18.0
2025-10-02,Shakespearesarani,5.0,0.0,5.0
2025-10-02,Sindhu Bhavan Marg,7.0,8.0,15.0
2025-10-02,South Ex.,9.0,4.0,13.0
2025-10-02,Vegas Dwarka,,1.0,1.0
2025-10-02,Viviana Mall,39.0,6.0,45.0
2025-10-03,Ambience Vasant Kunj,7.0,1.0,8.0
2025-10-03,Andheri,3.0,3.0,6.0
2025-10-03,Express Avenue,21.0,2.0,23.0
2025-10-03,Gurugram,5.0,7.0,12.0
2025-10-03,Indiranagar,10.0,2.0,12.0
2025-10-03,Inorbit mall Hyderabad,29.0,2.0,31.0
2025-10-03,Jaipur Store,10.0,5.0,15.0
2025-10-03,Jubilee Hills,8.0,8.0,16.0
2025-10-03,Juhu Store,7.0,1.0,8.0
2025-10-03,"Kalaghoda, Fort",14.0,6.0,20.0
2025-10-03,Kemps Corner,3.0,9.0,12.0
2025-10-03,Khan Market,13.0,4.0,17.0
2025-10-03,Koregaon Park,7.0,7.0,14.0
2025-10-03,Lavelle Road,2.0,1.0,3.0
2025-10-03,"Mall of India, Noida",26.0,4.0,30.0
2025-10-03,Oberoi Mall Store,1.0,3.0,4.0
2025-10-03,"Pali Hill, Bandra",13.0,8.0,21.0
2025-10-03,Phoenix Marketcity Kurla,1.0,9.0,10.0
2025-10-03,"Phoenix Marketcity, Whitefield",22.0,6.0,28.0
2025-10-03,Phoenix Palassio,9.0,4.0,13.0
2025-10-03,R.K. Salai,1.0,0.0,1.0
2025-10-03,Sarath City-Hyderabad,22.0,4.0,26.0
2025-10-03,Select City,8.0,3.0,11.0
2025-10-03,Shakespearesarani,9.0,1.0,10.0
2025-10-03,Sindhu Bhavan Marg,1.0,4.0,5.0
2025-10-03,South Ex.,4.0,1.0,5.0
2025-10-03,Vegas Dwarka,9.0,,9.0
2025-10-03,Viviana Mall,11.0,2.0,13.0
2025-10-04,Ambience Vasant Kunj,15.0,3.0,18.0
2025-10-04,Andheri,5.0,9.0,14.0
2025-10-04,Express Avenue,19.0,4.0,23.0
2025-10-04,Gurugram,6.0,7.0,13.0
2025-10-04,Indiranagar,22.0,9.0,31.0
2025-10-04,Inorbit mall Hyderabad,8.0,4.0,12.0
2025-10-04,Jaipur Store,4.0,4.0,8.0
2025-10-04,Jubilee Hills,5.0,10.0,15.0
2025-10-04,Juhu Store,10.0,5.0,15.0
2025-10-04,"Kalaghoda, Fort",7.0,12.0,19.0
2025-10-04,Kemps Corner,12.0,24.0,36.0
2025-10-04,Khan Market,9.0,3.0,12.0
2025-10-04,Koregaon Park,2.0,5.0,7.0
2025-10-04,Lavelle Road,3.0,4.0,7.0
2025-10-04,"Mall of India, Noida",33.0,10.0,43.0
2025-10-04,Oberoi Mall Store,28.0,6.0,34.0
2025-10-04,"Pali Hill, Bandra",12.0,9.0,21.0
2025-10-04,Phoenix Marketcity Kurla,6.0,18.0,24.0
2025-10-04,"Phoenix Marketcity, Whitefield",34.0,7.0,41.0
2025-10-04,Phoenix Palassio,17.0,1.0,18.0
2025-10-04,R.K. Salai,4.0,2.0,6.0
2025-10-04,Sarath City-Hyderabad,33.0,4.0,37.0
2025-10-04,Select City,14.0,4.0,18.0
2025-10-04,Shakespearesarani,9.0,3.0,12.0
2025-10-04,Sindhu Bhavan Marg,4.0,9.0,13.0
2025-10-04,South Ex.,5.0,0.0,5.0
2025-10-04,Vegas Dwarka,7.0,1.0,8.0
2025-10-04,Viviana Mall,26.0,2.0,28.0
2025-10-05,Ambience Vasant Kunj,12.0,4.0,16.0
2025-10-05,Andheri,0.0,10.0,10.0
2025-10-05,Express Avenue,24.0,5.0,29.0
2025-10-05,Gurugram,4.0,12.0,16.0
2025-10-05,Indiranagar,30.0,8.0,38.0
2025-10-05,Inorbit mall Hyderabad,9.0,2.0,11.0
2025-10-05,Jaipur Store,9.0,3.0,12.0
2025-10-05,Jubilee Hills,20.0,21.0,41.0
2025-10-05,Juhu Store,7.0,5.0,12.0
2025-10-05,"Kalaghoda, Fort",20.0,15.0,35.0
2025-10-05,Kemps Corner,9.0,17.0,26.0
2025-10-05,Khan Market,17.0,3.0,20.0
2025-10-05,Koregaon Park,9.0,9.0,18.0
2025-10-05,Lavelle Road,3.0,4.0,7.0
2025-10-05,"Mall of India, Noida",43.0,6.0,49.0
2025-10-05,Oberoi Mall Store,11.0,12.0,23.0
2025-10-05,"Pali Hill, Bandra",6.0,12.0,18.0
2025-10-05,Phoenix Marketcity Kurla,4.0,85.0,89.0
2025-10-05,"Phoenix Marketcity, Whitefield",34.0,4.0,38.0
2025-10-05,Phoenix Palassio,21.0,6.0,27.0
2025-10-05,R.K. Salai,2.0,6.0,8.0
2025-10-05,Sarath City-Hyderabad,38.0,5.0,43.0
2025-10-05,Select City,14.0,1.0,15.0
2025-10-05,Shakespearesarani,18.0,2.0,20.0
2025-10-05,Sindhu Bhavan Marg,8.0,6.0,14.0
2025-10-05,South Ex.,12.0,7.0,19.0
2025-10-05,Vegas Dwarka,9.0,1.0,10.0
2025-10-05,Viviana Mall,44.0,8.0,52.0
2025-10-06,Ambience Vasant Kunj,8.0,1.0,9.0
2025-10-06,Andheri,0.0,4.0,4.0
2025-10-06,Express Avenue,15.0,4.0,19.0
2025-10-06,Gurugram,3.0,7.0,10.0
2025-10-06,Indiranagar,8.0,3.0,11.0
2025-10-06,Inorbit mall Hyderabad,7.0,0.0,7.0
2025-10-06,Jaipur Store,5.0,2.0,7.0
2025-10-06,Jubilee Hills,10.0,11.0,21.0
2025-10-06,Juhu Store,2.0,2.0,4.0
2025-10-06,"Kalaghoda, Fort",8.0,4.0,12.0
2025-10-06,Kemps Corner,5.0,10.0,15.0
2025-10-06,Khan Market,8.0,5.0,13.0
2025-10-06,Koregaon Park,4.0,8.0,12.0
2025-10-06,Lavelle Road,2.0,2.0,4.0
2025-10-06,"Mall of India, Noida",19.0,0.0,19.0
2025-10-06,Oberoi Mall Store,5.0,2.0,7.0
2025-10-06,"Pali Hill, Bandra",2.0,10.0,12.0
2025-10-06,Phoenix Marketcity Kurla,3.0,7.0,10.0
2025-10-06,"Phoenix Marketcity, Whitefield",7.0,1.0,8.0
2025-10-06,Phoenix Palassio,14.0,3.0,17.0
2025-10-06,R.K. Salai,4.0,4.0,8.0
2025-10-06,Sarath City-Hyderabad,13.0,1.0,14.0
2025-10-06,Select City,11.0,2.0,13.0
2025-10-06,Shakespearesarani,6.0,5.0,11.0
2025-10-06,Sindhu Bhavan Marg,2.0,7.0,9.0
2025-10-06,South Ex.,6.0,1.0,7.0
2025-10-06,Vegas Dwarka,3.0,1.0,4.0
2025-10-06,Viviana Mall,6.0,7.0,13.0
2025-10-07,Ambience Vasant Kunj,12.0,0.0,12.0
2025-10-07,Andheri,4.0,4.0,8.0
2025-10-07,Express Avenue,17.0,3.0,20.0
2025-10-07,Gurugram,6.0,8.0,14.0
2025-10-07,Indiranagar,9.0,5.0,14.0
2025-10-07,Inorbit mall Hyderabad,12.0,2.0,14.0
2025-10-07,Jaipur Store,5.0,2.0,7.0
2025-10-07,Jubilee Hills,9.0,8.0,17.0
2025-10-07,Juhu Store,4.0,2.0,6.0
2025-10-07,"Kalaghoda, Fort",16.0,4.0,20.0
2025-10-07,Kemps Corner,9.0,14.0,23.0
2025-10-07,Khan Market,9.0,3.0,12.0
2025-10-07,Koregaon Park,1.0,3.0,4.0
2025-10-07,Lavelle Road,2.0,0.0,2.0
2025-10-07,"Mall of India, Noida",28.0,3.0,31.0
2025-10-07,Oberoi Mall Store,4.0,2.0,6.0
2025-10-07,"Pali Hill, Bandra",4.0,6.0,10.0
2025-10-07,Phoenix Marketcity Kurla,,5.0,5.0
2025-10-07,"Phoenix Marketcity, Whitefield",6.0,3.0,9.0
2025-10-07,Phoenix Palassio,16.0,1.0,17.0
2025-10-07,R.K. Salai,3.0,3.0,6.0
2025-10-07,Sarath City-Hyderabad,19.0,4.0,23.0
2025-10-07,Select City,5.0,7.0,12.0
2025-10-07,Shakespearesarani,5.0,3.0,8.0
2025-10-07,Sindhu Bhavan Marg,5.0,3.0,8.0
2025-10-07,South Ex.,4.0,2.0,6.0
2025-10-07,Vegas Dwarka,5.0,,5.0
2025-10-07,Viviana Mall,8.0,4.0,12.0
2025-10-08,Ambience Vasant Kunj,12.0,0.0,12.0
2025-10-08,Andheri,3.0,3.0,6.0
2025-10-08,Express Avenue,17.0,3.0,20.0
2025-10-08,Gurugram,8.0,5.0,13.0
2025-10-08,Indiranagar,6.0,5.0,11.0
2025-10-08,Inorbit mall Hyderabad,4.0,0.0,4.0
2025-10-08,Jaipur Store,4.0,1.0,5.0
2025-10-08,Jubilee Hills,13.0,14.0,27.0
2025-10-08,Juhu Store,4.0,0.0,4.0
2025-10-08,"Kalaghoda, Fort",15.0,17.0,32.0
2025-10-08,Kemps Corner,3.0,9.0,12.0
2025-10-08,Khan Market,7.0,4.0,11.0
2025-10-08,Koregaon Park,2.0,3.0,5.0
2025-10-08,Lavelle Road,2.0,1.0,3.0
2025-10-08,"Mall of India, Noida",16.0,1.0,17.0
2025-10-08,Oberoi Mall Store,5.0,1.0,6.0
2025-10-08,"Pali Hill, Bandra",9.0,5.0,14.0
2025-10-08,Phoenix Marketcity Kurla,3.0,10.0,13.0
2025-10-08,"Phoenix Marketcity, Whitefield",9.0,3.0,12.0
2025-10-08,Phoenix Palassio,8.0,2.0,10.0
2025-10-08,R.K. Salai,2.0,7.0,9.0
2025-10-08,Sarath City-Hyderabad,15.0,2.0,17.0
2025-10-08,Select City,5.0,0.0,5.0
2025-10-08,Shakespearesarani,8.0,6.0,14.0
2025-10-08,Sindhu Bhavan Marg,8.0,5.0,13.0
2025-10-08,South Ex.,8.0,3.0,11.0
2025-10-08,Vegas Dwarka,8.0,1.0,9.0
2025-10-08,Viviana Mall,10.0,2.0,12.0
2025-10-09,Ambience Vasant Kunj,9.0,0.0,9.0
2025-10-09,Andheri,5.0,4.0,9.0
2025-10-09,Express Avenue,18.0,4.0,22.0
2025-10-09,Gurugram,1.0,7.0,8.0
2025-10-09,Indiranagar,5.0,3.0,8.0
2025-10-09,Inorbit mall Hyderabad,4.0,1.0,5.0
2025-10-09,Jaipur Store,9.0,4.0,13.0
2025-10-09,Jubilee Hills,8.0,10.0,18.0
2025-10-09,Juhu Store,5.0,2.0,7.0
2025-10-09,"Kalaghoda, Fort",9.0,12.0,21.0
2025-10-09,Kemps Corner,10.0,18.0,28.0
2025-10-09,Khan Market,3.0,3.0,6.0
2025-10-09,Koregaon Park,5.0,5.0,10.0
2025-10-09,Lavelle Road,0.0,1.0,1.0
2025-10-09,"Mall of India, Noida",22.0,3.0,25.0
2025-10-09,Oberoi Mall Store,6.0,3.0,9.0
2025-10-09,"Pali Hill, Bandra",6.0,5.0,11.0
2025-10-09,Phoenix Marketcity Kurla,,10.0,10.0
2025-10-09,"Phoenix Marketcity, Whitefield",5.0,2.0,7.0
2025-10-09,Phoenix Palassio,10.0,2.0,12.0
2025-10-09,R.K. Salai,0.0,5.0,5.0
2025-10-09,Sarath City-Hyderabad,19.0,3.0,22.0
2025-10-09,Select City,9.0,1.0,10.0
2025-10-09,Shakespearesarani,3.0,4.0,7.0
2025-10-09,Sindhu Bhavan Marg,4.0,1.0,5.0
2025-10-09,South Ex.,3.0,3.0,6.0
2025-10-09,Vegas Dwarka,3.0,,3.0
2025-10-09,Viviana Mall,11.0,2.0,13.0
2025-10-10,Ambience Vasant Kunj,13.0,0.0,13.0
2025-10-10,Andheri,5.0,6.0,11.0
2025-10-10,Express Avenue,18.0,0.0,18.0
2025-10-10,Gurugram,5.0,3.0,8.0
2025-10-10,Indiranagar,9.0,5.0,14.0
2025-10-10,Inorbit mall Hyderabad,7.0,2.0,9.0
2025-10-10,Jaipur Store,8.0,3.0,11.0
2025-10-10,Jubilee Hills,11.0,13.0,24.0
2025-10-10,Juhu Store,7.0,3.0,10.0
2025-10-10,"Kalaghoda, Fort",8.0,14.0,22.0
2025-10-10,Kemps Corner,12.0,17.0,29.0
2025-10-10,Khan Market,13.0,3.0,16.0
2025-10-10,Koregaon Park,8.0,3.0,11.0
2025-10-10,Lavelle Road,3.0,3.0,6.0
2025-10-10,"Mall of India, Noida",20.0,2.0,22.0
2025-10-10,Oberoi Mall Store,8.0,5.0,13.0
2025-10-10,"Pali Hill, Bandra",3.0,6.0,9.0
2025-10-10,Phoenix Marketcity Kurla,1.0,7.0,8.0
2025-10-10,"Phoenix Marketcity, Whitefield",8.0,0.0,8.0
2025-10-10,Phoenix Palassio,13.0,5.0,18.0
2025-10-10,R.K. Salai,7.0,3.0,10.0
2025-10-10,Sarath City-Hyderabad,23.0,6.0,29.0
2025-10-10,Select City,4.0,3.0,7.0
2025-10-10,Shakespearesarani,3.0,1.0,4.0
2025-10-10,Sindhu Bhavan Marg,4.0,11.0,15.0
2025-10-10,South Ex.,5.0,5.0,10.0
2025-10-10,Vegas Dwarka,3.0,,3.0
2025-10-10,Viviana Mall,15.0,0.0,15.0
2025-10-11,Ambience Vasant Kunj,16.0,5.0,21.0
2025-10-11,Andheri,7.0,7.0,14.0
2025-10-11,Express Avenue,21.0,9.0,30.0
2025-10-11,Gurugram,8.0,16.0,24.0
2025-10-11,Indiranagar,23.0,11.0,34.0
2025-10-11,Inorbit mall Hyderabad,16.0,1.0,17.0
2025-10-11,Jaipur Store,12.0,3.0,15.0
2025-10-11,Jubilee Hills,15.0,19.0,34.0
2025-10-11,Juhu Store,9.0,4.0,13.0
2025-10-11,"Kalaghoda, Fort",7.0,5.0,12.0
2025-10-11,Kemps Corner,11.0,21.0,32.0
2025-10-11,Khan Market,15.0,4.0,19.0
2025-10-11,Koregaon Park,15.0,7.0,22.0
2025-10-11,Lavelle Road,0.0,6.0,6.0
2025-10-11,"Mall of India, Noida",30.0,6.0,36.0
2025-10-11,Oberoi Mall Store,35.0,11.0,46.0
2025-10-11,"Pali Hill, Bandra",8.0,14.0,22.0
2025-10-11,Phoenix Marketcity Kurla,3.0,22.0,25.0
2025-10-11,"Phoenix Marketcity, Whitefield",37.0,2.0,39.0
2025-10-11,Phoenix Palassio,10.0,6.0,16.0
2025-10-11,R.K. Salai,18.0,6.0,24.0
2025-10-11,Sarath City-Hyderabad,34.0,8.0,42.0
2025-10-11,Select City,15.0,6.0,21.0
2025-10-11,Shakespearesarani,12.0,10.0,22.0
2025-10-11,Sindhu Bhavan Marg,8.0,4.0,12.0
2025-10-11,South Ex.,9.0,4.0,13.0
2025-10-11,Vegas Dwarka,12.0,2.0,14.0
2025-10-11,Viviana Mall,38.0,7.0,45.0
2025-10-12,Ambience Vasant Kunj,12.0,3.0,15.0
2025-10-12,Andheri,4.0,11.0,15.0
2025-10-12,Express Avenue,5.0,30.0,35.0
2025-10-12,Gurugram,5.0,7.0,12.0
2025-10-12,Indiranagar,16.0,14.0,30.0
2025-10-12,Inorbit mall Hyderabad,16.0,3.0,19.0
2025-10-12,Jaipur Store,11.0,6.0,17.0
2025-10-12,Jubilee Hills,9.0,15.0,24.0
2025-10-12,Juhu Store,11.0,9.0,20.0
2025-10-12,"Kalaghoda, Fort",23.0,13.0,36.0
2025-10-12,Kemps Corner,17.0,22.0,39.0
2025-10-12,Khan Market,15.0,7.0,22.0
2025-10-12,Koregaon Park,10.0,12.0,22.0
2025-10-12,Lavelle Road,4.0,3.0,7.0
2025-10-12,"Mall of India, Noida",40.0,4.0,44.0
2025-10-12,Oberoi Mall Store,41.0,10.0,51.0
2025-10-12,"Pali Hill, Bandra",8.0,12.0,20.0
2025-10-12,Phoenix Marketcity Kurla,4.0,21.0,25.0
2025-10-12,"Phoenix Marketcity, Whitefield",36.0,7.0,43.0
2025-10-12,Phoenix Palassio,23.0,10.0,33.0
2025-10-12,R.K. Salai,10.0,15.0,25.0
2025-10-12,Sarath City-Hyderabad,45.0,4.0,49.0
2025-10-12,Select City,12.0,5.0,17.0
2025-10-12,Shakespearesarani,16.0,6.0,22.0
2025-10-12,Sindhu Bhavan Marg,13.0,10.0,23.0
2025-10-12,South Ex.,3.0,4.0,7.0
2025-10-12,Vegas Dwarka,15.0,1.0,16.0
2025-10-12,Viviana Mall,55.0,12.0,67.0
2025-10-13,Ambience Vasant Kunj,7.0,3.0,10.0
2025-10-13,Andheri,9.0,4.0,13.0
2025-10-13,Express Avenue,30.0,5.0,35.0
2025-10-13,Gurugram,3.0,5.0,8.0
2025-10-13,Indiranagar,10.0,3.0,13.0
2025-10-13,Inorbit mall Hyderabad,8.0,0.0,8.0
2025-10-13,Jaipur Store,3.0,3.0,6.0
2025-10-13,Jubilee Hills,7.0,13.0,20.0
2025-10-13,Juhu Store,5.0,4.0,9.0
2025-10-13,"Kalaghoda, Fort",5.0,4.0,9.0
2025-10-13,Kemps Corner,10.0,6.0,16.0
2025-10-13,Khan Market,11.0,4.0,15.0
2025-10-13,Koregaon Park,6.0,3.0,9.0
2025-10-13,Lavelle Road,1.0,2.0,3.0
2025-10-13,"Mall of India, Noida",12.0,2.0,14.0
2025-10-13,Oberoi Mall Store,12.0,4.0,16.0
2025-10-13,"Pali Hill, Bandra",4.0,6.0,10.0
2025-10-13,Phoenix Marketcity Kurla,1.0,5.0,6.0
2025-10-13,"Phoenix Marketcity, Whitefield",7.0,1.0,8.0
2025-10-13,Phoenix Palassio,11.0,3.0,14.0
2025-10-13,R.K. Salai,3.0,1.0,4.0
2025-10-13,Sarath City-Hyderabad,19.0,5.0,24.0
2025-10-13,Select City,6.0,6.0,12.0
2025-10-13,Shakespearesarani,7.0,1.0,8.0
2025-10-13,Sindhu Bhavan Marg,5.0,2.0,7.0
2025-10-13,South Ex.,1.0,1.0,2.0
2025-10-13,Vegas Dwarka,8.0,0.0,8.0
2025-10-13,Viviana Mall,10.0,2.0,12.0
2025-10-14,Ambience Vasant Kunj,8.0,2.0,10.0
2025-10-14,Andheri,6.0,6.0,12.0
2025-10-14,Express Avenue,21.0,5.0,26.0
2025-10-14,Gurugram,5.0,5.0,10.0
2025-10-14,Indiranagar,9.0,5.0,14.0
2025-10-14,Inorbit mall Hyderabad,5.0,0.0,5.0
2025-10-14,Jaipur Store,7.0,0.0,7.0
2025-10-14,Jubilee Hills,10.0,6.0,16.0
2025-10-14,Juhu Store,10.0,4.0,14.0
2025-10-14,"Kalaghoda, Fort",12.0,7.0,19.0
2025-10-14,Kemps Corner,5.0,11.0,16.0
2025-10-14,Khan Market,8.0,5.0,13.0
2025-10-14,Koregaon Park,3.0,7.0,10.0
2025-10-14,Lavelle Road,0.0,1.0,1.0
2025-10-14,"Mall of India, Noida",12.0,4.0,16.0
2025-10-14,Oberoi Mall Store,16.0,3.0,19.0
2025-10-14,"Pali Hill, Bandra",4.0,4.0,8.0
2025-10-14,Phoenix Marketcity Kurla,3.0,6.0,9.0
2025-10-14,"Phoenix Marketcity, Whitefield",7.0,1.0,8.0
2025-10-14,Phoenix Palassio,9.0,3.0,12.0
2025-10-14,R.K. Salai,3.0,7.0,10.0
2025-10-14,Sarath City-Hyderabad,13.0,0.0,13.0
2025-10-14,Select City,5.0,2.0,7.0
2025-10-14,Shakespearesarani,12.0,5.0,17.0
2025-10-14,Sindhu Bhavan Marg,10.0,4.0,14.0
2025-10-14,South Ex.,2.0,4.0,6.0
2025-10-14,Vegas Dwarka,4.0,0.0,4.0
2025-10-14,Viviana Mall,15.0,6.0,21.0
2025-10-15,Ambience Vasant Kunj,6.0,2.0,8.0
2025-10-15,Andheri,1.0,2.0,3.0
2025-10-15,Express Avenue,23.0,1.0,24.0
2025-10-15,Gurugram,3.0,11.0,14.0
2025-10-15,Indiranagar,12.0,3.0,15.0
2025-10-15,Inorbit mall Hyderabad,7.0,2.0,9.0
2025-10-15,Jaipur Store,6.0,3.0,9.0
2025-10-15,Jubilee Hills,6.0,11.0,17.0
2025-10-15,Juhu Store,3.0,2.0,5.0
2025-10-15,"Kalaghoda, Fort",4.0,8.0,12.0
2025-10-15,Kemps Corner,12.0,12.0,24.0
2025-10-15,Khan Market,14.0,4.0,18.0
2025-10-15,Koregaon Park,5.0,4.0,9.0
2025-10-15,Lavelle Road,0.0,3.0,3.0
2025-10-15,"Mall of India, Noida",16.0,1.0,17.0
2025-10-15,Oberoi Mall Store,3.0,4.0,7.0
2025-10-15,"Pali Hill, Bandra",5.0,9.0,14.0
2025-10-15,Phoenix Marketcity Kurla,2.0,9.0,11.0
2025-10-15,"Phoenix Marketcity, Whitefield",8.0,2.0,10.0
2025-10-15,Phoenix Palassio,12.0,2.0,14.0
2025-10-15,R.K. Salai,3.0,2.0,5.0
2025-10-15,Sarath City-Hyderabad,31.0,7.0,38.0
2025-10-15,Select City,0.0,0.0,0.0
2025-10-15,Shakespearesarani,10.0,1.0,11.0
2025-10-15,Sindhu Bhavan Marg,5.0,5.0,10.0
2025-10-15,South Ex.,5.0,2.0,7.0
2025-10-15,Vegas Dwarka,5.0,0.0,5.0
2025-10-15,Viviana Mall,6.0,3.0,9.0
2025-10-16,Ambience Vasant Kunj,7.0,2.0,9.0
2025-10-16,Andheri,2.0,3.0,5.0
2025-10-16,Express Avenue,14.0,2.0,16.0
2025-10-16,Gurugram,2.0,8.0,10.0
2025-10-16,Indiranagar,9.0,5.0,14.0
2025-10-16,Inorbit mall Hyderabad,8.0,1.0,9.0
2025-10-16,Jaipur Store,8.0,2.0,10.0
2025-10-16,Jubilee Hills,12.0,8.0,20.0
2025-10-16,Juhu Store,2.0,2.0,4.0
2025-10-16,"Kalaghoda, Fort",5.0,5.0,10.0
2025-10-16,Kemps Corner,5.0,7.0,12.0
2025-10-16,Khan Market,9.0,5.0,14.0
2025-10-16,Koregaon Park,2.0,3.0,5.0
2025-10-16,Lavelle Road,2.0,1.0,3.0
2025-10-16,"Mall of India, Noida",14.0,2.0,16.0
2025-10-16,Oberoi Mall Store,15.0,6.0,21.0
2025-10-16,"Pali Hill, Bandra",3.0,9.0,12.0
2025-10-16,Phoenix Marketcity Kurla,1.0,14.0,15.0
2025-10-16,"Phoenix Marketcity, Whitefield",6.0,1.0,7.0
2025-10-16,Phoenix Palassio,18.0,2.0,20.0
2025-10-16,R.K. Salai,0.0,5.0,5.0
2025-10-16,Sarath City-Hyderabad,17.0,9.0,26.0
2025-10-16,Select City,12.0,0.0,12.0
2025-10-16,Shakespearesarani,12.0,0.0,12.0
2025-10-16,Sindhu Bhavan Marg,0.0,4.0,4.0
2025-10-16,South Ex.,5.0,2.0,7.0
2025-10-16,Vegas Dwarka,5.0,0.0,5.0
2025-10-16,Viviana Mall,19.0,0.0,19.0
2025-10-17,Ambience Vasant Kunj,5.0,0.0,5.0
2025-10-17,Andheri,4.0,4.0,8.0
2025-10-17,Express Avenue,12.0,4.0,16.0
2025-10-17,Gurugram,2.0,4.0,6.0
2025-10-17,Indiranagar,10.0,5.0,15.0
2025-10-17,Inorbit mall Hyderabad,18.0,2.0,20.0
2025-10-17,Jaipur Store,16.0,2.0,18.0
2025-10-17,Jubilee Hills,2.0,12.0,14.0
2025-10-17,Juhu Store,6.0,4.0,10.0
2025-10-17,"Kalaghoda, Fort",3.0,13.0,16.0
2025-10-17,Kemps Corner,3.0,6.0,9.0
2025-10-17,Khan Market,10.0,5.0,15.0
2025-10-17,Koregaon Park,4.0,6.0,10.0
2025-10-17,Lavelle Road,1.0,0.0,1.0
2025-10-17,"Mall of India, Noida",27.0,1.0,28.0
2025-10-17,Oberoi Mall Store,9.0,0.0,9.0
2025-10-17,"Pali Hill, Bandra",2.0,8.0,10.0
2025-10-17,Phoenix Marketcity Kurla,1.0,16.0,17.0
2025-10-17,"Phoenix Marketcity, Whitefield",8.0,0.0,8.0
2025-10-17,Phoenix Palassio,11.0,2.0,13.0
2025-10-17,R.K. Salai,3.0,1.0,4.0
2025-10-17,Sarath City-Hyderabad,16.0,5.0,21.0
2025-10-17,Select City,5.0,1.0,6.0
2025-10-17,Shakespearesarani,6.0,1.0,7.0
2025-10-17,Sindhu Bhavan Marg,0.0,3.0,3.0
2025-10-17,South Ex.,5.0,1.0,6.0
2025-10-17,Vegas Dwarka,3.0,1.0,4.0
2025-10-17,Viviana Mall,21.0,1.0,22.0
2025-10-18,Ambience Vasant Kunj,12.0,2.0,14.0
2025-10-18,Andheri,1.0,3.0,4.0
2025-10-18,Express Avenue,17.0,1.0,18.0
2025-10-18,Gurugram,5.0,7.0,12.0
2025-10-18,Indiranagar,21.0,8.0,29.0
2025-10-18,Inorbit mall Hyderabad,24.0,2.0,26.0
2025-10-18,Jaipur Store,17.0,2.0,19.0
2025-10-18,Jubilee Hills,4.0,15.0,19.0
2025-10-18,Juhu Store,8.0,3.0,11.0
2025-10-18,"Kalaghoda, Fort",8.0,6.0,14.0
2025-10-18,Kemps Corner,13.0,7.0,20.0
2025-10-18,Khan Market,9.0,6.0,15.0
2025-10-18,Koregaon Park,2.0,5.0,7.0
2025-10-18,Lavelle Road,3.0,3.0,6.0
2025-10-18,"Mall of India, Noida",28.0,6.0,34.0
2025-10-18,Oberoi Mall Store,24.0,10.0,34.0
2025-10-18,"Pali Hill, Bandra",10.0,9.0,19.0
2025-10-18,Phoenix Marketcity Kurla,4.0,36.0,40.0
2025-10-18,"Phoenix Marketcity, Whitefield",35.0,3.0,38.0
2025-10-18,Phoenix Palassio,19.0,2.0,21.0
2025-10-18,R.K. Salai,11.0,2.0,13.0
2025-10-18,Sarath City-Hyderabad,21.0,2.0,23.0
2025-10-18,Select City,6.0,5.0,11.0
2025-10-18,Shakespearesarani,3.0,2.0,5.0
2025-10-18,Sindhu Bhavan Marg,1.0,4.0,5.0
2025-10-18,South Ex.,2.0,4.0,6.0
2025-10-18,Vegas Dwarka,12.0,2.0,14.0
2025-10-18,Viviana Mall,31.0,4.0,35.0
2025-10-19,Ambience Vasant Kunj,17.0,0.0,17.0
2025-10-19,Andheri,5.0,3.0,8.0
2025-10-19,Express Avenue,55.0,5.0,60.0
2025-10-19,Gurugram,5.0,6.0,11.0
2025-10-19,Indiranagar,22.0,5.0,27.0
2025-10-19,Inorbit mall Hyderabad,26.0,1.0,27.0
2025-10-19,Jaipur Store,13.0,3.0,16.0
2025-10-19,Jubilee Hills,19.0,16.0,35.0
2025-10-19,Juhu Store,5.0,2.0,7.0
2025-10-19,"Kalaghoda, Fort",8.0,18.0,26.0
2025-10-19,Kemps Corner,8.0,20.0,28.0
2025-10-19,Khan Market,10.0,7.0,17.0
2025-10-19,Koregaon Park,8.0,8.0,16.0
2025-10-19,Lavelle Road,3.0,3.0,6.0
2025-10-19,"Mall of India, Noida",32.0,1.0,33.0
2025-10-19,Oberoi Mall Store,32.0,11.0,43.0
2025-10-19,"Pali Hill, Bandra",6.0,13.0,19.0
2025-10-19,Phoenix Marketcity Kurla,1.0,127.0,128.0
2025-10-19,"Phoenix Marketcity, Whitefield",28.0,2.0,30.0
2025-10-19,Phoenix Palassio,12.0,2.0,14.0
2025-10-19,R.K. Salai,3.0,4.0,7.0
2025-10-19,Sarath City-Hyderabad,31.0,7.0,38.0
2025-10-19,Select City,5.0,2.0,7.0
2025-10-19,Shakespearesarani,3.0,7.0,10.0
2025-10-19,Sindhu Bhavan Marg,6.0,2.0,8.0
2025-10-19,South Ex.,7.0,5.0,12.0
2025-10-19,Vegas Dwarka,5.0,0.0,5.0
2025-10-19,Viviana Mall,33.0,7.0,40.0
2025-10-20,Ambience Vasant Kunj,3.0,0.0,3.0
2025-10-20,Andheri,,1.0,1.0
2025-10-20,Express Avenue,26.0,3.0,29.0
2025-10-20,Gurugram,2.0,3.0,5.0
2025-10-20,Indiranagar,10.0,4.0,14.0
2025-10-20,Inorbit mall Hyderabad,15.0,3.0,18.0
2025-10-20,Jaipur Store,0.0,2.0,2.0
2025-10-20,Jubilee Hills,8.0,3.0,11.0
2025-10-20,Juhu Store,5.0,2.0,7.0
2025-10-20,"Kalaghoda, Fort",5.0,5.0,10.0
2025-10-20,Kemps Corner,8.0,8.0,16.0
2025-10-20,Khan Market,0.0,1.0,1.0
2025-10-20,Koregaon Park,2.0,7.0,9.0
2025-10-20,Lavelle Road,1.0,1.0,2.0
2025-10-20,"Mall of India, Noida",3.0,1.0,4.0
2025-10-20,Oberoi Mall Store,9.0,6.0,15.0
2025-10-20,"Pali Hill, Bandra",5.0,3.0,8.0
2025-10-20,Phoenix Marketcity Kurla,1.0,9.0,10.0
2025-10-20,"Phoenix Marketcity, Whitefield",26.0,0.0,26.0
2025-10-20,Phoenix Palassio,0.0,0.0,0.0
2025-10-20,R.K. Salai,0.0,1.0,1.0
2025-10-20,Sarath City-Hyderabad,21.0,6.0,27.0
2025-10-20,Select City,2.0,1.0,3.0
2025-10-20,Shakespearesarani,4.0,3.0,7.0
2025-10-20,Sindhu Bhavan Marg,4.0,2.0,6.0
2025-10-20,South Ex.,2.0,3.0,5.0
2025-10-20,Vegas Dwarka,3.0,,3.0
2025-10-20,Viviana Mall,8.0,1.0,9.0
2025-10-21,Ambience Vasant Kunj,0.0,0.0,0.0
2025-10-21,Andheri,2.0,3.0,5.0
2025-10-21,Express Avenue,29.0,1.0,30.0
2025-10-21,Gurugram,6.0,6.0,12.0
2025-10-21,Indiranagar,11.0,1.0,12.0
2025-10-21,Inorbit mall Hyderabad,10.0,1.0,11.0
2025-10-21,Jaipur Store,6.0,5.0,11.0
2025-10-21,Jubilee Hills,9.0,9.0,18.0
2025-10-21,Juhu Store,0.0,5.0,5.0
2025-10-21,"Kalaghoda, Fort",12.0,6.0,18.0
2025-10-21,Kemps Corner,10.0,13.0,23.0
2025-10-21,Khan Market,18.0,8.0,26.0
2025-10-21,Koregaon Park,5.0,1.0,6.0
2025-10-21,Lavelle Road,2.0,5.0,7.0
2025-10-21,"Mall of India, Noida",24.0,7.0,31.0
2025-10-21,Oberoi Mall Store,9.0,5.0,14.0
2025-10-21,"Pali Hill, Bandra",10.0,4.0,14.0
2025-10-21,Phoenix Marketcity Kurla,5.0,30.0,35.0
2025-10-21,"Phoenix Marketcity, Whitefield",16.0,4.0,20.0
2025-10-21,Phoenix Palassio,18.0,3.0,21.0
2025-10-21,R.K. Salai,0.0,1.0,1.0
2025-10-21,Sarath City-Hyderabad,17.0,5.0,22.0
2025-10-21,Select City,11.0,2.0,13.0
2025-10-21,Shakespearesarani,5.0,3.0,8.0
2025-10-21,Sindhu Bhavan Marg,11.0,5.0,16.0
2025-10-21,South Ex.,0.0,0.0,0.0
2025-10-21,Vegas Dwarka,7.0,0.0,7.0
2025-10-21,Viviana Mall,26.0,4.0,30.0
2025-10-22,Ambience Vasant Kunj,13.0,1.0,14.0
2025-10-22,Andheri,6.0,7.0,13.0
2025-10-22,Express Avenue,25.0,1.0,26.0
2025-10-22,Gurugram,7.0,8.0,15.0
2025-10-22,Indiranagar,9.0,4.0,13.0
2025-10-22,Inorbit mall Hyderabad,9.0,1.0,10.0
2025-10-22,Jaipur Store,2.0,2.0,4.0
2025-10-22,Jubilee Hills,4.0,7.0,11.0
2025-10-22,Juhu Store,3.0,0.0,3.0
2025-10-22,"Kalaghoda, Fort",6.0,12.0,18.0
2025-10-22,Kemps Corner,8.0,10.0,18.0
2025-10-22,Khan Market,15.0,7.0,22.0
2025-10-22,Koregaon Park,5.0,5.0,10.0
2025-10-22,Lavelle Road,1.0,1.0,2.0
2025-10-22,"Mall of India, Noida",20.0,2.0,22.0
2025-10-22,Oberoi Mall Store,16.0,5.0,21.0
2025-10-22,"Pali Hill, Bandra",16.0,16.0,32.0
2025-10-22,Phoenix Marketcity Kurla,3.0,12.0,15.0
2025-10-22,"Phoenix Marketcity, Whitefield",8.0,0.0,8.0
2025-10-22,Phoenix Palassio,15.0,1.0,16.0
2025-10-22,R.K. Salai,0.0,1.0,1.0
2025-10-22,Sarath City-Hyderabad,7.0,2.0,9.0
2025-10-22,Select City,12.0,8.0,20.0
2025-10-22,Shakespearesarani,7.0,5.0,12.0
2025-10-22,Sindhu Bhavan Marg,0.0,3.0,3.0
2025-10-22,South Ex.,5.0,4.0,9.0
2025-10-22,Vegas Dwarka,14.0,,14.0
2025-10-22,Viviana Mall,12.0,4.0,16.0
2025-10-23,Ambience Vasant Kunj,11.0,5.0,16.0
2025-10-23,Andheri,3.0,2.0,5.0
2025-10-23,Express Avenue,16.0,2.0,18.0
2025-10-23,Gurugram,4.0,4.0,8.0
2025-10-23,Indiranagar,11.0,5.0,16.0
2025-10-23,Inorbit mall Hyderabad,11.0,4.0,15.0
2025-10-23,Jaipur Store,9.0,0.0,9.0
2025-10-23,Jubilee Hills,5.0,7.0,12.0
2025-10-23,Juhu Store,4.0,1.0,5.0
2025-10-23,"Kalaghoda, Fort",13.0,9.0,22.0
2025-10-23,Kemps Corner,7.0,9.0,16.0
2025-10-23,Khan Market,1.0,8.0,9.0
2025-10-23,Koregaon Park,3.0,7.0,10.0
2025-10-23,Lavelle Road,2.0,2.0,4.0
2025-10-23,"Mall of India, Noida",15.0,0.0,15.0
2025-10-23,Oberoi Mall Store,19.0,1.0,20.0
2025-10-23,"Pali Hill, Bandra",11.0,11.0,22.0
2025-10-23,Phoenix Marketcity Kurla,4.0,15.0,19.0
2025-10-23,"Phoenix Marketcity, Whitefield",8.0,2.0,10.0
2025-10-23,Phoenix Palassio,12.0,5.0,17.0
2025-10-23,R.K. Salai,1.0,3.0,4.0
2025-10-23,Sarath City-Hyderabad,20.0,6.0,26.0
2025-10-23,Select City,8.0,2.0,10.0
2025-10-23,Shakespearesarani,10.0,3.0,13.0
2025-10-23,Sindhu Bhavan Marg,4.0,8.0,12.0
2025-10-23,South Ex.,7.0,2.0,9.0
2025-10-23,Vegas Dwarka,6.0,1.0,7.0
2025-10-23,Viviana Mall,32.0,0.0,32.0
2025-10-24,Ambience Vasant Kunj,9.0,3.0,12.0
2025-10-24,Andheri,2.0,4.0,6.0
2025-10-24,Express Avenue,20.0,1.0,21.0
2025-10-24,Gurugram,5.0,6.0,11.0
2025-10-24,Indiranagar,5.0,7.0,12.0
2025-10-24,Inorbit mall Hyderabad,14.0,4.0,18.0
2025-10-24,Jaipur Store,13.0,4.0,17.0
2025-10-24,Jubilee Hills,9.0,14.0,23.0
2025-10-24,Juhu Store,8.0,2.0,10.0
2025-10-24,"Kalaghoda, Fort",19.0,3.0,22.0
2025-10-24,Kemps Corner,10.0,9.0,19.0
2025-10-24,Khan Market,8.0,4.0,12.0
2025-10-24,Koregaon Park,11.0,8.0,19.0
2025-10-24,Lavelle Road,2.0,5.0,7.0
2025-10-24,"Mall of India, Noida",18.0,4.0,22.0
2025-10-24,Oberoi Mall Store,5.0,0.0,5.0
2025-10-24,"Pali Hill, Bandra",3.0,9.0,12.0
2025-10-24,Phoenix Marketcity Kurla,3.0,15.0,18.0
2025-10-24,"Phoenix Marketcity, Whitefield",10.0,1.0,11.0
2025-10-24,Phoenix Palassio,16.0,3.0,19.0
2025-10-24,R.K. Salai,1.0,5.0,6.0
2025-10-24,Sarath City-Hyderabad,13.0,0.0,13.0
2025-10-24,Select City,7.0,0.0,7.0
2025-10-24,Shakespearesarani,8.0,2.0,10.0
2025-10-24,Sindhu Bhavan Marg,4.0,3.0,7.0
2025-10-24,South Ex.,6.0,3.0,9.0
2025-10-24,Vegas Dwarka,7.0,0.0,7.0
2025-10-24,Viviana Mall,12.0,3.0,15.0
2025-10-25,Ambience Vasant Kunj,10.0,2.0,12.0
2025-10-25,Andheri,0.0,3.0,3.0
2025-10-25,Express Avenue,22.0,3.0,25.0
2025-10-25,Gurugram,8.0,10.0,18.0
2025-10-25,Indiranagar,0.0,0.0,0.0
2025-10-25,Inorbit mall Hyderabad,13.0,4.0,17.0
2025-10-25,Jaipur Store,17.0,3.0,20.0
2025-10-25,Jubilee Hills,12.0,12.0,24.0
2025-10-25,Juhu Store,7.0,3.0,10.0
2025-10-25,"Kalaghoda, Fort",26.0,9.0,35.0
2025-10-25,Kemps Corner,8.0,20.0,28.0
2025-10-25,Khan Market,14.0,5.0,19.0
2025-10-25,Koregaon Park,9.0,9.0,18.0
2025-10-25,Lavelle Road,4.0,4.0,8.0
2025-10-25,"Mall of India, Noida",31.0,3.0,34.0
2025-10-25,Oberoi Mall Store,20.0,6.0,26.0
2025-10-25,"Pali Hill, Bandra",9.0,6.0,15.0
2025-10-25,Phoenix Marketcity Kurla,4.0,21.0,25.0
2025-10-25,"Phoenix Marketcity, Whitefield",29.0,6.0,35.0
2025-10-25,Phoenix Palassio,16.0,4.0,20.0
2025-10-25,R.K. Salai,7.0,2.0,9.0
2025-10-25,Sarath City-Hyderabad,32.0,4.0,36.0
2025-10-25,Select City,15.0,3.0,18.0
2025-10-25,Shakespearesarani,15.0,4.0,19.0
2025-10-25,Sindhu Bhavan Marg,9.0,6.0,15.0
2025-10-25,South Ex.,5.0,9.0,14.0
2025-10-25,Vegas Dwarka,13.0,0.0,13.0
2025-10-25,Viviana Mall,28.0,7.0,35.0
2025-10-26,Ambience Vasant Kunj,14.0,5.0,19.0
2025-10-26,Andheri,5.0,4.0,9.0
2025-10-26,Express Avenue,22.0,4.0,26.0
2025-10-26,Gurugram,7.0,8.0,15.0
2025-10-26,Indiranagar,27.0,14.0,41.0
2025-10-26,Inorbit mall Hyderabad,13.0,3.0,16.0
2025-10-26,Jaipur Store,15.0,6.0,21.0
2025-10-26,Jubilee Hills,10.0,17.0,27.0
2025-10-26,Juhu Store,14.0,2.0,16.0
2025-10-26,"Kalaghoda, Fort",12.0,15.0,27.0
2025-10-26,Kemps Corner,12.0,12.0,24.0
2025-10-26,Khan Market,9.0,6.0,15.0
2025-10-26,Koregaon Park,7.0,4.0,11.0
2025-10-26,Lavelle Road,4.0,3.0,7.0
2025-10-26,"Mall of India, Noida",26.0,4.0,30.0
2025-10-26,Oberoi Mall Store,25.0,4.0,29.0
2025-10-26,"Pali Hill, Bandra",22.0,11.0,33.0
2025-10-26,Phoenix Marketcity Kurla,,,
2025-10-26,"Phoenix Marketcity, Whitefield",27.0,2.0,29.0
2025-10-26,Phoenix Palassio,21.0,4.0,25.0
2025-10-26,R.K. Salai,3.0,7.0,10.0
2025-10-26,Sarath City-Hyderabad,49.0,9.0,58.0
2025-10-26,Select City,15.0,5.0,20.0
2025-10-26,Shakespearesarani,14.0,4.0,18.0
2025-10-26,Sindhu Bhavan Marg,15.0,8.0,23.0
2025-10-26,South Ex.,11.0,8.0,19.0
2025-10-26,Vegas Dwarka,13.0,2.0,15.0
2025-10-26,Viviana Mall,19.0,5.0,24.0
2025-10-27,Ambience Vasant Kunj,4.0,3.0,7.0
2025-10-27,Andheri,2.0,6.0,8.0
2025-10-27,Express Avenue,23.0,3.0,26.0
2025-10-27,Gurugram,5.0,10.0,15.0
2025-10-27,Indiranagar,8.0,3.0,11.0
2025-10-27,Inorbit mall Hyderabad,9.0,2.0,11.0
2025-10-27,Jaipur Store,6.0,4.0,10.0
2025-10-27,Jubilee Hills,3.0,4.0,7.0
2025-10-27,Juhu Store,4.0,3.0,7.0
2025-10-27,"Kalaghoda, Fort",14.0,4.0,18.0
2025-10-27,Kemps Corner,6.0,6.0,12.0
2025-10-27,Khan Market,10.0,3.0,13.0
2025-10-27,Koregaon Park,4.0,4.0,8.0
2025-10-27,Lavelle Road,1.0,0.0,1.0
2025-10-27,"Mall of India, Noida",15.0,0.0,15.0
2025-10-27,Oberoi Mall Store,5.0,2.0,7.0
2025-10-27,"Pali Hill, Bandra",12.0,10.0,22.0
2025-10-27,Phoenix Marketcity Kurla,3.0,10.0,13.0
2025-10-27,"Phoenix Marketcity, Whitefield",8.0,0.0,8.0
2025-10-27,Phoenix Palassio,8.0,3.0,11.0
2025-10-27,R.K. Salai,1.0,2.0,3.0
2025-10-27,Sarath City-Hyderabad,16.0,2.0,18.0
2025-10-27,Select City,8.0,5.0,13.0
2025-10-27,Shakespearesarani,0.0,0.0,0.0
2025-10-27,Sindhu Bhavan Marg,3.0,1.0,4.0
2025-10-27,South Ex.,2.0,2.0,4.0
2025-10-27,Vegas Dwarka,10.0,0.0,10.0
2025-10-27,Viviana Mall,12.0,,12.0
2025-10-28,Ambience Vasant Kunj,7.0,0.0,7.0
2025-10-28,Andheri,2.0,2.0,4.0
2025-10-28,Express Avenue,17.0,1.0,18.0
2025-10-28,Gurugram,3.0,4.0,7.0
2025-10-28,Indiranagar,6.0,2.0,8.0
2025-10-28,Inorbit mall Hyderabad,5.0,3.0,8.0
2025-10-28,Jaipur Store,0.0,5.0,5.0
2025-10-28,Jubilee Hills,2.0,5.0,7.0
2025-10-28,Juhu Store,2.0,2.0,4.0
2025-10-28,"Kalaghoda, Fort",11.0,8.0,19.0
2025-10-28,Kemps Corner,6.0,9.0,15.0
2025-10-28,Khan Market,11.0,5.0,16.0
2025-10-28,Koregaon Park,9.0,3.0,12.0
2025-10-28,Lavelle Road,1.0,2.0,3.0
2025-10-28,"Mall of India, Noida",27.0,0.0,27.0
2025-10-28,Oberoi Mall Store,4.0,3.0,7.0
2025-10-28,"Pali Hill, Bandra",5.0,4.0,9.0
2025-10-28,Phoenix Marketcity Kurla,2.0,13.0,15.0
2025-10-28,"Phoenix Marketcity, Whitefield",4.0,0.0,4.0
2025-10-28,Phoenix Palassio,12.0,0.0,12.0
2025-10-28,R.K. Salai,1.0,1.0,2.0
2025-10-28,Sarath City-Hyderabad,12.0,1.0,13.0
2025-10-28,Select City,9.0,2.0,11.0
2025-10-28,Shakespearesarani,2.0,8.0,10.0
2025-10-28,Sindhu Bhavan Marg,6.0,8.0,14.0
2025-10-28,South Ex.,6.0,3.0,9.0
2025-10-28,Vegas Dwarka,6.0,0.0,6.0
2025-10-28,Viviana Mall,11.0,1.0,12.0
2025-10-29,Ambience Vasant Kunj,5.0,1.0,6.0
2025-10-29,Andheri,2.0,5.0,7.0
2025-10-29,Express Avenue,,1.0,1.0
2025-10-29,Gurugram,6.0,8.0,14.0
2025-10-29,Indiranagar,8.0,5.0,13.0
2025-10-29,Inorbit mall Hyderabad,7.0,2.0,9.0
2025-10-29,Jaipur Store,8.0,2.0,10.0
2025-10-29,Jubilee Hills,5.0,7.0,12.0
2025-10-29,Juhu Store,5.0,2.0,7.0
2025-10-29,"Kalaghoda, Fort",11.0,11.0,22.0
2025-10-29,Kemps Corner,8.0,8.0,16.0
2025-10-29,Khan Market,10.0,3.0,13.0
2025-10-29,Koregaon Park,2.0,2.0,4.0
2025-10-29,Lavelle Road,1.0,2.0,3.0
2025-10-29,"Mall of India, Noida",14.0,2.0,16.0
2025-10-29,Oberoi Mall Store,8.0,8.0,16.0
2025-10-29,"Pali Hill, Bandra",15.0,11.0,26.0
2025-10-29,Phoenix Marketcity Kurla,,12.0,12.0
2025-10-29,"Phoenix Marketcity, Whitefield",6.0,1.0,7.0
2025-10-29,Phoenix Palassio,13.0,5.0,18.0
2025-10-29,R.K. Salai,0.0,2.0,2.0
2025-10-29,Sarath City-Hyderabad,13.0,3.0,16.0
2025-10-29,Select City,9.0,1.0,10.0
2025-10-29,Shakespearesarani,6.0,1.0,7.0
2025-10-29,Sindhu Bhavan Marg,2.0,5.0,7.0
2025-10-29,South Ex.,5.0,1.0,6.0
2025-10-29,Vegas Dwarka,6.0,0.0,6.0
2025-10-29,Viviana Mall,15.0,5.0,20.0
2025-10-30,Ambience Vasant Kunj,4.0,0.0,4.0
2025-10-30,Andheri,3.0,3.0,6.0
2025-10-30,Express Avenue,18.0,2.0,20.0
2025-10-30,Gurugram,4.0,7.0,11.0
2025-10-30,Indiranagar,11.0,5.0,16.0
2025-10-30,Inorbit mall Hyderabad,8.0,1.0,9.0
2025-10-30,Jaipur Store,6.0,2.0,8.0
2025-10-30,Jubilee Hills,7.0,7.0,14.0
2025-10-30,Juhu Store,1.0,2.0,3.0
2025-10-30,"Kalaghoda, Fort",14.0,9.0,23.0
2025-10-30,Kemps Corner,14.0,8.0,22.0
2025-10-30,Khan Market,8.0,4.0,12.0
2025-10-30,Koregaon Park,2.0,1.0,3.0
2025-10-30,Lavelle Road,1.0,2.0,3.0
2025-10-30,"Mall of India, Noida",19.0,1.0,20.0
2025-10-30,Oberoi Mall Store,11.0,4.0,15.0
2025-10-30,"Pali Hill, Bandra",12.0,6.0,18.0
2025-10-30,Phoenix Marketcity Kurla,,10.0,10.0
2025-10-30,"Phoenix Marketcity, Whitefield",9.0,1.0,10.0
2025-10-30,Phoenix Palassio,12.0,0.0,12.0
2025-10-30,R.K. Salai,0.0,4.0,4.0
2025-10-30,Sarath City-Hyderabad,14.0,1.0,15.0
2025-10-30,Select City,9.0,1.0,10.0
2025-10-30,Shakespearesarani,5.0,2.0,7.0
2025-10-30,Sindhu Bhavan Marg,2.0,2.0,4.0
2025-10-30,South Ex.,6.0,2.0,8.0
2025-10-30,Vegas Dwarka,7.0,0.0,7.0
2025-10-30,Viviana Mall,9.0,1.0,10.0
2025-10-31,Ambience Vasant Kunj,6.0,0.0,6.0
2025-10-31,Andheri,3.0,4.0,7.0
2025-10-31,Gurugram,3.0,5.0,8.0
2025-10-31,Indiranagar,9.0,6.0,15.0
2025-10-31,Inorbit mall Hyderabad,8.0,3.0,11.0
2025-10-31,Jaipur Store,5.0,5.0,10.0
2025-10-31,Jubilee Hills,18.0,28.0,46.0
2025-10-31,Juhu Store,3.0,5.0,8.0
2025-10-31,"Kalaghoda, Fort",10.0,8.0,18.0
2025-10-31,Kemps Corner,4.0,12.0,16.0
2025-10-31,Khan Market,9.0,5.0,14.0
2025-10-31,Koregaon Park,8.0,3.0,11.0
2025-10-31,Lavelle Road,2.0,3.0,5.0
2025-10-31,"Mall of India, Noida",17.0,3.0,20.0
2025-10-31,Oberoi Mall Store,8.0,0.0,8.0
2025-10-31,"Pali Hill, Bandra",0.0,8.0,8.0
2025-10-31,Phoenix Marketcity Kurla,,11.0,11.0
2025-10-31,"Phoenix Marketcity, Whitefield",7.0,0.0,7.0
2025-10-31,Phoenix Palassio,13.0,2.0,15.0
2025-10-31,R.K. Salai,3.0,0.0,3.0
2025-10-31,Sarath City-Hyderabad,18.0,4.0,22.0
2025-10-31,Select City,8.0,2.0,10.0
2025-10-31,Shakespearesarani,5.0,5.0,10.0
2025-10-31,Sindhu Bhavan Marg,1.0,3.0,4.0
2025-10-31,South Ex.,6.0,5.0,11.0
2025-10-31,Vegas Dwarka,7.0,0.0,7.0
2025-10-31,Viviana Mall,12.0,0.0,12.0
2025-11-01,Ambience Vasant Kunj,11.0,9.0,20.0
2025-11-01,Andheri,1.0,6.0,7.0
2025-11-01,Express Avenue,25.0,1.0,26.0
2025-11-01,Gurugram,9.0,7.0,16.0
2025-11-01,Indiranagar,17.0,12.0,29.0
2025-11-01,Inorbit mall Hyderabad,16.0,3.0,19.0
2025-11-01,Jaipur Store,18.0,4.0,22.0
2025-11-01,Jubilee Hills,16.0,11.0,27.0
2025-11-01,Juhu Store,11.0,5.0,16.0
2025-11-01,KNK Chennai,4.0,,4.0
2025-11-01,"Kalaghoda, Fort",23.0,6.0,29.0
2025-11-01,Kemps Corner,4.0,22.0,26.0
2025-11-01,Khan Market,14.0,4.0,18.0
2025-11-01,Koregaon Park,4.0,6.0,10.0
2025-11-01,Lavelle Road,7.0,3.0,10.0
2025-11-01,"Mall of India, Noida",28.0,5.0,33.0
2025-11-01,Oberoi Mall Store,11.0,3.0,14.0
2025-11-01,"Pali Hill, Bandra",13.0,15.0,28.0
2025-11-01,Phoenix Marketcity Kurla,32.0,3.0,35.0
2025-11-01,"Phoenix Marketcity, Whitefield",28.0,4.0,32.0
2025-11-01,Phoenix Palassio,16.0,4.0,20.0
2025-11-01,R.K. Salai,3.0,4.0,7.0
2025-11-01,Sarath City-Hyderabad,22.0,4.0,26.0
2025-11-01,Select City,11.0,3.0,14.0
2025-11-01,Shakespearesarani,23.0,5.0,28.0
2025-11-01,Sindhu Bhavan Marg,11.0,7.0,18.0
2025-11-01,South Ex.,7.0,6.0,13.0
2025-11-01,Vegas Dwarka,7.0,0.0,7.0
2025-11-01,Viviana Mall,24.0,4.0,28.0
2025-11-02,Ambience Vasant Kunj,13.0,5.0,18.0
2025-11-02,Andheri,5.0,6.0,11.0
2025-11-02,Express Avenue,29.0,6.0,35.0
2025-11-02,Gurugram,13.0,14.0,27.0
2025-11-02,Indiranagar,28.0,11.0,39.0
2025-11-02,Inorbit mall Hyderabad,20.0,6.0,26.0
2025-11-02,Jaipur Store,10.0,8.0,18.0
2025-11-02,Jubilee Hills,10.0,16.0,26.0
2025-11-02,Juhu Store,6.0,5.0,11.0
2025-11-02,KNK Chennai,8.0,,8.0
2025-11-02,"Kalaghoda, Fort",16.0,10.0,26.0
2025-11-02,Kemps Corner,10.0,22.0,32.0
2025-11-02,Khan Market,15.0,9.0,24.0
2025-11-02,Koregaon Park,13.0,11.0,24.0
2025-11-02,Lavelle Road,3.0,1.0,4.0
2025-11-02,"Mall of India, Noida",43.0,8.0,51.0
2025-11-02,Oberoi Mall Store,31.0,8.0,39.0
2025-11-02,"Pali Hill, Bandra",13.0,15.0,28.0
2025-11-02,Phoenix Marketcity Kurla,39.0,6.0,45.0
2025-11-02,"Phoenix Marketcity, Whitefield",26.0,3.0,29.0
2025-11-02,Phoenix Palassio,23.0,6.0,29.0
2025-11-02,R.K. Salai,3.0,4.0,7.0
2025-11-02,Sarath City-Hyderabad,29.0,4.0,33.0
2025-11-02,Select City,14.0,6.0,20.0
2025-11-02,Shakespearesarani,27.0,5.0,32.0
2025-11-02,Sindhu Bhavan Marg,11.0,3.0,14.0
2025-11-02,South Ex.,12.0,12.0,24.0
2025-11-02,Vegas Dwarka,18.0,0.0,18.0
2025-11-02,Viviana Mall,25.0,10.0,35.0
2025-11-03,Ambience Vasant Kunj,5.0,4.0,9.0
2025-11-03,Andheri,1.0,7.0,8.0
2025-11-03,Express Avenue,8.0,2.0,10.0
2025-11-03,Gurugram,3.0,10.0,13.0
2025-11-03,Indiranagar,12.0,4.0,16.0
2025-11-03,Inorbit mall Hyderabad,7.0,0.0,7.0
2025-11-03,Jaipur Store,8.0,1.0,9.0
2025-11-03,Jubilee Hills,11.0,9.0,20.0
2025-11-03,Juhu Store,11.0,4.0,15.0
2025-11-03,KNK Chennai,1.0,,1.0
2025-11-03,"Kalaghoda, Fort",18.0,7.0,25.0
2025-11-03,Kemps Corner,5.0,8.0,13.0
2025-11-03,Khan Market,11.0,5.0,16.0
2025-11-03,Koregaon Park,6.0,3.0,9.0
2025-11-03,Lavelle Road,5.0,3.0,8.0
2025-11-03,"Mall of India, Noida",20.0,2.0,22.0
2025-11-03,Oberoi Mall Store,3.0,5.0,8.0
2025-11-03,"Pali Hill, Bandra",3.0,11.0,14.0
2025-11-03,Phoenix Marketcity Kurla,7.0,2.0,9.0
2025-11-03,"Phoenix Marketcity, Whitefield",8.0,1.0,9.0
2025-11-03,Phoenix Palassio,7.0,2.0,9.0
2025-11-03,R.K. Salai,1.0,1.0,2.0
2025-11-03,Sarath City-Hyderabad,14.0,1.0,15.0
2025-11-03,Select City,6.0,4.0,10.0
2025-11-03,Shakespearesarani,4.0,0.0,4.0
2025-11-03,Sindhu Bhavan Marg,5.0,9.0,14.0
2025-11-03,South Ex.,3.0,1.0,4.0
2025-11-03,Vegas Dwarka,6.0,0.0,6.0
2025-11-03,Viviana Mall,15.0,3.0,18.0
2025-11-04,Ambience Vasant Kunj,8.0,1.0,9.0
2025-11-04,Andheri,5.0,4.0,9.0
2025-11-04,Express Avenue,13.0,6.0,19.0
2025-11-04,Gurugram,1.0,6.0,7.0
2025-11-04,Indiranagar,15.0,10.0,25.0
2025-11-04,Inorbit mall Hyderabad,10.0,3.0,13.0
2025-11-04,Jaipur Store,4.0,1.0,5.0
2025-11-04,Jubilee Hills,9.0,10.0,19.0
2025-11-04,Juhu Store,3.0,1.0,4.0
2025-11-04,KNK Chennai,1.0,,1.0
2025-11-04,"Kalaghoda, Fort",6.0,4.0,10.0
2025-11-04,Kemps Corner,11.0,11.0,22.0
2025-11-04,Khan Market,8.0,5.0,13.0
2025-11-04,Koregaon Park,2.0,6.0,8.0
2025-11-04,Lavelle Road,,1.0,1.0
2025-11-04,"Mall of India, Noida",17.0,3.0,20.0
2025-11-04,Oberoi Mall Store,2.0,2.0,4.0
2025-11-04,"Pali Hill, Bandra",9.0,3.0,12.0
2025-11-04,Phoenix Marketcity Kurla,7.0,1.0,8.0
2025-11-04,"Phoenix Marketcity, Whitefield",12.0,3.0,15.0
2025-11-04,Phoenix Palassio,13.0,7.0,20.0
2025-11-04,R.K. Salai,2.0,1.0,3.0
2025-11-04,Sarath City-Hyderabad,11.0,2.0,13.0
2025-11-04,Select City,5.0,8.0,13.0
2025-11-04,Shakespearesarani,11.0,7.0,18.0
2025-11-04,Sindhu Bhavan Marg,4.0,8.0,12.0
2025-11-04,South Ex.,2.0,5.0,7.0
2025-11-04,Vegas Dwarka,9.0,1.0,10.0
2025-11-04,Viviana Mall,8.0,,8.0
2025-11-05,Ambience Vasant Kunj,17.0,2.0,19.0
2025-11-05,Andheri,0.0,8.0,8.0
2025-11-05,Express Avenue,14.0,8.0,22.0
2025-11-05,Gurugram,2.0,7.0,9.0
2025-11-05,Indiranagar,12.0,3.0,15.0
2025-11-05,Inorbit mall Hyderabad,13.0,1.0,14.0
2025-11-05,Jaipur Store,7.0,5.0,12.0
2025-11-05,Jubilee Hills,12.0,9.0,21.0
2025-11-05,Juhu Store,7.0,3.0,10.0
2025-11-05,KNK Chennai,5.0,,5.0
2025-11-05,"Kalaghoda, Fort",11.0,9.0,20.0
2025-11-05,Kemps Corner,6.0,9.0,15.0
2025-11-05,Khan Market,14.0,8.0,22.0
2025-11-05,Koregaon Park,4.0,3.0,7.0
2025-11-05,Lavelle Road,2.0,3.0,5.0
2025-11-05,"Mall of India, Noida",25.0,3.0,28.0
2025-11-05,Oberoi Mall Store,11.0,2.0,13.0
2025-11-05,"Pali Hill, Bandra",18.0,14.0,32.0
2025-11-05,Phoenix Marketcity Kurla,12.0,2.0,14.0
2025-11-05,"Phoenix Marketcity, Whitefield",13.0,0.0,13.0
2025-11-05,Phoenix Palassio,19.0,4.0,23.0
2025-11-05,R.K. Salai,1.0,6.0,7.0
2025-11-05,Sarath City-Hyderabad,8.0,3.0,11.0
2025-11-05,Select City,13.0,5.0,18.0
2025-11-05,Shakespearesarani,11.0,5.0,16.0
2025-11-05,Sindhu Bhavan Marg,3.0,4.0,7.0
2025-11-05,South Ex.,6.0,3.0,9.0
2025-11-05,Vegas Dwarka,6.0,1.0,7.0
2025-11-05,Viviana Mall,11.0,2.0,13.0
2025-11-06,Ambience Vasant Kunj,5.0,1.0,6.0
2025-11-06,Andheri,0.0,3.0,3.0
2025-11-06,Express Avenue,15.0,2.0,17.0
2025-11-06,Gurugram,3.0,8.0,11.0
2025-11-06,Indiranagar,14.0,3.0,17.0
2025-11-06,Inorbit mall Hyderabad,9.0,2.0,11.0
2025-11-06,Jaipur Store,9.0,4.0,13.0
2025-11-06,Jubilee Hills,9.0,10.0,19.0
2025-11-06,Juhu Store,7.0,2.0,9.0
2025-11-06,KNK Chennai,4.0,,4.0
2025-11-06,"Kalaghoda, Fort",11.0,9.0,20.0
2025-11-06,Kemps Corner,6.0,5.0,11.0
2025-11-06,Khan Market,7.0,5.0,12.0
2025-11-06,Koregaon Park,3.0,5.0,8.0
2025-11-06,Lavelle Road,3.0,7.0,10.0
2025-11-06,"Mall of India, Noida",14.0,1.0,15.0
2025-11-06,Oberoi Mall Store,5.0,5.0,10.0
2025-11-06,"Pali Hill, Bandra",4.0,10.0,14.0
2025-11-06,Phoenix Marketcity Kurla,8.0,4.0,12.0
2025-11-06,"Phoenix Marketcity, Whitefield",10.0,0.0,10.0
2025-11-06,Phoenix Palassio,6.0,5.0,11.0
2025-11-06,R.K. Salai,0.0,3.0,3.0
2025-11-06,Sarath City-Hyderabad,12.0,5.0,17.0
2025-11-06,Select City,7.0,3.0,10.0
2025-11-06,Shakespearesarani,6.0,7.0,13.0
2025-11-06,Sindhu Bhavan Marg,6.0,5.0,11.0
2025-11-06,South Ex.,3.0,4.0,7.0
2025-11-06,Vegas Dwarka,3.0,1.0,4.0
2025-11-06,Viviana Mall,10.0,,10.0
2025-11-07,Ambience Vasant Kunj,12.0,0.0,12.0
2025-11-07,Andheri,2.0,5.0,7.0
2025-11-07,Express Avenue,21.0,1.0,22.0
2025-11-07,Gurugram,2.0,9.0,11.0
2025-11-07,Indiranagar,22.0,3.0,25.0
2025-11-07,Inorbit mall Hyderabad,8.0,2.0,10.0
2025-11-07,Jaipur Store,6.0,2.0,8.0
2025-11-07,Jubilee Hills,5.0,16.0,21.0
2025-11-07,Juhu Store,4.0,1.0,5.0
2025-11-07,KNK Chennai,2.0,,2.0
2025-11-07,"Kalaghoda, Fort",14.0,6.0,20.0
2025-11-07,Kemps Corner,9.0,7.0,16.0
2025-11-07,Khan Market,13.0,9.0,22.0
2025-11-07,Koregaon Park,8.0,3.0,11.0
2025-11-07,Lavelle Road,5.0,0.0,5.0
2025-11-07,"Mall of India, Noida",17.0,2.0,19.0
2025-11-07,Oberoi Mall Store,5.0,6.0,11.0
2025-11-07,"Pali Hill, Bandra",10.0,6.0,16.0
2025-11-07,Phoenix Marketcity Kurla,9.0,1.0,10.0
2025-11-07,"Phoenix Marketcity, Whitefield",17.0,1.0,18.0
2025-11-07,Phoenix Palassio,4.0,8.0,12.0
2025-11-07,R.K. Salai,0.0,0.0,0.0
2025-11-07,Sarath City-Hyderabad,22.0,5.0,27.0
2025-11-07,Select City,6.0,0.0,6.0
2025-11-07,Shakespearesarani,8.0,8.0,16.0
2025-11-07,Sindhu Bhavan Marg,5.0,5.0,10.0
2025-11-07,South Ex.,4.0,2.0,6.0
2025-11-07,Vegas Dwarka,4.0,0.0,4.0
2025-11-07,Viviana Mall,15.0,,15.0
2025-11-08,Ambience Vasant Kunj,10.0,7.0,17.0
2025-11-08,Andheri,8.0,7.0,15.0
2025-11-08,Express Avenue,24.0,5.0,29.0
2025-11-08,Gurugram,5.0,7.0,12.0
2025-11-08,Indiranagar,30.0,9.0,39.0
2025-11-08,Inorbit mall Hyderabad,11.0,1.0,12.0
2025-11-08,Jaipur Store,9.0,5.0,14.0
2025-11-08,Jubilee Hills,10.0,9.0,19.0
2025-11-08,Juhu Store,8.0,5.0,13.0
2025-11-08,KNK Chennai,5.0,,5.0
2025-11-08,"Kalaghoda, Fort",21.0,17.0,38.0
2025-11-08,Kemps Corner,12.0,20.0,32.0
2025-11-08,Khan Market,14.0,5.0,19.0
2025-11-08,Koregaon Park,6.0,16.0,22.0
2025-11-08,Lavelle Road,10.0,1.0,11.0
2025-11-08,"Mall of India, Noida",28.0,6.0,34.0
2025-11-08,Oberoi Mall Store,31.0,11.0,42.0
2025-11-08,"Pali Hill, Bandra",18.0,19.0,37.0
2025-11-08,Phoenix Marketcity Kurla,28.0,2.0,30.0
2025-11-08,"Phoenix Marketcity, Whitefield",35.0,4.0,39.0
2025-11-08,Phoenix Palassio,18.0,8.0,26.0
2025-11-08,R.K. Salai,3.0,3.0,6.0
2025-11-08,Sarath City-Hyderabad,34.0,6.0,40.0
2025-11-08,Select City,19.0,3.0,22.0
2025-11-08,Shakespearesarani,15.0,6.0,21.0
2025-11-08,Sindhu Bhavan Marg,16.0,8.0,24.0
2025-11-08,South Ex.,12.0,1.0,13.0
2025-11-08,Vegas Dwarka,6.0,3.0,9.0
2025-11-08,Viviana Mall,27.0,5.0,32.0
2025-11-09,Ambience Vasant Kunj,16.0,7.0,23.0
2025-11-09,Andheri,2.0,8.0,10.0
2025-11-09,Gurugram,11.0,10.0,21.0
2025-11-09,Indiranagar,40.0,11.0,51.0
2025-11-09,Inorbit mall Hyderabad,23.0,8.0,31.0
2025-11-09,Jaipur Store,10.0,5.0,15.0
2025-11-09,Jubilee Hills,17.0,18.0,35.0
2025-11-09,Juhu Store,12.0,11.0,23.0
2025-11-09,KNK Chennai,5.0,,5.0
2025-11-09,"Kalaghoda, Fort",20.0,15.0,35.0
2025-11-09,Kemps Corner,10.0,22.0,32.0
2025-11-09,Khan Market,18.0,7.0,25.0
2025-11-09,Koregaon Park,13.0,6.0,19.0
2025-11-09,Lavelle Road,4.0,8.0,12.0
2025-11-09,"Mall of India, Noida",35.0,6.0,41.0
2025-11-09,Oberoi Mall Store,19.0,9.0,28.0
2025-11-09,"Pali Hill, Bandra",23.0,24.0,47.0
2025-11-09,Phoenix Marketcity Kurla,37.0,11.0,48.0
2025-11-09,"Phoenix Marketcity, Whitefield",41.0,8.0,49.0
2025-11-09,Phoenix Palassio,19.0,6.0,25.0
2025-11-09,R.K. Salai,9.0,4.0,13.0
2025-11-09,Sarath City-Hyderabad,28.0,9.0,37.0
2025-11-09,Select City,20.0,7.0,27.0
2025-11-09,Shakespearesarani,20.0,7.0,27.0
2025-11-09,Sindhu Bhavan Marg,16.0,12.0,28.0
2025-11-09,South Ex.,11.0,9.0,20.0
2025-11-09,Vegas Dwarka,14.0,2.0,16.0
2025-11-09,Viviana Mall,36.0,6.0,42.0
2025-11-10,Ambience Vasant Kunj,9.0,2.0,11.0
2025-11-10,Andheri,3.0,13.0,16.0
2025-11-10,Express Avenue,19.0,4.0,23.0
2025-11-10,Gurugram,3.0,12.0,15.0
2025-11-10,Indiranagar,7.0,7.0,14.0
2025-11-10,Inorbit mall Hyderabad,9.0,0.0,9.0
2025-11-10,Jaipur Store,3.0,1.0,4.0
2025-11-10,Jubilee Hills,10.0,3.0,13.0
2025-11-10,Juhu Store,12.0,4.0,16.0
2025-11-10,KNK Chennai,1.0,,1.0
2025-11-10,"Kalaghoda, Fort",7.0,5.0,12.0
2025-11-10,Kemps Corner,7.0,7.0,14.0
2025-11-10,Khan Market,8.0,4.0,12.0
2025-11-10,Koregaon Park,3.0,5.0,8.0
2025-11-10,Lavelle Road,2.0,2.0,4.0
2025-11-10,"Mall of India, Noida",22.0,3.0,25.0
2025-11-10,Oberoi Mall Store,4.0,4.0,8.0
2025-11-10,"Pali Hill, Bandra",5.0,3.0,8.0
2025-11-10,Phoenix Marketcity Kurla,8.0,2.0,10.0
2025-11-10,"Phoenix Marketcity, Whitefield",6.0,1.0,7.0
2025-11-10,Phoenix Palassio,16.0,4.0,20.0
2025-11-10,R.K. Salai,5.0,2.0,7.0
2025-11-10,Sarath City-Hyderabad,11.0,5.0,16.0
2025-11-10,Select City,7.0,1.0,8.0
2025-11-10,Shakespearesarani,8.0,4.0,12.0
2025-11-10,Sindhu Bhavan Marg,5.0,6.0,11.0
2025-11-10,South Ex.,4.0,2.0,6.0
2025-11-10,Vegas Dwarka,3.0,2.0,5.0
2025-11-10,Viviana Mall,9.0,1.0,10.0
2025-11-11,Ambience Vasant Kunj,2.0,15.0,17.0
2025-11-11,Andheri,2.0,3.0,5.0
2025-11-11,Express Avenue,20.0,2.0,22.0
2025-11-11,Gurugram,6.0,2.0,8.0
2025-11-11,Indiranagar,5.0,3.0,8.0
2025-11-11,Inorbit mall Hyderabad,10.0,0.0,10.0
2025-11-11,Jaipur Store,5.0,5.0,10.0
2025-11-11,Jubilee Hills,12.0,9.0,21.0
2025-11-11,Juhu Store,3.0,4.0,7.0
2025-11-11,KNK Chennai,5.0,,5.0
2025-11-11,"Kalaghoda, Fort",23.0,7.0,30.0
2025-11-11,Kemps Corner,6.0,10.0,16.0
2025-11-11,Khan Market,9.0,3.0,12.0
2025-11-11,Koregaon Park,2.0,2.0,4.0
2025-11-11,Lavelle Road,4.0,3.0,7.0
2025-11-11,"Mall of India, Noida",22.0,5.0,27.0
2025-11-11,Oberoi Mall Store,7.0,2.0,9.0
2025-11-11,"Pali Hill, Bandra",6.0,10.0,16.0
2025-11-11,Phoenix Marketcity Kurla,11.0,2.0,13.0
2025-11-11,"Phoenix Marketcity, Whitefield",15.0,1.0,16.0
2025-11-11,Phoenix Palassio,5.0,2.0,7.0
2025-11-11,R.K. Salai,3.0,2.0,5.0
2025-11-11,Sarath City-Hyderabad,16.0,3.0,19.0
2025-11-11,Select City,8.0,3.0,11.0
2025-11-11,Shakespearesarani,8.0,5.0,13.0
2025-11-11,Sindhu Bhavan Marg,5.0,6.0,11.0
2025-11-11,South Ex.,4.0,8.0,12.0
2025-11-11,Vegas Dwarka,6.0,0.0,6.0
2025-11-11,Viviana Mall,13.0,0.0,13.0
2025-11-12,Ambience Vasant Kunj,7.0,1.0,8.0
2025-11-12,Andheri,3.0,5.0,8.0
2025-11-12,Express Avenue,21.0,3.0,24.0
2025-11-12,Gurugram,4.0,4.0,8.0
2025-11-12,Indiranagar,22.0,6.0,28.0
2025-11-12,Inorbit mall Hyderabad,18.0,3.0,21.0
2025-11-12,Jaipur Store,2.0,1.0,3.0
2025-11-12,Jubilee Hills,8.0,10.0,18.0
2025-11-12,Juhu Store,4.0,7.0,11.0
2025-11-12,KNK Chennai,1.0,,1.0
2025-11-12,"Kalaghoda, Fort",9.0,9.0,18.0
2025-11-12,Kemps Corner,6.0,10.0,16.0
2025-11-12,Khan Market,22.0,5.0,27.0
2025-11-12,Koregaon Park,9.0,5.0,14.0
2025-11-12,Lavelle Road,1.0,2.0,3.0
2025-11-12,"Mall of India, Noida",18.0,4.0,22.0
2025-11-12,Oberoi Mall Store,8.0,4.0,12.0
2025-11-12,"Pali Hill, Bandra",13.0,6.0,19.0
2025-11-12,Phoenix Marketcity Kurla,10.0,3.0,13.0
2025-11-12,"Phoenix Marketcity, Whitefield",10.0,0.0,10.0
2025-11-12,Phoenix Palassio,6.0,7.0,13.0
2025-11-12,R.K. Salai,1.0,3.0,4.0
2025-11-12,Sarath City-Hyderabad,12.0,4.0,16.0
2025-11-12,Select City,11.0,3.0,14.0
2025-11-12,Shakespearesarani,7.0,7.0,14.0
2025-11-12,Sindhu Bhavan Marg,5.0,10.0,15.0
2025-11-12,South Ex.,2.0,1.0,3.0
2025-11-12,Vegas Dwarka,4.0,2.0,6.0
2025-11-12,Viviana Mall,15.0,,15.0
2025-11-13,Ambience Vasant Kunj,14.0,0.0,14.0
2025-11-13,Andheri,4.0,5.0,9.0
2025-11-13,Express Avenue,19.0,8.0,27.0
2025-11-13,Gurugram,4.0,2.0,6.0
2025-11-13,Indiranagar,7.0,3.0,10.0
2025-11-13,Inorbit mall Hyderabad,21.0,2.0,23.0
2025-11-13,Jaipur Store,4.0,0.0,4.0
2025-11-13,Jubilee Hills,14.0,1.0,15.0
2025-11-13,Juhu Store,8.0,1.0,9.0
2025-11-13,KNK Chennai,0.0,,0.0
2025-11-13,"Kalaghoda, Fort",19.0,11.0,30.0
2025-11-13,Kemps Corner,7.0,11.0,18.0
2025-11-13,Khan Market,13.0,2.0,15.0
2025-11-13,Koregaon Park,3.0,3.0,6.0
2025-11-13,Lavelle Road,3.0,5.0,8.0
2025-11-13,"Mall of India, Noida",25.0,5.0,30.0
2025-11-13,Oberoi Mall Store,6.0,0.0,6.0
2025-11-13,"Pali Hill, Bandra",3.0,11.0,14.0
2025-11-13,Phoenix Marketcity Kurla,11.0,1.0,12.0
2025-11-13,"Phoenix Marketcity, Whitefield",7.0,0.0,7.0
2025-11-13,Phoenix Palassio,9.0,1.0,10.0
2025-11-13,R.K. Salai,1.0,1.0,2.0
2025-11-13,Sarath City-Hyderabad,13.0,4.0,17.0
2025-11-13,Select City,7.0,2.0,9.0
2025-11-13,Shakespearesarani,5.0,7.0,12.0
2025-11-13,Sindhu Bhavan Marg,2.0,4.0,6.0
2025-11-13,South Ex.,4.0,6.0,10.0
2025-11-13,Vegas Dwarka,5.0,0.0,5.0
2025-11-13,Viviana Mall,5.0,3.0,8.0
2025-11-14,Ambience Vasant Kunj,11.0,1.0,12.0
2025-11-14,Andheri,3.0,2.0,5.0
2025-11-14,Express Avenue,20.0,3.0,23.0
2025-11-14,Gurugram,6.0,4.0,10.0
2025-11-14,Indiranagar,21.0,0.0,21.0
2025-11-14,Inorbit mall Hyderabad,12.0,5.0,17.0
2025-11-14,Jaipur Store,6.0,4.0,10.0
2025-11-14,Jubilee Hills,5.0,12.0,17.0
2025-11-14,Juhu Store,7.0,5.0,12.0
2025-11-14,KNK Chennai,4.0,,4.0
2025-11-14,"Kalaghoda, Fort",16.0,9.0,25.0
2025-11-14,Kemps Corner,5.0,10.0,15.0
2025-11-14,Khan Market,13.0,3.0,16.0
2025-11-14,Koregaon Park,7.0,4.0,11.0
2025-11-14,Lavelle Road,4.0,3.0,7.0
2025-11-14,"Mall of India, Noida",17.0,4.0,21.0
2025-11-14,Oberoi Mall Store,4.0,1.0,5.0
2025-11-14,"Pali Hill, Bandra",6.0,16.0,22.0
2025-11-14,Phoenix Marketcity Kurla,9.0,1.0,10.0
2025-11-14,"Phoenix Marketcity, Whitefield",12.0,3.0,15.0
2025-11-14,Phoenix Palassio,8.0,5.0,13.0
2025-11-14,R.K. Salai,3.0,3.0,6.0
2025-11-14,Sarath City-Hyderabad,26.0,5.0,31.0
2025-11-14,Select City,5.0,2.0,7.0
2025-11-14,Shakespearesarani,8.0,8.0,16.0
2025-11-14,Sindhu Bhavan Marg,9.0,8.0,17.0
2025-11-14,South Ex.,2.0,10.0,12.0
2025-11-14,Vegas Dwarka,6.0,0.0,6.0
2025-11-14,Viviana Mall,1.0,12.0,13.0
2025-11-15,Ambience Vasant Kunj,17.0,4.0,21.0
2025-11-15,Andheri,2.0,8.0,10.0
2025-11-15,Express Avenue,18.0,1.0,19.0
2025-11-15,Gurugram,9.0,20.0,29.0
2025-11-15,Indiranagar,28.0,11.0,39.0
2025-11-15,Inorbit mall Hyderabad,23.0,2.0,25.0
2025-11-15,Jaipur Store,8.0,4.0,12.0
2025-11-15,Jubilee Hills,12.0,8.0,20.0
2025-11-15,Juhu Store,11.0,6.0,17.0
2025-11-15,KNK Chennai,4.0,,4.0
2025-11-15,"Kalaghoda, Fort",27.0,8.0,35.0
2025-11-15,Kemps Corner,16.0,16.0,32.0
2025-11-15,Khan Market,13.0,5.0,18.0
2025-11-15,Koregaon Park,6.0,8.0,14.0
2025-11-15,Lavelle Road,6.0,4.0,10.0
2025-11-15,"Mall of India, Noida",27.0,7.0,34.0
2025-11-15,Oberoi Mall Store,23.0,4.0,27.0
2025-11-15,"Pali Hill, Bandra",25.0,13.0,38.0
2025-11-15,Phoenix Marketcity Kurla,18.0,2.0,20.0
2025-11-15,"Phoenix Marketcity, Whitefield",43.0,3.0,46.0
2025-11-15,Phoenix Palassio,8.0,5.0,13.0
2025-11-15,R.K. Salai,5.0,4.0,9.0
2025-11-15,Sarath City-Hyderabad,25.0,3.0,28.0
2025-11-15,Select City,9.0,6.0,15.0
2025-11-15,Shakespearesarani,4.0,10.0,14.0
2025-11-15,Sindhu Bhavan Marg,6.0,9.0,15.0
2025-11-15,South Ex.,6.0,4.0,10.0
2025-11-15,Vegas Dwarka,12.0,1.0,13.0
2025-11-15,Viviana Mall,29.0,6.0,35.0
2025-11-16,Ambience Vasant Kunj,19.0,4.0,23.0
2025-11-16,Andheri,7.0,9.0,16.0
2025-11-16,Express Avenue,30.0,5.0,35.0
2025-11-16,Gurugram,10.0,18.0,28.0
2025-11-16,Indiranagar,28.0,13.0,41.0
2025-11-16,Inorbit mall Hyderabad,28.0,4.0,32.0
2025-11-16,Jaipur Store,7.0,7.0,14.0
2025-11-16,Jubilee Hills,10.0,10.0,20.0
2025-11-16,Juhu Store,8.0,6.0,14.0
2025-11-16,KNK Chennai,7.0,,7.0
2025-11-16,"Kalaghoda, Fort",20.0,9.0,29.0
2025-11-16,Kemps Corner,5.0,20.0,25.0
2025-11-16,Khan Market,12.0,9.0,21.0
2025-11-16,Koregaon Park,14.0,7.0,21.0
2025-11-16,Lavelle Road,3.0,10.0,13.0
2025-11-16,"Mall of India, Noida",37.0,5.0,42.0
2025-11-16,Oberoi Mall Store,29.0,6.0,35.0
2025-11-16,"Pali Hill, Bandra",33.0,21.0,54.0
2025-11-16,Phoenix Marketcity Kurla,33.0,3.0,36.0
2025-11-16,"Phoenix Marketcity, Whitefield",39.0,3.0,42.0
2025-11-16,Phoenix Palassio,8.0,6.0,14.0
2025-11-16,R.K. Salai,3.0,2.0,5.0
2025-11-16,Sarath City-Hyderabad,46.0,5.0,51.0
2025-11-16,Select City,5.0,3.0,8.0
2025-11-16,Shakespearesarani,10.0,4.0,14.0
2025-11-16,Sindhu Bhavan Marg,11.0,5.0,16.0
2025-11-16,South Ex.,12.0,5.0,17.0
2025-11-16,Vegas Dwarka,15.0,0.0,15.0
2025-11-16,Viviana Mall,35.0,3.0,38.0
2025-11-17,Ambience Vasant Kunj,7.0,3.0,10.0
2025-11-17,Andheri,1.0,1.0,2.0
2025-11-17,Express Avenue,16.0,3.0,19.0
2025-11-17,Gurugram,6.0,6.0,12.0
2025-11-17,Indiranagar,7.0,2.0,9.0
2025-11-17,Inorbit mall Hyderabad,10.0,3.0,13.0
2025-11-17,Jaipur Store,5.0,2.0,7.0
2025-11-17,Jubilee Hills,9.0,10.0,19.0
2025-11-17,Juhu Store,5.0,2.0,7.0
2025-11-17,KNK Chennai,2.0,,2.0
2025-11-17,"Kalaghoda, Fort",12.0,7.0,19.0
2025-11-17,Kemps Corner,8.0,10.0,18.0
2025-11-17,Khan Market,6.0,4.0,10.0
2025-11-17,Koregaon Park,4.0,1.0,5.0
2025-11-17,Lavelle Road,2.0,2.0,4.0
2025-11-17,"Mall of India, Noida",22.0,1.0,23.0
2025-11-17,Oberoi Mall Store,4.0,4.0,8.0
2025-11-17,"Pali Hill, Bandra",3.0,6.0,9.0
2025-11-17,Phoenix Marketcity Kurla,12.0,3.0,15.0
2025-11-17,"Phoenix Marketcity, Whitefield",9.0,1.0,10.0
2025-11-17,Phoenix Palassio,0.0,0.0,0.0
2025-11-17,R.K. Salai,1.0,1.0,2.0
2025-11-17,Sarath City-Hyderabad,13.0,2.0,15.0
2025-11-17,Select City,14.0,2.0,16.0
2025-11-17,Shakespearesarani,6.0,4.0,10.0
2025-11-17,Sindhu Bhavan Marg,6.0,4.0,10.0
2025-11-17,South Ex.,2.0,4.0,6.0
2025-11-17,Vegas Dwarka,5.0,1.0,6.0
2025-11-17,Viviana Mall,132.0,,132.0
2025-11-18,Ambience Vasant Kunj,6.0,2.0,8.0
2025-11-18,Andheri,1.0,4.0,5.0
2025-11-18,Express Avenue,21.0,0.0,21.0
2025-11-18,Gurugram,5.0,10.0,15.0
2025-11-18,Indiranagar,9.0,5.0,14.0
2025-11-18,Inorbit mall Hyderabad,18.0,4.0,22.0
2025-11-18,Jaipur Store,4.0,1.0,5.0
2025-11-18,Jubilee Hills,15.0,10.0,25.0
2025-11-18,Juhu Store,3.0,3.0,6.0
2025-11-18,KNK Chennai,1.0,,1.0
2025-11-18,"Kalaghoda, Fort",9.0,4.0,13.0
2025-11-18,Kemps Corner,7.0,6.0,13.0
2025-11-18,Khan Market,12.0,4.0,16.0
2025-11-18,Koregaon Park,4.0,6.0,10.0
2025-11-18,Lavelle Road,0.0,3.0,3.0
2025-11-18,"Mall of India, Noida",9.0,6.0,15.0
2025-11-18,Oberoi Mall Store,9.0,0.0,9.0
2025-11-18,"Pali Hill, Bandra",10.0,3.0,13.0
2025-11-18,Phoenix Marketcity Kurla,11.0,1.0,12.0
2025-11-18,"Phoenix Marketcity, Whitefield",0.0,2.0,2.0
2025-11-18,Phoenix Palassio,6.0,5.0,11.0
2025-11-18,R.K. Salai,2.0,3.0,5.0
2025-11-18,Sarath City-Hyderabad,12.0,3.0,15.0
2025-11-18,Select City,10.0,4.0,14.0
2025-11-18,Shakespearesarani,12.0,6.0,18.0
2025-11-18,Sindhu Bhavan Marg,6.0,4.0,10.0
2025-11-18,South Ex.,6.0,1.0,7.0
2025-11-18,Vegas Dwarka,5.0,0.0,5.0
2025-11-18,Viviana Mall,7.0,3.0,10.0
2025-11-19,Ambience Vasant Kunj,7.0,3.0,10.0
2025-11-19,Andheri,1.0,4.0,5.0
2025-11-19,Express Avenue,20.0,2.0,22.0
2025-11-19,Gurugram,6.0,2.0,8.0
2025-11-19,Indiranagar,12.0,4.0,16.0
2025-11-19,Inorbit mall Hyderabad,23.0,5.0,28.0
2025-11-19,Jaipur Store,17.0,1.0,18.0
2025-11-19,Jubilee Hills,6.0,9.0,15.0
2025-11-19,Juhu Store,4.0,1.0,5.0
2025-11-19,KNK Chennai,1.0,,1.0
2025-11-19,"Kalaghoda, Fort",6.0,12.0,18.0
2025-11-19,Kemps Corner,12.0,8.0,20.0
2025-11-19,Khan Market,10.0,4.0,14.0
2025-11-19,Koregaon Park,3.0,5.0,8.0
2025-11-19,Lavelle Road,0.0,5.0,5.0
2025-11-19,"Mall of India, Noida",15.0,3.0,18.0
2025-11-19,Oberoi Mall Store,7.0,1.0,8.0
2025-11-19,"Pali Hill, Bandra",12.0,3.0,15.0
2025-11-19,Phoenix Marketcity Kurla,8.0,,8.0
2025-11-19,"Phoenix Marketcity, Whitefield",11.0,1.0,12.0
2025-11-19,Phoenix Palassio,10.0,4.0,14.0
2025-11-19,R.K. Salai,1.0,3.0,4.0
2025-11-19,Sarath City-Hyderabad,8.0,3.0,11.0
2025-11-19,Select City,12.0,3.0,15.0
2025-11-19,Shakespearesarani,6.0,5.0,11.0
2025-11-19,Sindhu Bhavan Marg,7.0,2.0,9.0
2025-11-19,South Ex.,3.0,4.0,7.0
2025-11-19,Vegas Dwarka,5.0,2.0,7.0
2025-11-19,Viviana Mall,5.0,5.0,10.0
2025-11-20,Ambience Vasant Kunj,7.0,3.0,10.0
2025-11-20,Andheri,6.0,3.0,9.0
2025-11-20,Express Avenue,14.0,1.0,15.0
2025-11-20,Gurugram,1.0,8.0,9.0
2025-11-20,Indiranagar,6.0,6.0,12.0
2025-11-20,Inorbit mall Hyderabad,14.0,5.0,19.0
2025-11-20,Jaipur Store,6.0,5.0,11.0
2025-11-20,Jubilee Hills,8.0,15.0,23.0
2025-11-20,Juhu Store,3.0,0.0,3.0
2025-11-20,KNK Chennai,5.0,,5.0
2025-11-20,"Kalaghoda, Fort",16.0,15.0,31.0
2025-11-20,Kemps Corner,6.0,11.0,17.0
2025-11-20,Khan Market,11.0,4.0,15.0
2025-11-20,Koregaon Park,4.0,6.0,10.0
2025-11-20,Lavelle Road,5.0,3.0,8.0
2025-11-20,"Mall of India, Noida",8.0,0.0,8.0
2025-11-20,Oberoi Mall Store,4.0,4.0,8.0
2025-11-20,"Pali Hill, Bandra",15.0,11.0,26.0
2025-11-20,Phoenix Marketcity Kurla,11.0,,11.0
2025-11-20,"Phoenix Marketcity, Whitefield",6.0,1.0,7.0
2025-11-20,Phoenix Palassio,7.0,4.0,11.0
2025-11-20,R.K. Salai,2.0,1.0,3.0
2025-11-20,Sarath City-Hyderabad,15.0,1.0,16.0
2025-11-20,Select City,5.0,3.0,8.0
2025-11-20,Shakespearesarani,8.0,1.0,9.0
2025-11-20,Sindhu Bhavan Marg,9.0,6.0,15.0
2025-11-20,South Ex.,4.0,1.0,5.0
2025-11-20,Vegas Dwarka,6.0,0.0,6.0
2025-11-20,Viviana Mall,6.0,2.0,8.0
2025-11-21,Ambience Vasant Kunj,13.0,2.0,15.0
2025-11-21,Andheri,1.0,2.0,3.0
2025-11-21,Express Avenue,7.0,0.0,7.0
2025-11-21,Gurugram,4.0,9.0,13.0
2025-11-21,Indiranagar,9.0,3.0,12.0
2025-11-21,Inorbit mall Hyderabad,17.0,3.0,20.0
2025-11-21,Jaipur Store,6.0,6.0,12.0
2025-11-21,Jubilee Hills,6.0,3.0,9.0
2025-11-21,Juhu Store,3.0,2.0,5.0
2025-11-21,KNK Chennai,6.0,,6.0
2025-11-21,"Kalaghoda, Fort",17.0,11.0,28.0
2025-11-21,Kemps Corner,7.0,7.0,14.0
2025-11-21,Khan Market,14.0,10.0,24.0
2025-11-21,Koregaon Park,1.0,3.0,4.0
2025-11-21,Lavelle Road,4.0,5.0,9.0
2025-11-21,"Mall of India, Noida",13.0,4.0,17.0
2025-11-21,Oberoi Mall Store,5.0,4.0,9.0
2025-11-21,"Pali Hill, Bandra",5.0,13.0,18.0
2025-11-21,Phoenix Marketcity Kurla,12.0,1.0,13.0
2025-11-21,"Phoenix Marketcity, Whitefield",17.0,0.0,17.0
2025-11-21,Phoenix Palassio,13.0,3.0,16.0
2025-11-21,R.K. Salai,6.0,2.0,8.0
2025-11-21,Sarath City-Hyderabad,14.0,2.0,16.0
2025-11-21,Select City,10.0,0.0,10.0
2025-11-21,Shakespearesarani,7.0,5.0,12.0
2025-11-21,Sindhu Bhavan Marg,6.0,6.0,12.0
2025-11-21,South Ex.,6.0,1.0,7.0
2025-11-21,Vegas Dwarka,4.0,1.0,5.0
2025-11-21,Viviana Mall,10.0,,10.0
2025-11-22,Ambience Vasant Kunj,20.0,3.0,23.0
2025-11-22,Andheri,1.0,6.0,7.0
2025-11-22,Express Avenue,,0.0,0.0
2025-11-22,Gurugram,9.0,15.0,24.0
2025-11-22,Indiranagar,25.0,11.0,36.0
2025-11-22,Inorbit mall Hyderabad,22.0,7.0,29.0
2025-11-22,Jaipur Store,6.0,6.0,12.0
2025-11-22,Jubilee Hills,5.0,15.0,20.0
2025-11-22,Juhu Store,8.0,4.0,12.0
2025-11-22,KNK Chennai,6.0,,6.0
2025-11-22,"Kalaghoda, Fort",22.0,17.0,39.0
2025-11-22,Kemps Corner,5.0,20.0,25.0
2025-11-22,Khan Market,12.0,6.0,18.0
2025-11-22,Koregaon Park,7.0,7.0,14.0
2025-11-22,Lavelle Road,5.0,5.0,10.0
2025-11-22,"Mall of India, Noida",19.0,5.0,24.0
2025-11-22,Oberoi Mall Store,12.0,6.0,18.0
2025-11-22,"Pali Hill, Bandra",23.0,10.0,33.0
2025-11-22,Phoenix Marketcity Kurla,50.0,3.0,53.0
2025-11-22,"Phoenix Marketcity, Whitefield",40.0,2.0,42.0
2025-11-22,Phoenix Palassio,10.0,7.0,17.0
2025-11-22,R.K. Salai,4.0,5.0,9.0
2025-11-22,Sarath City-Hyderabad,47.0,6.0,53.0
2025-11-22,Select City,15.0,4.0,19.0
2025-11-22,Shakespearesarani,9.0,8.0,17.0
2025-11-22,Sindhu Bhavan Marg,9.0,4.0,13.0
2025-11-22,South Ex.,9.0,2.0,11.0
2025-11-22,Vegas Dwarka,11.0,3.0,14.0
2025-11-22,Viviana Mall,29.0,9.0,38.0
2025-11-23,Ambience Vasant Kunj,17.0,2.0,19.0
2025-11-23,Andheri,4.0,7.0,11.0
2025-11-23,Express Avenue,22.0,5.0,27.0
2025-11-23,Gurugram,8.0,11.0,19.0
2025-11-23,Indiranagar,29.0,15.0,44.0
2025-11-23,Inorbit mall Hyderabad,28.0,7.0,35.0
2025-11-23,Jaipur Store,16.0,6.0,22.0
2025-11-23,Jubilee Hills,10.0,13.0,23.0
2025-11-23,Juhu Store,12.0,3.0,15.0
2025-11-23,KNK Chennai,6.0,,6.0
2025-11-23,"Kalaghoda, Fort",30.0,8.0,38.0
2025-11-23,Kemps Corner,7.0,19.0,26.0
2025-11-23,Khan Market,16.0,5.0,21.0
2025-11-23,Koregaon Park,12.0,8.0,20.0
2025-11-23,Lavelle Road,7.0,6.0,13.0
2025-11-23,"Mall of India, Noida",29.0,2.0,31.0
2025-11-23,Oberoi Mall Store,25.0,30.0,55.0
2025-11-23,"Pali Hill, Bandra",25.0,24.0,49.0
2025-11-23,Phoenix Marketcity Kurla,44.0,11.0,55.0
2025-11-23,"Phoenix Marketcity, Whitefield",34.0,4.0,38.0
2025-11-23,Phoenix Palassio,12.0,6.0,18.0
2025-11-23,R.K. Salai,2.0,7.0,9.0
2025-11-23,Sarath City-Hyderabad,47.0,7.0,54.0
2025-11-23,Select City,23.0,6.0,29.0
2025-11-23,Shakespearesarani,12.0,3.0,15.0
2025-11-23,Sindhu Bhavan Marg,10.0,6.0,16.0
2025-11-23,South Ex.,12.0,5.0,17.0
2025-11-23,Vegas Dwarka,16.0,5.0,21.0
2025-11-23,Viviana Mall,23.0,5.0,28.0
2025-11-24,Ambience Vasant Kunj,8.0,2.0,10.0
2025-11-24,Andheri,4.0,5.0,9.0
2025-11-24,Express Avenue,20.0,1.0,21.0
2025-11-24,Gurugram,4.0,6.0,10.0
2025-11-24,Indiranagar,11.0,0.0,11.0
2025-11-24,Inorbit mall Hyderabad,19.0,2.0,21.0
2025-11-24,Jaipur Store,5.0,3.0,8.0
2025-11-24,Jubilee Hills,9.0,4.0,13.0
2025-11-24,Juhu Store,6.0,5.0,11.0
2025-11-24,KNK Chennai,3.0,,3.0
2025-11-24,"Kalaghoda, Fort",7.0,9.0,16.0
2025-11-24,Kemps Corner,1.0,6.0,7.0
2025-11-24,Khan Market,14.0,5.0,19.0
2025-11-24,Koregaon Park,4.0,6.0,10.0
2025-11-24,Lavelle Road,4.0,2.0,6.0
2025-11-24,"Mall of India, Noida",12.0,2.0,14.0
2025-11-24,Oberoi Mall Store,5.0,4.0,9.0
2025-11-24,"Pali Hill, Bandra",2.0,8.0,10.0
2025-11-24,Phoenix Marketcity Kurla,16.0,4.0,20.0
2025-11-24,"Phoenix Marketcity, Whitefield",12.0,1.0,13.0
2025-11-24,Phoenix Palassio,10.0,0.0,10.0
2025-11-24,R.K. Salai,0.0,0.0,0.0
2025-11-24,Sarath City-Hyderabad,9.0,3.0,12.0
2025-11-24,Select City,11.0,1.0,12.0
2025-11-24,Shakespearesarani,11.0,3.0,14.0
2025-11-24,Sindhu Bhavan Marg,3.0,4.0,7.0
2025-11-24,South Ex.,7.0,2.0,9.0
2025-11-24,Vegas Dwarka,5.0,1.0,6.0
2025-11-24,Viviana Mall,8.0,1.0,9.0
2025-11-25,Ambience Vasant Kunj,16.0,2.0,18.0
2025-11-25,Andheri,2.0,4.0,6.0
2025-11-25,Gurugram,4.0,4.0,8.0
2025-11-25,Indiranagar,9.0,1.0,10.0
2025-11-25,Inorbit mall Hyderabad,20.0,2.0,22.0
2025-11-25,Jaipur Store,0.0,0.0,0.0
2025-11-25,Jubilee Hills,4.0,6.0,10.0
2025-11-25,Juhu Store,4.0,0.0,4.0
2025-11-25,KNK Chennai,0.0,,0.0
2025-11-25,"Kalaghoda, Fort",13.0,7.0,20.0
2025-11-25,Kemps Corner,0.0,9.0,9.0
2025-11-25,Khan Market,15.0,2.0,17.0
2025-11-25,Koregaon Park,2.0,4.0,6.0
2025-11-25,Lavelle Road,4.0,3.0,7.0
2025-11-25,"Mall of India, Noida",6.0,3.0,9.0
2025-11-25,Oberoi Mall Store,4.0,3.0,7.0
2025-11-25,"Pali Hill, Bandra",15.0,16.0,31.0
2025-11-25,Phoenix Marketcity Kurla,9.0,1.0,10.0
2025-11-25,"Phoenix Marketcity, Whitefield",9.0,1.0,10.0
2025-11-25,Phoenix Palassio,10.0,1.0,11.0
2025-11-25,R.K. Salai,3.0,3.0,6.0
2025-11-25,Sarath City-Hyderabad,15.0,3.0,18.0
2025-11-25,Select City,7.0,3.0,10.0
2025-11-25,Shakespearesarani,8.0,4.0,12.0
2025-11-25,Sindhu Bhavan Marg,5.0,6.0,11.0
2025-11-25,South Ex.,7.0,4.0,11.0
2025-11-25,Viviana Mall,12.0,2.0,14.0
2025-11-26,Ambience Vasant Kunj,18.0,0.0,18.0
2025-11-26,Andheri,1.0,3.0,4.0
2025-11-26,Express Avenue,13.0,3.0,16.0
2025-11-26,Gurugram,4.0,4.0,8.0
2025-11-26,Indiranagar,14.0,5.0,19.0
2025-11-26,Inorbit mall Hyderabad,11.0,4.0,15.0
2025-11-26,Jaipur Store,5.0,4.0,9.0
2025-11-26,Jubilee Hills,9.0,10.0,19.0
2025-11-26,Juhu Store,2.0,2.0,4.0
2025-11-26,KNK Chennai,4.0,,4.0
2025-11-26,"Kalaghoda, Fort",19.0,16.0,35.0
2025-11-26,Kemps Corner,2.0,9.0,11.0
2025-11-26,Khan Market,14.0,8.0,22.0
2025-11-26,Koregaon Park,2.0,7.0,9.0
2025-11-26,Lavelle Road,1.0,5.0,6.0
2025-11-26,"Mall of India, Noida",10.0,3.0,13.0
2025-11-26,Oberoi Mall Store,3.0,6.0,9.0
2025-11-26,"Pali Hill, Bandra",5.0,5.0,10.0
2025-11-26,Phoenix Marketcity Kurla,10.0,,10.0
2025-11-26,"Phoenix Marketcity, Whitefield",12.0,2.0,14.0
2025-11-26,Phoenix Palassio,6.0,2.0,8.0
2025-11-26,R.K. Salai,4.0,5.0,9.0
2025-11-26,Sarath City-Hyderabad,12.0,4.0,16.0
2025-11-26,Select City,5.0,3.0,8.0
2025-11-26,Shakespearesarani,3.0,7.0,10.0
2025-11-26,Sindhu Bhavan Marg,5.0,3.0,8.0
2025-11-26,South Ex.,2.0,6.0,8.0
2025-11-26,Vegas Dwarka,4.0,1.0,5.0
2025-11-26,Viviana Mall,11.0,1.0,12.0
2025-11-27,Ambience Vasant Kunj,19.0,2.0,21.0
2025-11-27,Andheri,4.0,6.0,10.0
2025-11-27,Express Avenue,18.0,3.0,21.0
2025-11-27,Gurugram,4.0,6.0,10.0
2025-11-27,Indiranagar,14.0,4.0,18.0
2025-11-27,Inorbit mall Hyderabad,14.0,3.0,17.0
2025-11-27,Jaipur Store,3.0,1.0,4.0
2025-11-27,Jubilee Hills,7.0,9.0,16.0
2025-11-27,Juhu Store,3.0,4.0,7.0
2025-11-27,KNK Chennai,1.0,,1.0
2025-11-27,"Kalaghoda, Fort",19.0,8.0,27.0
2025-11-27,Kemps Corner,4.0,13.0,17.0
2025-11-27,Khan Market,14.0,9.0,23.0
2025-11-27,Koregaon Park,3.0,10.0,13.0
2025-11-27,Lavelle Road,1.0,3.0,4.0
2025-11-27,"Mall of India, Noida",13.0,1.0,14.0
2025-11-27,Oberoi Mall Store,6.0,6.0,12.0
2025-11-27,"Pali Hill, Bandra",3.0,9.0,12.0
2025-11-27,Phoenix Marketcity Kurla,13.0,1.0,14.0
2025-11-27,"Phoenix Marketcity, Whitefield",12.0,4.0,16.0
2025-11-27,Phoenix Palassio,12.0,4.0,16.0
2025-11-27,R.K. Salai,9.0,0.0,9.0
2025-11-27,Sarath City-Hyderabad,17.0,7.0,24.0
2025-11-27,Select City,13.0,4.0,17.0
2025-11-27,Shakespearesarani,6.0,6.0,12.0
2025-11-27,Sindhu Bhavan Marg,6.0,4.0,10.0
2025-11-27,South Ex.,4.0,1.0,5.0
2025-11-27,Vegas Dwarka,3.0,1.0,4.0
2025-11-27,Viviana Mall,12.0,2.0,14.0
2025-11-28,Ambience Vasant Kunj,20.0,4.0,24.0
2025-11-28,Andheri,4.0,6.0,10.0
2025-11-28,Express Avenue,14.0,3.0,17.0
2025-11-28,Gurugram,2.0,7.0,9.0
2025-11-28,Indiranagar,11.0,8.0,19.0
2025-11-28,Inorbit mall Hyderabad,28.0,4.0,32.0
2025-11-28,Jaipur Store,8.0,3.0,11.0
2025-11-28,Jubilee Hills,8.0,9.0,17.0
2025-11-28,Juhu Store,3.0,1.0,4.0
2025-11-28,KNK Chennai,3.0,,3.0
2025-11-28,"Kalaghoda, Fort",15.0,11.0,26.0
2025-11-28,Kemps Corner,12.0,7.0,19.0
2025-11-28,Khan Market,11.0,5.0,16.0
2025-11-28,Koregaon Park,2.0,6.0,8.0
2025-11-28,Lavelle Road,1.0,3.0,4.0
2025-11-28,"Mall of India, Noida",28.0,5.0,33.0
2025-11-28,Oberoi Mall Store,13.0,5.0,18.0
2025-11-28,"Pali Hill, Bandra",15.0,3.0,18.0
2025-11-28,Phoenix Marketcity Kurla,31.0,4.0,35.0
2025-11-28,"Phoenix Marketcity, Whitefield",17.0,0.0,17.0
2025-11-28,Phoenix Palassio,14.0,0.0,14.0
2025-11-28,R.K. Salai,5.0,5.0,10.0
2025-11-28,Sarath City-Hyderabad,25.0,5.0,30.0
2025-11-28,Select City,16.0,6.0,22.0
2025-11-28,Shakespearesarani,11.0,5.0,16.0
2025-11-28,Sindhu Bhavan Marg,5.0,6.0,11.0
2025-11-28,South Ex.,4.0,3.0,7.0
2025-11-28,Vegas Dwarka,10.0,1.0,11.0
2025-11-28,Viviana Mall,18.0,3.0,21.0
2025-11-29,Ambience Vasant Kunj,30.0,1.0,31.0
2025-11-29,Andheri,3.0,5.0,8.0
2025-11-29,Express Avenue,21.0,6.0,27.0
2025-11-29,Gurugram,8.0,15.0,23.0
2025-11-29,Indiranagar,30.0,16.0,46.0
2025-11-29,Inorbit mall Hyderabad,23.0,7.0,30.0
2025-11-29,Jaipur Store,0.0,0.0,0.0
2025-11-29,Jubilee Hills,15.0,12.0,27.0
2025-11-29,Juhu Store,8.0,10.0,18.0
2025-11-29,KNK Chennai,0.0,,0.0
2025-11-29,"Kalaghoda, Fort",25.0,20.0,45.0
2025-11-29,Kemps Corner,17.0,28.0,45.0
2025-11-29,Khan Market,16.0,6.0,22.0
2025-11-29,Koregaon Park,3.0,13.0,16.0
2025-11-29,Lavelle Road,5.0,8.0,13.0
2025-11-29,"Mall of India, Noida",30.0,4.0,34.0
2025-11-29,Oberoi Mall Store,12.0,15.0,27.0
2025-11-29,"Pali Hill, Bandra",22.0,11.0,33.0
2025-11-29,Phoenix Marketcity Kurla,47.0,8.0,55.0
2025-11-29,"Phoenix Marketcity, Whitefield",38.0,7.0,45.0
2025-11-29,Phoenix Palassio,16.0,0.0,16.0
2025-11-29,R.K. Salai,6.0,3.0,9.0
2025-11-29,Sarath City-Hyderabad,44.0,8.0,52.0
2025-11-29,Select City,17.0,2.0,19.0
2025-11-29,Shakespearesarani,10.0,6.0,16.0
2025-11-29,Sindhu Bhavan Marg,4.0,10.0,14.0
2025-11-29,South Ex.,3.0,8.0,11.0
2025-11-29,Vegas Dwarka,12.0,0.0,12.0
2025-11-29,Viviana Mall,25.0,3.0,28.0
2025-11-30,Ambience Vasant Kunj,26.0,2.0,28.0
2025-11-30,Andheri,2.0,4.0,6.0
2025-11-30,Express Avenue,16.0,2.0,18.0
2025-11-30,Gurugram,4.0,13.0,17.0
2025-11-30,Indiranagar,25.0,7.0,32.0
2025-11-30,Inorbit mall Hyderabad,39.0,7.0,46.0
2025-11-30,Jaipur Store,9.0,6.0,15.0
2025-11-30,Jubilee Hills,8.0,16.0,24.0
2025-11-30,Juhu Store,18.0,4.0,22.0
2025-11-30,KNK Chennai,6.0,,6.0
2025-11-30,"Kalaghoda, Fort",43.0,12.0,55.0
2025-11-30,Kemps Corner,15.0,24.0,39.0
2025-11-30,Khan Market,15.0,6.0,21.0
2025-11-30,Koregaon Park,7.0,13.0,20.0
2025-11-30,Lavelle Road,2.0,1.0,3.0
2025-11-30,"Mall of India, Noida",33.0,8.0,41.0
2025-11-30,Oberoi Mall Store,28.0,12.0,40.0
2025-11-30,"Pali Hill, Bandra",30.0,33.0,63.0
2025-11-30,Phoenix Marketcity Kurla,43.0,11.0,54.0
2025-11-30,"Phoenix Marketcity, Whitefield",37.0,6.0,43.0
2025-11-30,Phoenix Palassio,13.0,5.0,18.0
2025-11-30,R.K. Salai,2.0,0.0,2.0
2025-11-30,Sarath City-Hyderabad,56.0,8.0,64.0
2025-11-30,Select City,12.0,5.0,17.0
2025-11-30,Shakespearesarani,6.0,18.0,24.0
2025-11-30,Sindhu Bhavan Marg,15.0,6.0,21.0
2025-11-30,South Ex.,4.0,10.0,14.0
2025-11-30,Vegas Dwarka,14.0,6.0,20.0
2025-11-30,Viviana Mall,29.0,3.0,32.0
2025-12-01,Ambience Vasant Kunj,7.0,4.0,11.0
2025-12-01,Andheri,1.0,2.0,3.0
2025-12-01,Express Avenue,15.0,3.0,18.0
2025-12-01,Gurugram,3.0,9.0,12.0
2025-12-01,Indiranagar,18.0,6.0,24.0
2025-12-01,Inorbit mall Hyderabad,13.0,3.0,16.0
2025-12-01,Jaipur Store,3.0,9.0,12.0
2025-12-01,Jubilee Hills,11.0,10.0,21.0
2025-12-01,Juhu Store,4.0,2.0,6.0
2025-12-01,"Kalaghoda, Fort",17.0,12.0,29.0
2025-12-01,Kemps Corner,10.0,4.0,14.0
2025-12-01,Khan Market,1.0,11.0,12.0
2025-12-01,Koregaon Park,2.0,6.0,8.0
2025-12-01,Lavelle Road,5.0,0.0,5.0
2025-12-01,"Mall of India, Noida",11.0,1.0,12.0
2025-12-01,Oberoi Mall Store,6.0,7.0,13.0
2025-12-01,"Pali Hill, Bandra",10.0,11.0,21.0
2025-12-01,Phoenix Marketcity Kurla,10.0,5.0,15.0
2025-12-01,"Phoenix Marketcity, Whitefield",8.0,7.0,15.0
2025-12-01,Phoenix Palassio,9.0,0.0,9.0
2025-12-01,R.K. Salai,0.0,0.0,0.0
2025-12-01,Sarath City-Hyderabad,21.0,5.0,26.0
2025-12-01,Select City,11.0,3.0,14.0
2025-12-01,Shakespearesarani,9.0,6.0,15.0
2025-12-01,Sindhu Bhavan Marg,6.0,4.0,10.0
2025-12-01,South Ex.,0.0,4.0,4.0
2025-12-01,Vegas Dwarka,5.0,2.0,7.0
2025-12-01,Viviana Mall,8.0,2.0,10.0
2025-12-02,Ambience Vasant Kunj,9.0,1.0,10.0
2025-12-02,Andheri,2.0,1.0,3.0
2025-12-02,Express Avenue,12.0,6.0,18.0
2025-12-02,Gurugram,3.0,4.0,7.0
2025-12-02,Indiranagar,8.0,3.0,11.0
2025-12-02,Inorbit mall Hyderabad,9.0,3.0,12.0
2025-12-02,Jaipur Store,3.0,7.0,10.0
2025-12-02,Jubilee Hills,8.0,10.0,18.0
2025-12-02,Juhu Store,2.0,1.0,3.0
2025-12-02,"Kalaghoda, Fort",13.0,9.0,22.0
2025-12-02,Kemps Corner,4.0,4.0,8.0
2025-12-02,Khan Market,10.0,5.0,15.0
2025-12-02,Koregaon Park,3.0,5.0,8.0
2025-12-02,Lavelle Road,2.0,3.0,5.0
2025-12-02,"Mall of India, Noida",13.0,3.0,16.0
2025-12-02,Oberoi Mall Store,6.0,4.0,10.0
2025-12-02,"Pali Hill, Bandra",19.0,10.0,29.0
2025-12-02,Phoenix Marketcity Kurla,21.0,4.0,25.0
2025-12-02,"Phoenix Marketcity, Whitefield",7.0,2.0,9.0
2025-12-02,Phoenix Palassio,8.0,2.0,10.0
2025-12-02,R.K. Salai,1.0,0.0,1.0
2025-12-02,Sarath City-Hyderabad,11.0,3.0,14.0
2025-12-02,Select City,5.0,1.0,6.0
2025-12-02,Shakespearesarani,10.0,4.0,14.0
2025-12-02,Sindhu Bhavan Marg,2.0,6.0,8.0
2025-12-02,South Ex.,1.0,6.0,7.0
2025-12-02,Vegas Dwarka,5.0,3.0,8.0
2025-12-02,Viviana Mall,9.0,,9.0
2025-12-03,Ambience Vasant Kunj,9.0,2.0,11.0
2025-12-03,Andheri,0.0,9.0,9.0
2025-12-03,Express Avenue,22.0,3.0,25.0
2025-12-03,Gurugram,3.0,4.0,7.0
2025-12-03,Indiranagar,8.0,4.0,12.0
2025-12-03,Inorbit mall Hyderabad,41.0,1.0,42.0
2025-12-03,Jaipur Store,6.0,4.0,10.0
2025-12-03,Jubilee Hills,7.0,8.0,15.0
2025-12-03,Juhu Store,6.0,3.0,9.0
2025-12-03,"Kalaghoda, Fort",6.0,6.0,12.0
2025-12-03,Kemps Corner,11.0,7.0,18.0
2025-12-03,Khan Market,7.0,8.0,15.0
2025-12-03,Koregaon Park,2.0,3.0,5.0
2025-12-03,Lavelle Road,2.0,3.0,5.0
2025-12-03,"Mall of India, Noida",9.0,1.0,10.0
2025-12-03,Oberoi Mall Store,3.0,2.0,5.0
2025-12-03,"Pali Hill, Bandra",2.0,6.0,8.0
2025-12-03,Phoenix Marketcity Kurla,12.0,3.0,15.0
2025-12-03,"Phoenix Marketcity, Whitefield",4.0,1.0,5.0
2025-12-03,Phoenix Palassio,10.0,1.0,11.0
2025-12-03,R.K. Salai,8.0,3.0,11.0
2025-12-03,Sarath City-Hyderabad,20.0,4.0,24.0
2025-12-03,Select City,8.0,0.0,8.0
2025-12-03,Shakespearesarani,3.0,4.0,7.0
2025-12-03,Sindhu Bhavan Marg,5.0,2.0,7.0
2025-12-03,South Ex.,1.0,1.0,2.0
2025-12-03,Vegas Dwarka,3.0,1.0,4.0
2025-12-03,Viviana Mall,13.0,2.0,15.0
2025-12-04,Ambience Vasant Kunj,11.0,2.0,13.0
2025-12-04,Andheri,2.0,4.0,6.0
2025-12-04,Express Avenue,18.0,0.0,18.0
2025-12-04,Gurugram,2.0,6.0,8.0
2025-12-04,Indiranagar,11.0,7.0,18.0
2025-12-04,Inorbit mall Hyderabad,37.0,1.0,38.0
2025-12-04,Jaipur Store,4.0,7.0,11.0
2025-12-04,Jubilee Hills,8.0,9.0,17.0
2025-12-04,Juhu Store,2.0,5.0,7.0
2025-12-04,"Kalaghoda, Fort",12.0,7.0,19.0
2025-12-04,Kemps Corner,6.0,7.0,13.0
2025-12-04,Khan Market,10.0,4.0,14.0
2025-12-04,Koregaon Park,11.0,4.0,15.0
2025-12-04,Lavelle Road,1.0,3.0,4.0
2025-12-04,"Mall of India, Noida",20.0,3.0,23.0
2025-12-04,Oberoi Mall Store,5.0,2.0,7.0
2025-12-04,"Pali Hill, Bandra",3.0,3.0,6.0
2025-12-04,Phoenix Marketcity Kurla,9.0,1.0,10.0
2025-12-04,"Phoenix Marketcity, Whitefield",14.0,4.0,18.0
2025-12-04,Phoenix Palassio,10.0,0.0,10.0
2025-12-04,R.K. Salai,1.0,1.0,2.0
2025-12-04,Sarath City-Hyderabad,15.0,6.0,21.0
2025-12-04,Select City,7.0,3.0,10.0
2025-12-04,Shakespearesarani,9.0,3.0,12.0
2025-12-04,Sindhu Bhavan Marg,4.0,3.0,7.0
2025-12-04,South Ex.,5.0,2.0,7.0
2025-12-04,Vegas Dwarka,6.0,0.0,6.0
2025-12-04,Viviana Mall,8.0,,8.0
2025-12-05,Ambience Vasant Kunj,10.0,1.0,11.0
2025-12-05,Andheri,0.0,4.0,4.0
2025-12-05,Express Avenue,7.0,2.0,9.0
2025-12-05,Gurugram,1.0,6.0,7.0
2025-12-05,Indiranagar,6.0,5.0,11.0
2025-12-05,Inorbit mall Hyderabad,34.0,2.0,36.0
2025-12-05,Jaipur Store,6.0,3.0,9.0
2025-12-05,Jubilee Hills,4.0,5.0,9.0
2025-12-05,Juhu Store,4.0,1.0,5.0
2025-12-05,"Kalaghoda, Fort",10.0,4.0,14.0
2025-12-05,Kemps Corner,6.0,12.0,18.0
2025-12-05,Khan Market,9.0,4.0,13.0
2025-12-05,Koregaon Park,4.0,4.0,8.0
2025-12-05,Lavelle Road,1.0,4.0,5.0
2025-12-05,"Mall of India, Noida",15.0,0.0,15.0
2025-12-05,Oberoi Mall Store,0.0,4.0,4.0
2025-12-05,"Pali Hill, Bandra",8.0,10.0,18.0
2025-12-05,Phoenix Marketcity Kurla,9.0,3.0,12.0
2025-12-05,"Phoenix Marketcity, Whitefield",17.0,2.0,19.0
2025-12-05,Phoenix Palassio,13.0,4.0,17.0
2025-12-05,R.K. Salai,0.0,1.0,1.0
2025-12-05,Sarath City-Hyderabad,19.0,5.0,24.0
2025-12-05,Select City,12.0,4.0,16.0
2025-12-05,Shakespearesarani,6.0,3.0,9.0
2025-12-05,Sindhu Bhavan Marg,4.0,3.0,7.0
2025-12-05,South Ex.,2.0,3.0,5.0
2025-12-05,Vegas Dwarka,4.0,3.0,7.0
2025-12-05,Viviana Mall,10.0,2.0,12.0
2025-12-06,Ambience Vasant Kunj,15.0,8.0,23.0
2025-12-06,Andheri,7.0,4.0,11.0
2025-12-06,Express Avenue,19.0,3.0,22.0
2025-12-06,Gurugram,4.0,8.0,12.0
2025-12-06,Indiranagar,23.0,11.0,34.0
2025-12-06,Inorbit mall Hyderabad,40.0,5.0,45.0
2025-12-06,Jaipur Store,7.0,1.0,8.0
2025-12-06,Jubilee Hills,12.0,8.0,20.0
2025-12-06,Juhu Store,5.0,1.0,6.0
2025-12-06,"Kalaghoda, Fort",20.0,3.0,23.0
2025-12-06,Kemps Corner,5.0,20.0,25.0
2025-12-06,Khan Market,12.0,9.0,21.0
2025-12-06,Koregaon Park,6.0,10.0,16.0
2025-12-06,Lavelle Road,2.0,4.0,6.0
2025-12-06,"Mall of India, Noida",17.0,1.0,18.0
2025-12-06,Oberoi Mall Store,10.0,6.0,16.0
2025-12-06,"Pali Hill, Bandra",15.0,13.0,28.0
2025-12-06,Phoenix Marketcity Kurla,43.0,7.0,50.0
2025-12-06,"Phoenix Marketcity, Whitefield",40.0,2.0,42.0
2025-12-06,Phoenix Palassio,7.0,1.0,8.0
2025-12-06,R.K. Salai,1.0,2.0,3.0
2025-12-06,Sarath City-Hyderabad,33.0,3.0,36.0
2025-12-06,Select City,11.0,4.0,15.0
2025-12-06,Shakespearesarani,8.0,9.0,17.0
2025-12-06,Sindhu Bhavan Marg,7.0,9.0,16.0
2025-12-06,South Ex.,4.0,7.0,11.0
2025-12-06,Vegas Dwarka,8.0,3.0,11.0
2025-12-06,Viviana Mall,25.0,3.0,28.0
2025-12-07,Ambience Vasant Kunj,21.0,3.0,24.0
2025-12-07,Andheri,4.0,12.0,16.0
2025-12-07,Express Avenue,22.0,0.0,22.0
2025-12-07,Gurugram,7.0,11.0,18.0
2025-12-07,Indiranagar,24.0,10.0,34.0
2025-12-07,Inorbit mall Hyderabad,57.0,3.0,60.0
2025-12-07,Jaipur Store,6.0,4.0,10.0
2025-12-07,Jubilee Hills,10.0,10.0,20.0
2025-12-07,Juhu Store,13.0,2.0,15.0
2025-12-07,"Kalaghoda, Fort",9.0,11.0,20.0
2025-12-07,Kemps Corner,14.0,19.0,33.0
2025-12-07,Khan Market,17.0,7.0,24.0
2025-12-07,Koregaon Park,10.0,8.0,18.0
2025-12-07,Lavelle Road,5.0,4.0,9.0
2025-12-07,"Mall of India, Noida",25.0,7.0,32.0
2025-12-07,Oberoi Mall Store,7.0,14.0,21.0
2025-12-07,"Pali Hill, Bandra",13.0,10.0,23.0
2025-12-07,Phoenix Marketcity Kurla,36.0,4.0,40.0
2025-12-07,"Phoenix Marketcity, Whitefield",42.0,6.0,48.0
2025-12-07,Phoenix Palassio,12.0,2.0,14.0
2025-12-07,R.K. Salai,1.0,7.0,8.0
2025-12-07,Sarath City-Hyderabad,49.0,7.0,56.0
2025-12-07,Select City,9.0,5.0,14.0
2025-12-07,Shakespearesarani,8.0,4.0,12.0
2025-12-07,Sindhu Bhavan Marg,10.0,6.0,16.0
2025-12-07,South Ex.,2.0,7.0,9.0
2025-12-07,Vegas Dwarka,7.0,1.0,8.0
2025-12-07,Viviana Mall,25.0,5.0,30.0
2025-12-08,Ambience Vasant Kunj,8.0,1.0,9.0
2025-12-08,Andheri,3.0,6.0,9.0
2025-12-08,Express Avenue,14.0,1.0,15.0
2025-12-08,Gurugram,0.0,5.0,5.0
2025-12-08,Indiranagar,8.0,5.0,13.0
2025-12-08,Inorbit mall Hyderabad,22.0,5.0,27.0
2025-12-08,Jaipur Store,2.0,2.0,4.0
2025-12-08,Jubilee Hills,6.0,10.0,16.0
2025-12-08,Juhu Store,3.0,1.0,4.0
2025-12-08,"Kalaghoda, Fort",6.0,9.0,15.0
2025-12-08,Kemps Corner,9.0,6.0,15.0
2025-12-08,Khan Market,12.0,2.0,14.0
2025-12-08,Koregaon Park,8.0,9.0,17.0
2025-12-08,Lavelle Road,3.0,2.0,5.0
2025-12-08,"Mall of India, Noida",16.0,0.0,16.0
2025-12-08,Oberoi Mall Store,6.0,2.0,8.0
2025-12-08,"Pali Hill, Bandra",5.0,9.0,14.0
2025-12-08,Phoenix Marketcity Kurla,19.0,3.0,22.0
2025-12-08,"Phoenix Marketcity, Whitefield",11.0,1.0,12.0
2025-12-08,Phoenix Palassio,9.0,8.0,17.0
2025-12-08,R.K. Salai,3.0,2.0,5.0
2025-12-08,Sarath City-Hyderabad,19.0,2.0,21.0
2025-12-08,Select City,8.0,1.0,9.0
2025-12-08,Shakespearesarani,6.0,1.0,7.0
2025-12-08,Sindhu Bhavan Marg,5.0,4.0,9.0
2025-12-08,South Ex.,3.0,3.0,6.0
2025-12-08,Vegas Dwarka,6.0,2.0,8.0
2025-12-08,Viviana Mall,8.0,2.0,10.0
2025-12-09,Ambience Vasant Kunj,5.0,7.0,12.0
2025-12-09,Andheri,2.0,8.0,10.0
2025-12-09,Express Avenue,15.0,12.0,27.0
2025-12-09,Gurugram,2.0,3.0,5.0
2025-12-09,Indiranagar,6.0,3.0,9.0
2025-12-09,Inorbit mall Hyderabad,39.0,1.0,40.0
2025-12-09,Jaipur Store,2.0,1.0,3.0
2025-12-09,Jubilee Hills,6.0,14.0,20.0
2025-12-09,Juhu Store,2.0,2.0,4.0
2025-12-09,"Kalaghoda, Fort",14.0,11.0,25.0
2025-12-09,Kemps Corner,2.0,7.0,9.0
2025-12-09,Khan Market,9.0,5.0,14.0
2025-12-09,Koregaon Park,3.0,6.0,9.0
2025-12-09,Lavelle Road,0.0,5.0,5.0
2025-12-09,"Mall of India, Noida",12.0,1.0,13.0
2025-12-09,Oberoi Mall Store,0.0,5.0,5.0
2025-12-09,"Pali Hill, Bandra",3.0,5.0,8.0
2025-12-09,Phoenix Marketcity Kurla,11.0,1.0,12.0
2025-12-09,"Phoenix Marketcity, Whitefield",11.0,4.0,15.0
2025-12-09,Phoenix Palassio,13.0,1.0,14.0
2025-12-09,R.K. Salai,9.0,1.0,10.0
2025-12-09,Sarath City-Hyderabad,13.0,5.0,18.0
2025-12-09,Select City,7.0,3.0,10.0
2025-12-09,Shakespearesarani,3.0,3.0,6.0
2025-12-09,Sindhu Bhavan Marg,3.0,4.0,7.0
2025-12-09,South Ex.,4.0,1.0,5.0
2025-12-09,Vegas Dwarka,4.0,1.0,5.0
2025-12-09,Viviana Mall,9.0,1.0,10.0
2025-12-10,Ambience Vasant Kunj,9.0,0.0,9.0
2025-12-10,Andheri,1.0,3.0,4.0
2025-12-10,Express Avenue,15.0,1.0,16.0
2025-12-10,Gurugram,2.0,6.0,8.0
2025-12-10,Indiranagar,9.0,4.0,13.0
2025-12-10,Inorbit mall Hyderabad,21.0,3.0,24.0
2025-12-10,Jaipur Store,3.0,1.0,4.0
2025-12-10,Jubilee Hills,5.0,8.0,13.0
2025-12-10,Juhu Store,3.0,2.0,5.0
2025-12-10,"Kalaghoda, Fort",10.0,5.0,15.0
2025-12-10,Kemps Corner,4.0,10.0,14.0
2025-12-10,Khan Market,7.0,5.0,12.0
2025-12-10,Koregaon Park,1.0,4.0,5.0
2025-12-10,Lavelle Road,1.0,3.0,4.0
2025-12-10,"Mall of India, Noida",10.0,1.0,11.0
2025-12-10,Oberoi Mall Store,4.0,6.0,10.0
2025-12-10,"Pali Hill, Bandra",3.0,6.0,9.0
2025-12-10,Phoenix Marketcity Kurla,14.0,0.0,14.0
2025-12-10,"Phoenix Marketcity, Whitefield",8.0,4.0,12.0
2025-12-10,Phoenix Palassio,7.0,3.0,10.0
2025-12-10,R.K. Salai,4.0,5.0,9.0
2025-12-10,Sarath City-Hyderabad,16.0,3.0,19.0
2025-12-10,Select City,10.0,0.0,10.0
2025-12-10,Shakespearesarani,8.0,5.0,13.0
2025-12-10,Sindhu Bhavan Marg,2.0,2.0,4.0
2025-12-10,South Ex.,3.0,0.0,3.0
2025-12-10,Vegas Dwarka,6.0,1.0,7.0
2025-12-10,Viviana Mall,8.0,0.0,8.0
2025-12-11,Ambience Vasant Kunj,10.0,1.0,11.0
2025-12-11,Andheri,0.0,3.0,3.0
2025-12-11,Express Avenue,19.0,2.0,21.0
2025-12-11,Gurugram,5.0,8.0,13.0
2025-12-11,Indiranagar,10.0,6.0,16.0
2025-12-11,Inorbit mall Hyderabad,22.0,4.0,26.0
2025-12-11,Jaipur Store,5.0,2.0,7.0
2025-12-11,Jubilee Hills,11.0,10.0,21.0
2025-12-11,Juhu Store,8.0,4.0,12.0
2025-12-11,"Kalaghoda, Fort",10.0,10.0,20.0
2025-12-11,Kemps Corner,4.0,9.0,13.0
2025-12-11,Khan Market,12.0,3.0,15.0
2025-12-11,Koregaon Park,6.0,5.0,11.0
2025-12-11,Lavelle Road,2.0,3.0,5.0
2025-12-11,"Mall of India, Noida",9.0,2.0,11.0
2025-12-11,Oberoi Mall Store,6.0,3.0,9.0
2025-12-11,"Pali Hill, Bandra",3.0,9.0,12.0
2025-12-11,Phoenix Marketcity Kurla,12.0,1.0,13.0
2025-12-11,"Phoenix Marketcity, Whitefield",14.0,0.0,14.0
2025-12-11,Phoenix Palassio,8.0,6.0,14.0
2025-12-11,R.K. Salai,2.0,1.0,3.0
2025-12-11,Sarath City-Hyderabad,18.0,3.0,21.0
2025-12-11,Select City,7.0,1.0,8.0
2025-12-11,Shakespearesarani,8.0,2.0,10.0
2025-12-11,Sindhu Bhavan Marg,4.0,4.0,8.0
2025-12-11,South Ex.,1.0,1.0,2.0
2025-12-11,Vegas Dwarka,4.0,1.0,5.0
2025-12-11,Viviana Mall,7.0,,7.0
2025-12-12,Ambience Vasant Kunj,9.0,2.0,11.0
2025-12-12,Andheri,3.0,7.0,10.0
2025-12-12,Express Avenue,26.0,2.0,28.0
2025-12-12,Gurugram,3.0,2.0,5.0
2025-12-12,Indiranagar,12.0,3.0,15.0
2025-12-12,Inorbit mall Hyderabad,25.0,3.0,28.0
2025-12-12,Jaipur Store,4.0,5.0,9.0
2025-12-12,Jubilee Hills,3.0,14.0,17.0
2025-12-12,Juhu Store,12.0,4.0,16.0
2025-12-12,"Kalaghoda, Fort",12.0,8.0,20.0
2025-12-12,Kemps Corner,3.0,9.0,12.0
2025-12-12,Khan Market,13.0,3.0,16.0
2025-12-12,Koregaon Park,5.0,6.0,11.0
2025-12-12,LakeShore Mall,4.0,1.0,5.0
2025-12-12,Lavelle Road,2.0,2.0,4.0
2025-12-12,"Mall of India, Noida",14.0,2.0,16.0
2025-12-12,Oberoi Mall Store,6.0,2.0,8.0
2025-12-12,"Pali Hill, Bandra",3.0,5.0,8.0
2025-12-12,Phoenix Marketcity Kurla,12.0,,12.0
2025-12-12,"Phoenix Marketcity, Whitefield",11.0,5.0,16.0
2025-12-12,Phoenix Palassio,8.0,0.0,8.0
2025-12-12,R.K. Salai,2.0,1.0,3.0
2025-12-12,Sarath City-Hyderabad,12.0,1.0,13.0
2025-12-12,Select City,7.0,5.0,12.0
2025-12-12,Shakespearesarani,3.0,4.0,7.0
2025-12-12,Sindhu Bhavan Marg,2.0,4.0,6.0
2025-12-12,South Ex.,1.0,1.0,2.0
2025-12-12,Vegas Dwarka,6.0,1.0,7.0
2025-12-12,Viviana Mall,8.0,2.0,10.0
2025-12-13,Ambience Vasant Kunj,24.0,4.0,28.0
2025-12-13,Andheri,0.0,5.0,5.0
2025-12-13,Express Avenue,14.0,1.0,15.0
2025-12-13,Gurugram,4.0,17.0,21.0
2025-12-13,Indiranagar,20.0,7.0,27.0
2025-12-13,Inorbit mall Hyderabad,64.0,3.0,67.0
2025-12-13,Jaipur Store,5.0,3.0,8.0
2025-12-13,Jubilee Hills,3.0,10.0,13.0
2025-12-13,Juhu Store,13.0,5.0,18.0
2025-12-13,"Kalaghoda, Fort",13.0,14.0,27.0
2025-12-13,Kemps Corner,6.0,16.0,22.0
2025-12-13,Khan Market,12.0,5.0,17.0
2025-12-13,Koregaon Park,3.0,5.0,8.0
2025-12-13,LakeShore Mall,11.0,0.0,11.0
2025-12-13,Lavelle Road,4.0,5.0,9.0
2025-12-13,"Mall of India, Noida",12.0,3.0,15.0
2025-12-13,Oberoi Mall Store,7.0,11.0,18.0
2025-12-13,"Pali Hill, Bandra",23.0,12.0,35.0
2025-12-13,Phoenix Marketcity Kurla,48.0,2.0,50.0
2025-12-13,"Phoenix Marketcity, Whitefield",42.0,1.0,43.0
2025-12-13,Phoenix Palassio,15.0,8.0,23.0
2025-12-13,R.K. Salai,4.0,2.0,6.0
2025-12-13,Sarath City-Hyderabad,17.0,8.0,25.0
2025-12-13,Select City,11.0,1.0,12.0
2025-12-13,Shakespearesarani,7.0,4.0,11.0
2025-12-13,Sindhu Bhavan Marg,6.0,5.0,11.0
2025-12-13,South Ex.,6.0,2.0,8.0
2025-12-13,Vegas Dwarka,8.0,1.0,9.0
2025-12-13,Viviana Mall,24.0,4.0,28.0
2025-12-14,Ambience Vasant Kunj,16.0,6.0,22.0
2025-12-14,Andheri,4.0,7.0,11.0
2025-12-14,Express Avenue,5.0,23.0,28.0
2025-12-14,Gurugram,5.0,13.0,18.0
2025-12-14,Indiranagar,25.0,11.0,36.0
2025-12-14,Inorbit mall Hyderabad,61.0,5.0,66.0
2025-12-14,Jaipur Store,7.0,4.0,11.0
2025-12-14,Jubilee Hills,14.0,17.0,31.0
2025-12-14,Juhu Store,5.0,3.0,8.0
2025-12-14,"Kalaghoda, Fort",9.0,8.0,17.0
2025-12-14,Kemps Corner,11.0,24.0,35.0
2025-12-14,Khan Market,10.0,8.0,18.0
2025-12-14,Koregaon Park,4.0,10.0,14.0
2025-12-14,LakeShore Mall,38.0,2.0,40.0
2025-12-14,Lavelle Road,2.0,7.0,9.0
2025-12-14,"Mall of India, Noida",20.0,3.0,23.0
2025-12-14,Oberoi Mall Store,15.0,12.0,27.0
2025-12-14,"Pali Hill, Bandra",30.0,18.0,48.0
2025-12-14,Phoenix Marketcity Kurla,45.0,10.0,55.0
2025-12-14,"Phoenix Marketcity, Whitefield",91.0,3.0,94.0
2025-12-14,Phoenix Palassio,18.0,2.0,20.0
2025-12-14,R.K. Salai,15.0,7.0,22.0
2025-12-14,Sarath City-Hyderabad,41.0,6.0,47.0
2025-12-14,Select City,21.0,4.0,25.0
2025-12-14,Shakespearesarani,7.0,3.0,10.0
2025-12-14,Sindhu Bhavan Marg,5.0,1.0,6.0
2025-12-14,South Ex.,9.0,7.0,16.0
2025-12-14,Vegas Dwarka,10.0,1.0,11.0
2025-12-14,Viviana Mall,13.0,2.0,15.0
2025-12-15,Ambience Vasant Kunj,9.0,0.0,9.0
2025-12-15,Andheri,2.0,2.0,4.0
2025-12-15,Express Avenue,13.0,5.0,18.0
2025-12-15,Gurugram,1.0,6.0,7.0
2025-12-15,Indiranagar,7.0,1.0,8.0
2025-12-15,Inorbit mall Hyderabad,41.0,1.0,42.0
2025-12-15,Jaipur Store,5.0,1.0,6.0
2025-12-15,Jubilee Hills,5.0,3.0,8.0
2025-12-15,Juhu Store,3.0,4.0,7.0
2025-12-15,"Kalaghoda, Fort",9.0,7.0,16.0
2025-12-15,Kemps Corner,5.0,6.0,11.0
2025-12-15,Khan Market,10.0,4.0,14.0
2025-12-15,Koregaon Park,2.0,1.0,3.0
2025-12-15,LakeShore Mall,17.0,0.0,17.0
2025-12-15,Lavelle Road,3.0,4.0,7.0
2025-12-15,"Mall of India, Noida",17.0,3.0,20.0
2025-12-15,Oberoi Mall Store,6.0,3.0,9.0
2025-12-15,"Pali Hill, Bandra",21.0,10.0,31.0
2025-12-15,Phoenix Marketcity Kurla,14.0,4.0,18.0
2025-12-15,"Phoenix Marketcity, Whitefield",0.0,3.0,3.0
2025-12-15,Phoenix Palassio,16.0,0.0,16.0
2025-12-15,R.K. Salai,4.0,2.0,6.0
2025-12-15,Sarath City-Hyderabad,6.0,9.0,15.0
2025-12-15,Select City,8.0,1.0,9.0
2025-12-15,Shakespearesarani,6.0,4.0,10.0
2025-12-15,Sindhu Bhavan Marg,3.0,4.0,7.0
2025-12-15,South Ex.,3.0,2.0,5.0
2025-12-15,Vegas Dwarka,4.0,2.0,6.0
2025-12-15,Viviana Mall,6.0,5.0,11.0
2025-12-16,Ambience Vasant Kunj,10.0,,10.0
2025-12-16,Andheri,2.0,4.0,6.0
2025-12-16,Express Avenue,18.0,2.0,20.0
2025-12-16,Gurugram,5.0,4.0,9.0
2025-12-16,Indiranagar,12.0,4.0,16.0
2025-12-16,Inorbit mall Hyderabad,33.0,2.0,35.0
2025-12-16,Jaipur Store,3.0,3.0,6.0
2025-12-16,Jubilee Hills,10.0,3.0,13.0
2025-12-16,Juhu Store,5.0,3.0,8.0
2025-12-16,"Kalaghoda, Fort",16.0,8.0,24.0
2025-12-16,Kemps Corner,4.0,3.0,7.0
2025-12-16,Khan Market,11.0,5.0,16.0
2025-12-16,Koregaon Park,3.0,3.0,6.0
2025-12-16,LakeShore Mall,14.0,0.0,14.0
2025-12-16,Lavelle Road,2.0,4.0,6.0
2025-12-16,"Mall of India, Noida",18.0,4.0,22.0
2025-12-16,Oberoi Mall Store,7.0,2.0,9.0
2025-12-16,"Pali Hill, Bandra",2.0,10.0,12.0
2025-12-16,Phoenix Marketcity Kurla,21.0,4.0,25.0
2025-12-16,"Phoenix Marketcity, Whitefield",16.0,0.0,16.0
2025-12-16,Phoenix Palassio,9.0,3.0,12.0
2025-12-16,R.K. Salai,5.0,8.0,13.0
2025-12-16,Sarath City-Hyderabad,16.0,2.0,18.0
2025-12-16,Select City,9.0,,9.0
2025-12-16,Shakespearesarani,4.0,8.0,12.0
2025-12-16,Sindhu Bhavan Marg,7.0,10.0,17.0
2025-12-16,South Ex.,3.0,3.0,6.0
2025-12-16,Vegas Dwarka,3.0,1.0,4.0
2025-12-16,Viviana Mall,6.0,2.0,8.0
2025-12-17,Ambience Vasant Kunj,8.0,3.0,11.0
2025-12-17,Andheri,2.0,4.0,6.0
2025-12-17,Express Avenue,13.0,4.0,17.0
2025-12-17,Gurugram,4.0,4.0,8.0
2025-12-17,Indiranagar,13.0,1.0,14.0
2025-12-17,Inorbit mall Hyderabad,26.0,4.0,30.0
2025-12-17,Jaipur Store,2.0,4.0,6.0
2025-12-17,Jubilee Hills,9.0,6.0,15.0
2025-12-17,Juhu Store,5.0,5.0,10.0
2025-12-17,"Kalaghoda, Fort",8.0,6.0,14.0
2025-12-17,Kemps Corner,5.0,10.0,15.0
2025-12-17,Khan Market,10.0,2.0,12.0
2025-12-17,Koregaon Park,7.0,3.0,10.0
2025-12-17,LakeShore Mall,14.0,0.0,14.0
2025-12-17,Lavelle Road,4.0,1.0,5.0
2025-12-17,"Mall of India, Noida",7.0,1.0,8.0
2025-12-17,Oberoi Mall Store,4.0,1.0,5.0
2025-12-17,"Pali Hill, Bandra",10.0,10.0,20.0
2025-12-17,Phoenix Marketcity Kurla,8.0,2.0,10.0
2025-12-17,"Phoenix Marketcity, Whitefield",14.0,5.0,19.0
2025-12-17,Phoenix Palassio,13.0,3.0,16.0
2025-12-17,R.K. Salai,4.0,4.0,8.0
2025-12-17,Sarath City-Hyderabad,12.0,2.0,14.0
2025-12-17,Select City,10.0,1.0,11.0
2025-12-17,Shakespearesarani,4.0,3.0,7.0
2025-12-17,Sindhu Bhavan Marg,4.0,5.0,9.0
2025-12-17,South Ex.,3.0,1.0,4.0
2025-12-17,Vegas Dwarka,4.0,3.0,7.0
2025-12-17,Viviana Mall,6.0,0.0,6.0
2025-12-18,Ambience Vasant Kunj,3.0,4.0,7.0
2025-12-18,Andheri,1.0,4.0,5.0
2025-12-18,Express Avenue,15.0,2.0,17.0
2025-12-18,Gurugram,3.0,6.0,9.0
2025-12-18,Indiranagar,11.0,5.0,16.0
2025-12-18,Inorbit mall Hyderabad,38.0,2.0,40.0
2025-12-18,Jaipur Store,5.0,2.0,7.0
2025-12-18,Jubilee Hills,18.0,10.0,28.0
2025-12-18,Juhu Store,3.0,3.0,6.0
2025-12-18,"Kalaghoda, Fort",19.0,11.0,30.0
2025-12-18,Kemps Corner,8.0,16.0,24.0
2025-12-18,Khan Market,13.0,2.0,15.0
2025-12-18,Koregaon Park,7.0,2.0,9.0
2025-12-18,LakeShore Mall,25.0,1.0,26.0
2025-12-18,Lavelle Road,2.0,6.0,8.0
2025-12-18,"Mall of India, Noida",11.0,5.0,16.0
2025-12-18,Oberoi Mall Store,4.0,1.0,5.0
2025-12-18,"Pali Hill, Bandra",3.0,13.0,16.0
2025-12-18,Phoenix Marketcity Kurla,10.0,2.0,12.0
2025-12-18,"Phoenix Marketcity, Whitefield",16.0,0.0,16.0
2025-12-18,Phoenix Palassio,8.0,0.0,8.0
2025-12-18,R.K. Salai,2.0,7.0,9.0
2025-12-18,Sarath City-Hyderabad,17.0,3.0,20.0
2025-12-18,Select City,8.0,2.0,10.0
2025-12-18,Shakespearesarani,6.0,1.0,7.0
2025-12-18,Sindhu Bhavan Marg,3.0,6.0,9.0
2025-12-18,South Ex.,3.0,3.0,6.0
2025-12-18,Vegas Dwarka,5.0,0.0,5.0
2025-12-18,Viviana Mall,6.0,1.0,7.0
2025-12-19,Ambience Vasant Kunj,14.0,0.0,14.0
2025-12-19,Andheri,2.0,5.0,7.0
2025-12-19,Express Avenue,20.0,1.0,21.0
2025-12-19,Gurugram,2.0,7.0,9.0
2025-12-19,Indiranagar,7.0,3.0,10.0
2025-12-19,Inorbit mall Hyderabad,42.0,4.0,46.0
2025-12-19,Jaipur Store,4.0,4.0,8.0
2025-12-19,Jubilee Hills,6.0,9.0,15.0
2025-12-19,Juhu Store,9.0,1.0,10.0
2025-12-19,"Kalaghoda, Fort",12.0,10.0,22.0
2025-12-19,Kemps Corner,7.0,7.0,14.0
2025-12-19,Khan Market,12.0,3.0,15.0
2025-12-19,Koregaon Park,4.0,6.0,10.0
2025-12-19,LakeShore Mall,15.0,1.0,16.0
2025-12-19,Lavelle Road,3.0,2.0,5.0
2025-12-19,"Mall of India, Noida",9.0,1.0,10.0
2025-12-19,Oberoi Mall Store,4.0,3.0,7.0
2025-12-19,"Pali Hill, Bandra",10.0,1.0,11.0
2025-12-19,Phoenix Marketcity Kurla,7.0,1.0,8.0
2025-12-19,"Phoenix Marketcity, Whitefield",19.0,2.0,21.0
2025-12-19,Phoenix Palassio,8.0,1.0,9.0
2025-12-19,R.K. Salai,3.0,3.0,6.0
2025-12-19,Sarath City-Hyderabad,18.0,3.0,21.0
2025-12-19,Select City,10.0,3.0,13.0
2025-12-19,Shakespearesarani,6.0,3.0,9.0
2025-12-19,Sindhu Bhavan Marg,12.0,4.0,16.0
2025-12-19,South Ex.,2.0,4.0,6.0
2025-12-19,Vegas Dwarka,5.0,1.0,6.0
2025-12-19,Viviana Mall,5.0,1.0,6.0
2025-12-20,Ambience Vasant Kunj,22.0,0.0,22.0
2025-12-20,Andheri,6.0,7.0,13.0
2025-12-20,Express Avenue,9.0,2.0,11.0
2025-12-20,Gurugram,5.0,6.0,11.0
2025-12-20,Indiranagar,24.0,3.0,27.0
2025-12-20,Inorbit mall Hyderabad,55.0,3.0,58.0
2025-12-20,Jaipur Store,6.0,1.0,7.0
2025-12-20,Jubilee Hills,5.0,8.0,13.0
2025-12-20,Juhu Store,10.0,3.0,13.0
2025-12-20,"Kalaghoda, Fort",26.0,14.0,40.0
2025-12-20,Kemps Corner,8.0,13.0,21.0
2025-12-20,Khan Market,12.0,10.0,22.0
2025-12-20,Koregaon Park,4.0,7.0,11.0
2025-12-20,LakeShore Mall,62.0,0.0,62.0
2025-12-20,Lavelle Road,9.0,3.0,12.0
2025-12-20,"Mall of India, Noida",24.0,4.0,28.0
2025-12-20,Oberoi Mall Store,7.0,9.0,16.0
2025-12-20,"Pali Hill, Bandra",13.0,10.0,23.0
2025-12-20,Phoenix Marketcity Kurla,39.0,1.0,40.0
2025-12-20,"Phoenix Marketcity, Whitefield",44.0,6.0,50.0
2025-12-20,Phoenix Palassio,17.0,0.0,17.0
2025-12-20,R.K. Salai,7.0,3.0,10.0
2025-12-20,Sarath City-Hyderabad,22.0,2.0,24.0
2025-12-20,Select City,11.0,3.0,14.0
2025-12-20,Shakespearesarani,6.0,3.0,9.0
2025-12-20,Sindhu Bhavan Marg,4.0,8.0,12.0
2025-12-20,South Ex.,6.0,1.0,7.0
2025-12-20,Vegas Dwarka,6.0,1.0,7.0
2025-12-20,Viviana Mall,20.0,2.0,22.0
2025-12-21,Ambience Vasant Kunj,18.0,6.0,24.0
2025-12-21,Andheri,2.0,9.0,11.0
2025-12-21,Express Avenue,25.0,2.0,27.0
2025-12-21,Gurugram,6.0,8.0,14.0
2025-12-21,Indiranagar,38.0,14.0,52.0
2025-12-21,Inorbit mall Hyderabad,60.0,5.0,65.0
2025-12-21,Jaipur Store,7.0,6.0,13.0
2025-12-21,Jubilee Hills,10.0,16.0,26.0
2025-12-21,Juhu Store,9.0,6.0,15.0
2025-12-21,"Kalaghoda, Fort",16.0,13.0,29.0
2025-12-21,Kemps Corner,3.0,12.0,15.0
2025-12-21,Khan Market,18.0,6.0,24.0
2025-12-21,Koregaon Park,3.0,13.0,16.0
2025-12-21,LakeShore Mall,73.0,0.0,73.0
2025-12-21,Lavelle Road,2.0,3.0,5.0
2025-12-21,"Mall of India, Noida",22.0,4.0,26.0
2025-12-21,Oberoi Mall Store,12.0,3.0,15.0
2025-12-21,"Pali Hill, Bandra",15.0,14.0,29.0
2025-12-21,Phoenix Marketcity Kurla,45.0,7.0,52.0
2025-12-21,"Phoenix Marketcity, Whitefield",47.0,5.0,52.0
2025-12-21,Phoenix Palassio,18.0,1.0,19.0
2025-12-21,R.K. Salai,5.0,3.0,8.0
2025-12-21,Sarath City-Hyderabad,33.0,5.0,38.0
2025-12-21,Select City,19.0,4.0,23.0
2025-12-21,Shakespearesarani,12.0,5.0,17.0
2025-12-21,Sindhu Bhavan Marg,8.0,9.0,17.0
2025-12-21,South Ex.,1.0,6.0,7.0
2025-12-21,Vegas Dwarka,14.0,1.0,15.0
2025-12-21,Viviana Mall,30.0,2.0,32.0
2025-12-22,Ambience Vasant Kunj,9.0,1.0,10.0
2025-12-22,Andheri,4.0,7.0,11.0
2025-12-22,Express Avenue,11.0,3.0,14.0
2025-12-22,Gurugram,6.0,8.0,14.0
2025-12-22,Indiranagar,8.0,3.0,11.0
2025-12-22,Inorbit mall Hyderabad,53.0,4.0,57.0
2025-12-22,Jaipur Store,4.0,4.0,8.0
2025-12-22,Jubilee Hills,6.0,8.0,14.0
2025-12-22,Juhu Store,5.0,5.0,10.0
2025-12-22,"Kalaghoda, Fort",16.0,9.0,25.0
2025-12-22,Kemps Corner,8.0,8.0,16.0
2025-12-22,Khan Market,15.0,6.0,21.0
2025-12-22,Koregaon Park,4.0,1.0,5.0
2025-12-22,LakeShore Mall,13.0,2.0,15.0
2025-12-22,Lavelle Road,1.0,3.0,4.0
2025-12-22,"Mall of India, Noida",14.0,1.0,15.0
2025-12-22,Oberoi Mall Store,5.0,1.0,6.0
2025-12-22,"Pali Hill, Bandra",11.0,8.0,19.0
2025-12-22,Phoenix Marketcity Kurla,8.0,1.0,9.0
2025-12-22,"Phoenix Marketcity, Whitefield",20.0,1.0,21.0
2025-12-22,Phoenix Palassio,12.0,1.0,13.0
2025-12-22,R.K. Salai,4.0,3.0,7.0
2025-12-22,Sarath City-Hyderabad,38.0,0.0,38.0
2025-12-22,Select City,5.0,4.0,9.0
2025-12-22,Shakespearesarani,7.0,4.0,11.0
2025-12-22,Sindhu Bhavan Marg,4.0,2.0,6.0
2025-12-22,South Ex.,1.0,5.0,6.0
2025-12-22,Vegas Dwarka,7.0,2.0,9.0
2025-12-22,Viviana Mall,20.0,2.0,22.0
2025-12-23,Ambience Vasant Kunj,9.0,3.0,12.0
2025-12-23,Andheri,3.0,5.0,8.0
2025-12-23,Express Avenue,5.0,15.0,20.0
2025-12-23,Gurugram,1.0,9.0,10.0
2025-12-23,Indiranagar,12.0,4.0,16.0
2025-12-23,Inorbit mall Hyderabad,35.0,4.0,39.0
2025-12-23,Jaipur Store,3.0,2.0,5.0
2025-12-23,Jubilee Hills,3.0,11.0,14.0
2025-12-23,Juhu Store,3.0,2.0,5.0
2025-12-23,"Kalaghoda, Fort",12.0,7.0,19.0
2025-12-23,Kemps Corner,5.0,15.0,20.0
2025-12-23,Khan Market,8.0,4.0,12.0
2025-12-23,Koregaon Park,4.0,2.0,6.0
2025-12-23,LakeShore Mall,13.0,1.0,14.0
2025-12-23,Lavelle Road,4.0,5.0,9.0
2025-12-23,"Mall of India, Noida",16.0,5.0,21.0
2025-12-23,Oberoi Mall Store,7.0,1.0,8.0
2025-12-23,"Pali Hill, Bandra",12.0,5.0,17.0
2025-12-23,Phoenix Marketcity Kurla,6.0,2.0,8.0
2025-12-23,"Phoenix Marketcity, Whitefield",21.0,5.0,26.0
2025-12-23,Phoenix Palassio,11.0,1.0,12.0
2025-12-23,R.K. Salai,4.0,2.0,6.0
2025-12-23,Sarath City-Hyderabad,25.0,3.0,28.0
2025-12-23,Select City,6.0,1.0,7.0
2025-12-23,Shakespearesarani,7.0,3.0,10.0
2025-12-23,Sindhu Bhavan Marg,4.0,4.0,8.0
2025-12-23,South Ex.,1.0,2.0,3.0
2025-12-23,Vegas Dwarka,10.0,1.0,11.0
2025-12-23,Viviana Mall,11.0,4.0,15.0
2025-12-24,Ambience Vasant Kunj,9.0,3.0,12.0
2025-12-24,Andheri,1.0,3.0,4.0
2025-12-24,Express Avenue,10.0,1.0,11.0
2025-12-24,Gurugram,3.0,6.0,9.0
2025-12-24,Indiranagar,14.0,6.0,20.0
2025-12-24,Inorbit mall Hyderabad,51.0,8.0,59.0
2025-12-24,Jaipur Store,8.0,4.0,12.0
2025-12-24,Jubilee Hills,9.0,8.0,17.0
2025-12-24,Juhu Store,9.0,6.0,15.0
2025-12-24,"Kalaghoda, Fort",16.0,10.0,26.0
2025-12-24,Kemps Corner,11.0,9.0,20.0
2025-12-24,Khan Market,10.0,2.0,12.0
2025-12-24,Koregaon Park,1.0,4.0,5.0
2025-12-24,LakeShore Mall,21.0,3.0,24.0
2025-12-24,Lavelle Road,1.0,4.0,5.0
2025-12-24,"Mall of India, Noida",19.0,0.0,19.0
2025-12-24,Oberoi Mall Store,5.0,3.0,8.0
2025-12-24,"Pali Hill, Bandra",9.0,11.0,20.0
2025-12-24,Phoenix Marketcity Kurla,10.0,2.0,12.0
2025-12-24,"Phoenix Marketcity, Whitefield",20.0,1.0,21.0
2025-12-24,Phoenix Palassio,13.0,2.0,15.0
2025-12-24,R.K. Salai,0.0,1.0,1.0
2025-12-24,Sarath City-Hyderabad,20.0,6.0,26.0
2025-12-24,Select City,7.0,2.0,9.0
2025-12-24,Shakespearesarani,3.0,1.0,4.0
2025-12-24,Sindhu Bhavan Marg,4.0,5.0,9.0
2025-12-24,South Ex.,4.0,1.0,5.0
2025-12-24,Vegas Dwarka,3.0,2.0,5.0
2025-12-24,Viviana Mall,10.0,3.0,13.0
2025-12-25,Ambience Vasant Kunj,17.0,2.0,19.0
2025-12-25,Andheri,2.0,3.0,5.0
2025-12-25,Express Avenue,14.0,4.0,18.0
2025-12-25,Gurugram,1.0,4.0,5.0
2025-12-25,Indiranagar,21.0,8.0,29.0
2025-12-25,Inorbit mall Hyderabad,35.0,3.0,38.0
2025-12-25,Jaipur Store,7.0,4.0,11.0
2025-12-25,Jubilee Hills,17.0,14.0,31.0
2025-12-25,Juhu Store,6.0,5.0,11.0
2025-12-25,"Kalaghoda, Fort",19.0,7.0,26.0
2025-12-25,Kemps Corner,6.0,14.0,20.0
2025-12-25,Khan Market,17.0,4.0,21.0
2025-12-25,Koregaon Park,9.0,5.0,14.0
2025-12-25,LakeShore Mall,43.0,0.0,43.0
2025-12-25,Lavelle Road,3.0,5.0,8.0
2025-12-25,"Mall of India, Noida",24.0,5.0,29.0
2025-12-25,Oberoi Mall Store,9.0,11.0,20.0
2025-12-25,"Pali Hill, Bandra",20.0,10.0,30.0
2025-12-25,Phoenix Marketcity Kurla,27.0,3.0,30.0
2025-12-25,"Phoenix Marketcity, Whitefield",35.0,3.0,38.0
2025-12-25,Phoenix Palassio,14.0,1.0,15.0
2025-12-25,R.K. Salai,1.0,2.0,3.0
2025-12-25,Sarath City-Hyderabad,33.0,9.0,42.0
2025-12-25,Select City,4.0,2.0,6.0
2025-12-25,Shakespearesarani,7.0,4.0,11.0
2025-12-25,Sindhu Bhavan Marg,5.0,6.0,11.0
2025-12-25,South Ex.,4.0,0.0,4.0
2025-12-25,Vegas Dwarka,4.0,2.0,6.0
2025-12-25,Viviana Mall,30.0,,30.0
2025-12-26,Ambience Vasant Kunj,8.0,0.0,8.0
2025-12-26,Andheri,,5.0,5.0
2025-12-26,Express Avenue,17.0,2.0,19.0
2025-12-26,Gurugram,3.0,4.0,7.0
2025-12-26,Indiranagar,10.0,4.0,14.0
2025-12-26,Inorbit mall Hyderabad,25.0,1.0,26.0
2025-12-26,Jaipur Store,3.0,5.0,8.0
2025-12-26,Jubilee Hills,7.0,8.0,15.0
2025-12-26,Juhu Store,9.0,3.0,12.0
2025-12-26,"Kalaghoda, Fort",21.0,11.0,32.0
2025-12-26,Kemps Corner,12.0,12.0,24.0
2025-12-26,Khan Market,10.0,2.0,12.0
2025-12-26,Koregaon Park,9.0,2.0,11.0
2025-12-26,LakeShore Mall,40.0,2.0,42.0
2025-12-26,Lavelle Road,4.0,4.0,8.0
2025-12-26,"Mall of India, Noida",12.0,4.0,16.0
2025-12-26,Oberoi Mall Store,19.0,6.0,25.0
2025-12-26,"Pali Hill, Bandra",12.0,9.0,21.0
2025-12-26,Phoenix Marketcity Kurla,29.0,3.0,32.0
2025-12-26,"Phoenix Marketcity, Whitefield",25.0,2.0,27.0
2025-12-26,Phoenix Palassio,11.0,1.0,12.0
2025-12-26,R.K. Salai,1.0,0.0,1.0
2025-12-26,Sarath City-Hyderabad,51.0,4.0,55.0
2025-12-26,Select City,6.0,1.0,7.0
2025-12-26,Shakespearesarani,10.0,5.0,15.0
2025-12-26,Sindhu Bhavan Marg,5.0,0.0,5.0
2025-12-26,South Ex.,5.0,3.0,8.0
2025-12-26,Vegas Dwarka,8.0,3.0,11.0
2025-12-26,Viviana Mall,19.0,3.0,22.0
2025-12-27,Ambience Vasant Kunj,19.0,3.0,22.0
2025-12-27,Andheri,2.0,6.0,8.0
2025-12-27,Express Avenue,13.0,7.0,20.0
2025-12-27,Gurugram,1.0,5.0,6.0
2025-12-27,Indiranagar,10.0,4.0,14.0
2025-12-27,Inorbit mall Hyderabad,34.0,3.0,37.0
2025-12-27,Jaipur Store,6.0,5.0,11.0
2025-12-27,Jubilee Hills,16.0,13.0,29.0
2025-12-27,Juhu Store,7.0,6.0,13.0
2025-12-27,"Kalaghoda, Fort",20.0,13.0,33.0
2025-12-27,Kemps Corner,6.0,14.0,20.0
2025-12-27,Khan Market,10.0,4.0,14.0
2025-12-27,Koregaon Park,12.0,6.0,18.0
2025-12-27,LakeShore Mall,34.0,0.0,34.0
2025-12-27,Lavelle Road,2.0,2.0,4.0
2025-12-27,"Mall of India, Noida",20.0,1.0,21.0
2025-12-27,Oberoi Mall Store,8.0,7.0,15.0
2025-12-27,"Pali Hill, Bandra",13.0,13.0,26.0
2025-12-27,Phoenix Marketcity Kurla,15.0,5.0,20.0
2025-12-27,"Phoenix Marketcity, Whitefield",39.0,4.0,43.0
2025-12-27,Phoenix Palassio,13.0,4.0,17.0
2025-12-27,R.K. Salai,5.0,3.0,8.0
2025-12-27,Sarath City-Hyderabad,28.0,4.0,32.0
2025-12-27,Select City,11.0,0.0,11.0
2025-12-27,Shakespearesarani,9.0,4.0,13.0
2025-12-27,Sindhu Bhavan Marg,10.0,4.0,14.0
2025-12-27,South Ex.,3.0,3.0,6.0
2025-12-27,Vegas Dwarka,14.0,1.0,15.0
2025-12-27,Viviana Mall,18.0,2.0,20.0
2025-12-28,Ambience Vasant Kunj,27.0,5.0,32.0
2025-12-28,Andheri,6.0,10.0,16.0
2025-12-28,Express Avenue,18.0,4.0,22.0
2025-12-28,Gurugram,10.0,8.0,18.0
2025-12-28,Indiranagar,21.0,6.0,27.0
2025-12-28,Inorbit mall Hyderabad,47.0,4.0,51.0
2025-12-28,Jaipur Store,5.0,2.0,7.0
2025-12-28,Jubilee Hills,16.0,7.0,23.0
2025-12-28,Juhu Store,13.0,6.0,19.0
2025-12-28,"Kalaghoda, Fort",26.0,6.0,32.0
2025-12-28,Kemps Corner,5.0,5.0,10.0
2025-12-28,Khan Market,12.0,6.0,18.0
2025-12-28,Koregaon Park,9.0,4.0,13.0
2025-12-28,LakeShore Mall,34.0,1.0,35.0
2025-12-28,Lavelle Road,5.0,6.0,11.0
2025-12-28,"Mall of India, Noida",26.0,6.0,32.0
2025-12-28,Oberoi Mall Store,29.0,5.0,34.0
2025-12-28,"Pali Hill, Bandra",15.0,15.0,30.0
2025-12-28,Phoenix Marketcity Kurla,31.0,4.0,35.0
2025-12-28,"Phoenix Marketcity, Whitefield",40.0,0.0,40.0
2025-12-28,Phoenix Palassio,15.0,4.0,19.0
2025-12-28,R.K. Salai,3.0,1.0,4.0
2025-12-28,Sarath City-Hyderabad,19.0,3.0,22.0
2025-12-28,Select City,12.0,1.0,13.0
2025-12-28,Shakespearesarani,14.0,3.0,17.0
2025-12-28,Sindhu Bhavan Marg,5.0,6.0,11.0
2025-12-28,South Ex.,3.0,3.0,6.0
2025-12-28,Vegas Dwarka,8.0,1.0,9.0
2025-12-28,Viviana Mall,24.0,10.0,34.0
2025-12-29,Ambience Vasant Kunj,8.0,3.0,11.0
2025-12-29,Andheri,3.0,2.0,5.0
2025-12-29,Express Avenue,19.0,5.0,24.0
2025-12-29,Gurugram,3.0,7.0,10.0
2025-12-29,Indiranagar,13.0,9.0,22.0
2025-12-29,Inorbit mall Hyderabad,30.0,2.0,32.0
2025-12-29,Jaipur Store,8.0,5.0,13.0
2025-12-29,Jubilee Hills,12.0,5.0,17.0
2025-12-29,Juhu Store,6.0,2.0,8.0
2025-12-29,"Kalaghoda, Fort",12.0,6.0,18.0
2025-12-29,Kemps Corner,3.0,6.0,9.0
2025-12-29,Khan Market,13.0,2.0,15.0
2025-12-29,Koregaon Park,5.0,8.0,13.0
2025-12-29,LakeShore Mall,12.0,0.0,12.0
2025-12-29,Lavelle Road,4.0,2.0,6.0
2025-12-29,"Mall of India, Noida",11.0,3.0,14.0
2025-12-29,Oberoi Mall Store,4.0,3.0,7.0
2025-12-29,"Pali Hill, Bandra",5.0,9.0,14.0
2025-12-29,Phoenix Marketcity Kurla,9.0,1.0,10.0
2025-12-29,"Phoenix Marketcity, Whitefield",27.0,2.0,29.0
2025-12-29,Phoenix Palassio,12.0,0.0,12.0
2025-12-29,R.K. Salai,2.0,9.0,11.0
2025-12-29,Sarath City-Hyderabad,31.0,6.0,37.0
2025-12-29,Select City,4.0,1.0,5.0
2025-12-29,Shakespearesarani,13.0,2.0,15.0
2025-12-29,Sindhu Bhavan Marg,7.0,1.0,8.0
2025-12-29,South Ex.,3.0,0.0,3.0
2025-12-29,Vegas Dwarka,6.0,1.0,7.0
2025-12-29,Viviana Mall,9.0,3.0,12.0
2025-12-30,Ambience Vasant Kunj,8.0,2.0,10.0
2025-12-30,Andheri,3.0,4.0,7.0
2025-12-30,Express Avenue,17.0,1.0,18.0
2025-12-30,Gurugram,3.0,3.0,6.0
2025-12-30,Indiranagar,11.0,3.0,14.0
2025-12-30,Inorbit mall Hyderabad,35.0,5.0,40.0
2025-12-30,Jaipur Store,2.0,2.0,4.0
2025-12-30,Jubilee Hills,4.0,13.0,17.0
2025-12-30,Juhu Store,15.0,1.0,16.0
2025-12-30,"Kalaghoda, Fort",22.0,8.0,30.0
2025-12-30,Kemps Corner,10.0,14.0,24.0
2025-12-30,Khan Market,15.0,0.0,15.0
2025-12-30,Koregaon Park,3.0,2.0,5.0
2025-12-30,LakeShore Mall,28.0,0.0,28.0
2025-12-30,Lavelle Road,1.0,2.0,3.0
2025-12-30,"Mall of India, Noida",15.0,2.0,17.0
2025-12-30,Oberoi Mall Store,10.0,2.0,12.0
2025-12-30,"Pali Hill, Bandra",3.0,5.0,8.0
2025-12-30,Phoenix Marketcity Kurla,29.0,1.0,30.0
2025-12-30,"Phoenix Marketcity, Whitefield",24.0,2.0,26.0
2025-12-30,Phoenix Palassio,7.0,1.0,8.0
2025-12-30,R.K. Salai,4.0,8.0,12.0
2025-12-30,Sarath City-Hyderabad,34.0,7.0,41.0
2025-12-30,Select City,6.0,3.0,9.0
2025-12-30,Shakespearesarani,13.0,2.0,15.0
2025-12-30,Sindhu Bhavan Marg,4.0,2.0,6.0
2025-12-30,South Ex.,2.0,1.0,3.0
2025-12-30,Vegas Dwarka,5.0,0.0,5.0
2025-12-30,Viviana Mall,6.0,1.0,7.0
2025-12-31,Ambience Vasant Kunj,6.0,0.0,6.0
2025-12-31,Andheri,3.0,5.0,8.0
2025-12-31,Gurugram,1.0,5.0,6.0
2025-12-31,Indiranagar,8.0,3.0,11.0
2025-12-31,Inorbit mall Hyderabad,23.0,0.0,23.0
2025-12-31,Jaipur Store,4.0,2.0,6.0
2025-12-31,Jubilee Hills,8.0,12.0,20.0
2025-12-31,Juhu Store,11.0,5.0,16.0
2025-12-31,"Kalaghoda, Fort",12.0,8.0,20.0
2025-12-31,Kemps Corner,11.0,14.0,25.0
2025-12-31,Khan Market,9.0,2.0,11.0
2025-12-31,Koregaon Park,1.0,3.0,4.0
2025-12-31,LakeShore Mall,19.0,,19.0
2025-12-31,"Mall of India, Noida",10.0,6.0,16.0
2025-12-31,Oberoi Mall Store,7.0,7.0,14.0
2025-12-31,"Pali Hill, Bandra",15.0,6.0,21.0
2025-12-31,Phoenix Marketcity Kurla,13.0,2.0,15.0
2025-12-31,"Phoenix Marketcity, Whitefield",24.0,1.0,25.0
2025-12-31,Phoenix Palassio,8.0,4.0,12.0
2025-12-31,R.K. Salai,3.0,3.0,6.0
2025-12-31,Sarath City-Hyderabad,39.0,8.0,47.0
2025-12-31,Select City,8.0,0.0,8.0
2025-12-31,Shakespearesarani,10.0,1.0,11.0
2025-12-31,Sindhu Bhavan Marg,7.0,2.0,9.0
2025-12-31,South Ex.,0.0,3.0,3.0
2025-12-31,Vegas Dwarka,5.0,0.0,5.0
2025-12-31,Viviana Mall,6.0,2.0,8.0
2026-01-01,Ambience Vasant Kunj,7.0,8.0,15.0
2026-01-01,Andheri,6.0,0.0,6.0
2026-01-01,Express Avenue,15.0,3.0,18.0
2026-01-01,Gurugram,2.0,4.0,6.0
2026-01-01,Indiranagar,10.0,3.0,13.0
2026-01-01,Inorbit mall Hyderabad,43.0,3.0,46.0
2026-01-01,Jaipur Store,4.0,4.0,8.0
2026-01-01,Jayanagar,3.0,2.0,5.0
2026-01-01,Jubilee Hills,7.0,7.0,14.0
2026-01-01,Juhu Store,10.0,4.0,14.0
2026-01-01,"Kalaghoda, Fort",14.0,6.0,20.0
2026-01-01,Kemps Corner,12.0,4.0,16.0
2026-01-01,Khan Market,13.0,2.0,15.0
2026-01-01,Koregaon Park,2.0,4.0,6.0
2026-01-01,LakeShore Mall,17.0,0.0,17.0
2026-01-01,Lavelle Road,4.0,3.0,7.0
2026-01-01,"Mall of India, Noida",17.0,0.0,17.0
2026-01-01,Oberoi Sky City,7.0,5.0,12.0
2026-01-01,Phoenix Marketcity Kurla,16.0,2.0,18.0
2026-01-01,"Phoenix Marketcity, Whitefield",18.0,2.0,20.0
2026-01-01,Phoenix Palassio,16.0,0.0,16.0
2026-01-01,R.K. Salai,2.0,0.0,2.0
2026-01-01,Sarath City-Hyderabad,26.0,2.0,28.0
2026-01-01,Select City,8.0,1.0,9.0
2026-01-01,Shakespearesarani,3.0,3.0,6.0
2026-01-01,Sindhu Bhavan Marg,2.0,4.0,6.0
2026-01-01,South Ex.,3.0,2.0,5.0
2026-01-01,Vegas Dwarka,7.0,2.0,9.0
2026-01-01,Viviana Mall,20.0,5.0,25.0
2026-01-02,Ambience Vasant Kunj,6.0,2.0,8.0
2026-01-02,Andheri,1.0,1.0,2.0
2026-01-02,Express Avenue,12.0,2.0,14.0
2026-01-02,Gurugram,1.0,3.0,4.0
2026-01-02,Indiranagar,10.0,5.0,15.0
2026-01-02,Inorbit mall Hyderabad,26.0,2.0,28.0
2026-01-02,Jaipur Store,3.0,3.0,6.0
2026-01-02,Jayanagar,3.0,2.0,5.0
2026-01-02,Jubilee Hills,10.0,13.0,23.0
2026-01-02,Juhu Store,4.0,2.0,6.0
2026-01-02,"Kalaghoda, Fort",21.0,14.0,35.0
2026-01-02,Kemps Corner,10.0,7.0,17.0
2026-01-02,Khan Market,7.0,5.0,12.0
2026-01-02,Koregaon Park,0.0,3.0,3.0
2026-01-02,LakeShore Mall,10.0,0.0,10.0
2026-01-02,Lavelle Road,2.0,2.0,4.0
2026-01-02,"Mall of India, Noida",15.0,1.0,16.0
2026-01-02,Oberoi Sky City,7.0,3.0,10.0
2026-01-02,Phoenix Marketcity Kurla,16.0,1.0,17.0
2026-01-02,"Phoenix Marketcity, Whitefield",23.0,1.0,24.0
2026-01-02,Phoenix Palassio,7.0,2.0,9.0
2026-01-02,R.K. Salai,3.0,8.0,11.0
2026-01-02,Sarath City-Hyderabad,17.0,6.0,23.0
2026-01-02,Select City,3.0,1.0,4.0
2026-01-02,Shakespearesarani,9.0,3.0,12.0
2026-01-02,Sindhu Bhavan Marg,3.0,7.0,10.0
2026-01-02,South Ex.,7.0,0.0,7.0
2026-01-02,Vegas Dwarka,7.0,2.0,9.0
2026-01-02,Viviana Mall,7.0,1.0,8.0
2026-01-03,Ambience Vasant Kunj,17.0,0.0,17.0
2026-01-03,Andheri,4.0,8.0,12.0
2026-01-03,Express Avenue,15.0,2.0,17.0
2026-01-03,Gurugram,1.0,3.0,4.0
2026-01-03,Indiranagar,16.0,11.0,27.0
2026-01-03,Inorbit mall Hyderabad,31.0,4.0,35.0
2026-01-03,Jaipur Store,5.0,2.0,7.0
2026-01-03,Jayanagar,4.0,4.0,8.0
2026-01-03,Jubilee Hills,9.0,6.0,15.0
2026-01-03,Juhu Store,8.0,4.0,12.0
2026-01-03,"Kalaghoda, Fort",33.0,11.0,44.0
2026-01-03,Kemps Corner,9.0,6.0,15.0
2026-01-03,Khan Market,7.0,5.0,12.0
2026-01-03,Koregaon Park,8.0,7.0,15.0
2026-01-03,LakeShore Mall,16.0,1.0,17.0
2026-01-03,Lavelle Road,3.0,6.0,9.0
2026-01-03,"Mall of India, Noida",13.0,2.0,15.0
2026-01-03,Oberoi Sky City,34.0,5.0,39.0
2026-01-03,Phoenix Marketcity Kurla,29.0,1.0,30.0
2026-01-03,"Phoenix Marketcity, Whitefield",27.0,3.0,30.0
2026-01-03,Phoenix Palassio,6.0,1.0,7.0
2026-01-03,R.K. Salai,0.0,7.0,7.0
2026-01-03,Sarath City-Hyderabad,40.0,7.0,47.0
2026-01-03,Select City,5.0,3.0,8.0
2026-01-03,Shakespearesarani,13.0,12.0,25.0
2026-01-03,Sindhu Bhavan Marg,6.0,4.0,10.0
2026-01-03,South Ex.,4.0,2.0,6.0
2026-01-03,Vegas Dwarka,8.0,1.0,9.0
2026-01-03,Viviana Mall,22.0,9.0,31.0
2026-01-04,Ambience Vasant Kunj,13.0,2.0,15.0
2026-01-04,Andheri,3.0,10.0,13.0
2026-01-04,Express Avenue,24.0,1.0,25.0
2026-01-04,Gurugram,8.0,8.0,16.0
2026-01-04,Indiranagar,26.0,5.0,31.0
2026-01-04,Inorbit mall Hyderabad,28.0,4.0,32.0
2026-01-04,Jaipur Store,10.0,4.0,14.0
2026-01-04,Jayanagar,7.0,3.0,10.0
2026-01-04,Jubilee Hills,8.0,12.0,20.0
2026-01-04,Juhu Store,7.0,5.0,12.0
2026-01-04,"Kalaghoda, Fort",36.0,10.0,46.0
2026-01-04,Kemps Corner,5.0,10.0,15.0
2026-01-04,Khan Market,11.0,2.0,13.0
2026-01-04,Koregaon Park,6.0,7.0,13.0
2026-01-04,LakeShore Mall,35.0,1.0,36.0
2026-01-04,Lavelle Road,3.0,4.0,7.0
2026-01-04,"Mall of India, Noida",20.0,3.0,23.0
2026-01-04,Oberoi Sky City,32.0,5.0,37.0
2026-01-04,Phoenix Marketcity Kurla,20.0,5.0,25.0
2026-01-04,"Phoenix Marketcity, Whitefield",36.0,1.0,37.0
2026-01-04,Phoenix Palassio,16.0,0.0,16.0
2026-01-04,R.K. Salai,2.0,3.0,5.0
2026-01-04,Sarath City-Hyderabad,43.0,5.0,48.0
2026-01-04,Select City,9.0,2.0,11.0
2026-01-04,Shakespearesarani,9.0,5.0,14.0
2026-01-04,Sindhu Bhavan Marg,5.0,10.0,15.0
2026-01-04,South Ex.,3.0,1.0,4.0
2026-01-04,Vegas Dwarka,14.0,0.0,14.0
2026-01-04,Viviana Mall,24.0,6.0,30.0
2026-01-05,Ambience Vasant Kunj,7.0,1.0,8.0
2026-01-05,Andheri,1.0,2.0,3.0
2026-01-05,Express Avenue,0.0,8.0,8.0
2026-01-05,Gurugram,1.0,3.0,4.0
2026-01-05,Indiranagar,7.0,0.0,7.0
2026-01-05,Inorbit mall Hyderabad,33.0,2.0,35.0
2026-01-05,Jaipur Store,6.0,1.0,7.0
2026-01-05,Jayanagar,0.0,2.0,2.0
2026-01-05,Jubilee Hills,9.0,13.0,22.0
2026-01-05,Juhu Store,3.0,4.0,7.0
2026-01-05,"Kalaghoda, Fort",15.0,7.0,22.0
2026-01-05,Kemps Corner,5.0,7.0,12.0
2026-01-05,Khan Market,7.0,1.0,8.0
2026-01-05,Koregaon Park,6.0,5.0,11.0
2026-01-05,LakeShore Mall,9.0,1.0,10.0
2026-01-05,Lavelle Road,4.0,0.0,4.0
2026-01-05,"Mall of India, Noida",19.0,0.0,19.0
2026-01-05,Oberoi Sky City,11.0,2.0,13.0
2026-01-05,Phoenix Marketcity Kurla,11.0,1.0,12.0
2026-01-05,"Phoenix Marketcity, Whitefield",20.0,4.0,24.0
2026-01-05,Phoenix Palassio,8.0,2.0,10.0
2026-01-05,R.K. Salai,2.0,4.0,6.0
2026-01-05,Sarath City-Hyderabad,17.0,5.0,22.0
2026-01-05,Select City,7.0,0.0,7.0
2026-01-05,Shakespearesarani,5.0,5.0,10.0
2026-01-05,Sindhu Bhavan Marg,3.0,2.0,5.0
2026-01-05,South Ex.,3.0,0.0,3.0
2026-01-05,Vegas Dwarka,3.0,3.0,6.0
2026-01-05,Viviana Mall,7.0,2.0,9.0
2026-01-06,Ambience Vasant Kunj,6.0,2.0,8.0
2026-01-06,Andheri,1.0,1.0,2.0
2026-01-06,Express Avenue,15.0,4.0,19.0
2026-01-06,Gurugram,1.0,6.0,7.0
2026-01-06,Indiranagar,4.0,2.0,6.0
2026-01-06,Inorbit mall Hyderabad,24.0,1.0,25.0
2026-01-06,Jaipur Store,6.0,5.0,11.0
2026-01-06,Jayanagar,2.0,3.0,5.0
2026-01-06,Jubilee Hills,2.0,12.0,14.0
2026-01-06,Juhu Store,6.0,4.0,10.0
2026-01-06,"Kalaghoda, Fort",13.0,7.0,20.0
2026-01-06,Kemps Corner,3.0,3.0,6.0
2026-01-06,Khan Market,10.0,3.0,13.0
2026-01-06,Koregaon Park,4.0,2.0,6.0
2026-01-06,LakeShore Mall,13.0,0.0,13.0
2026-01-06,Lavelle Road,2.0,2.0,4.0
2026-01-06,"Mall of India, Noida",7.0,2.0,9.0
2026-01-06,Oberoi Sky City,9.0,1.0,10.0
2026-01-06,Phoenix Marketcity Kurla,5.0,3.0,8.0
2026-01-06,"Phoenix Marketcity, Whitefield",10.0,1.0,11.0
2026-01-06,Phoenix Palassio,7.0,2.0,9.0
2026-01-06,R.K. Salai,4.0,0.0,4.0
2026-01-06,Sarath City-Hyderabad,16.0,3.0,19.0
2026-01-06,Select City,5.0,1.0,6.0
2026-01-06,Shakespearesarani,2.0,2.0,4.0
2026-01-06,Sindhu Bhavan Marg,4.0,7.0,11.0
2026-01-06,South Ex.,0.0,0.0,0.0
2026-01-06,Vegas Dwarka,7.0,1.0,8.0
2026-01-06,Viviana Mall,12.0,0.0,12.0
2026-01-07,Ambience Vasant Kunj,11.0,2.0,13.0
2026-01-07,Andheri,4.0,2.0,6.0
2026-01-07,Express Avenue,14.0,1.0,15.0
2026-01-07,Gurugram,3.0,4.0,7.0
2026-01-07,Indiranagar,6.0,4.0,10.0
2026-01-07,Inorbit mall Hyderabad,27.0,3.0,30.0
2026-01-07,Jaipur Store,5.0,4.0,9.0
2026-01-07,Jayanagar,3.0,3.0,6.0
2026-01-07,Jubilee Hills,8.0,7.0,15.0
2026-01-07,Juhu Store,4.0,4.0,8.0
2026-01-07,"Kalaghoda, Fort",17.0,8.0,25.0
2026-01-07,Kemps Corner,6.0,8.0,14.0
2026-01-07,Khan Market,10.0,2.0,12.0
2026-01-07,Koregaon Park,2.0,3.0,5.0
2026-01-07,LakeShore Mall,14.0,0.0,14.0
2026-01-07,Lavelle Road,3.0,2.0,5.0
2026-01-07,"Mall of India, Noida",10.0,1.0,11.0
2026-01-07,Oberoi Sky City,5.0,1.0,6.0
2026-01-07,Phoenix Marketcity Kurla,9.0,1.0,10.0
2026-01-07,"Phoenix Marketcity, Whitefield",6.0,1.0,7.0
2026-01-07,Phoenix Palassio,0.0,4.0,4.0
2026-01-07,R.K. Salai,1.0,0.0,1.0
2026-01-07,Sarath City-Hyderabad,24.0,3.0,27.0
2026-01-07,Select City,3.0,1.0,4.0
2026-01-07,Shakespearesarani,8.0,1.0,9.0
2026-01-07,Sindhu Bhavan Marg,4.0,2.0,6.0
2026-01-07,South Ex.,6.0,4.0,10.0
2026-01-07,Vegas Dwarka,4.0,1.0,5.0
2026-01-07,Viviana Mall,7.0,1.0,8.0
2026-01-08,Ambience Vasant Kunj,9.0,2.0,11.0
2026-01-08,Andheri,1.0,1.0,2.0
2026-01-08,Express Avenue,3.0,12.0,15.0
2026-01-08,Gurugram,3.0,4.0,7.0
2026-01-08,Indiranagar,4.0,4.0,8.0
2026-01-08,Inorbit mall Hyderabad,28.0,4.0,32.0
2026-01-08,Jaipur Store,8.0,1.0,9.0
2026-01-08,Jayanagar,2.0,1.0,3.0
2026-01-08,Jubilee Hills,6.0,8.0,14.0
2026-01-08,Juhu Store,3.0,2.0,5.0
2026-01-08,"Kalaghoda, Fort",17.0,9.0,26.0
2026-01-08,Kemps Corner,7.0,7.0,14.0
2026-01-08,Khan Market,13.0,2.0,15.0
2026-01-08,Koregaon Park,3.0,3.0,6.0
2026-01-08,LakeShore Mall,11.0,0.0,11.0
2026-01-08,Lavelle Road,2.0,3.0,5.0
2026-01-08,"Mall of India, Noida",8.0,3.0,11.0
2026-01-08,Oberoi Sky City,5.0,1.0,6.0
2026-01-08,Phoenix Marketcity Kurla,24.0,0.0,24.0
2026-01-08,"Phoenix Marketcity, Whitefield",12.0,2.0,14.0
2026-01-08,Phoenix Palassio,3.0,1.0,4.0
2026-01-08,R.K. Salai,1.0,1.0,2.0
2026-01-08,Sarath City-Hyderabad,13.0,3.0,16.0
2026-01-08,Select City,6.0,1.0,7.0
2026-01-08,Shakespearesarani,11.0,4.0,15.0
2026-01-08,Sindhu Bhavan Marg,3.0,0.0,3.0
2026-01-08,South Ex.,0.0,1.0,1.0
2026-01-08,Vegas Dwarka,7.0,2.0,9.0
2026-01-08,Viviana Mall,10.0,1.0,11.0
2026-01-09,Ambience Vasant Kunj,8.0,0.0,8.0
2026-01-09,Andheri,3.0,2.0,5.0
2026-01-09,Express Avenue,0.0,10.0,10.0
2026-01-09,Gurugram,10.0,4.0,14.0
2026-01-09,Indiranagar,8.0,5.0,13.0
2026-01-09,Inorbit mall Hyderabad,22.0,0.0,22.0
2026-01-09,Jaipur Store,4.0,0.0,4.0
2026-01-09,Jayanagar,0.0,2.0,2.0
2026-01-09,Jubilee Hills,6.0,9.0,15.0
2026-01-09,Juhu Store,3.0,3.0,6.0
2026-01-09,"Kalaghoda, Fort",13.0,8.0,21.0
2026-01-09,Kemps Corner,6.0,5.0,11.0
2026-01-09,Khan Market,6.0,5.0,11.0
2026-01-09,Koregaon Park,3.0,3.0,6.0
2026-01-09,LakeShore Mall,10.0,1.0,11.0
2026-01-09,Lavelle Road,3.0,2.0,5.0
2026-01-09,"Mall of India, Noida",15.0,2.0,17.0
2026-01-09,Oberoi Sky City,8.0,1.0,9.0
2026-01-09,Phoenix Marketcity Kurla,28.0,4.0,32.0
2026-01-09,"Phoenix Marketcity, Whitefield",8.0,1.0,9.0
2026-01-09,Phoenix Palassio,7.0,4.0,11.0
2026-01-09,R.K. Salai,3.0,1.0,4.0
2026-01-09,Sarath City-Hyderabad,19.0,4.0,23.0
2026-01-09,Select City,5.0,2.0,7.0
2026-01-09,Shakespearesarani,10.0,2.0,12.0
2026-01-09,Sindhu Bhavan Marg,2.0,4.0,6.0
2026-01-09,South Ex.,3.0,1.0,4.0
2026-01-09,Vegas Dwarka,2.0,2.0,4.0
2026-01-09,Viviana Mall,8.0,2.0,10.0
2026-01-10,Ambience Vasant Kunj,12.0,6.0,18.0
2026-01-10,Andheri,1.0,5.0,6.0
2026-01-10,Express Avenue,21.0,3.0,24.0
2026-01-10,Gurugram,2.0,12.0,14.0
2026-01-10,Indiranagar,24.0,14.0,38.0
2026-01-10,Inorbit mall Hyderabad,38.0,6.0,44.0
2026-01-10,Jaipur Store,7.0,2.0,9.0
2026-01-10,Jayanagar,3.0,5.0,8.0
2026-01-10,Jubilee Hills,12.0,12.0,24.0
2026-01-10,Juhu Store,8.0,5.0,13.0
2026-01-10,"Kalaghoda, Fort",30.0,20.0,50.0
2026-01-10,Kemps Corner,18.0,22.0,40.0
2026-01-10,Khan Market,16.0,1.0,17.0
2026-01-10,Koregaon Park,5.0,6.0,11.0
2026-01-10,LakeShore Mall,20.0,2.0,22.0
2026-01-10,Lavelle Road,0.0,5.0,5.0
2026-01-10,"Mall of India, Noida",18.0,2.0,20.0
2026-01-10,Oberoi Sky City,25.0,8.0,33.0
2026-01-10,Phoenix Marketcity Kurla,19.0,3.0,22.0
2026-01-10,"Phoenix Marketcity, Whitefield",35.0,1.0,36.0
2026-01-10,Phoenix Palassio,10.0,2.0,12.0
2026-01-10,R.K. Salai,3.0,6.0,9.0
2026-01-10,Sarath City-Hyderabad,20.0,2.0,22.0
2026-01-10,Select City,15.0,2.0,17.0
2026-01-10,Shakespearesarani,11.0,2.0,13.0
2026-01-10,Sindhu Bhavan Marg,5.0,8.0,13.0
2026-01-10,South Ex.,7.0,2.0,9.0
2026-01-10,Vegas Dwarka,8.0,1.0,9.0
2026-01-10,Viviana Mall,16.0,6.0,22.0
2026-01-11,Ambience Vasant Kunj,20.0,2.0,22.0
2026-01-11,Andheri,6.0,6.0,12.0
2026-01-11,Express Avenue,8.0,21.0,29.0
2026-01-11,Gurugram,6.0,10.0,16.0
2026-01-11,Indiranagar,20.0,6.0,26.0
2026-01-11,Inorbit mall Hyderabad,49.0,3.0,52.0
2026-01-11,Jaipur Store,7.0,5.0,12.0
2026-01-11,Jayanagar,3.0,2.0,5.0
2026-01-11,Jubilee Hills,13.0,14.0,27.0
2026-01-11,Juhu Store,10.0,7.0,17.0
2026-01-11,"Kalaghoda, Fort",18.0,7.0,25.0
2026-01-11,Kemps Corner,12.0,18.0,30.0
2026-01-11,Khan Market,8.0,4.0,12.0
2026-01-11,Koregaon Park,13.0,5.0,18.0
2026-01-11,LakeShore Mall,18.0,1.0,19.0
2026-01-11,Lavelle Road,4.0,5.0,9.0
2026-01-11,"Mall of India, Noida",30.0,5.0,35.0
2026-01-11,Oberoi Sky City,33.0,5.0,38.0
2026-01-11,Phoenix Marketcity Kurla,40.0,0.0,40.0
2026-01-11,"Phoenix Marketcity, Whitefield",32.0,2.0,34.0
2026-01-11,Phoenix Palassio,13.0,5.0,18.0
2026-01-11,R.K. Salai,3.0,3.0,6.0
2026-01-11,Sarath City-Hyderabad,46.0,10.0,56.0
2026-01-11,Select City,11.0,4.0,15.0
2026-01-11,Shakespearesarani,4.0,8.0,12.0
2026-01-11,Sindhu Bhavan Marg,14.0,6.0,20.0
2026-01-11,South Ex.,6.0,4.0,10.0
2026-01-11,Vegas Dwarka,12.0,2.0,14.0
2026-01-11,Viviana Mall,32.0,6.0,38.0
2026-01-12,Ambience Vasant Kunj,6.0,2.0,8.0
2026-01-12,Andheri,3.0,3.0,6.0
2026-01-12,Express Avenue,17.0,4.0,21.0
2026-01-12,Gurugram,1.0,7.0,8.0
2026-01-12,Indiranagar,4.0,2.0,6.0
2026-01-12,Inorbit mall Hyderabad,21.0,3.0,24.0
2026-01-12,Jaipur Store,1.0,3.0,4.0
2026-01-12,Jayanagar,1.0,3.0,4.0
2026-01-12,Jubilee Hills,5.0,12.0,17.0
2026-01-12,Juhu Store,4.0,4.0,8.0
2026-01-12,"Kalaghoda, Fort",12.0,8.0,20.0
2026-01-12,Kemps Corner,9.0,6.0,15.0
2026-01-12,Khan Market,7.0,5.0,12.0
2026-01-12,Koregaon Park,5.0,5.0,10.0
2026-01-12,LakeShore Mall,13.0,1.0,14.0
2026-01-12,Lavelle Road,1.0,1.0,2.0
2026-01-12,"Mall of India, Noida",7.0,1.0,8.0
2026-01-12,Oberoi Sky City,13.0,2.0,15.0
2026-01-12,Phoenix Marketcity Kurla,10.0,0.0,10.0
2026-01-12,"Phoenix Marketcity, Whitefield",8.0,1.0,9.0
2026-01-12,Phoenix Palassio,7.0,1.0,8.0
2026-01-12,R.K. Salai,2.0,3.0,5.0
2026-01-12,Sarath City-Hyderabad,22.0,6.0,28.0
2026-01-12,Select City,3.0,0.0,3.0
2026-01-12,Shakespearesarani,7.0,6.0,13.0
2026-01-12,Sindhu Bhavan Marg,3.0,2.0,5.0
2026-01-12,South Ex.,4.0,3.0,7.0
2026-01-12,Vegas Dwarka,4.0,1.0,5.0
2026-01-12,Viviana Mall,6.0,4.0,10.0
2026-01-13,Ambience Vasant Kunj,8.0,1.0,9.0
2026-01-13,Andheri,2.0,3.0,5.0
2026-01-13,Express Avenue,18.0,4.0,22.0
2026-01-13,Gurugram,2.0,3.0,5.0
2026-01-13,Indiranagar,4.0,4.0,8.0
2026-01-13,Inorbit mall Hyderabad,20.0,2.0,22.0
2026-01-13,Jaipur Store,2.0,2.0,4.0
2026-01-13,Jayanagar,3.0,4.0,7.0
2026-01-13,Jubilee Hills,5.0,12.0,17.0
2026-01-13,Juhu Store,3.0,2.0,5.0
2026-01-13,"Kalaghoda, Fort",16.0,5.0,21.0
2026-01-13,Kemps Corner,1.0,7.0,8.0
2026-01-13,Khan Market,5.0,2.0,7.0
2026-01-13,Koregaon Park,5.0,5.0,10.0
2026-01-13,LakeShore Mall,24.0,0.0,24.0
2026-01-13,Lavelle Road,2.0,3.0,5.0
2026-01-13,"Mall of India, Noida",8.0,1.0,9.0
2026-01-13,Oberoi Sky City,3.0,0.0,3.0
2026-01-13,Phoenix Marketcity Kurla,6.0,2.0,8.0
2026-01-13,"Phoenix Marketcity, Whitefield",8.0,1.0,9.0
2026-01-13,Phoenix Palassio,9.0,2.0,11.0
2026-01-13,R.K. Salai,2.0,3.0,5.0
2026-01-13,Sarath City-Hyderabad,13.0,2.0,15.0
2026-01-13,Select City,5.0,2.0,7.0
2026-01-13,Shakespearesarani,4.0,3.0,7.0
2026-01-13,Sindhu Bhavan Marg,3.0,7.0,10.0
2026-01-13,South Ex.,1.0,5.0,6.0
2026-01-13,Vegas Dwarka,3.0,0.0,3.0
2026-01-13,Viviana Mall,6.0,1.0,7.0
2026-01-14,Ambience Vasant Kunj,9.0,5.0,14.0
2026-01-14,Andheri,3.0,3.0,6.0
2026-01-14,Express Avenue,16.0,3.0,19.0
2026-01-14,Gurugram,1.0,7.0,8.0
2026-01-14,Indiranagar,6.0,2.0,8.0
2026-01-14,Inorbit mall Hyderabad,21.0,2.0,23.0
2026-01-14,Jaipur Store,2.0,1.0,3.0
2026-01-14,Jayanagar,3.0,1.0,4.0
2026-01-14,Jubilee Hills,9.0,3.0,12.0
2026-01-14,Juhu Store,3.0,8.0,11.0
2026-01-14,"Kalaghoda, Fort",14.0,6.0,20.0
2026-01-14,Kemps Corner,14.0,1.0,15.0
2026-01-14,Khan Market,3.0,4.0,7.0
2026-01-14,Koregaon Park,2.0,4.0,6.0
2026-01-14,LakeShore Mall,12.0,0.0,12.0
2026-01-14,Lavelle Road,2.0,2.0,4.0
2026-01-14,"Mall of India, Noida",16.0,0.0,16.0
2026-01-14,Oberoi Sky City,5.0,2.0,7.0
2026-01-14,Phoenix Marketcity Kurla,9.0,0.0,9.0
2026-01-14,"Phoenix Marketcity, Whitefield",14.0,1.0,15.0
2026-01-14,Phoenix Palassio,5.0,1.0,6.0
2026-01-14,R.K. Salai,6.0,1.0,7.0
2026-01-14,Sarath City-Hyderabad,28.0,4.0,32.0
2026-01-14,Select City,3.0,2.0,5.0
2026-01-14,Shakespearesarani,12.0,3.0,15.0
2026-01-14,Sindhu Bhavan Marg,4.0,1.0,5.0
2026-01-14,South Ex.,3.0,2.0,5.0
2026-01-14,Vegas Dwarka,5.0,0.0,5.0
2026-01-14,Viviana Mall,11.0,1.0,12.0
2026-01-15,Ambience Vasant Kunj,5.0,3.0,8.0
2026-01-15,Andheri,3.0,2.0,5.0
2026-01-15,Express Avenue,17.0,4.0,21.0
2026-01-15,Gurugram,2.0,6.0,8.0
2026-01-15,Indiranagar,9.0,9.0,18.0
2026-01-15,Inorbit mall Hyderabad,20.0,1.0,21.0
2026-01-15,Jaipur Store,3.0,7.0,10.0
2026-01-15,Jayanagar,4.0,2.0,6.0
2026-01-15,Jubilee Hills,6.0,5.0,11.0
2026-01-15,Juhu Store,3.0,1.0,4.0
2026-01-15,"Kalaghoda, Fort",11.0,4.0,15.0
2026-01-15,Kemps Corner,4.0,6.0,10.0
2026-01-15,Khan Market,6.0,4.0,10.0
2026-01-15,Koregaon Park,5.0,8.0,13.0
2026-01-15,LakeShore Mall,12.0,0.0,12.0
2026-01-15,Lavelle Road,4.0,3.0,7.0
2026-01-15,"Mall of India, Noida",17.0,2.0,19.0
2026-01-15,Oberoi Sky City,12.0,4.0,16.0
2026-01-15,Phoenix Marketcity Kurla,15.0,6.0,21.0
2026-01-15,"Phoenix Marketcity, Whitefield",27.0,5.0,32.0
2026-01-15,Phoenix Palassio,12.0,1.0,13.0
2026-01-15,R.K. Salai,1.0,1.0,2.0
2026-01-15,Sarath City-Hyderabad,33.0,6.0,39.0
2026-01-15,Select City,4.0,2.0,6.0
2026-01-15,Shakespearesarani,9.0,4.0,13.0
2026-01-15,Sindhu Bhavan Marg,6.0,7.0,13.0
2026-01-15,South Ex.,3.0,1.0,4.0
2026-01-15,Vegas Dwarka,5.0,0.0,5.0
2026-01-15,Viviana Mall,5.0,3.0,8.0
2026-01-16,Ambience Vasant Kunj,12.0,2.0,14.0
2026-01-16,Andheri,1.0,3.0,4.0
2026-01-16,Express Avenue,13.0,4.0,17.0
2026-01-16,Gurugram,1.0,1.0,2.0
2026-01-16,Indiranagar,6.0,4.0,10.0
2026-01-16,Inorbit mall Hyderabad,19.0,4.0,23.0
2026-01-16,Jaipur Store,6.0,5.0,11.0
2026-01-16,Jayanagar,1.0,2.0,3.0
2026-01-16,Jubilee Hills,5.0,4.0,9.0
2026-01-16,Juhu Store,3.0,5.0,8.0
2026-01-16,"Kalaghoda, Fort",13.0,3.0,16.0
2026-01-16,Kemps Corner,5.0,12.0,17.0
2026-01-16,Khan Market,7.0,4.0,11.0
2026-01-16,Koregaon Park,3.0,5.0,8.0
2026-01-16,LakeShore Mall,12.0,1.0,13.0
2026-01-16,Lavelle Road,2.0,4.0,6.0
2026-01-16,"Mall of India, Noida",6.0,5.0,11.0
2026-01-16,Oberoi Sky City,9.0,4.0,13.0
2026-01-16,Phoenix Marketcity Kurla,7.0,1.0,8.0
2026-01-16,"Phoenix Marketcity, Whitefield",12.0,4.0,16.0
2026-01-16,Phoenix Palassio,9.0,2.0,11.0
2026-01-16,R.K. Salai,3.0,5.0,8.0
2026-01-16,Sarath City-Hyderabad,20.0,2.0,22.0
2026-01-16,Select City,6.0,3.0,9.0
2026-01-16,Shakespearesarani,8.0,3.0,11.0
2026-01-16,Sindhu Bhavan Marg,13.0,3.0,16.0
2026-01-16,South Ex.,3.0,3.0,6.0
2026-01-16,Vegas Dwarka,5.0,2.0,7.0
2026-01-16,Viviana Mall,9.0,1.0,10.0
2026-01-17,Ambience Vasant Kunj,7.0,0.0,7.0
2026-01-17,Andheri,6.0,8.0,14.0
2026-01-17,Express Avenue,15.0,7.0,22.0
2026-01-17,Gurugram,4.0,6.0,10.0
2026-01-17,Indiranagar,14.0,4.0,18.0
2026-01-17,Inorbit mall Hyderabad,31.0,2.0,33.0
2026-01-17,Jaipur Store,4.0,4.0,8.0
2026-01-17,Jayanagar,4.0,5.0,9.0
2026-01-17,Jubilee Hills,11.0,7.0,18.0
2026-01-17,Juhu Store,11.0,2.0,13.0
2026-01-17,"Kalaghoda, Fort",18.0,13.0,31.0
2026-01-17,Kemps Corner,11.0,19.0,30.0
2026-01-17,Khan Market,7.0,5.0,12.0
2026-01-17,Koregaon Park,4.0,3.0,7.0
2026-01-17,LakeShore Mall,21.0,2.0,23.0
2026-01-17,Lavelle Road,10.0,4.0,14.0
2026-01-17,"Mall of India, Noida",25.0,8.0,33.0
2026-01-17,Oberoi Sky City,13.0,5.0,18.0
2026-01-17,Phoenix Marketcity Kurla,37.0,4.0,41.0
2026-01-17,"Phoenix Marketcity, Whitefield",31.0,4.0,35.0
2026-01-17,Phoenix Palassio,11.0,1.0,12.0
2026-01-17,R.K. Salai,0.0,3.0,3.0
2026-01-17,Sarath City-Hyderabad,0.0,0.0,0.0
2026-01-17,Select City,8.0,3.0,11.0
2026-01-17,Shakespearesarani,12.0,1.0,13.0
2026-01-17,Sindhu Bhavan Marg,5.0,7.0,12.0
2026-01-17,South Ex.,3.0,4.0,7.0
2026-01-17,Vegas Dwarka,9.0,1.0,10.0
2026-01-17,Viviana Mall,26.0,8.0,34.0
2026-01-18,Ambience Vasant Kunj,11.0,5.0,16.0
2026-01-18,Andheri,3.0,13.0,16.0
2026-01-18,Express Avenue,18.0,3.0,21.0
2026-01-18,Gurugram,3.0,8.0,11.0
2026-01-18,Indiranagar,24.0,16.0,40.0
2026-01-18,Inorbit mall Hyderabad,30.0,2.0,32.0
2026-01-18,Jaipur Store,10.0,9.0,19.0
2026-01-18,Jayanagar,4.0,3.0,7.0
2026-01-18,Jubilee Hills,8.0,6.0,14.0
2026-01-18,Juhu Store,7.0,7.0,14.0
2026-01-18,"Kalaghoda, Fort",22.0,13.0,35.0
2026-01-18,Kemps Corner,15.0,20.0,35.0
2026-01-18,Khan Market,2.0,6.0,8.0
2026-01-18,Koregaon Park,7.0,7.0,14.0
2026-01-18,LakeShore Mall,25.0,1.0,26.0
2026-01-18,Lavelle Road,3.0,5.0,8.0
2026-01-18,"Mall of India, Noida",28.0,5.0,33.0
2026-01-18,Oberoi Sky City,37.0,5.0,42.0
2026-01-18,Phoenix Marketcity Kurla,28.0,7.0,35.0
2026-01-18,"Phoenix Marketcity, Whitefield",31.0,3.0,34.0
2026-01-18,Phoenix Palassio,14.0,0.0,14.0
2026-01-18,R.K. Salai,1.0,1.0,2.0
2026-01-18,Sarath City-Hyderabad,38.0,1.0,39.0
2026-01-18,Select City,11.0,2.0,13.0
2026-01-18,Shakespearesarani,9.0,6.0,15.0
2026-01-18,Sindhu Bhavan Marg,10.0,5.0,15.0
2026-01-18,South Ex.,2.0,7.0,9.0
2026-01-18,Vegas Dwarka,13.0,1.0,14.0
2026-01-18,Viviana Mall,35.0,0.0,35.0
2026-01-19,Ambience Vasant Kunj,7.0,1.0,8.0
2026-01-19,Andheri,2.0,6.0,8.0
2026-01-19,Express Avenue,8.0,3.0,11.0
2026-01-19,Gurugram,1.0,5.0,6.0
2026-01-19,Indiranagar,3.0,3.0,6.0
2026-01-19,Inorbit mall Hyderabad,18.0,1.0,19.0
2026-01-19,Jaipur Store,5.0,3.0,8.0
2026-01-19,Jayanagar,3.0,3.0,6.0
2026-01-19,Jubilee Hills,4.0,5.0,9.0
2026-01-19,Juhu Store,5.0,6.0,11.0
2026-01-19,"Kalaghoda, Fort",14.0,6.0,20.0
2026-01-19,Kemps Corner,4.0,10.0,14.0
2026-01-19,Khan Market,10.0,2.0,12.0
2026-01-19,Koregaon Park,6.0,3.0,9.0
2026-01-19,LakeShore Mall,13.0,0.0,13.0
2026-01-19,Lavelle Road,1.0,2.0,3.0
2026-01-19,"Mall of India, Noida",11.0,1.0,12.0
2026-01-19,Oberoi Sky City,11.0,2.0,13.0
2026-01-19,Phoenix Marketcity Kurla,6.0,0.0,6.0
2026-01-19,"Phoenix Marketcity, Whitefield",9.0,2.0,11.0
2026-01-19,Phoenix Palassio,11.0,1.0,12.0
2026-01-19,R.K. Salai,4.0,0.0,4.0
2026-01-19,Sarath City-Hyderabad,15.0,0.0,15.0
2026-01-19,Select City,4.0,3.0,7.0
2026-01-19,Shakespearesarani,5.0,3.0,8.0
2026-01-19,Sindhu Bhavan Marg,2.0,4.0,6.0
2026-01-19,South Ex.,0.0,2.0,2.0
2026-01-19,Vegas Dwarka,9.0,1.0,10.0
2026-01-19,Viviana Mall,3.0,2.0,5.0
2026-01-20,Ambience Vasant Kunj,6.0,3.0,9.0
2026-01-20,Andheri,0.0,2.0,2.0
2026-01-20,Express Avenue,13.0,1.0,14.0
2026-01-20,Gurugram,2.0,4.0,6.0
2026-01-20,Indiranagar,5.0,0.0,5.0
2026-01-20,Inorbit mall Hyderabad,23.0,3.0,26.0
2026-01-20,Jaipur Store,4.0,3.0,7.0
2026-01-20,Jayanagar,5.0,2.0,7.0
2026-01-20,Jubilee Hills,7.0,7.0,14.0
2026-01-20,Juhu Store,5.0,5.0,10.0
2026-01-20,"Kalaghoda, Fort",17.0,9.0,26.0
2026-01-20,Kemps Corner,8.0,5.0,13.0
2026-01-20,Khan Market,8.0,2.0,10.0
2026-01-20,Koregaon Park,5.0,5.0,10.0
2026-01-20,LakeShore Mall,0.0,0.0,0.0
2026-01-20,Lavelle Road,2.0,2.0,4.0
2026-01-20,"Mall of India, Noida",10.0,3.0,13.0
2026-01-20,Oberoi Sky City,3.0,1.0,4.0
2026-01-20,Phoenix Marketcity Kurla,8.0,0.0,8.0
2026-01-20,"Phoenix Marketcity, Whitefield",13.0,3.0,16.0
2026-01-20,Phoenix Palassio,4.0,3.0,7.0
2026-01-20,R.K. Salai,1.0,1.0,2.0
2026-01-20,Sarath City-Hyderabad,20.0,1.0,21.0
2026-01-20,Select City,4.0,0.0,4.0
2026-01-20,Shakespearesarani,9.0,6.0,15.0
2026-01-20,Sindhu Bhavan Marg,3.0,3.0,6.0
2026-01-20,South Ex.,2.0,2.0,4.0
2026-01-20,Vegas Dwarka,4.0,2.0,6.0
2026-01-20,Viviana Mall,5.0,1.0,6.0
2026-01-21,Ambience Vasant Kunj,5.0,3.0,8.0
2026-01-21,Andheri,3.0,6.0,9.0
2026-01-21,Express Avenue,11.0,1.0,12.0
2026-01-21,Gurugram,5.0,3.0,8.0
2026-01-21,Indiranagar,2.0,4.0,6.0
2026-01-21,Inorbit mall Hyderabad,15.0,0.0,15.0
2026-01-21,Jaipur Store,4.0,2.0,6.0
2026-01-21,Jayanagar,3.0,3.0,6.0
2026-01-21,Jubilee Hills,12.0,6.0,18.0
2026-01-21,Juhu Store,3.0,7.0,10.0
2026-01-21,"Kalaghoda, Fort",11.0,6.0,17.0
2026-01-21,Kemps Corner,9.0,5.0,14.0
2026-01-21,Khan Market,5.0,1.0,6.0
2026-01-21,Koregaon Park,2.0,4.0,6.0
2026-01-21,LakeShore Mall,0.0,0.0,0.0
2026-01-21,Lavelle Road,3.0,3.0,6.0
2026-01-21,"Mall of India, Noida",14.0,3.0,17.0
2026-01-21,Oberoi Sky City,5.0,1.0,6.0
2026-01-21,Phoenix Marketcity Kurla,5.0,2.0,7.0
2026-01-21,"Phoenix Marketcity, Whitefield",14.0,1.0,15.0
2026-01-21,Phoenix Palassio,7.0,4.0,11.0
2026-01-21,R.K. Salai,3.0,2.0,5.0
2026-01-21,Sarath City-Hyderabad,10.0,2.0,12.0
2026-01-21,Select City,5.0,2.0,7.0
2026-01-21,Shakespearesarani,4.0,5.0,9.0
2026-01-21,Sindhu Bhavan Marg,5.0,5.0,10.0
2026-01-21,South Ex.,1.0,2.0,3.0
2026-01-21,Vegas Dwarka,5.0,1.0,6.0
2026-01-21,Viviana Mall,6.0,2.0,8.0
2026-01-22,Ambience Vasant Kunj,8.0,1.0,9.0
2026-01-22,Andheri,0.0,2.0,2.0
2026-01-22,Express Avenue,5.0,3.0,8.0
2026-01-22,Gurugram,2.0,9.0,11.0
2026-01-22,Indiranagar,3.0,2.0,5.0
2026-01-22,Inorbit mall Hyderabad,19.0,5.0,24.0
2026-01-22,Jaipur Store,3.0,2.0,5.0
2026-01-22,Jayanagar,3.0,2.0,5.0
2026-01-22,Jubilee Hills,4.0,10.0,14.0
2026-01-22,Juhu Store,5.0,5.0,10.0
2026-01-22,"Kalaghoda, Fort",9.0,4.0,13.0
2026-01-22,Kemps Corner,5.0,8.0,13.0
2026-01-22,Khan Market,8.0,3.0,11.0
2026-01-22,Kochi Store,,4.0,4.0
2026-01-22,Koregaon Park,1.0,3.0,4.0
2026-01-22,LakeShore Mall,8.0,2.0,10.0
2026-01-22,Lavelle Road,1.0,2.0,3.0
2026-01-22,"Mall of India, Noida",19.0,1.0,20.0
2026-01-22,Oberoi Mall Store,2.0,3.0,5.0
2026-01-22,Oberoi Sky City,6.0,2.0,8.0
2026-01-22,Phoenix Marketcity Kurla,9.0,3.0,12.0
2026-01-22,"Phoenix Marketcity, Whitefield",8.0,2.0,10.0
2026-01-22,Phoenix Palassio,8.0,1.0,9.0
2026-01-22,R.K. Salai,5.0,2.0,7.0
2026-01-22,Sarath City-Hyderabad,15.0,1.0,16.0
2026-01-22,Select City,3.0,3.0,6.0
2026-01-22,Shakespearesarani,5.0,1.0,6.0
2026-01-22,Sindhu Bhavan Marg,7.0,6.0,13.0
2026-01-22,South Ex.,2.0,2.0,4.0
2026-01-22,Vegas Dwarka,7.0,0.0,7.0
2026-01-22,Viviana Mall,6.0,1.0,7.0
2026-01-23,Ambience Vasant Kunj,6.0,1.0,7.0
2026-01-23,Andheri,3.0,1.0,4.0
2026-01-23,Express Avenue,12.0,4.0,16.0
2026-01-23,Gurugram,2.0,10.0,12.0
2026-01-23,Indiranagar,10.0,5.0,15.0
2026-01-23,Inorbit mall Hyderabad,10.0,0.0,10.0
2026-01-23,Jaipur Store,3.0,3.0,6.0
2026-01-23,Jayanagar,2.0,0.0,2.0
2026-01-23,Jubilee Hills,4.0,14.0,18.0
2026-01-23,Juhu Store,6.0,5.0,11.0
2026-01-23,"Kalaghoda, Fort",8.0,5.0,13.0
2026-01-23,Kemps Corner,6.0,6.0,12.0
2026-01-23,Khan Market,7.0,3.0,10.0
2026-01-23,Kochi Store,,2.0,2.0
2026-01-23,Koregaon Park,1.0,1.0,2.0
2026-01-23,LakeShore Mall,6.0,0.0,6.0
2026-01-23,Lavelle Road,2.0,4.0,6.0
2026-01-23,"Mall of India, Noida",21.0,1.0,22.0
2026-01-23,Oberoi Mall Store,6.0,2.0,8.0
2026-01-23,Oberoi Sky City,3.0,2.0,5.0
2026-01-23,Phoenix Marketcity Kurla,9.0,1.0,10.0
2026-01-23,"Phoenix Marketcity, Whitefield",14.0,1.0,15.0
2026-01-23,Phoenix Palassio,8.0,0.0,8.0
2026-01-23,R.K. Salai,0.0,2.0,2.0
2026-01-23,Sarath City-Hyderabad,14.0,6.0,20.0
2026-01-23,Select City,4.0,2.0,6.0
2026-01-23,Shakespearesarani,7.0,2.0,9.0
2026-01-23,Sindhu Bhavan Marg,3.0,2.0,5.0
2026-01-23,South Ex.,10.0,3.0,13.0
2026-01-23,Vegas Dwarka,5.0,2.0,7.0
2026-01-23,Viviana Mall,10.0,3.0,13.0
2026-01-24,Ambience Vasant Kunj,22.0,2.0,24.0
2026-01-24,Andheri,5.0,6.0,11.0
2026-01-24,Express Avenue,12.0,4.0,16.0
2026-01-24,Gurugram,5.0,11.0,16.0
2026-01-24,Indiranagar,19.0,6.0,25.0
2026-01-24,Inorbit mall Hyderabad,42.0,3.0,45.0
2026-01-24,Jaipur Store,3.0,1.0,4.0
2026-01-24,Jayanagar,3.0,2.0,5.0
2026-01-24,Jubilee Hills,4.0,11.0,15.0
2026-01-24,Juhu Store,9.0,4.0,13.0
2026-01-24,"Kalaghoda, Fort",15.0,11.0,26.0
2026-01-24,Kemps Corner,14.0,13.0,27.0
2026-01-24,Khan Market,8.0,2.0,10.0
2026-01-24,Kochi Store,,3.0,3.0
2026-01-24,Koregaon Park,5.0,4.0,9.0
2026-01-24,LakeShore Mall,11.0,0.0,11.0
2026-01-24,Lavelle Road,5.0,7.0,12.0
2026-01-24,"Mall of India, Noida",30.0,1.0,31.0
2026-01-24,Oberoi Mall Store,10.0,8.0,18.0
2026-01-24,Oberoi Sky City,14.0,3.0,17.0
2026-01-24,Phoenix Marketcity Kurla,26.0,4.0,30.0
2026-01-24,"Phoenix Marketcity, Whitefield",35.0,3.0,38.0
2026-01-24,Phoenix Palassio,10.0,3.0,13.0
2026-01-24,R.K. Salai,3.0,0.0,3.0
2026-01-24,Sarath City-Hyderabad,24.0,4.0,28.0
2026-01-24,Select City,5.0,0.0,5.0
2026-01-24,Shakespearesarani,10.0,1.0,11.0
2026-01-24,Sindhu Bhavan Marg,8.0,8.0,16.0
2026-01-24,South Ex.,8.0,3.0,11.0
2026-01-24,Vegas Dwarka,11.0,3.0,14.0
2026-01-24,Viviana Mall,12.0,6.0,18.0
2026-01-25,Ambience Vasant Kunj,12.0,3.0,15.0
2026-01-25,Andheri,6.0,9.0,15.0
2026-01-25,Express Avenue,12.0,3.0,15.0
2026-01-25,Gurugram,14.0,12.0,26.0
2026-01-25,Indiranagar,24.0,10.0,34.0
2026-01-25,Inorbit mall Hyderabad,5.0,33.0,38.0
2026-01-25,Jaipur Store,5.0,4.0,9.0
2026-01-25,Jayanagar,5.0,3.0,8.0
2026-01-25,Jubilee Hills,17.0,6.0,23.0
2026-01-25,Juhu Store,8.0,7.0,15.0
2026-01-25,"Kalaghoda, Fort",26.0,9.0,35.0
2026-01-25,Kemps Corner,10.0,10.0,20.0
2026-01-25,Khan Market,7.0,2.0,9.0
2026-01-25,Kochi Store,,6.0,6.0
2026-01-25,Koregaon Park,13.0,9.0,22.0
2026-01-25,LakeShore Mall,22.0,0.0,22.0
2026-01-25,Lavelle Road,6.0,2.0,8.0
2026-01-25,"Mall of India, Noida",35.0,3.0,38.0
2026-01-25,Oberoi Mall Store,22.0,6.0,28.0
2026-01-25,Oberoi Sky City,15.0,7.0,22.0
2026-01-25,Phoenix Marketcity Kurla,17.0,3.0,20.0
2026-01-25,"Phoenix Marketcity, Whitefield",37.0,3.0,40.0
2026-01-25,Phoenix Palassio,14.0,3.0,17.0
2026-01-25,R.K. Salai,1.0,4.0,5.0
2026-01-25,Sarath City-Hyderabad,42.0,11.0,53.0
2026-01-25,Select City,13.0,3.0,16.0
2026-01-25,Shakespearesarani,6.0,3.0,9.0
2026-01-25,Sindhu Bhavan Marg,12.0,6.0,18.0
2026-01-25,South Ex.,6.0,7.0,13.0
2026-01-25,Vegas Dwarka,11.0,3.0,14.0
2026-01-25,Viviana Mall,4.0,28.0,32.0
2026-01-26,Ambience Vasant Kunj,17.0,4.0,21.0
2026-01-26,Andheri,3.0,11.0,14.0
2026-01-26,Express Avenue,16.0,4.0,20.0
2026-01-26,Gurugram,5.0,15.0,20.0
2026-01-26,Indiranagar,29.0,9.0,38.0
2026-01-26,Inorbit mall Hyderabad,47.0,11.0,58.0
2026-01-26,Jaipur Store,10.0,5.0,15.0
2026-01-26,Jayanagar,7.0,5.0,12.0
2026-01-26,Jubilee Hills,9.0,18.0,27.0
2026-01-26,Juhu Store,10.0,2.0,12.0
2026-01-26,"Kalaghoda, Fort",19.0,6.0,25.0
2026-01-26,Kemps Corner,6.0,8.0,14.0
2026-01-26,Khan Market,5.0,4.0,9.0
2026-01-26,Kochi Store,,3.0,3.0
2026-01-26,Koregaon Park,6.0,12.0,18.0
2026-01-26,LakeShore Mall,15.0,1.0,16.0
2026-01-26,Lavelle Road,5.0,5.0,10.0
2026-01-26,"Mall of India, Noida",22.0,1.0,23.0
2026-01-26,Oberoi Mall Store,17.0,4.0,21.0
2026-01-26,Oberoi Sky City,43.0,6.0,49.0
2026-01-26,Phoenix Marketcity Kurla,23.0,2.0,25.0
2026-01-26,"Phoenix Marketcity, Whitefield",32.0,5.0,37.0
2026-01-26,Phoenix Palassio,15.0,1.0,16.0
2026-01-26,R.K. Salai,1.0,4.0,5.0
2026-01-26,Sarath City-Hyderabad,39.0,4.0,43.0
2026-01-26,Select City,8.0,7.0,15.0
2026-01-26,Shakespearesarani,13.0,5.0,18.0
2026-01-26,Sindhu Bhavan Marg,10.0,12.0,22.0
2026-01-26,South Ex.,12.0,6.0,18.0
2026-01-26,Vegas Dwarka,10.0,1.0,11.0
2026-01-26,Viviana Mall,32.0,3.0,35.0
2026-01-27,Ambience Vasant Kunj,5.0,2.0,7.0
2026-01-27,Andheri,4.0,3.0,7.0
2026-01-27,Express Avenue,4.0,2.0,6.0
2026-01-27,Gurugram,2.0,4.0,6.0
2026-01-27,Indiranagar,5.0,2.0,7.0
2026-01-27,Inorbit mall Hyderabad,12.0,0.0,12.0
2026-01-27,Jaipur Store,10.0,2.0,12.0
2026-01-27,Jayanagar,1.0,1.0,2.0
2026-01-27,Jubilee Hills,3.0,6.0,9.0
2026-01-27,Juhu Store,4.0,2.0,6.0
2026-01-27,"Kalaghoda, Fort",11.0,6.0,17.0
2026-01-27,Kemps Corner,4.0,8.0,12.0
2026-01-27,Khan Market,6.0,2.0,8.0
2026-01-27,Kochi Store,,5.0,5.0
2026-01-27,Koregaon Park,4.0,2.0,6.0
2026-01-27,LakeShore Mall,6.0,1.0,7.0
2026-01-27,Lavelle Road,3.0,0.0,3.0
2026-01-27,"Mall of India, Noida",14.0,3.0,17.0
2026-01-27,Oberoi Mall Store,3.0,2.0,5.0
2026-01-27,Oberoi Sky City,5.0,2.0,7.0
2026-01-27,Phoenix Marketcity Kurla,9.0,1.0,10.0
2026-01-27,"Phoenix Marketcity, Whitefield",11.0,0.0,11.0
2026-01-27,Phoenix Palassio,5.0,1.0,6.0
2026-01-27,R.K. Salai,1.0,1.0,2.0
2026-01-27,Sarath City-Hyderabad,9.0,1.0,10.0
2026-01-27,Select City,4.0,1.0,5.0
2026-01-27,Shakespearesarani,3.0,7.0,10.0
2026-01-27,Sindhu Bhavan Marg,10.0,4.0,14.0
2026-01-27,South Ex.,4.0,3.0,7.0
2026-01-27,Vegas Dwarka,5.0,2.0,7.0
2026-01-27,Viviana Mall,5.0,0.0,5.0
2026-01-28,Ambience Vasant Kunj,7.0,0.0,7.0
2026-01-28,Andheri,1.0,3.0,4.0
2026-01-28,Express Avenue,7.0,0.0,7.0
2026-01-28,Gurugram,2.0,3.0,5.0
2026-01-28,Indiranagar,4.0,2.0,6.0
2026-01-28,Inorbit mall Hyderabad,10.0,2.0,12.0
2026-01-28,Jaipur Store,3.0,3.0,6.0
2026-01-28,Jayanagar,1.0,1.0,2.0
2026-01-28,Jubilee Hills,8.0,6.0,14.0
2026-01-28,Juhu Store,4.0,5.0,9.0
2026-01-28,"Kalaghoda, Fort",6.0,13.0,19.0
2026-01-28,Kemps Corner,5.0,7.0,12.0
2026-01-28,Khan Market,3.0,4.0,7.0
2026-01-28,Kochi Store,,2.0,2.0
2026-01-28,Koregaon Park,2.0,6.0,8.0
2026-01-28,LakeShore Mall,9.0,0.0,9.0
2026-01-28,Lavelle Road,0.0,4.0,4.0
2026-01-28,"Mall of India, Noida",13.0,1.0,14.0
2026-01-28,Oberoi Mall Store,3.0,2.0,5.0
2026-01-28,Oberoi Sky City,7.0,2.0,9.0
2026-01-28,Phoenix Marketcity Kurla,9.0,1.0,10.0
2026-01-28,"Phoenix Marketcity, Whitefield",10.0,0.0,10.0
2026-01-28,Phoenix Palassio,11.0,1.0,12.0
2026-01-28,R.K. Salai,2.0,3.0,5.0
2026-01-28,Sarath City-Hyderabad,9.0,2.0,11.0
2026-01-28,Select City,5.0,3.0,8.0
2026-01-28,Shakespearesarani,10.0,1.0,11.0
2026-01-28,Sindhu Bhavan Marg,3.0,5.0,8.0
2026-01-28,South Ex.,6.0,4.0,10.0
2026-01-28,Vegas Dwarka,3.0,1.0,4.0
2026-01-28,Viviana Mall,11.0,1.0,12.0
2026-01-29,Ambience Vasant Kunj,7.0,1.0,8.0
2026-01-29,Andheri,1.0,6.0,7.0
2026-01-29,Express Avenue,20.0,1.0,21.0
2026-01-29,Gurugram,4.0,3.0,7.0
2026-01-29,Indiranagar,8.0,2.0,10.0
2026-01-29,Inorbit mall Hyderabad,31.0,2.0,33.0
2026-01-29,Jaipur Store,3.0,1.0,4.0
2026-01-29,Jayanagar,2.0,0.0,2.0
2026-01-29,Jubilee Hills,6.0,6.0,12.0
2026-01-29,Juhu Store,6.0,2.0,8.0
2026-01-29,"Kalaghoda, Fort",9.0,6.0,15.0
2026-01-29,Kemps Corner,5.0,5.0,10.0
2026-01-29,Khan Market,11.0,2.0,13.0
2026-01-29,Kochi Store,,4.0,4.0
2026-01-29,Koregaon Park,3.0,3.0,6.0
2026-01-29,LakeShore Mall,8.0,0.0,8.0
2026-01-29,Lavelle Road,3.0,3.0,6.0
2026-01-29,"Mall of India, Noida",11.0,2.0,13.0
2026-01-29,Oberoi Mall Store,5.0,0.0,5.0
2026-01-29,Oberoi Sky City,4.0,1.0,5.0
2026-01-29,Phoenix Marketcity Kurla,7.0,0.0,7.0
2026-01-29,"Phoenix Marketcity, Whitefield",8.0,1.0,9.0
2026-01-29,Phoenix Palassio,8.0,0.0,8.0
2026-01-29,R.K. Salai,2.0,2.0,4.0
2026-01-29,Sarath City-Hyderabad,25.0,4.0,29.0
2026-01-29,Select City,5.0,2.0,7.0
2026-01-29,Shakespearesarani,4.0,3.0,7.0
2026-01-29,Sindhu Bhavan Marg,3.0,1.0,4.0
2026-01-29,South Ex.,3.0,1.0,4.0
2026-01-29,Vegas Dwarka,7.0,0.0,7.0
2026-01-29,Viviana Mall,14.0,1.0,15.0
2026-01-30,Ambience Vasant Kunj,8.0,0.0,8.0
2026-01-30,Andheri,1.0,2.0,3.0
2026-01-30,Express Avenue,10.0,0.0,10.0
2026-01-30,Gurugram,2.0,1.0,3.0
2026-01-30,Indiranagar,3.0,6.0,9.0
2026-01-30,Inorbit mall Hyderabad,11.0,1.0,12.0
2026-01-30,Jaipur Store,5.0,2.0,7.0
2026-01-30,Jayanagar,2.0,0.0,2.0
2026-01-30,Jubilee Hills,0.0,0.0,0.0
2026-01-30,Juhu Store,6.0,7.0,13.0
2026-01-30,"Kalaghoda, Fort",8.0,4.0,12.0
2026-01-30,Kemps Corner,1.0,6.0,7.0
2026-01-30,Khan Market,4.0,2.0,6.0
2026-01-30,Kochi Store,,3.0,3.0
2026-01-30,Koregaon Park,3.0,4.0,7.0
2026-01-30,LakeShore Mall,7.0,0.0,7.0
2026-01-30,Lavelle Road,3.0,4.0,7.0
2026-01-30,"Mall of India, Noida",11.0,4.0,15.0
2026-01-30,Oberoi Mall Store,4.0,4.0,8.0
2026-01-30,Oberoi Sky City,5.0,0.0,5.0
2026-01-30,Phoenix Marketcity Kurla,6.0,2.0,8.0
2026-01-30,"Phoenix Marketcity, Whitefield",20.0,0.0,20.0
2026-01-30,Phoenix Palassio,9.0,3.0,12.0
2026-01-30,R.K. Salai,0.0,1.0,1.0
2026-01-30,Sarath City-Hyderabad,15.0,3.0,18.0
2026-01-30,Select City,7.0,3.0,10.0
2026-01-30,Shakespearesarani,10.0,0.0,10.0
2026-01-30,Sindhu Bhavan Marg,6.0,1.0,7.0
2026-01-30,South Ex.,3.0,0.0,3.0
2026-01-30,Vegas Dwarka,4.0,0.0,4.0
2026-01-30,Viviana Mall,3.0,0.0,3.0
2026-01-31,Ambience Vasant Kunj,14.0,2.0,16.0
2026-01-31,Andheri,3.0,6.0,9.0
2026-01-31,Express Avenue,14.0,2.0,16.0
2026-01-31,Gurugram,5.0,7.0,12.0
2026-01-31,Indiranagar,22.0,4.0,26.0
2026-01-31,Inorbit mall Hyderabad,63.0,8.0,71.0
2026-01-31,Jaipur Store,6.0,4.0,10.0
2026-01-31,Jayanagar,7.0,0.0,7.0
2026-01-31,Jubilee Hills,6.0,7.0,13.0
2026-01-31,Juhu Store,6.0,,6.0
2026-01-31,"Kalaghoda, Fort",10.0,10.0,20.0
2026-01-31,Kemps Corner,11.0,8.0,19.0
2026-01-31,Khan Market,10.0,2.0,12.0
2026-01-31,Kochi Store,,2.0,2.0
2026-01-31,Koregaon Park,7.0,9.0,16.0
2026-01-31,LakeShore Mall,13.0,0.0,13.0
2026-01-31,Lavelle Road,3.0,6.0,9.0
2026-01-31,"Mall of India, Noida",18.0,5.0,23.0
2026-01-31,Oberoi Mall Store,20.0,8.0,28.0
2026-01-31,Oberoi Sky City,12.0,2.0,14.0
2026-01-31,Phoenix Marketcity Kurla,7.0,2.0,9.0
2026-01-31,"Phoenix Marketcity, Whitefield",27.0,3.0,30.0
2026-01-31,Phoenix Palassio,7.0,1.0,8.0
2026-01-31,R.K. Salai,0.0,3.0,3.0
2026-01-31,Sarath City-Hyderabad,29.0,5.0,34.0
2026-01-31,Select City,5.0,2.0,7.0
2026-01-31,Shakespearesarani,9.0,4.0,13.0
2026-01-31,Sindhu Bhavan Marg,2.0,3.0,5.0
2026-01-31,South Ex.,5.0,4.0,9.0
2026-01-31,Vegas Dwarka,7.0,3.0,10.0
2026-01-31,Viviana Mall,22.0,2.0,24.0
2026-02-01,Ambience Vasant Kunj,20.0,1.0,21.0
2026-02-01,Andheri,7.0,7.0,14.0
2026-02-01,Express Avenue,18.0,4.0,22.0
2026-02-01,Gurugram,6.0,12.0,18.0
2026-02-01,Indiranagar,25.0,12.0,37.0
2026-02-01,Inorbit mall Hyderabad,28.0,3.0,31.0
2026-02-01,Jaipur Store,6.0,2.0,8.0
2026-02-01,Jayanagar,4.0,4.0,8.0
2026-02-01,Jubilee Hills,10.0,9.0,19.0
2026-02-01,Juhu Store,17.0,5.0,22.0
2026-02-01,"Kalaghoda, Fort",17.0,11.0,28.0
2026-02-01,Kemps Corner,9.0,17.0,26.0
2026-02-01,Khan Market,5.0,2.0,7.0
2026-02-01,Kochi Store,0.0,0.0,0.0
2026-02-01,Koregaon Park,10.0,0.0,10.0
2026-02-01,LakeShore Mall,14.0,2.0,16.0
2026-02-01,Lavelle Road,3.0,7.0,10.0
2026-02-01,"Mall of India, Noida",10.0,4.0,14.0
2026-02-01,Oberoi Mall Store,10.0,12.0,22.0
2026-02-01,Oberoi Sky City,16.0,6.0,22.0
2026-02-01,"Pali Hill, Bandra",10.0,26.0,36.0
2026-02-01,Phoenix Marketcity Kurla,7.0,4.0,11.0
2026-02-01,"Phoenix Marketcity, Whitefield",37.0,1.0,38.0
2026-02-01,Phoenix Palassio,4.0,3.0,7.0
2026-02-01,R.K. Salai,2.0,4.0,6.0
2026-02-01,Sarath City-Hyderabad,30.0,5.0,35.0
2026-02-01,Select City,8.0,5.0,13.0
2026-02-01,Shakespearesarani,13.0,2.0,15.0
2026-02-01,Sindhu Bhavan Marg,9.0,8.0,17.0
2026-02-01,South Ex.,8.0,3.0,11.0
2026-02-01,Vegas Dwarka,12.0,0.0,12.0
2026-02-01,Viviana Mall,24.0,4.0,28.0
2026-02-02,Ambience Vasant Kunj,3.0,3.0,6.0
2026-02-02,Andheri,2.0,3.0,5.0
2026-02-02,Express Avenue,15.0,2.0,17.0
2026-02-02,Gurugram,2.0,2.0,4.0
2026-02-02,Indiranagar,9.0,2.0,11.0
2026-02-02,Inorbit mall Hyderabad,23.0,4.0,27.0
2026-02-02,Jaipur Store,4.0,0.0,4.0
2026-02-02,Jayanagar,2.0,3.0,5.0
2026-02-02,Jubilee Hills,8.0,2.0,10.0
2026-02-02,Juhu Store,3.0,1.0,4.0
2026-02-02,"Kalaghoda, Fort",5.0,13.0,18.0
2026-02-02,Kemps Corner,6.0,4.0,10.0
2026-02-02,Khan Market,8.0,2.0,10.0
2026-02-02,Kochi Store,0.0,0.0,0.0
2026-02-02,Koregaon Park,1.0,4.0,5.0
2026-02-02,LakeShore Mall,9.0,1.0,10.0
2026-02-02,Lavelle Road,2.0,1.0,3.0
2026-02-02,"Mall of India, Noida",8.0,1.0,9.0
2026-02-02,Oberoi Mall Store,4.0,1.0,5.0
2026-02-02,Oberoi Sky City,20.0,0.0,20.0
2026-02-02,"Pali Hill, Bandra",10.0,5.0,15.0
2026-02-02,Phoenix Marketcity Kurla,6.0,1.0,7.0
2026-02-02,"Phoenix Marketcity, Whitefield",8.0,2.0,10.0
2026-02-02,Phoenix Palassio,8.0,2.0,10.0
2026-02-02,R.K. Salai,1.0,0.0,1.0
2026-02-02,Sarath City-Hyderabad,9.0,3.0,12.0
2026-02-02,Select City,4.0,1.0,5.0
2026-02-02,Shakespearesarani,7.0,2.0,9.0
2026-02-02,Sindhu Bhavan Marg,6.0,4.0,10.0
2026-02-02,South Ex.,1.0,1.0,2.0
2026-02-02,Vegas Dwarka,5.0,0.0,5.0
2026-02-02,Viviana Mall,10.0,2.0,12.0
2026-02-03,Ambience Vasant Kunj,8.0,1.0,9.0
2026-02-03,Andheri,2.0,3.0,5.0
2026-02-03,Express Avenue,8.0,2.0,10.0
2026-02-03,Gurugram,1.0,4.0,5.0
2026-02-03,Indiranagar,5.0,2.0,7.0
2026-02-03,Inorbit mall Hyderabad,21.0,3.0,24.0
2026-02-03,Jaipur Store,4.0,1.0,5.0
2026-02-03,Jayanagar,3.0,0.0,3.0
2026-02-03,Jubilee Hills,3.0,9.0,12.0
2026-02-03,Juhu Store,3.0,4.0,7.0
2026-02-03,"Kalaghoda, Fort",14.0,3.0,17.0
2026-02-03,Kemps Corner,6.0,5.0,11.0
2026-02-03,Khan Market,5.0,2.0,7.0
2026-02-03,Kochi Store,0.0,0.0,0.0
2026-02-03,Koregaon Park,7.0,2.0,9.0
2026-02-03,LakeShore Mall,5.0,1.0,6.0
2026-02-03,Lavelle Road,1.0,8.0,9.0
2026-02-03,"Mall of India, Noida",11.0,2.0,13.0
2026-02-03,Oberoi Mall Store,7.0,1.0,8.0
2026-02-03,Oberoi Sky City,8.0,1.0,9.0
2026-02-03,"Pali Hill, Bandra",6.0,14.0,20.0
2026-02-03,Phoenix Marketcity Kurla,8.0,1.0,9.0
2026-02-03,"Phoenix Marketcity, Whitefield",10.0,0.0,10.0
2026-02-03,Phoenix Palassio,16.0,4.0,20.0
2026-02-03,R.K. Salai,1.0,3.0,4.0
2026-02-03,Sarath City-Hyderabad,13.0,3.0,16.0
2026-02-03,Select City,10.0,0.0,10.0
2026-02-03,Shakespearesarani,5.0,6.0,11.0
2026-02-03,Sindhu Bhavan Marg,1.0,2.0,3.0
2026-02-03,South Ex.,3.0,2.0,5.0
2026-02-03,Vegas Dwarka,6.0,2.0,8.0
2026-02-03,Viviana Mall,8.0,1.0,9.0
2026-02-04,Ambience Vasant Kunj,12.0,2.0,14.0
2026-02-04,Andheri,1.0,1.0,2.0
2026-02-04,Express Avenue,11.0,1.0,12.0
2026-02-04,Gurugram,1.0,5.0,6.0
2026-02-04,Indiranagar,4.0,1.0,5.0
2026-02-04,Inorbit mall Hyderabad,18.0,1.0,19.0
2026-02-04,Jaipur Store,5.0,0.0,5.0
2026-02-04,Jayanagar,2.0,3.0,5.0
2026-02-04,Jubilee Hills,5.0,9.0,14.0
2026-02-04,Juhu Store,4.0,2.0,6.0
2026-02-04,"Kalaghoda, Fort",11.0,11.0,22.0
2026-02-04,Kemps Corner,5.0,11.0,16.0
2026-02-04,Khan Market,5.0,3.0,8.0
2026-02-04,Kochi Store,0.0,0.0,0.0
2026-02-04,Koregaon Park,7.0,3.0,10.0
2026-02-04,LakeShore Mall,8.0,1.0,9.0
2026-02-04,Lavelle Road,0.0,3.0,3.0
2026-02-04,"Mall of India, Noida",7.0,1.0,8.0
2026-02-04,Oberoi Mall Store,5.0,2.0,7.0
2026-02-04,Oberoi Sky City,11.0,1.0,12.0
2026-02-04,"Pali Hill, Bandra",8.0,10.0,18.0
2026-02-04,Phoenix Marketcity Kurla,6.0,0.0,6.0
2026-02-04,"Phoenix Marketcity, Whitefield",11.0,0.0,11.0
2026-02-04,Phoenix Palassio,12.0,0.0,12.0
2026-02-04,R.K. Salai,0.0,0.0,0.0
2026-02-04,Sarath City-Hyderabad,9.0,1.0,10.0
2026-02-04,Select City,4.0,2.0,6.0
2026-02-04,Shakespearesarani,7.0,2.0,9.0
2026-02-04,Sindhu Bhavan Marg,2.0,6.0,8.0
2026-02-04,South Ex.,5.0,4.0,9.0
2026-02-04,Vegas Dwarka,6.0,2.0,8.0
2026-02-04,Viviana Mall,12.0,0.0,12.0
2026-02-05,Ambience Vasant Kunj,8.0,3.0,11.0
2026-02-05,Andheri,1.0,1.0,2.0
2026-02-05,Express Avenue,15.0,1.0,16.0
2026-02-05,Gurugram,1.0,9.0,10.0
2026-02-05,Indiranagar,3.0,3.0,6.0
2026-02-05,Inorbit mall Hyderabad,16.0,4.0,20.0
2026-02-05,Jaipur Store,4.0,3.0,7.0
2026-02-05,Jayanagar,2.0,2.0,4.0
2026-02-05,Jubilee Hills,4.0,7.0,11.0
2026-02-05,Juhu Store,5.0,7.0,12.0
2026-02-05,"Kalaghoda, Fort",8.0,7.0,15.0
2026-02-05,Kemps Corner,1.0,7.0,8.0
2026-02-05,Khan Market,8.0,2.0,10.0
2026-02-05,Kochi Store,0.0,0.0,0.0
2026-02-05,Koregaon Park,2.0,5.0,7.0
2026-02-05,LakeShore Mall,8.0,0.0,8.0
2026-02-05,Lavelle Road,2.0,2.0,4.0
2026-02-05,"Mall of India, Noida",9.0,5.0,14.0
2026-02-05,Oberoi Mall Store,5.0,1.0,6.0
2026-02-05,Oberoi Sky City,0.0,0.0,0.0
2026-02-05,"Pali Hill, Bandra",8.0,3.0,11.0
2026-02-05,Phoenix Marketcity Kurla,5.0,1.0,6.0
2026-02-05,"Phoenix Marketcity, Whitefield",9.0,0.0,9.0
2026-02-05,Phoenix Palassio,7.0,1.0,8.0
2026-02-05,R.K. Salai,13.0,4.0,17.0
2026-02-05,Sarath City-Hyderabad,15.0,3.0,18.0
2026-02-05,Select City,5.0,0.0,5.0
2026-02-05,Shakespearesarani,3.0,0.0,3.0
2026-02-05,Sindhu Bhavan Marg,3.0,7.0,10.0
2026-02-05,South Ex.,3.0,0.0,3.0
2026-02-05,Vegas Dwarka,4.0,0.0,4.0
2026-02-05,Viviana Mall,7.0,1.0,8.0
2026-02-06,Ambience Vasant Kunj,7.0,2.0,9.0
2026-02-06,Andheri,2.0,1.0,3.0
2026-02-06,Express Avenue,15.0,2.0,17.0
2026-02-06,Gurugram,4.0,2.0,6.0
2026-02-06,Indiranagar,2.0,2.0,4.0
2026-02-06,Inorbit mall Hyderabad,27.0,3.0,30.0
2026-02-06,Jaipur Store,10.0,1.0,11.0
2026-02-06,Jayanagar,2.0,2.0,4.0
2026-02-06,Jubilee Hills,4.0,15.0,19.0
2026-02-06,Juhu Store,2.0,7.0,9.0
2026-02-06,"Kalaghoda, Fort",9.0,6.0,15.0
2026-02-06,Kemps Corner,5.0,14.0,19.0
2026-02-06,Khan Market,6.0,2.0,8.0
2026-02-06,Kochi Store,0.0,0.0,0.0
2026-02-06,Koregaon Park,1.0,2.0,3.0
2026-02-06,LakeShore Mall,0.0,2.0,2.0
2026-02-06,Lavelle Road,3.0,3.0,6.0
2026-02-06,"Mall of India, Noida",7.0,3.0,10.0
2026-02-06,Oberoi Mall Store,7.0,1.0,8.0
2026-02-06,Oberoi Sky City,11.0,1.0,12.0
2026-02-06,"Pali Hill, Bandra",6.0,5.0,11.0
2026-02-06,Phoenix Marketcity Kurla,7.0,2.0,9.0
2026-02-06,"Phoenix Marketcity, Whitefield",12.0,5.0,17.0
2026-02-06,Phoenix Palassio,10.0,1.0,11.0
2026-02-06,R.K. Salai,3.0,1.0,4.0
2026-02-06,Sarath City-Hyderabad,22.0,3.0,25.0
2026-02-06,Select City,6.0,2.0,8.0
2026-02-06,Shakespearesarani,15.0,3.0,18.0
2026-02-06,Sindhu Bhavan Marg,5.0,1.0,6.0
2026-02-06,South Ex.,3.0,2.0,5.0
2026-02-06,Vegas Dwarka,4.0,2.0,6.0
2026-02-06,Viviana Mall,8.0,0.0,8.0
2026-02-07,Ambience Vasant Kunj,23.0,4.0,27.0
2026-02-07,Andheri,4.0,2.0,6.0
2026-02-07,Express Avenue,20.0,7.0,27.0
2026-02-07,Gurugram,5.0,10.0,15.0
2026-02-07,Indiranagar,10.0,7.0,17.0
2026-02-07,Inorbit mall Hyderabad,37.0,5.0,42.0
2026-02-07,Jaipur Store,7.0,3.0,10.0
2026-02-07,Jayanagar,1.0,2.0,3.0
2026-02-07,Jubilee Hills,9.0,8.0,17.0
2026-02-07,Juhu Store,7.0,7.0,14.0
2026-02-07,"Kalaghoda, Fort",20.0,9.0,29.0
2026-02-07,Kemps Corner,10.0,13.0,23.0
2026-02-07,Khan Market,10.0,2.0,12.0
2026-02-07,Kochi Store,0.0,0.0,0.0
2026-02-07,Koregaon Park,11.0,9.0,20.0
2026-02-07,LakeShore Mall,8.0,2.0,10.0
2026-02-07,Lavelle Road,4.0,7.0,11.0
2026-02-07,"Mall of India, Noida",10.0,4.0,14.0
2026-02-07,Oberoi Mall Store,7.0,9.0,16.0
2026-02-07,Oberoi Sky City,22.0,5.0,27.0
2026-02-07,"Pali Hill, Bandra",12.0,14.0,26.0
2026-02-07,Phoenix Marketcity Kurla,10.0,2.0,12.0
2026-02-07,"Phoenix Marketcity, Whitefield",26.0,3.0,29.0
2026-02-07,Phoenix Palassio,12.0,2.0,14.0
2026-02-07,R.K. Salai,2.0,3.0,5.0
2026-02-07,Sarath City-Hyderabad,27.0,6.0,33.0
2026-02-07,Select City,7.0,3.0,10.0
2026-02-07,Shakespearesarani,9.0,4.0,13.0
2026-02-07,Sindhu Bhavan Marg,3.0,5.0,8.0
2026-02-07,South Ex.,4.0,5.0,9.0
2026-02-07,Vegas Dwarka,8.0,2.0,10.0
2026-02-07,Viviana Mall,3.0,19.0,22.0
2026-02-08,Ambience Vasant Kunj,8.0,5.0,13.0
2026-02-08,Andheri,5.0,3.0,8.0
2026-02-08,Express Avenue,22.0,3.0,25.0
2026-02-08,Gurugram,6.0,13.0,19.0
2026-02-08,Indiranagar,13.0,15.0,28.0
2026-02-08,Inorbit mall Hyderabad,41.0,5.0,46.0
2026-02-08,Jaipur Store,6.0,7.0,13.0
2026-02-08,Jayanagar,5.0,3.0,8.0
2026-02-08,Jubilee Hills,18.0,17.0,35.0
2026-02-08,Juhu Store,7.0,11.0,18.0
2026-02-08,"Kalaghoda, Fort",7.0,24.0,31.0
2026-02-08,Kemps Corner,19.0,21.0,40.0
2026-02-08,Khan Market,6.0,8.0,14.0
2026-02-08,Kochi Store,0.0,0.0,0.0
2026-02-08,Koregaon Park,7.0,3.0,10.0
2026-02-08,LakeShore Mall,15.0,0.0,15.0
2026-02-08,Lavelle Road,4.0,3.0,7.0
2026-02-08,"Mall of India, Noida",,8.0,8.0
2026-02-08,Oberoi Mall Store,27.0,14.0,41.0
2026-02-08,Oberoi Sky City,33.0,5.0,38.0
2026-02-08,"Pali Hill, Bandra",14.0,12.0,26.0
2026-02-08,Phoenix Marketcity Kurla,43.0,7.0,50.0
2026-02-08,"Phoenix Marketcity, Whitefield",47.0,4.0,51.0
2026-02-08,Phoenix Palassio,14.0,3.0,17.0
2026-02-08,R.K. Salai,4.0,4.0,8.0
2026-02-08,Sarath City-Hyderabad,50.0,7.0,57.0
2026-02-08,Select City,6.0,3.0,9.0
2026-02-08,Shakespearesarani,13.0,6.0,19.0
2026-02-08,Sindhu Bhavan Marg,5.0,5.0,10.0
2026-02-08,South Ex.,14.0,4.0,18.0
2026-02-08,Vegas Dwarka,13.0,2.0,15.0
2026-02-08,Viviana Mall,6.0,29.0,35.0
2026-02-09,Ambience Vasant Kunj,6.0,2.0,8.0
2026-02-09,Andheri,2.0,2.0,4.0
2026-02-09,Express Avenue,0.0,10.0,10.0
2026-02-09,Gurugram,1.0,5.0,6.0
2026-02-09,Indiranagar,6.0,5.0,11.0
2026-02-09,Inorbit mall Hyderabad,16.0,0.0,16.0
2026-02-09,Jaipur Store,3.0,2.0,5.0
2026-02-09,Jayanagar,2.0,0.0,2.0
2026-02-09,Jubilee Hills,3.0,10.0,13.0
2026-02-09,Juhu Store,2.0,6.0,8.0
2026-02-09,"Kalaghoda, Fort",16.0,4.0,20.0
2026-02-09,Kemps Corner,0.0,7.0,7.0
2026-02-09,Khan Market,9.0,2.0,11.0
2026-02-09,Kochi Store,0.0,0.0,0.0
2026-02-09,Koregaon Park,8.0,2.0,10.0
2026-02-09,LakeShore Mall,9.0,0.0,9.0
2026-02-09,Lavelle Road,3.0,2.0,5.0
2026-02-09,"Mall of India, Noida",8.0,2.0,10.0
2026-02-09,Oberoi Mall Store,7.0,6.0,13.0
2026-02-09,Oberoi Sky City,13.0,3.0,16.0
2026-02-09,"Pali Hill, Bandra",4.0,11.0,15.0
2026-02-09,Phoenix Marketcity Kurla,6.0,2.0,8.0
2026-02-09,"Phoenix Marketcity, Whitefield",10.0,1.0,11.0
2026-02-09,Phoenix Palassio,5.0,4.0,9.0
2026-02-09,R.K. Salai,2.0,2.0,4.0
2026-02-09,Sarath City-Hyderabad,17.0,2.0,19.0
2026-02-09,Select City,6.0,1.0,7.0
2026-02-09,Shakespearesarani,7.0,3.0,10.0
2026-02-09,Sindhu Bhavan Marg,3.0,3.0,6.0
2026-02-09,South Ex.,0.0,1.0,1.0
2026-02-09,Vegas Dwarka,10.0,5.0,15.0
2026-02-09,Viviana Mall,4.0,12.0,16.0
2026-02-10,Ambience Vasant Kunj,7.0,1.0,8.0
2026-02-10,Andheri,2.0,1.0,3.0
2026-02-10,Express Avenue,21.0,3.0,24.0
2026-02-10,Gurugram,3.0,2.0,5.0
2026-02-10,Indiranagar,5.0,3.0,8.0
2026-02-10,Inorbit mall Hyderabad,15.0,1.0,16.0
2026-02-10,Jaipur Store,9.0,1.0,10.0
2026-02-10,Jayanagar,1.0,3.0,4.0
2026-02-10,Jubilee Hills,3.0,13.0,16.0
2026-02-10,Juhu Store,2.0,2.0,4.0
2026-02-10,"Kalaghoda, Fort",16.0,4.0,20.0
2026-02-10,Kemps Corner,8.0,4.0,12.0
2026-02-10,Khan Market,7.0,3.0,10.0
2026-02-10,Kochi Store,0.0,0.0,0.0
2026-02-10,Koregaon Park,1.0,2.0,3.0
2026-02-10,LakeShore Mall,5.0,1.0,6.0
2026-02-10,Lavelle Road,2.0,2.0,4.0
2026-02-10,"Mall of India, Noida",5.0,5.0,10.0
2026-02-10,Oberoi Mall Store,10.0,2.0,12.0
2026-02-10,Oberoi Sky City,0.0,0.0,0.0
2026-02-10,"Pali Hill, Bandra",8.0,4.0,12.0
2026-02-10,Phoenix Marketcity Kurla,10.0,0.0,10.0
2026-02-10,"Phoenix Marketcity, Whitefield",8.0,2.0,10.0
2026-02-10,Phoenix Palassio,20.0,2.0,22.0
2026-02-10,R.K. Salai,0.0,3.0,3.0
2026-02-10,Sarath City-Hyderabad,21.0,3.0,24.0
2026-02-10,Select City,4.0,2.0,6.0
2026-02-10,Shakespearesarani,6.0,2.0,8.0
2026-02-10,Sindhu Bhavan Marg,3.0,3.0,6.0
2026-02-10,South Ex.,4.0,1.0,5.0
2026-02-10,Vegas Dwarka,6.0,1.0,7.0
2026-02-10,Viviana Mall,7.0,1.0,8.0
2026-02-11,Ambience Vasant Kunj,8.0,1.0,9.0
2026-02-11,Andheri,3.0,2.0,5.0
2026-02-11,Express Avenue,8.0,21.0,29.0
2026-02-11,Gurugram,3.0,3.0,6.0
2026-02-11,Indiranagar,4.0,1.0,5.0
2026-02-11,Inorbit mall Hyderabad,21.0,2.0,23.0
2026-02-11,Jaipur Store,4.0,4.0,8.0
2026-02-11,Jayanagar,4.0,1.0,5.0
2026-02-11,Jubilee Hills,3.0,13.0,16.0
2026-02-11,Juhu Store,3.0,9.0,12.0
2026-02-11,"Kalaghoda, Fort",14.0,6.0,20.0
2026-02-11,Kemps Corner,9.0,7.0,16.0
2026-02-11,Khan Market,8.0,7.0,15.0
2026-02-11,Kochi Store,0.0,0.0,0.0
2026-02-11,Koregaon Park,2.0,6.0,8.0
2026-02-11,LakeShore Mall,13.0,2.0,15.0
2026-02-11,Lavelle Road,4.0,4.0,8.0
2026-02-11,"Mall of India, Noida",5.0,1.0,6.0
2026-02-11,Oberoi Mall Store,5.0,5.0,10.0
2026-02-11,Oberoi Sky City,17.0,0.0,17.0
2026-02-11,"Pali Hill, Bandra",10.0,7.0,17.0
2026-02-11,Phoenix Marketcity Kurla,4.0,1.0,5.0
2026-02-11,"Phoenix Marketcity, Whitefield",6.0,3.0,9.0
2026-02-11,Phoenix Palassio,13.0,0.0,13.0
2026-02-11,R.K. Salai,4.0,0.0,4.0
2026-02-11,Sarath City-Hyderabad,17.0,4.0,21.0
2026-02-11,Select City,7.0,0.0,7.0
2026-02-11,Shakespearesarani,11.0,3.0,14.0
2026-02-11,Sindhu Bhavan Marg,6.0,3.0,9.0
2026-02-11,South Ex.,4.0,3.0,7.0
2026-02-11,Vegas Dwarka,5.0,0.0,5.0
2026-02-11,Viviana Mall,6.0,2.0,8.0
2026-02-12,Ambience Vasant Kunj,7.0,1.0,8.0
2026-02-12,Andheri,2.0,5.0,7.0
2026-02-12,Express Avenue,13.0,3.0,16.0
2026-02-12,Gurugram,2.0,4.0,6.0
2026-02-12,Indiranagar,0.0,4.0,4.0
2026-02-12,Inorbit mall Hyderabad,27.0,2.0,29.0
2026-02-12,Jaipur Store,4.0,1.0,5.0
2026-02-12,Jayanagar,0.0,1.0,1.0
2026-02-12,Jubilee Hills,6.0,12.0,18.0
2026-02-12,Juhu Store,2.0,2.0,4.0
2026-02-12,"Kalaghoda, Fort",11.0,5.0,16.0
2026-02-12,Kemps Corner,12.0,5.0,17.0
2026-02-12,Khan Market,7.0,2.0,9.0
2026-02-12,Kochi Store,0.0,0.0,0.0
2026-02-12,Koregaon Park,3.0,9.0,12.0
2026-02-12,LakeShore Mall,0.0,0.0,0.0
2026-02-12,Lavelle Road,3.0,2.0,5.0
2026-02-12,"Mall of India, Noida",7.0,3.0,10.0
2026-02-12,Oberoi Mall Store,5.0,0.0,5.0
2026-02-12,Oberoi Sky City,13.0,1.0,14.0
2026-02-12,"Pali Hill, Bandra",9.0,15.0,24.0
2026-02-12,Phoenix Marketcity Kurla,8.0,0.0,8.0
2026-02-12,"Phoenix Marketcity, Whitefield",9.0,0.0,9.0
2026-02-12,Phoenix Palassio,19.0,2.0,21.0
2026-02-12,R.K. Salai,1.0,1.0,2.0
2026-02-12,Sarath City-Hyderabad,17.0,2.0,19.0
2026-02-12,Select City,5.0,0.0,5.0
2026-02-12,Shakespearesarani,7.0,5.0,12.0
2026-02-12,Sindhu Bhavan Marg,6.0,2.0,8.0
2026-02-12,South Ex.,7.0,2.0,9.0
2026-02-12,Vegas Dwarka,5.0,2.0,7.0
2026-02-12,Viviana Mall,11.0,1.0,12.0
2026-02-13,Ambience Vasant Kunj,8.0,0.0,8.0
2026-02-13,Andheri,4.0,2.0,6.0
2026-02-13,Express Avenue,13.0,0.0,13.0
2026-02-13,Gurugram,2.0,4.0,6.0
2026-02-13,Indiranagar,0.0,3.0,3.0
2026-02-13,Inorbit mall Hyderabad,22.0,2.0,24.0
2026-02-13,Jaipur Store,4.0,1.0,5.0
2026-02-13,Jayanagar,3.0,5.0,8.0
2026-02-13,Jubilee Hills,5.0,15.0,20.0
2026-02-13,Juhu Store,2.0,5.0,7.0
2026-02-13,"Kalaghoda, Fort",14.0,5.0,19.0
2026-02-13,Kemps Corner,5.0,8.0,13.0
2026-02-13,Khan Market,10.0,4.0,14.0
2026-02-13,Kochi Store,0.0,0.0,0.0
2026-02-13,Koregaon Park,3.0,1.0,4.0
2026-02-13,LakeShore Mall,7.0,1.0,8.0
2026-02-13,Lavelle Road,4.0,3.0,7.0
2026-02-13,"Mall of India, Noida",8.0,3.0,11.0
2026-02-13,Oberoi Mall Store,3.0,3.0,6.0
2026-02-13,Oberoi Sky City,14.0,2.0,16.0
2026-02-13,"Pali Hill, Bandra",6.0,10.0,16.0
2026-02-13,Phoenix Marketcity Kurla,8.0,1.0,9.0
2026-02-13,"Phoenix Marketcity, Whitefield",8.0,5.0,13.0
2026-02-13,Phoenix Palassio,12.0,3.0,15.0
2026-02-13,R.K. Salai,2.0,1.0,3.0
2026-02-13,Sarath City-Hyderabad,21.0,4.0,25.0
2026-02-13,Select City,11.0,0.0,11.0
2026-02-13,Shakespearesarani,7.0,0.0,7.0
2026-02-13,Sindhu Bhavan Marg,3.0,3.0,6.0
2026-02-13,South Ex.,5.0,3.0,8.0
2026-02-13,Vegas Dwarka,4.0,1.0,5.0
2026-02-13,Viviana Mall,7.0,0.0,7.0
2026-02-14,Ambience Vasant Kunj,6.0,2.0,8.0
2026-02-14,Andheri,4.0,4.0,8.0
2026-02-14,Express Avenue,9.0,3.0,12.0
2026-02-14,Gurugram,6.0,10.0,16.0
2026-02-14,Indiranagar,0.0,8.0,8.0
2026-02-14,Inorbit mall Hyderabad,39.0,5.0,44.0
2026-02-14,Jaipur Store,6.0,3.0,9.0
2026-02-14,Jayanagar,9.0,5.0,14.0
2026-02-14,Jubilee Hills,7.0,13.0,20.0
2026-02-14,Juhu Store,5.0,7.0,12.0
2026-02-14,"Kalaghoda, Fort",20.0,10.0,30.0
2026-02-14,Kemps Corner,13.0,16.0,29.0
2026-02-14,Khan Market,9.0,4.0,13.0
2026-02-14,Kochi Store,0.0,0.0,0.0
2026-02-14,Koregaon Park,10.0,8.0,18.0
2026-02-14,LakeShore Mall,8.0,0.0,8.0
2026-02-14,Lavelle Road,7.0,2.0,9.0
2026-02-14,"Mall of India, Noida",13.0,4.0,17.0
2026-02-14,Oberoi Mall Store,8.0,5.0,13.0
2026-02-14,Oberoi Sky City,40.0,3.0,43.0
2026-02-14,"Pali Hill, Bandra",13.0,18.0,31.0
2026-02-14,Phoenix Marketcity Kurla,25.0,1.0,26.0
2026-02-14,"Phoenix Marketcity, Whitefield",42.0,5.0,47.0
2026-02-14,Phoenix Palassio,8.0,4.0,12.0
2026-02-14,R.K. Salai,1.0,0.0,1.0
2026-02-14,Sarath City-Hyderabad,38.0,9.0,47.0
2026-02-14,Select City,10.0,6.0,16.0
2026-02-14,Shakespearesarani,10.0,3.0,13.0
2026-02-14,Sindhu Bhavan Marg,7.0,2.0,9.0
2026-02-14,South Ex.,6.0,4.0,10.0
2026-02-14,Vegas Dwarka,12.0,0.0,12.0
2026-02-14,Viviana Mall,12.0,2.0,14.0
2026-02-15,Ambience Vasant Kunj,21.0,5.0,26.0
2026-02-15,Andheri,4.0,2.0,6.0
2026-02-15,Express Avenue,17.0,6.0,23.0
2026-02-15,Gurugram,9.0,12.0,21.0
2026-02-15,Indiranagar,20.0,5.0,25.0
2026-02-15,Inorbit mall Hyderabad,53.0,10.0,63.0
2026-02-15,Jaipur Store,12.0,7.0,19.0
2026-02-15,Jayanagar,2.0,9.0,11.0
2026-02-15,Jubilee Hills,14.0,14.0,28.0
2026-02-15,Juhu Store,7.0,8.0,15.0
2026-02-15,"Kalaghoda, Fort",16.0,7.0,23.0
2026-02-15,Kemps Corner,14.0,7.0,21.0
2026-02-15,Khan Market,11.0,3.0,14.0
2026-02-15,Kochi Store,0.0,0.0,0.0
2026-02-15,Koregaon Park,10.0,6.0,16.0
2026-02-15,LakeShore Mall,11.0,0.0,11.0
2026-02-15,Lavelle Road,1.0,3.0,4.0
2026-02-15,"Mall of India, Noida",12.0,5.0,17.0
2026-02-15,Oberoi Mall Store,14.0,9.0,23.0
2026-02-15,Oberoi Sky City,38.0,7.0,45.0
2026-02-15,"Pali Hill, Bandra",11.0,23.0,34.0
2026-02-15,Phoenix Marketcity Kurla,27.0,3.0,30.0
2026-02-15,"Phoenix Marketcity, Whitefield",27.0,5.0,32.0
2026-02-15,Phoenix Palassio,8.0,2.0,10.0
2026-02-15,R.K. Salai,2.0,2.0,4.0
2026-02-15,Sarath City-Hyderabad,41.0,8.0,49.0
2026-02-15,Select City,8.0,6.0,14.0
2026-02-15,Shakespearesarani,10.0,5.0,15.0
2026-02-15,Sindhu Bhavan Marg,5.0,5.0,10.0
2026-02-15,South Ex.,10.0,4.0,14.0
2026-02-15,Vegas Dwarka,17.0,2.0,19.0
2026-02-15,Viviana Mall,20.0,4.0,24.0
2026-02-16,Ambience Vasant Kunj,18.0,6.0,24.0
2026-02-16,Andheri,3.0,4.0,7.0
2026-02-16,Express Avenue,9.0,1.0,10.0
2026-02-16,Gurugram,3.0,4.0,7.0
2026-02-16,Indiranagar,2.0,2.0,4.0
2026-02-16,Inorbit mall Hyderabad,30.0,2.0,32.0
2026-02-16,Jaipur Store,5.0,3.0,8.0
2026-02-16,Jayanagar,1.0,2.0,3.0
2026-02-16,Jubilee Hills,5.0,11.0,16.0
2026-02-16,Juhu Store,4.0,6.0,10.0
2026-02-16,"Kalaghoda, Fort",22.0,7.0,29.0
2026-02-16,Kemps Corner,1.0,9.0,10.0
2026-02-16,Khan Market,13.0,2.0,15.0
2026-02-16,Kochi Store,0.0,0.0,0.0
2026-02-16,Koregaon Park,2.0,5.0,7.0
2026-02-16,LakeShore Mall,4.0,0.0,4.0
2026-02-16,Lavelle Road,5.0,3.0,8.0
2026-02-16,"Mall of India, Noida",9.0,7.0,16.0
2026-02-16,Oberoi Mall Store,4.0,3.0,7.0
2026-02-16,Oberoi Sky City,13.0,2.0,15.0
2026-02-16,"Pali Hill, Bandra",3.0,5.0,8.0
2026-02-16,Phoenix Marketcity Kurla,4.0,0.0,4.0
2026-02-16,"Phoenix Marketcity, Whitefield",8.0,0.0,8.0
2026-02-16,Phoenix Palassio,13.0,2.0,15.0
2026-02-16,R.K. Salai,0.0,3.0,3.0
2026-02-16,Sarath City-Hyderabad,22.0,3.0,25.0
2026-02-16,Select City,6.0,2.0,8.0
2026-02-16,Shakespearesarani,9.0,4.0,13.0
2026-02-16,Sindhu Bhavan Marg,4.0,2.0,6.0
2026-02-16,South Ex.,2.0,2.0,4.0
2026-02-16,Vegas Dwarka,6.0,2.0,8.0
2026-02-16,Viviana Mall,3.0,1.0,4.0
2026-02-17,Ambience Vasant Kunj,5.0,4.0,9.0
2026-02-17,Andheri,0.0,4.0,4.0
2026-02-17,Express Avenue,16.0,4.0,20.0
2026-02-17,Gurugram,5.0,4.0,9.0
2026-02-17,Indiranagar,3.0,3.0,6.0
2026-02-17,Inorbit mall Hyderabad,25.0,2.0,27.0
2026-02-17,Jaipur Store,2.0,3.0,5.0
2026-02-17,Jayanagar,2.0,3.0,5.0
2026-02-17,Jubilee Hills,3.0,10.0,13.0
2026-02-17,Juhu Store,2.0,0.0,2.0
2026-02-17,"Kalaghoda, Fort",9.0,3.0,12.0
2026-02-17,Kemps Corner,4.0,4.0,8.0
2026-02-17,Khan Market,9.0,4.0,13.0
2026-02-17,Kochi Store,0.0,0.0,0.0
2026-02-17,Koregaon Park,7.0,11.0,18.0
2026-02-17,LakeShore Mall,5.0,1.0,6.0
2026-02-17,Lavelle Road,3.0,4.0,7.0
2026-02-17,"Mall of India, Noida",11.0,1.0,12.0
2026-02-17,Oberoi Mall Store,5.0,0.0,5.0
2026-02-17,Oberoi Sky City,20.0,0.0,20.0
2026-02-17,"Pali Hill, Bandra",6.0,7.0,13.0
2026-02-17,Phoenix Marketcity Kurla,1.0,12.0,13.0
2026-02-17,"Phoenix Marketcity, Whitefield",8.0,4.0,12.0
2026-02-17,Phoenix Palassio,14.0,2.0,16.0
2026-02-17,R.K. Salai,6.0,2.0,8.0
2026-02-17,Sarath City-Hyderabad,26.0,4.0,30.0
2026-02-17,Select City,4.0,3.0,7.0
2026-02-17,Shakespearesarani,4.0,4.0,8.0
2026-02-17,Sindhu Bhavan Marg,4.0,5.0,9.0
2026-02-17,South Ex.,2.0,2.0,4.0
2026-02-17,Vegas Dwarka,4.0,2.0,6.0
2026-02-17,Viviana Mall,6.0,0.0,6.0
2026-02-18,Ambience Vasant Kunj,9.0,1.0,10.0
2026-02-18,Andheri,1.0,2.0,3.0
2026-02-18,Express Avenue,16.0,2.0,18.0
2026-02-18,Gurugram,4.0,2.0,6.0
2026-02-18,Indiranagar,5.0,1.0,6.0
2026-02-18,Inorbit mall Hyderabad,24.0,3.0,27.0
2026-02-18,Jaipur Store,6.0,2.0,8.0
2026-02-18,Jayanagar,1.0,1.0,2.0
2026-02-18,Jubilee Hills,3.0,11.0,14.0
2026-02-18,Juhu Store,3.0,4.0,7.0
2026-02-18,"Kalaghoda, Fort",20.0,15.0,35.0
2026-02-18,Kemps Corner,7.0,6.0,13.0
2026-02-18,Khan Market,8.0,4.0,12.0
2026-02-18,Kochi Store,0.0,0.0,0.0
2026-02-18,Koregaon Park,4.0,6.0,10.0
2026-02-18,LakeShore Mall,8.0,0.0,8.0
2026-02-18,Lavelle Road,4.0,3.0,7.0
2026-02-18,"Mall of India, Noida",8.0,3.0,11.0
2026-02-18,Oberoi Mall Store,5.0,3.0,8.0
2026-02-18,Oberoi Sky City,18.0,2.0,20.0
2026-02-18,"Pali Hill, Bandra",1.0,4.0,5.0
2026-02-18,Phoenix Marketcity Kurla,5.0,0.0,5.0
2026-02-18,"Phoenix Marketcity, Whitefield",7.0,1.0,8.0
2026-02-18,Phoenix Palassio,7.0,2.0,9.0
2026-02-18,R.K. Salai,1.0,1.0,2.0
2026-02-18,Sarath City-Hyderabad,17.0,4.0,21.0
2026-02-18,Select City,8.0,3.0,11.0
2026-02-18,Shakespearesarani,4.0,1.0,5.0
2026-02-18,Sindhu Bhavan Marg,2.0,5.0,7.0
2026-02-18,South Ex.,3.0,1.0,4.0
2026-02-18,Vegas Dwarka,4.0,4.0,8.0
2026-02-18,Viviana Mall,2.0,6.0,8.0
2026-02-19,Ambience Vasant Kunj,5.0,3.0,8.0
2026-02-19,Andheri,1.0,2.0,3.0
2026-02-19,Express Avenue,15.0,1.0,16.0
2026-02-19,Gurugram,2.0,4.0,6.0
2026-02-19,Indiranagar,9.0,2.0,11.0
2026-02-19,Inorbit mall Hyderabad,25.0,3.0,28.0
2026-02-19,Jaipur Store,2.0,2.0,4.0
2026-02-19,Jayanagar,1.0,3.0,4.0
2026-02-19,Jubilee Hills,9.0,3.0,12.0
2026-02-19,Juhu Store,2.0,6.0,8.0
2026-02-19,"Kalaghoda, Fort",17.0,5.0,22.0
2026-02-19,Kemps Corner,5.0,9.0,14.0
2026-02-19,Khan Market,9.0,2.0,11.0
2026-02-19,Kochi Store,0.0,0.0,0.0
2026-02-19,Koregaon Park,5.0,4.0,9.0
2026-02-19,LakeShore Mall,3.0,0.0,3.0
2026-02-19,Lavelle Road,4.0,0.0,4.0
2026-02-19,"Mall of India, Noida",8.0,2.0,10.0
2026-02-19,Oberoi Mall Store,2.0,6.0,8.0
2026-02-19,Oberoi Sky City,17.0,2.0,19.0
2026-02-19,"Pali Hill, Bandra",6.0,13.0,19.0
2026-02-19,Phoenix Marketcity Kurla,4.0,1.0,5.0
2026-02-19,"Phoenix Marketcity, Whitefield",12.0,1.0,13.0
2026-02-19,Phoenix Palassio,9.0,0.0,9.0
2026-02-19,R.K. Salai,1.0,3.0,4.0
2026-02-19,Sarath City-Hyderabad,10.0,2.0,12.0
2026-02-19,Select City,8.0,0.0,8.0
2026-02-19,Shakespearesarani,3.0,3.0,6.0
2026-02-19,Sindhu Bhavan Marg,4.0,6.0,10.0
2026-02-19,South Ex.,1.0,2.0,3.0
2026-02-19,Vegas Dwarka,5.0,0.0,5.0
2026-02-19,Viviana Mall,3.0,0.0,3.0
2026-02-20,Ambience Vasant Kunj,12.0,2.0,14.0
2026-02-20,Andheri,2.0,2.0,4.0
2026-02-20,Express Avenue,11.0,1.0,12.0
2026-02-20,Gurugram,3.0,4.0,7.0
2026-02-20,Indiranagar,7.0,0.0,7.0
2026-02-20,Inorbit mall Hyderabad,20.0,3.0,23.0
2026-02-20,Jaipur Store,9.0,0.0,9.0
2026-02-20,Jayanagar,2.0,1.0,3.0
2026-02-20,Jubilee Hills,10.0,9.0,19.0
2026-02-20,Juhu Store,1.0,7.0,8.0
2026-02-20,"Kalaghoda, Fort",14.0,6.0,20.0
2026-02-20,Kemps Corner,2.0,10.0,12.0
2026-02-20,Khan Market,6.0,1.0,7.0
2026-02-20,Kochi Store,0.0,0.0,0.0
2026-02-20,Koregaon Park,2.0,4.0,6.0
2026-02-20,LakeShore Mall,9.0,2.0,11.0
2026-02-20,Lavelle Road,4.0,3.0,7.0
2026-02-20,"Mall of India, Noida",11.0,4.0,15.0
2026-02-20,Oberoi Mall Store,9.0,2.0,11.0
2026-02-20,Oberoi Sky City,17.0,3.0,20.0
2026-02-20,"Pali Hill, Bandra",5.0,4.0,9.0
2026-02-20,Phoenix Marketcity Kurla,8.0,0.0,8.0
2026-02-20,"Phoenix Marketcity, Whitefield",7.0,2.0,9.0
2026-02-20,Phoenix Palassio,12.0,2.0,14.0
2026-02-20,R.K. Salai,3.0,4.0,7.0
2026-02-20,Sarath City-Hyderabad,21.0,4.0,25.0
2026-02-20,Select City,9.0,2.0,11.0
2026-02-20,Shakespearesarani,5.0,2.0,7.0
2026-02-20,Sindhu Bhavan Marg,1.0,4.0,5.0
2026-02-20,South Ex.,3.0,3.0,6.0
2026-02-20,Vegas Dwarka,4.0,0.0,4.0
2026-02-20,Viviana Mall,1.0,4.0,5.0
2026-02-21,Ambience Vasant Kunj,18.0,7.0,25.0
2026-02-21,Andheri,4.0,3.0,7.0
2026-02-21,Express Avenue,17.0,3.0,20.0
2026-02-21,Gurugram,2.0,14.0,16.0
2026-02-21,Indiranagar,7.0,7.0,14.0
2026-02-21,Inorbit mall Hyderabad,35.0,7.0,42.0
2026-02-21,Jaipur Store,9.0,1.0,10.0
2026-02-21,Jayanagar,4.0,1.0,5.0
2026-02-21,Jubilee Hills,7.0,6.0,13.0
2026-02-21,Juhu Store,3.0,5.0,8.0
2026-02-21,"Kalaghoda, Fort",24.0,13.0,37.0
2026-02-21,Kemps Corner,14.0,10.0,24.0
2026-02-21,Khan Market,7.0,5.0,12.0
2026-02-21,Kochi Store,0.0,0.0,0.0
2026-02-21,Koregaon Park,5.0,6.0,11.0
2026-02-21,LakeShore Mall,11.0,1.0,12.0
2026-02-21,Lavelle Road,4.0,6.0,10.0
2026-02-21,"Mall of India, Noida",13.0,5.0,18.0
2026-02-21,Oberoi Mall Store,6.0,6.0,12.0
2026-02-21,Oberoi Sky City,27.0,2.0,29.0
2026-02-21,"Pali Hill, Bandra",6.0,14.0,20.0
2026-02-21,Phoenix Marketcity Kurla,12.0,8.0,20.0
2026-02-21,"Phoenix Marketcity, Whitefield",28.0,3.0,31.0
2026-02-21,Phoenix Palassio,4.0,3.0,7.0
2026-02-21,R.K. Salai,0.0,2.0,2.0
2026-02-21,Sarath City-Hyderabad,50.0,10.0,60.0
2026-02-21,Select City,7.0,1.0,8.0
2026-02-21,Shakespearesarani,6.0,5.0,11.0
2026-02-21,Sindhu Bhavan Marg,3.0,3.0,6.0
2026-02-21,South Ex.,7.0,2.0,9.0
2026-02-21,Vegas Dwarka,7.0,3.0,10.0
2026-02-21,Viviana Mall,13.0,9.0,22.0
2026-02-22,Ambience Vasant Kunj,12.0,6.0,18.0
2026-02-22,Andheri,0.0,2.0,2.0
2026-02-22,Express Avenue,23.0,2.0,25.0
2026-02-22,Gurugram,10.0,12.0,22.0
2026-02-22,Indiranagar,10.0,5.0,15.0
2026-02-22,Inorbit mall Hyderabad,35.0,2.0,37.0
2026-02-22,Jaipur Store,7.0,4.0,11.0
2026-02-22,Jayanagar,5.0,3.0,8.0
2026-02-22,Jubilee Hills,15.0,16.0,31.0
2026-02-22,Juhu Store,7.0,3.0,10.0
2026-02-22,"Kalaghoda, Fort",19.0,11.0,30.0
2026-02-22,Kemps Corner,10.0,14.0,24.0
2026-02-22,Khan Market,8.0,5.0,13.0
2026-02-22,Kochi Store,0.0,0.0,0.0
2026-02-22,Koregaon Park,7.0,11.0,18.0
2026-02-22,LakeShore Mall,11.0,3.0,14.0
2026-02-22,Lavelle Road,7.0,3.0,10.0
2026-02-22,"Mall of India, Noida",30.0,9.0,39.0
2026-02-22,Oberoi Mall Store,10.0,8.0,18.0
2026-02-22,Oberoi Sky City,38.0,2.0,40.0
2026-02-22,"Pali Hill, Bandra",18.0,20.0,38.0
2026-02-22,Phoenix Marketcity Kurla,17.0,4.0,21.0
2026-02-22,"Phoenix Marketcity, Whitefield",33.0,7.0,40.0
2026-02-22,Phoenix Palassio,15.0,2.0,17.0
2026-02-22,R.K. Salai,5.0,3.0,8.0
2026-02-22,Sarath City-Hyderabad,37.0,7.0,44.0
2026-02-22,Select City,7.0,3.0,10.0
2026-02-22,Shakespearesarani,5.0,4.0,9.0
2026-02-22,Sindhu Bhavan Marg,4.0,11.0,15.0
2026-02-22,South Ex.,6.0,8.0,14.0
2026-02-22,Vegas Dwarka,13.0,1.0,14.0
2026-02-22,Viviana Mall,17.0,2.0,19.0
2026-02-23,Ambience Vasant Kunj,7.0,3.0,10.0
2026-02-23,Andheri,1.0,3.0,4.0
2026-02-23,Express Avenue,12.0,1.0,13.0
2026-02-23,Gurugram,1.0,5.0,6.0
2026-02-23,Indiranagar,4.0,6.0,10.0
2026-02-23,Inorbit mall Hyderabad,32.0,5.0,37.0
2026-02-23,Jaipur Store,4.0,4.0,8.0
2026-02-23,Jayanagar,2.0,1.0,3.0
2026-02-23,Jubilee Hills,9.0,10.0,19.0
2026-02-23,Juhu Store,5.0,5.0,10.0
2026-02-23,"Kalaghoda, Fort",11.0,6.0,17.0
2026-02-23,Kemps Corner,4.0,6.0,10.0
2026-02-23,Khan Market,9.0,4.0,13.0
2026-02-23,Kochi Store,0.0,0.0,0.0
2026-02-23,Koregaon Park,4.0,4.0,8.0
2026-02-23,LakeShore Mall,5.0,1.0,6.0
2026-02-23,Lavelle Road,3.0,4.0,7.0
2026-02-23,"Mall of India, Noida",6.0,1.0,7.0
2026-02-23,Oberoi Mall Store,6.0,1.0,7.0
2026-02-23,Oberoi Sky City,15.0,2.0,17.0
2026-02-23,"Pali Hill, Bandra",5.0,7.0,12.0
2026-02-23,Phoenix Marketcity Kurla,8.0,2.0,10.0
2026-02-23,"Phoenix Marketcity, Whitefield",8.0,0.0,8.0
2026-02-23,Phoenix Palassio,11.0,2.0,13.0
2026-02-23,R.K. Salai,1.0,0.0,1.0
2026-02-23,Sarath City-Hyderabad,14.0,5.0,19.0
2026-02-23,Select City,5.0,2.0,7.0
2026-02-23,Shakespearesarani,8.0,4.0,12.0
2026-02-23,Sindhu Bhavan Marg,4.0,2.0,6.0
2026-02-23,South Ex.,4.0,1.0,5.0
2026-02-23,Vegas Dwarka,4.0,1.0,5.0
2026-02-23,Viviana Mall,4.0,3.0,7.0
2026-02-24,Ambience Vasant Kunj,9.0,4.0,13.0
2026-02-24,Andheri,1.0,7.0,8.0
2026-02-24,Express Avenue,12.0,1.0,13.0
2026-02-24,Gurugram,4.0,3.0,7.0
2026-02-24,Indiranagar,6.0,2.0,8.0
2026-02-24,Inorbit mall Hyderabad,19.0,4.0,23.0
2026-02-24,Jaipur Store,4.0,3.0,7.0
2026-02-24,Jayanagar,0.0,2.0,2.0
2026-02-24,Jubilee Hills,3.0,11.0,14.0
2026-02-24,Juhu Store,4.0,1.0,5.0
2026-02-24,"Kalaghoda, Fort",9.0,6.0,15.0
2026-02-24,Kemps Corner,5.0,5.0,10.0
2026-02-24,Khan Market,6.0,5.0,11.0
2026-02-24,Kochi Store,0.0,0.0,0.0
2026-02-24,Koregaon Park,4.0,3.0,7.0
2026-02-24,LakeShore Mall,6.0,1.0,7.0
2026-02-24,Lavelle Road,3.0,1.0,4.0
2026-02-24,"Mall of India, Noida",12.0,2.0,14.0
2026-02-24,Oberoi Mall Store,2.0,1.0,3.0
2026-02-24,Oberoi Sky City,12.0,1.0,13.0
2026-02-24,"Pali Hill, Bandra",9.0,7.0,16.0
2026-02-24,Phoenix Marketcity Kurla,1.0,11.0,12.0
2026-02-24,"Phoenix Marketcity, Whitefield",5.0,2.0,7.0
2026-02-24,Phoenix Palassio,15.0,7.0,22.0
2026-02-24,R.K. Salai,3.0,2.0,5.0
2026-02-24,Sarath City-Hyderabad,18.0,7.0,25.0
2026-02-24,Select City,8.0,2.0,10.0
2026-02-24,Shakespearesarani,7.0,4.0,11.0
2026-02-24,Sindhu Bhavan Marg,7.0,2.0,9.0
2026-02-24,South Ex.,2.0,2.0,4.0
2026-02-24,Vegas Dwarka,6.0,1.0,7.0
2026-02-24,Viviana Mall,10.0,0.0,10.0
2026-02-25,Ambience Vasant Kunj,4.0,3.0,7.0
2026-02-25,Andheri,2.0,3.0,5.0
2026-02-25,Express Avenue,10.0,3.0,13.0
2026-02-25,Gurugram,4.0,3.0,7.0
2026-02-25,Indiranagar,7.0,5.0,12.0
2026-02-25,Inorbit mall Hyderabad,20.0,0.0,20.0
2026-02-25,Jaipur Store,1.0,4.0,5.0
2026-02-25,Jayanagar,3.0,3.0,6.0
2026-02-25,Jubilee Hills,7.0,3.0,10.0
2026-02-25,Juhu Store,1.0,5.0,6.0
2026-02-25,"Kalaghoda, Fort",15.0,8.0,23.0
2026-02-25,Kemps Corner,2.0,4.0,6.0
2026-02-25,Khan Market,7.0,2.0,9.0
2026-02-25,Kochi Store,0.0,0.0,0.0
2026-02-25,Koregaon Park,3.0,7.0,10.0
2026-02-25,LakeShore Mall,6.0,0.0,6.0
2026-02-25,Lavelle Road,2.0,4.0,6.0
2026-02-25,"Mall of India, Noida",14.0,5.0,19.0
2026-02-25,Oberoi Mall Store,4.0,0.0,4.0
2026-02-25,Oberoi Sky City,13.0,3.0,16.0
2026-02-25,"Pali Hill, Bandra",7.0,3.0,10.0
2026-02-25,Phoenix Marketcity Kurla,4.0,0.0,4.0
2026-02-25,"Phoenix Marketcity, Whitefield",5.0,1.0,6.0
2026-02-25,Phoenix Palassio,13.0,0.0,13.0
2026-02-25,R.K. Salai,3.0,0.0,3.0
2026-02-25,Sarath City-Hyderabad,19.0,5.0,24.0
2026-02-25,Select City,8.0,2.0,10.0
2026-02-25,Shakespearesarani,10.0,4.0,14.0
2026-02-25,Sindhu Bhavan Marg,4.0,4.0,8.0
2026-02-25,South Ex.,9.0,3.0,12.0
2026-02-25,Vegas Dwarka,3.0,1.0,4.0
2026-02-25,Viviana Mall,10.0,3.0,13.0
2026-02-26,Ambience Vasant Kunj,4.0,2.0,6.0
2026-02-26,Andheri,1.0,2.0,3.0
2026-02-26,Express Avenue,16.0,3.0,19.0
2026-02-26,Gurugram,4.0,9.0,13.0
2026-02-26,Indiranagar,2.0,5.0,7.0
2026-02-26,Inorbit mall Hyderabad,33.0,6.0,39.0
2026-02-26,Jaipur Store,7.0,4.0,11.0
2026-02-26,Jayanagar,1.0,3.0,4.0
2026-02-26,Jubilee Hills,8.0,8.0,16.0
2026-02-26,Juhu Store,3.0,7.0,10.0
2026-02-26,"Kalaghoda, Fort",20.0,8.0,28.0
2026-02-26,Kemps Corner,5.0,2.0,7.0
2026-02-26,Khan Market,3.0,6.0,9.0
2026-02-26,Kochi Store,0.0,0.0,0.0
2026-02-26,Koregaon Park,7.0,6.0,13.0
2026-02-26,LakeShore Mall,1.0,1.0,2.0
2026-02-26,Lavelle Road,1.0,3.0,4.0
2026-02-26,"Mall of India, Noida",6.0,4.0,10.0
2026-02-26,Oberoi Mall Store,2.0,2.0,4.0
2026-02-26,Oberoi Sky City,9.0,5.0,14.0
2026-02-26,"Pali Hill, Bandra",7.0,10.0,17.0
2026-02-26,Phoenix Marketcity Kurla,8.0,1.0,9.0
2026-02-26,"Phoenix Marketcity, Whitefield",5.0,3.0,8.0
2026-02-26,Phoenix Palassio,7.0,3.0,10.0
2026-02-26,R.K. Salai,0.0,1.0,1.0
2026-02-26,Sarath City-Hyderabad,23.0,4.0,27.0
2026-02-26,Select City,0.0,7.0,7.0
2026-02-26,Shakespearesarani,3.0,3.0,6.0
2026-02-26,Sindhu Bhavan Marg,2.0,2.0,4.0
2026-02-26,South Ex.,5.0,5.0,10.0
2026-02-26,Vegas Dwarka,2.0,0.0,2.0
2026-02-26,Viviana Mall,12.0,2.0,14.0
2026-02-27,Ambience Vasant Kunj,4.0,2.0,6.0
2026-02-27,Andheri,2.0,2.0,4.0
2026-02-27,Express Avenue,13.0,6.0,19.0
2026-02-27,Gurugram,2.0,4.0,6.0
2026-02-27,Indiranagar,5.0,4.0,9.0
2026-02-27,Inorbit mall Hyderabad,25.0,6.0,31.0
2026-02-27,Jaipur Store,3.0,5.0,8.0
2026-02-27,Jayanagar,2.0,0.0,2.0
2026-02-27,Jubilee Hills,10.0,11.0,21.0
2026-02-27,Juhu Store,3.0,4.0,7.0
2026-02-27,"Kalaghoda, Fort",9.0,8.0,17.0
2026-02-27,Kemps Corner,0.0,9.0,9.0
2026-02-27,Khan Market,5.0,2.0,7.0
2026-02-27,Kochi Store,0.0,0.0,0.0
2026-02-27,Koregaon Park,6.0,1.0,7.0
2026-02-27,LakeShore Mall,1.0,0.0,1.0
2026-02-27,Lavelle Road,3.0,0.0,3.0
2026-02-27,"Mall of India, Noida",10.0,3.0,13.0
2026-02-27,Oberoi Mall Store,5.0,7.0,12.0
2026-02-27,Oberoi Sky City,15.0,3.0,18.0
2026-02-27,"Pali Hill, Bandra",6.0,9.0,15.0
2026-02-27,Phoenix Marketcity Kurla,1.0,9.0,10.0
2026-02-27,"Phoenix Marketcity, Whitefield",6.0,1.0,7.0
2026-02-27,Phoenix Palassio,15.0,1.0,16.0
2026-02-27,R.K. Salai,0.0,2.0,2.0
2026-02-27,Sarath City-Hyderabad,35.0,5.0,40.0
2026-02-27,Select City,4.0,1.0,5.0
2026-02-27,Shakespearesarani,4.0,4.0,8.0
2026-02-27,Sindhu Bhavan Marg,2.0,4.0,6.0
2026-02-27,South Ex.,4.0,2.0,6.0
2026-02-27,Vegas Dwarka,3.0,0.0,3.0
2026-02-27,Viviana Mall,6.0,1.0,7.0
2026-02-28,Ambience Vasant Kunj,16.0,5.0,21.0
2026-02-28,Andheri,3.0,4.0,7.0
2026-02-28,Express Avenue,20.0,4.0,24.0
2026-02-28,Gurugram,8.0,14.0,22.0
2026-02-28,Indiranagar,11.0,6.0,17.0
2026-02-28,Inorbit mall Hyderabad,33.0,4.0,37.0
2026-02-28,Jaipur Store,7.0,4.0,11.0
2026-02-28,Jayanagar,4.0,2.0,6.0
2026-02-28,Jubilee Hills,4.0,10.0,14.0
2026-02-28,Juhu Store,9.0,3.0,12.0
2026-02-28,"Kalaghoda, Fort",30.0,10.0,40.0
2026-02-28,Kemps Corner,9.0,19.0,28.0
2026-02-28,Khan Market,5.0,2.0,7.0
2026-02-28,Kochi Store,0.0,0.0,0.0
2026-02-28,Koregaon Park,9.0,14.0,23.0
2026-02-28,LakeShore Mall,11.0,1.0,12.0
2026-02-28,Lavelle Road,3.0,2.0,5.0
2026-02-28,"Mall of India, Noida",14.0,3.0,17.0
2026-02-28,Oberoi Mall Store,11.0,6.0,17.0
2026-02-28,Oberoi Sky City,33.0,4.0,37.0
2026-02-28,"Pali Hill, Bandra",12.0,17.0,29.0
2026-02-28,"Phoenix Marketcity, Whitefield",36.0,2.0,38.0
2026-02-28,Phoenix Palassio,8.0,4.0,12.0
2026-02-28,R.K. Salai,5.0,2.0,7.0
2026-02-28,Sarath City-Hyderabad,24.0,6.0,30.0
2026-02-28,Select City,9.0,2.0,11.0
2026-02-28,Shakespearesarani,6.0,5.0,11.0
2026-02-28,Sindhu Bhavan Marg,6.0,1.0,7.0
2026-02-28,South Ex.,8.0,6.0,14.0
2026-02-28,Vegas Dwarka,8.0,2.0,10.0
2026-02-28,Viviana Mall,20.0,4.0,24.0
2026-03-01,Ambience Vasant Kunj,20.0,7.0,27.0
2026-03-01,Andheri,6.0,5.0,11.0
2026-03-01,DLF Midtown - Moti Nagar,0.0,0.0,0.0
2026-03-01,Express Avenue,18.0,4.0,22.0
2026-03-01,Gurugram,10.0,32.0,42.0
2026-03-01,Indiranagar,13.0,6.0,19.0
2026-03-01,Inorbit mall Hyderabad,40.0,1.0,41.0
2026-03-01,Jaipur Store,10.0,13.0,23.0
2026-03-01,Jayanagar,8.0,2.0,10.0
2026-03-01,Jubilee Hills,19.0,21.0,40.0
2026-03-01,Juhu Store,11.0,4.0,15.0
2026-03-01,"Kalaghoda, Fort",24.0,11.0,35.0
2026-03-01,Kemps Corner,10.0,7.0,17.0
2026-03-01,Khan Market,7.0,5.0,12.0
2026-03-01,Kochi Store,3.0,0.0,3.0
2026-03-01,Koregaon Park,8.0,8.0,16.0
2026-03-01,LakeShore Mall,11.0,1.0,12.0
2026-03-01,Lavelle Road,3.0,2.0,5.0
2026-03-01,"Mall of India, Noida",21.0,5.0,26.0
2026-03-01,Oberoi Mall Store,15.0,12.0,27.0
2026-03-01,Oberoi Sky City,8.0,42.0,50.0
2026-03-01,"Pali Hill, Bandra",18.0,14.0,32.0
2026-03-01,Phoenix Marketcity Kurla,32.0,2.0,34.0
2026-03-01,"Phoenix Marketcity, Whitefield",33.0,2.0,35.0
2026-03-01,Phoenix Palassio,16.0,8.0,24.0
2026-03-01,R.K. Salai,1.0,0.0,1.0
2026-03-01,Sarath City-Hyderabad,35.0,10.0,45.0
2026-03-01,Select City,10.0,10.0,20.0
2026-03-01,Shakespearesarani,5.0,4.0,9.0
2026-03-01,Sindhu Bhavan Marg,10.0,11.0,21.0
2026-03-01,South Ex.,7.0,4.0,11.0
2026-03-01,Vegas Dwarka,12.0,4.0,16.0
2026-03-01,Viviana Mall,20.0,28.0,48.0
2026-03-02,Ambience Vasant Kunj,12.0,1.0,13.0
2026-03-02,Andheri,3.0,2.0,5.0
2026-03-02,DLF Midtown - Moti Nagar,0.0,0.0,0.0
2026-03-02,Express Avenue,15.0,1.0,16.0
2026-03-02,Gurugram,4.0,10.0,14.0
2026-03-02,Indiranagar,5.0,5.0,10.0
2026-03-02,Inorbit mall Hyderabad,29.0,3.0,32.0
2026-03-02,Jaipur Store,7.0,1.0,8.0
2026-03-02,Jayanagar,2.0,1.0,3.0
2026-03-02,Jubilee Hills,12.0,13.0,25.0
2026-03-02,Juhu Store,3.0,3.0,6.0
2026-03-02,"Kalaghoda, Fort",11.0,5.0,16.0
2026-03-02,Kemps Corner,6.0,4.0,10.0
2026-03-02,Khan Market,6.0,4.0,10.0
2026-03-02,Kochi Store,2.0,3.0,5.0
2026-03-02,Koregaon Park,1.0,2.0,3.0
2026-03-02,LakeShore Mall,9.0,1.0,10.0
2026-03-02,Lavelle Road,3.0,3.0,6.0
2026-03-02,"Mall of India, Noida",12.0,0.0,12.0
2026-03-02,Oberoi Mall Store,6.0,2.0,8.0
2026-03-02,Oberoi Sky City,3.0,21.0,24.0
2026-03-02,"Pali Hill, Bandra",8.0,11.0,19.0
2026-03-02,Phoenix Marketcity Kurla,12.0,0.0,12.0
2026-03-02,"Phoenix Marketcity, Whitefield",8.0,3.0,11.0
2026-03-02,Phoenix Palassio,13.0,8.0,21.0
2026-03-02,R.K. Salai,0.0,1.0,1.0
2026-03-02,Sarath City-Hyderabad,15.0,4.0,19.0
2026-03-02,Select City,4.0,1.0,5.0
2026-03-02,Shakespearesarani,6.0,2.0,8.0
2026-03-02,Sindhu Bhavan Marg,0.0,3.0,3.0
2026-03-02,South Ex.,3.0,2.0,5.0
2026-03-02,Vegas Dwarka,4.0,3.0,7.0
2026-03-02,Viviana Mall,6.0,4.0,10.0
2026-03-03,Ambience Vasant Kunj,4.0,2.0,6.0
2026-03-03,Andheri,3.0,1.0,4.0
2026-03-03,DLF Midtown - Moti Nagar,0.0,0.0,0.0
2026-03-03,Express Avenue,9.0,3.0,12.0
2026-03-03,Gurugram,10.0,10.0,20.0
2026-03-03,Indiranagar,4.0,4.0,8.0
2026-03-03,Inorbit mall Hyderabad,26.0,2.0,28.0
2026-03-03,Jaipur Store,4.0,6.0,10.0
2026-03-03,Jayanagar,0.0,1.0,1.0
2026-03-03,Jubilee Hills,7.0,8.0,15.0
2026-03-03,Juhu Store,2.0,1.0,3.0
2026-03-03,"Kalaghoda, Fort",3.0,7.0,10.0
2026-03-03,Kemps Corner,6.0,2.0,8.0
2026-03-03,Khan Market,7.0,2.0,9.0
2026-03-03,Kochi Store,4.0,3.0,7.0
2026-03-03,Koregaon Park,3.0,1.0,4.0
2026-03-03,LakeShore Mall,7.0,0.0,7.0
2026-03-03,Lavelle Road,4.0,3.0,7.0
2026-03-03,"Mall of India, Noida",10.0,7.0,17.0
2026-03-03,Oberoi Mall Store,6.0,3.0,9.0
2026-03-03,Oberoi Sky City,0.0,28.0,28.0
2026-03-03,"Pali Hill, Bandra",8.0,14.0,22.0
2026-03-03,Phoenix Marketcity Kurla,3.0,2.0,5.0
2026-03-03,"Phoenix Marketcity, Whitefield",7.0,1.0,8.0
2026-03-03,Phoenix Palassio,11.0,4.0,15.0
2026-03-03,R.K. Salai,1.0,0.0,1.0
2026-03-03,Sarath City-Hyderabad,9.0,3.0,12.0
2026-03-03,Select City,7.0,1.0,8.0
2026-03-03,Shakespearesarani,5.0,2.0,7.0
2026-03-03,Sindhu Bhavan Marg,4.0,6.0,10.0
2026-03-03,South Ex.,1.0,3.0,4.0
2026-03-03,Vegas Dwarka,3.0,4.0,7.0
2026-03-03,Viviana Mall,18.0,7.0,25.0
2026-03-04,Ambience Vasant Kunj,8.0,0.0,8.0
2026-03-04,Andheri,5.0,4.0,9.0
2026-03-04,DLF Midtown - Moti Nagar,0.0,0.0,0.0
2026-03-04,Express Avenue,12.0,1.0,13.0
2026-03-04,Gurugram,2.0,2.0,4.0
2026-03-04,Indiranagar,7.0,2.0,9.0
2026-03-04,Inorbit mall Hyderabad,22.0,5.0,27.0
2026-03-04,Jaipur Store,3.0,2.0,5.0
2026-03-04,Jayanagar,2.0,0.0,2.0
2026-03-04,Jubilee Hills,5.0,6.0,11.0
2026-03-04,Juhu Store,2.0,3.0,5.0
2026-03-04,"Kalaghoda, Fort",13.0,7.0,20.0
2026-03-04,Kemps Corner,11.0,4.0,15.0
2026-03-04,Khan Market,5.0,2.0,7.0
2026-03-04,Kochi Store,2.0,3.0,5.0
2026-03-04,Koregaon Park,3.0,3.0,6.0
2026-03-04,LakeShore Mall,4.0,2.0,6.0
2026-03-04,Lavelle Road,2.0,3.0,5.0
2026-03-04,"Mall of India, Noida",7.0,3.0,10.0
2026-03-04,Oberoi Mall Store,6.0,0.0,6.0
2026-03-04,Oberoi Sky City,1.0,23.0,24.0
2026-03-04,"Pali Hill, Bandra",8.0,14.0,22.0
2026-03-04,Phoenix Marketcity Kurla,8.0,1.0,9.0
2026-03-04,"Phoenix Marketcity, Whitefield",10.0,2.0,12.0
2026-03-04,Phoenix Palassio,4.0,1.0,5.0
2026-03-04,R.K. Salai,4.0,2.0,6.0
2026-03-04,Sarath City-Hyderabad,15.0,4.0,19.0
2026-03-04,Select City,3.0,0.0,3.0
2026-03-04,Shakespearesarani,2.0,3.0,5.0
2026-03-04,Sindhu Bhavan Marg,3.0,4.0,7.0
2026-03-04,South Ex.,1.0,0.0,1.0
2026-03-04,Vegas Dwarka,4.0,2.0,6.0
2026-03-04,Viviana Mall,15.0,9.0,24.0
2026-03-05,Ambience Vasant Kunj,5.0,4.0,9.0
2026-03-05,Andheri,0.0,1.0,1.0
2026-03-05,DLF Midtown - Moti Nagar,0.0,0.0,0.0
2026-03-05,Express Avenue,11.0,3.0,14.0
2026-03-05,Gurugram,4.0,5.0,9.0
2026-03-05,Indiranagar,5.0,1.0,6.0
2026-03-05,Inorbit mall Hyderabad,17.0,1.0,18.0
2026-03-05,Jaipur Store,6.0,2.0,8.0
2026-03-05,Jayanagar,1.0,2.0,3.0
2026-03-05,Jubilee Hills,5.0,10.0,15.0
2026-03-05,Juhu Store,3.0,4.0,7.0
2026-03-05,"Kalaghoda, Fort",11.0,6.0,17.0
2026-03-05,Kemps Corner,2.0,1.0,3.0
2026-03-05,Khan Market,6.0,2.0,8.0
2026-03-05,Kochi Store,2.0,2.0,4.0
2026-03-05,Koregaon Park,6.0,6.0,12.0
2026-03-05,LakeShore Mall,5.0,1.0,6.0
2026-03-05,Lavelle Road,0.0,4.0,4.0
2026-03-05,"Mall of India, Noida",7.0,0.0,7.0
2026-03-05,Oberoi Mall Store,3.0,1.0,4.0
2026-03-05,Oberoi Sky City,2.0,20.0,22.0
2026-03-05,"Pali Hill, Bandra",8.0,14.0,22.0
2026-03-05,Phoenix Marketcity Kurla,5.0,1.0,6.0
2026-03-05,"Phoenix Marketcity, Whitefield",0.0,1.0,1.0
2026-03-05,Phoenix Palassio,8.0,3.0,11.0
2026-03-05,R.K. Salai,4.0,1.0,5.0
2026-03-05,Sarath City-Hyderabad,12.0,4.0,16.0
2026-03-05,Select City,4.0,1.0,5.0
2026-03-05,Shakespearesarani,4.0,1.0,5.0
2026-03-05,Sindhu Bhavan Marg,6.0,7.0,13.0
2026-03-05,South Ex.,6.0,2.0,8.0
2026-03-05,Vegas Dwarka,4.0,0.0,4.0
2026-03-05,Viviana Mall,10.0,10.0,20.0
2026-03-06,Ambience Vasant Kunj,8.0,4.0,12.0
2026-03-06,Andheri,1.0,3.0,4.0
2026-03-06,DLF Midtown - Moti Nagar,0.0,0.0,0.0
2026-03-06,Express Avenue,11.0,3.0,14.0
2026-03-06,Gurugram,2.0,3.0,5.0
2026-03-06,Indiranagar,5.0,5.0,10.0
2026-03-06,Inorbit mall Hyderabad,20.0,1.0,21.0
2026-03-06,Jaipur Store,3.0,5.0,8.0
2026-03-06,Jayanagar,1.0,2.0,3.0
2026-03-06,Jubilee Hills,5.0,3.0,8.0
2026-03-06,Juhu Store,3.0,3.0,6.0
2026-03-06,"Kalaghoda, Fort",17.0,8.0,25.0
2026-03-06,Kemps Corner,2.0,4.0,6.0
2026-03-06,Khan Market,9.0,3.0,12.0
2026-03-06,Kochi Store,4.0,3.0,7.0
2026-03-06,Koregaon Park,4.0,2.0,6.0
2026-03-06,LakeShore Mall,6.0,1.0,7.0
2026-03-06,Lavelle Road,1.0,3.0,4.0
2026-03-06,"Mall of India, Noida",4.0,10.0,14.0
2026-03-06,Oberoi Mall Store,5.0,2.0,7.0
2026-03-06,Oberoi Sky City,3.0,26.0,29.0
2026-03-06,"Pali Hill, Bandra",8.0,14.0,22.0
2026-03-06,Phoenix Marketcity Kurla,13.0,0.0,13.0
2026-03-06,"Phoenix Marketcity, Whitefield",1.0,1.0,2.0
2026-03-06,Phoenix Palassio,13.0,1.0,14.0
2026-03-06,R.K. Salai,0.0,1.0,1.0
2026-03-06,Sarath City-Hyderabad,9.0,3.0,12.0
2026-03-06,Select City,5.0,0.0,5.0
2026-03-06,Shakespearesarani,6.0,5.0,11.0
2026-03-06,Sindhu Bhavan Marg,5.0,6.0,11.0
2026-03-06,South Ex.,3.0,4.0,7.0
2026-03-06,Vegas Dwarka,4.0,5.0,9.0
2026-03-06,Viviana Mall,12.0,6.0,18.0
2026-03-07,Ambience Vasant Kunj,15.0,7.0,22.0
2026-03-07,Andheri,5.0,1.0,6.0
2026-03-07,DLF Midtown - Moti Nagar,0.0,0.0,0.0
2026-03-07,Express Avenue,13.0,7.0,20.0
2026-03-07,Gurugram,4.0,19.0,23.0
2026-03-07,Indiranagar,13.0,7.0,20.0
2026-03-07,Inorbit mall Hyderabad,40.0,5.0,45.0
2026-03-07,Jaipur Store,7.0,3.0,10.0
2026-03-07,Jayanagar,6.0,3.0,9.0
2026-03-07,Jubilee Hills,14.0,13.0,27.0
2026-03-07,Juhu Store,7.0,5.0,12.0
2026-03-07,"Kalaghoda, Fort",21.0,11.0,32.0
2026-03-07,Kemps Corner,9.0,6.0,15.0
2026-03-07,Khan Market,5.0,3.0,8.0
2026-03-07,Kochi Store,2.0,2.0,4.0
2026-03-07,Koregaon Park,3.0,7.0,10.0
2026-03-07,LakeShore Mall,13.0,2.0,15.0
2026-03-07,Lavelle Road,4.0,3.0,7.0
2026-03-07,"Mall of India, Noida",16.0,9.0,25.0
2026-03-07,Oberoi Mall Store,18.0,4.0,22.0
2026-03-07,Oberoi Sky City,4.0,37.0,41.0
2026-03-07,"Pali Hill, Bandra",8.0,14.0,22.0
2026-03-07,Phoenix Marketcity Kurla,28.0,2.0,30.0
2026-03-07,"Phoenix Marketcity, Whitefield",33.0,5.0,38.0
2026-03-07,Phoenix Palassio,7.0,4.0,11.0
2026-03-07,R.K. Salai,10.0,7.0,17.0
2026-03-07,Sarath City-Hyderabad,29.0,8.0,37.0
2026-03-07,Select City,9.0,7.0,16.0
2026-03-07,Shakespearesarani,11.0,5.0,16.0
2026-03-07,Sindhu Bhavan Marg,8.0,2.0,10.0
2026-03-07,South Ex.,6.0,4.0,10.0
2026-03-07,Vegas Dwarka,7.0,5.0,12.0
2026-03-07,Viviana Mall,20.0,30.0,50.0
2026-03-08,Ambience Vasant Kunj,14.0,3.0,17.0
2026-03-08,Andheri,8.0,5.0,13.0
2026-03-08,DLF Midtown - Moti Nagar,0.0,0.0,0.0
2026-03-08,Express Avenue,9.0,5.0,14.0
2026-03-08,Gurugram,11.0,15.0,26.0
2026-03-08,Indiranagar,14.0,10.0,24.0
2026-03-08,Inorbit mall Hyderabad,37.0,2.0,39.0
2026-03-08,Jaipur Store,5.0,4.0,9.0
2026-03-08,Jayanagar,2.0,3.0,5.0
2026-03-08,Jubilee Hills,11.0,18.0,29.0
2026-03-08,Juhu Store,11.0,0.0,11.0
2026-03-08,"Kalaghoda, Fort",17.0,10.0,27.0
2026-03-08,Kemps Corner,17.0,8.0,25.0
2026-03-08,Khan Market,10.0,2.0,12.0
2026-03-08,Kochi Store,3.0,6.0,9.0
2026-03-08,Koregaon Park,10.0,16.0,26.0
2026-03-08,LakeShore Mall,21.0,1.0,22.0
2026-03-08,Lavelle Road,4.0,2.0,6.0
2026-03-08,"Mall of India, Noida",17.0,7.0,24.0
2026-03-08,Oberoi Mall Store,18.0,5.0,23.0
2026-03-08,Oberoi Sky City,10.0,41.0,51.0
2026-03-08,"Pali Hill, Bandra",11.0,15.0,26.0
2026-03-08,Phoenix Marketcity Kurla,30.0,4.0,34.0
2026-03-08,"Phoenix Marketcity, Whitefield",5.0,2.0,7.0
2026-03-08,Phoenix Palassio,9.0,4.0,13.0
2026-03-08,R.K. Salai,8.0,5.0,13.0
2026-03-08,Sarath City-Hyderabad,29.0,12.0,41.0
2026-03-08,Select City,9.0,2.0,11.0
2026-03-08,Shakespearesarani,9.0,7.0,16.0
2026-03-08,Sindhu Bhavan Marg,8.0,4.0,12.0
2026-03-08,South Ex.,7.0,6.0,13.0
2026-03-08,Vegas Dwarka,16.0,5.0,21.0
2026-03-08,Viviana Mall,18.0,10.0,28.0
2026-03-09,Ambience Vasant Kunj,2.0,4.0,6.0
2026-03-09,Andheri,2.0,4.0,6.0
2026-03-09,DLF Midtown - Moti Nagar,0.0,0.0,0.0
2026-03-09,Express Avenue,12.0,1.0,13.0
2026-03-09,Gurugram,3.0,7.0,10.0
2026-03-09,Indiranagar,4.0,2.0,6.0
2026-03-09,Inorbit mall Hyderabad,18.0,2.0,20.0
2026-03-09,Jaipur Store,4.0,2.0,6.0
2026-03-09,Jayanagar,0.0,1.0,1.0
2026-03-09,Jubilee Hills,5.0,12.0,17.0
2026-03-09,Juhu Store,3.0,2.0,5.0
2026-03-09,"Kalaghoda, Fort",9.0,6.0,15.0
2026-03-09,Kemps Corner,7.0,4.0,11.0
2026-03-09,Khan Market,4.0,4.0,8.0
2026-03-09,Kochi Store,1.0,1.0,2.0
2026-03-09,Koregaon Park,6.0,3.0,9.0
2026-03-09,LakeShore Mall,5.0,2.0,7.0
2026-03-09,Lavelle Road,1.0,2.0,3.0
2026-03-09,"Mall of India, Noida",4.0,3.0,7.0
2026-03-09,Oberoi Mall Store,6.0,1.0,7.0
2026-03-09,Oberoi Sky City,1.0,19.0,20.0
2026-03-09,"Pali Hill, Bandra",3.0,4.0,7.0
2026-03-09,Phoenix Marketcity Kurla,6.0,1.0,7.0
2026-03-09,"Phoenix Marketcity, Whitefield",7.0,1.0,8.0
2026-03-09,Phoenix Palassio,11.0,4.0,15.0
2026-03-09,R.K. Salai,2.0,4.0,6.0
2026-03-09,Sarath City-Hyderabad,13.0,3.0,16.0
2026-03-09,Select City,7.0,2.0,9.0
2026-03-09,Shakespearesarani,6.0,3.0,9.0
2026-03-09,Sindhu Bhavan Marg,5.0,3.0,8.0
2026-03-09,South Ex.,3.0,2.0,5.0
2026-03-09,Vegas Dwarka,9.0,0.0,9.0
2026-03-09,Viviana Mall,12.0,11.0,23.0
2026-03-10,Ambience Vasant Kunj,9.0,1.0,10.0
2026-03-10,Andheri,1.0,2.0,3.0
2026-03-10,DLF Midtown - Moti Nagar,0.0,0.0,0.0
2026-03-10,Express Avenue,20.0,5.0,25.0
2026-03-10,Gurugram,1.0,11.0,12.0
2026-03-10,Indiranagar,4.0,3.0,7.0
2026-03-10,Inorbit mall Hyderabad,14.0,2.0,16.0
2026-03-10,Jaipur Store,12.0,4.0,16.0
2026-03-10,Jayanagar,1.0,1.0,2.0
2026-03-10,Jubilee Hills,5.0,6.0,11.0
2026-03-10,Juhu Store,3.0,0.0,3.0
2026-03-10,"Kalaghoda, Fort",7.0,4.0,11.0
2026-03-10,Kemps Corner,6.0,5.0,11.0
2026-03-10,Khan Market,9.0,3.0,12.0
2026-03-10,Kochi Store,0.0,3.0,3.0
2026-03-10,Koregaon Park,4.0,5.0,9.0
2026-03-10,LakeShore Mall,5.0,0.0,5.0
2026-03-10,Lavelle Road,1.0,5.0,6.0
2026-03-10,"Mall of India, Noida",9.0,3.0,12.0
2026-03-10,Oberoi Mall Store,2.0,2.0,4.0
2026-03-10,Oberoi Sky City,0.0,13.0,13.0
2026-03-10,"Pali Hill, Bandra",8.0,6.0,14.0
2026-03-10,Phoenix Marketcity Kurla,9.0,2.0,11.0
2026-03-10,"Phoenix Marketcity, Whitefield",7.0,0.0,7.0
2026-03-10,Phoenix Palassio,10.0,1.0,11.0
2026-03-10,R.K. Salai,3.0,3.0,6.0
2026-03-10,Sarath City-Hyderabad,11.0,5.0,16.0
2026-03-10,Select City,5.0,1.0,6.0
2026-03-10,Shakespearesarani,6.0,4.0,10.0
2026-03-10,Sindhu Bhavan Marg,2.0,2.0,4.0
2026-03-10,South Ex.,2.0,0.0,2.0
2026-03-10,Vegas Dwarka,9.0,1.0,10.0
2026-03-10,Viviana Mall,8.0,7.0,15.0
2026-03-11,Ambience Vasant Kunj,10.0,0.0,10.0
2026-03-11,Andheri,3.0,0.0,3.0
2026-03-11,DLF Midtown - Moti Nagar,0.0,0.0,0.0
2026-03-11,Express Avenue,10.0,0.0,10.0
2026-03-11,Gurugram,4.0,11.0,15.0
2026-03-11,Indiranagar,4.0,2.0,6.0
2026-03-11,Inorbit mall Hyderabad,15.0,1.0,16.0
2026-03-11,Jaipur Store,4.0,4.0,8.0
2026-03-11,Jayanagar,3.0,2.0,5.0
2026-03-11,Jubilee Hills,11.0,14.0,25.0
2026-03-11,Juhu Store,4.0,6.0,10.0
2026-03-11,"Kalaghoda, Fort",7.0,6.0,13.0
2026-03-11,Kemps Corner,3.0,9.0,12.0
2026-03-11,Khan Market,9.0,9.0,18.0
2026-03-11,Kochi Store,2.0,0.0,2.0
2026-03-11,Koregaon Park,8.0,9.0,17.0
2026-03-11,LakeShore Mall,8.0,2.0,10.0
2026-03-11,Lavelle Road,1.0,1.0,2.0
2026-03-11,"Mall of India, Noida",5.0,5.0,10.0
2026-03-11,Oberoi Mall Store,3.0,4.0,7.0
2026-03-11,Oberoi Sky City,1.0,21.0,22.0
2026-03-11,"Pali Hill, Bandra",9.0,11.0,20.0
2026-03-11,Phoenix Marketcity Kurla,9.0,2.0,11.0
2026-03-11,"Phoenix Marketcity, Whitefield",7.0,,7.0
2026-03-11,Phoenix Palassio,8.0,0.0,8.0
2026-03-11,R.K. Salai,3.0,4.0,7.0
2026-03-11,Sarath City-Hyderabad,12.0,4.0,16.0
2026-03-11,Select City,5.0,3.0,8.0
2026-03-11,Shakespearesarani,6.0,1.0,7.0
2026-03-11,Sindhu Bhavan Marg,2.0,1.0,3.0
2026-03-11,South Ex.,4.0,0.0,4.0
2026-03-11,Vegas Dwarka,6.0,0.0,6.0
2026-03-11,Viviana Mall,5.0,2.0,7.0
2026-03-12,Ambience Vasant Kunj,7.0,4.0,11.0
2026-03-12,Andheri,2.0,2.0,4.0
2026-03-12,DLF Midtown - Moti Nagar,5.0,1.0,6.0
2026-03-12,Express Avenue,5.0,4.0,9.0
2026-03-12,Gurugram,4.0,6.0,10.0
2026-03-12,Indiranagar,2.0,1.0,3.0
2026-03-12,Inorbit mall Hyderabad,16.0,2.0,18.0
2026-03-12,Jaipur Store,3.0,2.0,5.0
2026-03-12,Jayanagar,2.0,0.0,2.0
2026-03-12,Jubilee Hills,5.0,7.0,12.0
2026-03-12,Juhu Store,2.0,1.0,3.0
2026-03-12,"Kalaghoda, Fort",9.0,6.0,15.0
2026-03-12,Kemps Corner,1.0,5.0,6.0
2026-03-12,Khan Market,6.0,9.0,15.0
2026-03-12,Kochi Store,4.0,0.0,4.0
2026-03-12,Koregaon Park,8.0,4.0,12.0
2026-03-12,LakeShore Mall,7.0,2.0,9.0
2026-03-12,Lavelle Road,3.0,1.0,4.0
2026-03-12,"Mall of India, Noida",9.0,3.0,12.0
2026-03-12,Oberoi Mall Store,5.0,1.0,6.0
2026-03-12,Oberoi Sky City,4.0,23.0,27.0
2026-03-12,"Pali Hill, Bandra",5.0,5.0,10.0
2026-03-12,Phoenix Marketcity Kurla,3.0,1.0,4.0
2026-03-12,"Phoenix Marketcity, Whitefield",7.0,1.0,8.0
2026-03-12,Phoenix Palassio,8.0,2.0,10.0
2026-03-12,R.K. Salai,3.0,2.0,5.0
2026-03-12,Sarath City-Hyderabad,16.0,3.0,19.0
2026-03-12,Select City,7.0,0.0,7.0
2026-03-12,Shakespearesarani,1.0,1.0,2.0
2026-03-12,Sindhu Bhavan Marg,5.0,3.0,8.0
2026-03-12,South Ex.,2.0,5.0,7.0
2026-03-12,Vegas Dwarka,6.0,1.0,7.0
2026-03-12,Viviana Mall,12.0,11.0,23.0
2026-03-13,Ambience Vasant Kunj,11.0,1.0,12.0
2026-03-13,Andheri,1.0,5.0,6.0
2026-03-13,DLF Midtown - Moti Nagar,3.0,1.0,4.0
2026-03-13,Express Avenue,13.0,1.0,14.0
2026-03-13,Gurugram,5.0,3.0,8.0
2026-03-13,Indiranagar,10.0,4.0,14.0
2026-03-13,Inorbit mall Hyderabad,27.0,5.0,32.0
2026-03-13,Jaipur Store,8.0,6.0,14.0
2026-03-13,Jayanagar,3.0,1.0,4.0
2026-03-13,Jubilee Hills,4.0,12.0,16.0
2026-03-13,Juhu Store,5.0,0.0,5.0
2026-03-13,"Kalaghoda, Fort",6.0,5.0,11.0
2026-03-13,Kemps Corner,7.0,14.0,21.0
2026-03-13,Khan Market,16.0,7.0,23.0
2026-03-13,Kochi Store,4.0,3.0,7.0
2026-03-13,Koregaon Park,3.0,3.0,6.0
2026-03-13,LakeShore Mall,8.0,1.0,9.0
2026-03-13,Lavelle Road,3.0,3.0,6.0
2026-03-13,"Mall of India, Noida",7.0,5.0,12.0
2026-03-13,Oberoi Mall Store,3.0,2.0,5.0
2026-03-13,Oberoi Sky City,4.0,23.0,27.0
2026-03-13,"Pali Hill, Bandra",3.0,5.0,8.0
2026-03-13,Phoenix Marketcity Kurla,7.0,2.0,9.0
2026-03-13,"Phoenix Marketcity, Whitefield",12.0,2.0,14.0
2026-03-13,Phoenix Palassio,10.0,4.0,14.0
2026-03-13,R.K. Salai,3.0,1.0,4.0
2026-03-13,Sarath City-Hyderabad,22.0,7.0,29.0
2026-03-13,Select City,5.0,2.0,7.0
2026-03-13,Shakespearesarani,2.0,3.0,5.0
2026-03-13,Sindhu Bhavan Marg,5.0,4.0,9.0
2026-03-13,South Ex.,7.0,3.0,10.0
2026-03-13,Vegas Dwarka,4.0,2.0,6.0
2026-03-13,Viviana Mall,14.0,15.0,29.0
2026-03-14,Ambience Vasant Kunj,16.0,4.0,20.0
2026-03-14,Andheri,2.0,4.0,6.0
2026-03-14,DLF Midtown - Moti Nagar,4.0,1.0,5.0
2026-03-14,Express Avenue,19.0,6.0,25.0
2026-03-14,Gurugram,4.0,12.0,16.0
2026-03-14,Indiranagar,17.0,6.0,23.0
2026-03-14,Inorbit mall Hyderabad,40.0,4.0,44.0
2026-03-14,Jaipur Store,6.0,4.0,10.0
2026-03-14,Jayanagar,0.0,0.0,0.0
2026-03-14,Jubilee Hills,9.0,18.0,27.0
2026-03-14,Juhu Store,7.0,14.0,21.0
2026-03-14,"Kalaghoda, Fort",29.0,11.0,40.0
2026-03-14,Kemps Corner,8.0,12.0,20.0
2026-03-14,Khan Market,9.0,6.0,15.0
2026-03-14,Kochi Store,1.0,6.0,7.0
2026-03-14,Koregaon Park,6.0,9.0,15.0
2026-03-14,LakeShore Mall,15.0,1.0,16.0
2026-03-14,Lavelle Road,4.0,4.0,8.0
2026-03-14,"Mall of India, Noida",15.0,6.0,21.0
2026-03-14,Oberoi Mall Store,8.0,6.0,14.0
2026-03-14,Oberoi Sky City,9.0,42.0,51.0
2026-03-14,"Pali Hill, Bandra",2.0,8.0,10.0
2026-03-14,Phoenix Marketcity Kurla,7.0,3.0,10.0
2026-03-14,"Phoenix Marketcity, Whitefield",29.0,2.0,31.0
2026-03-14,Phoenix Palassio,12.0,2.0,14.0
2026-03-14,R.K. Salai,2.0,1.0,3.0
2026-03-14,Sarath City-Hyderabad,28.0,13.0,41.0
2026-03-14,Select City,11.0,5.0,16.0
2026-03-14,Shakespearesarani,11.0,2.0,13.0
2026-03-14,Sindhu Bhavan Marg,7.0,2.0,9.0
2026-03-14,South Ex.,8.0,5.0,13.0
2026-03-14,Vegas Dwarka,9.0,1.0,10.0
2026-03-14,Viviana Mall,24.0,31.0,55.0
2026-03-15,Ambience Vasant Kunj,20.0,10.0,30.0
2026-03-15,Andheri,3.0,6.0,9.0
2026-03-15,DLF Midtown - Moti Nagar,6.0,3.0,9.0
2026-03-15,Express Avenue,22.0,3.0,25.0
2026-03-15,Gurugram,11.0,25.0,36.0
2026-03-15,Indiranagar,10.0,14.0,24.0
2026-03-15,Inorbit mall Hyderabad,38.0,4.0,42.0
2026-03-15,Jaipur Store,10.0,6.0,16.0
2026-03-15,Jayanagar,6.0,0.0,6.0
2026-03-15,Jubilee Hills,14.0,14.0,28.0
2026-03-15,Juhu Store,13.0,2.0,15.0
2026-03-15,"Kalaghoda, Fort",22.0,8.0,30.0
2026-03-15,Kemps Corner,4.0,5.0,9.0
2026-03-15,Khan Market,19.0,5.0,24.0
2026-03-15,Kochi Store,7.0,8.0,15.0
2026-03-15,Koregaon Park,9.0,4.0,13.0
2026-03-15,LakeShore Mall,31.0,1.0,32.0
2026-03-15,Lavelle Road,2.0,4.0,6.0
2026-03-15,"Mall of India, Noida",20.0,4.0,24.0
2026-03-15,Oberoi Mall Store,26.0,9.0,35.0
2026-03-15,Oberoi Sky City,4.0,50.0,54.0
2026-03-15,"Pali Hill, Bandra",2.0,8.0,10.0
2026-03-15,Phoenix Marketcity Kurla,33.0,2.0,35.0
2026-03-15,"Phoenix Marketcity, Whitefield",42.0,3.0,45.0
2026-03-15,Phoenix Palassio,14.0,4.0,18.0
2026-03-15,R.K. Salai,3.0,5.0,8.0
2026-03-15,Sarath City-Hyderabad,44.0,4.0,48.0
2026-03-15,Select City,15.0,3.0,18.0
2026-03-15,Shakespearesarani,5.0,2.0,7.0
2026-03-15,Sindhu Bhavan Marg,13.0,7.0,20.0
2026-03-15,South Ex.,5.0,3.0,8.0
2026-03-15,Vegas Dwarka,13.0,3.0,16.0
2026-03-15,Viviana Mall,28.0,22.0,50.0
2026-03-16,Ambience Vasant Kunj,5.0,2.0,7.0
2026-03-16,Andheri,1.0,3.0,4.0
2026-03-16,DLF Midtown - Moti Nagar,5.0,0.0,5.0
2026-03-16,Express Avenue,9.0,1.0,10.0
2026-03-16,Gurugram,6.0,5.0,11.0
2026-03-16,Indiranagar,2.0,4.0,6.0
2026-03-16,Inorbit mall Hyderabad,25.0,4.0,29.0
2026-03-16,Jaipur Store,3.0,5.0,8.0
2026-03-16,Jayanagar,4.0,1.0,5.0
2026-03-16,Jubilee Hills,4.0,14.0,18.0
2026-03-16,Juhu Store,6.0,1.0,7.0
2026-03-16,"Kalaghoda, Fort",14.0,6.0,20.0
2026-03-16,Kemps Corner,4.0,5.0,9.0
2026-03-16,Khan Market,12.0,6.0,18.0
2026-03-16,Kochi Store,2.0,0.0,2.0
2026-03-16,Koregaon Park,3.0,4.0,7.0
2026-03-16,LakeShore Mall,0.0,8.0,8.0
2026-03-16,Lavelle Road,3.0,5.0,8.0
2026-03-16,"Mall of India, Noida",5.0,2.0,7.0
2026-03-16,Oberoi Mall Store,5.0,2.0,7.0
2026-03-16,Oberoi Sky City,1.0,19.0,20.0
2026-03-16,"Pali Hill, Bandra",2.0,8.0,10.0
2026-03-16,Phoenix Marketcity Kurla,11.0,1.0,12.0
2026-03-16,"Phoenix Marketcity, Whitefield",14.0,0.0,14.0
2026-03-16,Phoenix Palassio,5.0,1.0,6.0
2026-03-16,R.K. Salai,1.0,7.0,8.0
2026-03-16,Sarath City-Hyderabad,13.0,2.0,15.0
2026-03-16,Select City,5.0,2.0,7.0
2026-03-16,Shakespearesarani,4.0,4.0,8.0
2026-03-16,Sindhu Bhavan Marg,6.0,3.0,9.0
2026-03-16,South Ex.,2.0,2.0,4.0
2026-03-16,Vegas Dwarka,3.0,2.0,5.0
2026-03-16,Viviana Mall,8.0,5.0,13.0
2026-03-17,Ambience Vasant Kunj,10.0,0.0,10.0
2026-03-17,Andheri,0.0,3.0,3.0
2026-03-17,DLF Midtown - Moti Nagar,3.0,0.0,3.0
2026-03-17,Express Avenue,12.0,3.0,15.0
2026-03-17,Gurugram,5.0,8.0,13.0
2026-03-17,Indiranagar,3.0,1.0,4.0
2026-03-17,Inorbit mall Hyderabad,24.0,4.0,28.0
2026-03-17,Jaipur Store,6.0,4.0,10.0
2026-03-17,Jayanagar,5.0,1.0,6.0
2026-03-17,Jubilee Hills,4.0,8.0,12.0
2026-03-17,Juhu Store,4.0,2.0,6.0
2026-03-17,"Kalaghoda, Fort",17.0,7.0,24.0
2026-03-17,Kemps Corner,6.0,5.0,11.0
2026-03-17,Khan Market,7.0,7.0,14.0
2026-03-17,Kochi Store,2.0,0.0,2.0
2026-03-17,Koregaon Park,8.0,3.0,11.0
2026-03-17,LakeShore Mall,5.0,1.0,6.0
2026-03-17,Lavelle Road,4.0,3.0,7.0
2026-03-17,"Mall of India, Noida",9.0,2.0,11.0
2026-03-17,Oberoi Mall Store,6.0,2.0,8.0
2026-03-17,Oberoi Sky City,0.0,17.0,17.0
2026-03-17,"Pali Hill, Bandra",2.0,8.0,10.0
2026-03-17,Phoenix Marketcity Kurla,6.0,0.0,6.0
2026-03-17,"Phoenix Marketcity, Whitefield",13.0,0.0,13.0
2026-03-17,Phoenix Palassio,5.0,2.0,7.0
2026-03-17,R.K. Salai,4.0,2.0,6.0
2026-03-17,Sarath City-Hyderabad,10.0,2.0,12.0
2026-03-17,Select City,4.0,3.0,7.0
2026-03-17,Shakespearesarani,7.0,2.0,9.0
2026-03-17,Sindhu Bhavan Marg,4.0,3.0,7.0
2026-03-17,South Ex.,5.0,4.0,9.0
2026-03-17,Vegas Dwarka,4.0,1.0,5.0
2026-03-17,Viviana Mall,6.0,2.0,8.0
2026-03-18,Ambience Vasant Kunj,16.0,2.0,18.0
2026-03-18,Andheri,2.0,1.0,3.0
2026-03-18,DLF Midtown - Moti Nagar,3.0,1.0,4.0
2026-03-18,Express Avenue,11.0,3.0,14.0
2026-03-18,Gurugram,4.0,6.0,10.0
2026-03-18,Indiranagar,5.0,2.0,7.0
2026-03-18,Inorbit mall Hyderabad,23.0,2.0,25.0
2026-03-18,Jaipur Store,9.0,3.0,12.0
2026-03-18,Jayanagar,1.0,2.0,3.0
2026-03-18,Jubilee Hills,5.0,9.0,14.0
2026-03-18,Juhu Store,2.0,2.0,4.0
2026-03-18,"Kalaghoda, Fort",16.0,6.0,22.0
2026-03-18,Kemps Corner,8.0,8.0,16.0
2026-03-18,Khan Market,8.0,7.0,15.0
2026-03-18,Kochi Store,4.0,0.0,4.0
2026-03-18,Koregaon Park,3.0,6.0,9.0
2026-03-18,LakeShore Mall,5.0,2.0,7.0
2026-03-18,Lavelle Road,1.0,5.0,6.0
2026-03-18,"Mall of India, Noida",11.0,2.0,13.0
2026-03-18,Oberoi Mall Store,4.0,3.0,7.0
2026-03-18,Oberoi Sky City,3.0,20.0,23.0
2026-03-18,"Pali Hill, Bandra",6.0,5.0,11.0
2026-03-18,Phoenix Marketcity Kurla,6.0,0.0,6.0
2026-03-18,"Phoenix Marketcity, Whitefield",7.0,1.0,8.0
2026-03-18,Phoenix Palassio,13.0,5.0,18.0
2026-03-18,R.K. Salai,1.0,0.0,1.0
2026-03-18,Sarath City-Hyderabad,25.0,1.0,26.0
2026-03-18,Select City,3.0,1.0,4.0
2026-03-18,Shakespearesarani,4.0,1.0,5.0
2026-03-18,Sindhu Bhavan Marg,2.0,4.0,6.0
2026-03-18,South Ex.,3.0,4.0,7.0
2026-03-18,Vegas Dwarka,4.0,0.0,4.0
2026-03-18,Viviana Mall,5.0,3.0,8.0
2026-03-19,Ambience Vasant Kunj,9.0,0.0,9.0
2026-03-19,Andheri,4.0,7.0,11.0
2026-03-19,DLF Midtown - Moti Nagar,3.0,0.0,3.0
2026-03-19,Express Avenue,10.0,5.0,15.0
2026-03-19,Gurugram,5.0,4.0,9.0
2026-03-19,Indiranagar,12.0,10.0,22.0
2026-03-19,Inorbit mall Hyderabad,28.0,4.0,32.0
2026-03-19,Jaipur Store,4.0,4.0,8.0
2026-03-19,Jayanagar,2.0,3.0,5.0
2026-03-19,Jubilee Hills,11.0,9.0,20.0
2026-03-19,Juhu Store,0.0,6.0,6.0
2026-03-19,"Kalaghoda, Fort",15.0,9.0,24.0
2026-03-19,Kemps Corner,10.0,6.0,16.0
2026-03-19,Khan Market,10.0,3.0,13.0
2026-03-19,Kochi Store,2.0,3.0,5.0
2026-03-19,Koregaon Park,7.0,13.0,20.0
2026-03-19,LakeShore Mall,13.0,2.0,15.0
2026-03-19,Lavelle Road,6.0,8.0,14.0
2026-03-19,"Mall of India, Noida",9.0,5.0,14.0
2026-03-19,Oberoi Mall Store,13.0,2.0,15.0
2026-03-19,Oberoi Sky City,1.0,29.0,30.0
2026-03-19,"Pali Hill, Bandra",10.0,3.0,13.0
2026-03-19,Phoenix Marketcity Kurla,5.0,3.0,8.0
2026-03-19,"Phoenix Marketcity, Whitefield",24.0,2.0,26.0
2026-03-19,Phoenix Palassio,4.0,2.0,6.0
2026-03-19,R.K. Salai,1.0,0.0,1.0
2026-03-19,Sarath City-Hyderabad,25.0,7.0,32.0
2026-03-19,Select City,3.0,2.0,5.0
2026-03-19,Shakespearesarani,5.0,3.0,8.0
2026-03-19,Sindhu Bhavan Marg,7.0,4.0,11.0
2026-03-19,South Ex.,3.0,2.0,5.0
2026-03-19,Vegas Dwarka,6.0,3.0,9.0
2026-03-19,Viviana Mall,28.0,25.0,53.0
2026-03-20,Ambience Vasant Kunj,14.0,6.0,20.0
2026-03-20,Andheri,2.0,2.0,4.0
2026-03-20,DLF Midtown - Moti Nagar,3.0,1.0,4.0
2026-03-20,Express Avenue,6.0,10.0,16.0
2026-03-20,Gurugram,6.0,6.0,12.0
2026-03-20,Indiranagar,0.0,6.0,6.0
2026-03-20,Inorbit mall Hyderabad,27.0,2.0,29.0
2026-03-20,Jaipur Store,4.0,4.0,8.0
2026-03-20,Jayanagar,5.0,4.0,9.0
2026-03-20,Jubilee Hills,9.0,9.0,18.0
2026-03-20,Juhu Store,3.0,7.0,10.0
2026-03-20,"Kalaghoda, Fort",13.0,7.0,20.0
2026-03-20,Kemps Corner,8.0,4.0,12.0
2026-03-20,Khan Market,17.0,4.0,21.0
2026-03-20,Kochi Store,3.0,1.0,4.0
2026-03-20,Koregaon Park,4.0,3.0,7.0
2026-03-20,LakeShore Mall,7.0,2.0,9.0
2026-03-20,Lavelle Road,2.0,4.0,6.0
2026-03-20,"Mall of India, Noida",10.0,2.0,12.0
2026-03-20,Oberoi Mall Store,10.0,4.0,14.0
2026-03-20,Oberoi Sky City,3.0,28.0,31.0
2026-03-20,"Pali Hill, Bandra",6.0,4.0,10.0
2026-03-20,Phoenix Marketcity Kurla,9.0,0.0,9.0
2026-03-20,"Phoenix Marketcity, Whitefield",2.0,15.0,17.0
2026-03-20,Phoenix Palassio,12.0,5.0,17.0
2026-03-20,R.K. Salai,4.0,4.0,8.0
2026-03-20,Sarath City-Hyderabad,24.0,4.0,28.0
2026-03-20,Select City,6.0,2.0,8.0
2026-03-20,Shakespearesarani,10.0,4.0,14.0
2026-03-20,Sindhu Bhavan Marg,4.0,3.0,7.0
2026-03-20,South Ex.,2.0,3.0,5.0
2026-03-20,Vegas Dwarka,8.0,1.0,9.0
2026-03-20,Viviana Mall,6.0,5.0,11.0
2026-03-21,Ambience Vasant Kunj,25.0,8.0,33.0
2026-03-21,Andheri,4.0,6.0,10.0
2026-03-21,DLF Midtown - Moti Nagar,6.0,1.0,7.0
2026-03-21,Express Avenue,7.0,2.0,9.0
2026-03-21,Gurugram,7.0,20.0,27.0
2026-03-21,Indiranagar,13.0,6.0,19.0
2026-03-21,Inorbit mall Hyderabad,25.0,2.0,27.0
2026-03-21,Jaipur Store,9.0,8.0,17.0
2026-03-21,Jayanagar,5.0,1.0,6.0
2026-03-21,Jubilee Hills,10.0,9.0,19.0
2026-03-21,Juhu Store,4.0,2.0,6.0
2026-03-21,"Kalaghoda, Fort",15.0,9.0,24.0
2026-03-21,Kemps Corner,9.0,19.0,28.0
2026-03-21,Khan Market,13.0,5.0,18.0
2026-03-21,Kochi Store,1.0,1.0,2.0
2026-03-21,Koregaon Park,4.0,9.0,13.0
2026-03-21,LakeShore Mall,16.0,0.0,16.0
2026-03-21,Lavelle Road,2.0,3.0,5.0
2026-03-21,"Mall of India, Noida",19.0,5.0,24.0
2026-03-21,Oberoi Mall Store,18.0,3.0,21.0
2026-03-21,Oberoi Sky City,2.0,38.0,40.0
2026-03-21,"Pali Hill, Bandra",5.0,12.0,17.0
2026-03-21,Phoenix Marketcity Kurla,15.0,1.0,16.0
2026-03-21,"Phoenix Marketcity, Whitefield",0.0,1.0,1.0
2026-03-21,Phoenix Palassio,12.0,2.0,14.0
2026-03-21,R.K. Salai,4.0,5.0,9.0
2026-03-21,Sarath City-Hyderabad,23.0,9.0,32.0
2026-03-21,Select City,10.0,3.0,13.0
2026-03-21,Shakespearesarani,14.0,9.0,23.0
2026-03-21,Sindhu Bhavan Marg,6.0,4.0,10.0
2026-03-21,South Ex.,1.0,5.0,6.0
2026-03-21,Vegas Dwarka,10.0,1.0,11.0
2026-03-21,Viviana Mall,15.0,8.0,23.0
2026-03-22,Ambience Vasant Kunj,28.0,4.0,32.0
2026-03-22,Andheri,4.0,7.0,11.0
2026-03-22,DLF Midtown - Moti Nagar,9.0,1.0,10.0
2026-03-22,Express Avenue,13.0,5.0,18.0
2026-03-22,Gurugram,11.0,26.0,37.0
2026-03-22,Indiranagar,11.0,8.0,19.0
2026-03-22,Inorbit mall Hyderabad,0.0,9.0,9.0
2026-03-22,Jaipur Store,10.0,7.0,17.0
2026-03-22,Jayanagar,5.0,3.0,8.0
2026-03-22,Jubilee Hills,6.0,11.0,17.0
2026-03-22,Juhu Store,10.0,10.0,20.0
2026-03-22,"Kalaghoda, Fort",8.0,22.0,30.0
2026-03-22,Kemps Corner,4.0,5.0,9.0
2026-03-22,Khan Market,12.0,10.0,22.0
2026-03-22,Kochi Store,3.0,2.0,5.0
2026-03-22,Koregaon Park,4.0,10.0,14.0
2026-03-22,LakeShore Mall,12.0,1.0,13.0
2026-03-22,Lavelle Road,2.0,6.0,8.0
2026-03-22,"Mall of India, Noida",17.0,8.0,25.0
2026-03-22,Oberoi Mall Store,15.0,3.0,18.0
2026-03-22,Oberoi Sky City,7.0,53.0,60.0
2026-03-22,"Pali Hill, Bandra",12.0,14.0,26.0
2026-03-22,Phoenix Marketcity Kurla,12.0,2.0,14.0
2026-03-22,"Phoenix Marketcity, Whitefield",0.0,0.0,0.0
2026-03-22,Phoenix Palassio,11.0,6.0,17.0
2026-03-22,R.K. Salai,5.0,3.0,8.0
2026-03-22,Sarath City-Hyderabad,5.0,8.0,13.0
2026-03-22,Select City,15.0,1.0,16.0
2026-03-22,Shakespearesarani,15.0,6.0,21.0
2026-03-22,Sindhu Bhavan Marg,11.0,4.0,15.0
2026-03-22,South Ex.,7.0,8.0,15.0
2026-03-22,Vegas Dwarka,15.0,2.0,17.0
2026-03-22,Viviana Mall,28.0,36.0,64.0
2026-03-23,Ambience Vasant Kunj,5.0,8.0,13.0
2026-03-23,Andheri,3.0,4.0,7.0
2026-03-23,DLF Midtown - Moti Nagar,2.0,1.0,3.0
2026-03-23,Express Avenue,9.0,3.0,12.0
2026-03-23,Gurugram,2.0,4.0,6.0
2026-03-23,Indiranagar,8.0,0.0,8.0
2026-03-23,Inorbit mall Hyderabad,21.0,4.0,25.0
2026-03-23,Jaipur Store,1.0,4.0,5.0
2026-03-23,Jayanagar,2.0,3.0,5.0
2026-03-23,Jubilee Hills,4.0,3.0,7.0
2026-03-23,Juhu Store,3.0,4.0,7.0
2026-03-23,"Kalaghoda, Fort",7.0,1.0,8.0
2026-03-23,Kemps Corner,5.0,1.0,6.0
2026-03-23,Khan Market,17.0,10.0,27.0
2026-03-23,Kochi Store,5.0,2.0,7.0
2026-03-23,Koregaon Park,2.0,4.0,6.0
2026-03-23,LakeShore Mall,7.0,0.0,7.0
2026-03-23,Lavelle Road,2.0,1.0,3.0
2026-03-23,"Mall of India, Noida",12.0,2.0,14.0
2026-03-23,Oberoi Mall Store,4.0,3.0,7.0
2026-03-23,Oberoi Sky City,5.0,22.0,27.0
2026-03-23,"Pali Hill, Bandra",8.0,10.0,18.0
2026-03-23,Phoenix Marketcity Kurla,13.0,1.0,14.0
2026-03-23,"Phoenix Marketcity, Whitefield",0.0,0.0,0.0
2026-03-23,Phoenix Palassio,5.0,1.0,6.0
2026-03-23,R.K. Salai,2.0,2.0,4.0
2026-03-23,Sarath City-Hyderabad,15.0,2.0,17.0
2026-03-23,Select City,4.0,0.0,4.0
2026-03-23,Shakespearesarani,6.0,2.0,8.0
2026-03-23,Sindhu Bhavan Marg,1.0,2.0,3.0
2026-03-23,South Ex.,3.0,5.0,8.0
2026-03-23,Vegas Dwarka,8.0,0.0,8.0
2026-03-23,Viviana Mall,10.0,6.0,16.0
2026-03-24,Ambience Vasant Kunj,21.0,3.0,24.0
2026-03-24,Andheri,2.0,2.0,4.0
2026-03-24,DLF Midtown - Moti Nagar,3.0,2.0,5.0
2026-03-24,Express Avenue,6.0,3.0,9.0
2026-03-24,Gurugram,1.0,5.0,6.0
2026-03-24,Indiranagar,4.0,2.0,6.0
2026-03-24,Inorbit mall Hyderabad,13.0,2.0,15.0
2026-03-24,Jaipur Store,7.0,0.0,7.0
2026-03-24,Jayanagar,2.0,1.0,3.0
2026-03-24,Jubilee Hills,2.0,8.0,10.0
2026-03-24,Juhu Store,4.0,6.0,10.0
2026-03-24,"Kalaghoda, Fort",11.0,6.0,17.0
2026-03-24,Kemps Corner,7.0,8.0,15.0
2026-03-24,Khan Market,10.0,3.0,13.0
2026-03-24,Kochi Store,0.0,0.0,0.0
2026-03-24,Koregaon Park,5.0,8.0,13.0
2026-03-24,LakeShore Mall,3.0,2.0,5.0
2026-03-24,Lavelle Road,1.0,0.0,1.0
2026-03-24,"Mall of India, Noida",10.0,3.0,13.0
2026-03-24,Oberoi Mall Store,8.0,2.0,10.0
2026-03-24,Oberoi Sky City,4.0,24.0,28.0
2026-03-24,"Pali Hill, Bandra",3.0,13.0,16.0
2026-03-24,Phoenix Marketcity Kurla,8.0,0.0,8.0
2026-03-24,"Phoenix Marketcity, Whitefield",0.0,0.0,0.0
2026-03-24,Phoenix Palassio,8.0,1.0,9.0
2026-03-24,R.K. Salai,2.0,2.0,4.0
2026-03-24,Sarath City-Hyderabad,8.0,2.0,10.0
2026-03-24,Select City,5.0,1.0,6.0
2026-03-24,Shakespearesarani,9.0,6.0,15.0
2026-03-24,Sindhu Bhavan Marg,2.0,1.0,3.0
2026-03-24,South Ex.,7.0,4.0,11.0
2026-03-24,Vegas Dwarka,7.0,2.0,9.0
2026-03-24,Viviana Mall,8.0,4.0,12.0
2026-03-25,Ambience Vasant Kunj,12.0,6.0,18.0
2026-03-25,Andheri,6.0,4.0,10.0
2026-03-25,DLF Midtown - Moti Nagar,4.0,1.0,5.0
2026-03-25,Express Avenue,8.0,2.0,10.0
2026-03-25,Gurugram,4.0,3.0,7.0
2026-03-25,Indiranagar,8.0,2.0,10.0
2026-03-25,Inorbit mall Hyderabad,12.0,0.0,12.0
2026-03-25,Jaipur Store,8.0,6.0,14.0
2026-03-25,Jayanagar,0.0,1.0,1.0
2026-03-25,Jubilee Hills,10.0,8.0,18.0
2026-03-25,Juhu Store,1.0,2.0,3.0
2026-03-25,"Kalaghoda, Fort",10.0,2.0,12.0
2026-03-25,Kemps Corner,5.0,5.0,10.0
2026-03-25,Khan Market,12.0,8.0,20.0
2026-03-25,Kochi Store,1.0,1.0,2.0
2026-03-25,Koregaon Park,4.0,5.0,9.0
2026-03-25,LakeShore Mall,4.0,1.0,5.0
2026-03-25,Lavelle Road,3.0,3.0,6.0
2026-03-25,"Mall of India, Noida",12.0,5.0,17.0
2026-03-25,Oberoi Mall Store,0.0,1.0,1.0
2026-03-25,Oberoi Sky City,0.0,22.0,22.0
2026-03-25,"Pali Hill, Bandra",8.0,3.0,11.0
2026-03-25,Phoenix Marketcity Kurla,4.0,0.0,4.0
2026-03-25,"Phoenix Marketcity, Whitefield",0.0,0.0,0.0
2026-03-25,Phoenix Palassio,6.0,3.0,9.0
2026-03-25,R.K. Salai,3.0,2.0,5.0
2026-03-25,Sarath City-Hyderabad,8.0,2.0,10.0
2026-03-25,Select City,8.0,1.0,9.0
2026-03-25,Shakespearesarani,5.0,1.0,6.0
2026-03-25,Sindhu Bhavan Marg,6.0,2.0,8.0
2026-03-25,South Ex.,2.0,3.0,5.0
2026-03-25,Vegas Dwarka,8.0,1.0,9.0
2026-03-25,Viviana Mall,4.0,3.0,7.0
2026-03-26,Ambience Vasant Kunj,10.0,3.0,13.0
2026-03-26,Andheri,4.0,4.0,8.0
2026-03-26,DLF Midtown - Moti Nagar,6.0,0.0,6.0
2026-03-26,Express Avenue,8.0,3.0,11.0
2026-03-26,Gurugram,7.0,8.0,15.0
2026-03-26,Indiranagar,5.0,5.0,10.0
2026-03-26,Inorbit mall Hyderabad,21.0,4.0,25.0
2026-03-26,Jaipur Store,5.0,0.0,5.0
2026-03-26,Jayanagar,0.0,1.0,1.0
2026-03-26,Jubilee Hills,10.0,8.0,18.0
2026-03-26,Juhu Store,9.0,0.0,9.0
2026-03-26,"Kalaghoda, Fort",13.0,2.0,15.0
2026-03-26,Kemps Corner,5.0,9.0,14.0
2026-03-26,Khan Market,11.0,7.0,18.0
2026-03-26,Kochi Store,2.0,0.0,2.0
2026-03-26,Koregaon Park,5.0,3.0,8.0
2026-03-26,LakeShore Mall,4.0,3.0,7.0
2026-03-26,Lavelle Road,0.0,2.0,2.0
2026-03-26,"Mall of India, Noida",13.0,3.0,16.0
2026-03-26,Oberoi Mall Store,8.0,2.0,10.0
2026-03-26,Oberoi Sky City,2.0,21.0,23.0
2026-03-26,"Pali Hill, Bandra",10.0,8.0,18.0
2026-03-26,Phoenix Marketcity Kurla,7.0,5.0,12.0
2026-03-26,"Phoenix Marketcity, Whitefield",0.0,0.0,0.0
2026-03-26,Phoenix Palassio,13.0,6.0,19.0
2026-03-26,R.K. Salai,6.0,2.0,8.0
2026-03-26,Sarath City-Hyderabad,12.0,3.0,15.0
2026-03-26,Select City,8.0,2.0,10.0
2026-03-26,Shakespearesarani,8.0,1.0,9.0
2026-03-26,Sindhu Bhavan Marg,4.0,3.0,7.0
2026-03-26,South Ex.,3.0,4.0,7.0
2026-03-26,Vegas Dwarka,7.0,0.0,7.0
2026-03-26,Viviana Mall,15.0,10.0,25.0
2026-03-27,Ambience Vasant Kunj,8.0,2.0,10.0
2026-03-27,Andheri,3.0,3.0,6.0
2026-03-27,DLF Midtown - Moti Nagar,4.0,1.0,5.0
2026-03-27,Express Avenue,12.0,3.0,15.0
2026-03-27,Gurugram,2.0,7.0,9.0
2026-03-27,Indiranagar,4.0,5.0,9.0
2026-03-27,Inorbit mall Hyderabad,50.0,9.0,59.0
2026-03-27,Jaipur Store,3.0,7.0,10.0
2026-03-27,Jayanagar,2.0,1.0,3.0
2026-03-27,Jubilee Hills,14.0,10.0,24.0
2026-03-27,Juhu Store,5.0,1.0,6.0
2026-03-27,"Kalaghoda, Fort",3.0,3.0,6.0
2026-03-27,Kemps Corner,4.0,3.0,7.0
2026-03-27,Khan Market,10.0,1.0,11.0
2026-03-27,Koregaon Park,2.0,6.0,8.0
2026-03-27,LakeShore Mall,15.0,3.0,18.0
2026-03-27,Lavelle Road,1.0,1.0,2.0
2026-03-27,"Mall of India, Noida",8.0,3.0,11.0
2026-03-27,Oberoi Mall Store,3.0,2.0,5.0
2026-03-27,Oberoi Sky City,2.0,18.0,20.0
2026-03-27,"Pali Hill, Bandra",10.0,8.0,18.0
2026-03-27,Phoenix Marketcity Kurla,6.0,1.0,7.0
2026-03-27,"Phoenix Marketcity, Whitefield",0.0,0.0,0.0
2026-03-27,Phoenix Palassio,16.0,3.0,19.0
2026-03-27,R.K. Salai,2.0,2.0,4.0
2026-03-27,Sarath City-Hyderabad,20.0,4.0,24.0
2026-03-27,Select City,7.0,0.0,7.0
2026-03-27,Shakespearesarani,7.0,6.0,13.0
2026-03-27,Sindhu Bhavan Marg,3.0,6.0,9.0
2026-03-27,South Ex.,4.0,4.0,8.0
2026-03-27,Vegas Dwarka,12.0,0.0,12.0
2026-03-27,Viviana Mall,5.0,2.0,7.0
2026-03-28,Ambience Vasant Kunj,15.0,6.0,21.0
2026-03-28,Andheri,4.0,5.0,9.0
2026-03-28,DLF Midtown - Moti Nagar,6.0,1.0,7.0
2026-03-28,Express Avenue,12.0,3.0,15.0
2026-03-28,Gurugram,7.0,13.0,20.0
2026-03-28,Indiranagar,10.0,8.0,18.0
2026-03-28,Inorbit mall Hyderabad,38.0,4.0,42.0
2026-03-28,Jaipur Store,7.0,8.0,15.0
2026-03-28,Jayanagar,3.0,6.0,9.0
2026-03-28,Jubilee Hills,10.0,7.0,17.0
2026-03-28,Juhu Store,8.0,4.0,12.0
2026-03-28,"Kalaghoda, Fort",5.0,20.0,25.0
2026-03-28,Kemps Corner,12.0,14.0,26.0
2026-03-28,Khan Market,7.0,5.0,12.0
2026-03-28,Kochi Store,4.0,3.0,7.0
2026-03-28,Koregaon Park,4.0,10.0,14.0
2026-03-28,LakeShore Mall,14.0,1.0,15.0
2026-03-28,Lavelle Road,1.0,0.0,1.0
2026-03-28,"Mall of India, Noida",13.0,5.0,18.0
2026-03-28,Oberoi Mall Store,10.0,8.0,18.0
2026-03-28,Oberoi Sky City,3.0,40.0,43.0
2026-03-28,"Pali Hill, Bandra",23.0,13.0,36.0
2026-03-28,Phoenix Marketcity Kurla,14.0,4.0,18.0
2026-03-28,"Phoenix Marketcity, Whitefield",0.0,0.0,0.0
2026-03-28,Phoenix Palassio,8.0,2.0,10.0
2026-03-28,R.K. Salai,3.0,1.0,4.0
2026-03-28,Sarath City-Hyderabad,35.0,3.0,38.0
2026-03-28,Select City,16.0,5.0,21.0
2026-03-28,Shakespearesarani,2.0,7.0,9.0
2026-03-28,Sindhu Bhavan Marg,7.0,4.0,11.0
2026-03-28,South Ex.,4.0,0.0,4.0
2026-03-28,Vegas Dwarka,12.0,2.0,14.0
2026-03-28,Viviana Mall,22.0,9.0,31.0
2026-03-29,Ambience Vasant Kunj,30.0,3.0,33.0
2026-03-29,Andheri,5.0,7.0,12.0
2026-03-29,DLF Midtown - Moti Nagar,9.0,4.0,13.0
2026-03-29,Express Avenue,15.0,6.0,21.0
2026-03-29,Gurugram,9.0,12.0,21.0
2026-03-29,Indiranagar,28.0,16.0,44.0
2026-03-29,Inorbit mall Hyderabad,59.0,7.0,66.0
2026-03-29,Jaipur Store,10.0,7.0,17.0
2026-03-29,Jayanagar,3.0,2.0,5.0
2026-03-29,Jubilee Hills,7.0,5.0,12.0
2026-03-29,Juhu Store,8.0,1.0,9.0
2026-03-29,"Kalaghoda, Fort",15.0,15.0,30.0
2026-03-29,Kemps Corner,17.0,16.0,33.0
2026-03-29,Khan Market,11.0,5.0,16.0
2026-03-29,Kochi Store,3.0,2.0,5.0
2026-03-29,Koregaon Park,3.0,6.0,9.0
2026-03-29,LakeShore Mall,12.0,1.0,13.0
2026-03-29,Lavelle Road,4.0,3.0,7.0
2026-03-29,"Mall of India, Noida",19.0,4.0,23.0
2026-03-29,Oberoi Mall Store,17.0,4.0,21.0
2026-03-29,Oberoi Sky City,5.0,32.0,37.0
2026-03-29,"Pali Hill, Bandra",14.0,11.0,25.0
2026-03-29,Phoenix Marketcity Kurla,20.0,10.0,30.0
2026-03-29,"Phoenix Marketcity, Whitefield",0.0,0.0,0.0
2026-03-29,Phoenix Palassio,7.0,4.0,11.0
2026-03-29,R.K. Salai,1.0,4.0,5.0
2026-03-29,Sarath City-Hyderabad,37.0,7.0,44.0
2026-03-29,Select City,20.0,5.0,25.0
2026-03-29,Shakespearesarani,10.0,9.0,19.0
2026-03-29,Sindhu Bhavan Marg,11.0,13.0,24.0
2026-03-29,South Ex.,7.0,6.0,13.0
2026-03-29,Vegas Dwarka,11.0,3.0,14.0
2026-03-29,Viviana Mall,37.0,43.0,80.0
2026-03-30,Ambience Vasant Kunj,9.0,3.0,12.0
2026-03-30,Andheri,2.0,1.0,3.0
2026-03-30,DLF Midtown - Moti Nagar,5.0,1.0,6.0
2026-03-30,Express Avenue,5.0,3.0,8.0
2026-03-30,Gurugram,4.0,12.0,16.0
2026-03-30,Indiranagar,7.0,2.0,9.0
2026-03-30,Inorbit mall Hyderabad,27.0,1.0,28.0
2026-03-30,Jaipur Store,3.0,2.0,5.0
2026-03-30,Jayanagar,2.0,3.0,5.0
2026-03-30,Jubilee Hills,4.0,5.0,9.0
2026-03-30,Juhu Store,7.0,2.0,9.0
2026-03-30,"Kalaghoda, Fort",5.0,2.0,7.0
2026-03-30,Kemps Corner,6.0,7.0,13.0
2026-03-30,Khan Market,14.0,5.0,19.0
2026-03-30,Kochi Store,6.0,0.0,6.0
2026-03-30,Koregaon Park,4.0,6.0,10.0
2026-03-30,LakeShore Mall,4.0,1.0,5.0
2026-03-30,Lavelle Road,0.0,4.0,4.0
2026-03-30,"Mall of India, Noida",9.0,4.0,13.0
2026-03-30,Oberoi Mall Store,5.0,1.0,6.0
2026-03-30,Oberoi Sky City,0.0,15.0,15.0
2026-03-30,"Pali Hill, Bandra",8.0,4.0,12.0
2026-03-30,Phoenix Marketcity Kurla,6.0,1.0,7.0
2026-03-30,"Phoenix Marketcity, Whitefield",0.0,0.0,0.0
2026-03-30,Phoenix Palassio,7.0,1.0,8.0
2026-03-30,R.K. Salai,0.0,0.0,0.0
2026-03-30,Sarath City-Hyderabad,13.0,4.0,17.0
2026-03-30,Select City,6.0,1.0,7.0
2026-03-30,Shakespearesarani,3.0,6.0,9.0
2026-03-30,Sindhu Bhavan Marg,3.0,2.0,5.0
2026-03-30,South Ex.,6.0,2.0,8.0
2026-03-30,Vegas Dwarka,5.0,2.0,7.0
2026-03-30,Viviana Mall,6.0,3.0,9.0
2026-03-31,Ambience Vasant Kunj,7.0,1.0,8.0
2026-03-31,Andheri,2.0,3.0,5.0
2026-03-31,DLF Midtown - Moti Nagar,5.0,0.0,5.0
2026-03-31,Express Avenue,7.0,5.0,12.0
2026-03-31,Gurugram,7.0,7.0,14.0
2026-03-31,Indiranagar,10.0,2.0,12.0
2026-03-31,Inorbit mall Hyderabad,14.0,2.0,16.0
2026-03-31,Jaipur Store,0.0,0.0,0.0
2026-03-31,Jayanagar,2.0,1.0,3.0
2026-03-31,Jubilee Hills,6.0,7.0,13.0
2026-03-31,Juhu Store,6.0,5.0,11.0
2026-03-31,"Kalaghoda, Fort",7.0,3.0,10.0
2026-03-31,Kemps Corner,8.0,8.0,16.0
2026-03-31,Khan Market,7.0,9.0,16.0
2026-03-31,Kochi Store,2.0,0.0,2.0
2026-03-31,Koregaon Park,,7.0,7.0
2026-03-31,LakeShore Mall,7.0,0.0,7.0
2026-03-31,Lavelle Road,1.0,2.0,3.0
2026-03-31,"Mall of India, Noida",9.0,5.0,14.0
2026-03-31,Oberoi Mall Store,8.0,6.0,14.0
2026-03-31,Oberoi Sky City,4.0,18.0,22.0
2026-03-31,"Pali Hill, Bandra",4.0,9.0,13.0
2026-03-31,Phoenix Marketcity Kurla,6.0,5.0,11.0
2026-03-31,"Phoenix Marketcity, Whitefield",0.0,0.0,0.0
2026-03-31,Phoenix Palassio,8.0,5.0,13.0
2026-03-31,R.K. Salai,6.0,0.0,6.0
2026-03-31,Sarath City-Hyderabad,10.0,4.0,14.0
2026-03-31,Select City,9.0,1.0,10.0
2026-03-31,Shakespearesarani,9.0,3.0,12.0
2026-03-31,Sindhu Bhavan Marg,6.0,4.0,10.0
2026-03-31,South Ex.,2.0,2.0,4.0
2026-03-31,Vegas Dwarka,7.0,0.0,7.0
2026-03-31,Viviana Mall,15.0,25.0,40.0
2026-04-01,Ambience Vasant Kunj,12.0,0.0,12.0
2026-04-01,Andheri,2.0,4.0,6.0
2026-04-01,DLF Midtown - Moti Nagar,3.0,1.0,4.0
2026-04-01,Express Avenue,9.0,3.0,12.0
2026-04-01,Gurugram,4.0,14.0,18.0
2026-04-01,Indiranagar,7.0,3.0,10.0
2026-04-01,Inorbit Mall Malad West,11.0,0.0,11.0
2026-04-01,Inorbit mall Hyderabad,39.0,5.0,44.0
2026-04-01,Jaipur Store,3.0,2.0,5.0
2026-04-01,Jayanagar,0.0,1.0,1.0
2026-04-01,Jubilee Hills,6.0,4.0,10.0
2026-04-01,Juhu Store,6.0,1.0,7.0
2026-04-01,"Kalaghoda, Fort",17.0,18.0,35.0
2026-04-01,Kemps Corner,3.0,3.0,6.0
2026-04-01,Khan Market,9.0,10.0,19.0
2026-04-01,Kochi Store,2.0,0.0,2.0
2026-04-01,Koregaon Park,3.0,6.0,9.0
2026-04-01,LakeShore Mall,5.0,2.0,7.0
2026-04-01,Lavelle Road,3.0,1.0,4.0
2026-04-01,"Mall of India, Noida",7.0,0.0,7.0
2026-04-01,Oberoi Mall Store,5.0,2.0,7.0
2026-04-01,Oberoi Sky City,19.0,1.0,20.0
2026-04-01,"Pali Hill, Bandra",3.0,14.0,17.0
2026-04-01,Phoenix Marketcity Kurla,4.0,3.0,7.0
2026-04-01,"Phoenix Marketcity, Whitefield",0.0,0.0,0.0
2026-04-01,Phoenix Palassio,8.0,2.0,10.0
2026-04-01,R.K. Salai,1.0,2.0,3.0
2026-04-01,Sarath City-Hyderabad,8.0,2.0,10.0
2026-04-01,Select City,9.0,3.0,12.0
2026-04-01,Shakespearesarani,6.0,6.0,12.0
2026-04-01,Sindhu Bhavan Marg,6.0,7.0,13.0
2026-04-01,South Ex.,1.0,4.0,5.0
2026-04-01,Vegas Dwarka,3.0,0.0,3.0
2026-04-01,Viviana Mall,6.0,3.0,9.0
2026-04-02,Ambience Vasant Kunj,9.0,3.0,12.0
2026-04-02,Andheri,2.0,2.0,4.0
2026-04-02,DLF Midtown - Moti Nagar,5.0,0.0,5.0
2026-04-02,Express Avenue,8.0,3.0,11.0
2026-04-02,Gurugram,5.0,5.0,10.0
2026-04-02,Indiranagar,12.0,2.0,14.0
2026-04-02,Inorbit Mall Malad West,5.0,0.0,5.0
2026-04-02,Inorbit mall Hyderabad,18.0,5.0,23.0
2026-04-02,Jaipur Store,5.0,3.0,8.0
2026-04-02,Jayanagar,4.0,1.0,5.0
2026-04-02,Jubilee Hills,5.0,8.0,13.0
2026-04-02,Juhu Store,5.0,3.0,8.0
2026-04-02,"Kalaghoda, Fort",13.0,12.0,25.0
2026-04-02,Kemps Corner,4.0,3.0,7.0
2026-04-02,Khan Market,9.0,2.0,11.0
2026-04-02,Kochi Store,4.0,1.0,5.0
2026-04-02,Koregaon Park,3.0,3.0,6.0
2026-04-02,LakeShore Mall,10.0,2.0,12.0
2026-04-02,Lavelle Road,0.0,3.0,3.0
2026-04-02,"Mall of India, Noida",11.0,4.0,15.0
2026-04-02,Oberoi Mall Store,5.0,2.0,7.0
2026-04-02,Oberoi Sky City,18.0,3.0,21.0
2026-04-02,"Pali Hill, Bandra",15.0,4.0,19.0
2026-04-02,Phoenix Marketcity Kurla,7.0,0.0,7.0
2026-04-02,"Phoenix Marketcity, Whitefield",0.0,0.0,0.0
2026-04-02,Phoenix Palassio,11.0,2.0,13.0
2026-04-02,R.K. Salai,1.0,1.0,2.0
2026-04-02,Sarath City-Hyderabad,17.0,0.0,17.0
2026-04-02,Select City,7.0,2.0,9.0
2026-04-02,Shakespearesarani,12.0,2.0,14.0
2026-04-02,Sindhu Bhavan Marg,3.0,2.0,5.0
2026-04-02,South Ex.,7.0,2.0,9.0
2026-04-02,Vegas Dwarka,5.0,2.0,7.0
2026-04-02,Viviana Mall,6.0,2.0,8.0
2026-04-03,Ambience Vasant Kunj,15.0,3.0,18.0
2026-04-03,Andheri,1.0,2.0,3.0
2026-04-03,DLF Midtown - Moti Nagar,5.0,1.0,6.0
2026-04-03,Express Avenue,8.0,8.0,16.0
2026-04-03,Gurugram,4.0,8.0,12.0
2026-04-03,Indiranagar,21.0,16.0,37.0
2026-04-03,Inorbit Mall Malad West,9.0,0.0,9.0
2026-04-03,Inorbit mall Hyderabad,24.0,5.0,29.0
2026-04-03,Jaipur Store,5.0,7.0,12.0
2026-04-03,Jayanagar,4.0,2.0,6.0
2026-04-03,Jubilee Hills,17.0,8.0,25.0
2026-04-03,Juhu Store,8.0,4.0,12.0
2026-04-03,"Kalaghoda, Fort",22.0,3.0,25.0
2026-04-03,Kemps Corner,4.0,8.0,12.0
2026-04-03,Khan Market,12.0,4.0,16.0
2026-04-03,Kochi Store,1.0,0.0,1.0
2026-04-03,Koregaon Park,1.0,8.0,9.0
2026-04-03,LakeShore Mall,18.0,1.0,19.0
2026-04-03,Lavelle Road,4.0,3.0,7.0
2026-04-03,"Mall of India, Noida",13.0,4.0,17.0
2026-04-03,Oberoi Mall Store,8.0,5.0,13.0
2026-04-03,Oberoi Sky City,29.0,4.0,33.0
2026-04-03,"Pali Hill, Bandra",4.0,9.0,13.0
2026-04-03,Phoenix Marketcity Kurla,15.0,6.0,21.0
2026-04-03,"Phoenix Marketcity, Whitefield",0.0,0.0,0.0
2026-04-03,Phoenix Palassio,14.0,1.0,15.0
2026-04-03,R.K. Salai,4.0,2.0,6.0
2026-04-03,Sarath City-Hyderabad,27.0,9.0,36.0
2026-04-03,Select City,12.0,1.0,13.0
2026-04-03,Shakespearesarani,15.0,6.0,21.0
2026-04-03,Sindhu Bhavan Marg,6.0,2.0,8.0
2026-04-03,South Ex.,3.0,1.0,4.0
2026-04-03,Vegas Dwarka,16.0,2.0,18.0
2026-04-03,Viviana Mall,18.0,2.0,20.0
2026-04-04,Ambience Vasant Kunj,25.0,1.0,26.0
2026-04-04,Andheri,6.0,5.0,11.0
2026-04-04,DLF Midtown - Moti Nagar,5.0,3.0,8.0
2026-04-04,Express Avenue,13.0,7.0,20.0
2026-04-04,Gurugram,13.0,12.0,25.0
2026-04-04,Indiranagar,35.0,6.0,41.0
2026-04-04,Inorbit Mall Malad West,27.0,1.0,28.0
2026-04-04,Inorbit mall Hyderabad,69.0,7.0,76.0
2026-04-04,Jaipur Store,8.0,5.0,13.0
2026-04-04,Jayanagar,8.0,3.0,11.0
2026-04-04,Jubilee Hills,5.0,6.0,11.0
2026-04-04,Juhu Store,10.0,6.0,16.0
2026-04-04,"Kalaghoda, Fort",25.0,12.0,37.0
2026-04-04,Kemps Corner,14.0,11.0,25.0
2026-04-04,Khan Market,13.0,7.0,20.0
2026-04-04,Kochi Store,6.0,3.0,9.0
2026-04-04,Koregaon Park,5.0,9.0,14.0
2026-04-04,LakeShore Mall,28.0,0.0,28.0
2026-04-04,Lavelle Road,1.0,8.0,9.0
2026-04-04,"Mall of India, Noida",17.0,3.0,20.0
2026-04-04,Oberoi Mall Store,10.0,9.0,19.0
2026-04-04,Oberoi Sky City,35.0,2.0,37.0
2026-04-04,"Pali Hill, Bandra",3.0,12.0,15.0
2026-04-04,Phoenix Marketcity Kurla,11.0,4.0,15.0
2026-04-04,"Phoenix Marketcity, Whitefield",0.0,0.0,0.0
2026-04-04,Phoenix Palassio,9.0,2.0,11.0
2026-04-04,R.K. Salai,6.0,2.0,8.0
2026-04-04,Sarath City-Hyderabad,40.0,3.0,43.0
2026-04-04,Select City,11.0,8.0,19.0
2026-04-04,Shakespearesarani,12.0,7.0,19.0
2026-04-04,Sindhu Bhavan Marg,6.0,7.0,13.0
2026-04-04,South Ex.,7.0,7.0,14.0
2026-04-04,Vegas Dwarka,17.0,2.0,19.0
2026-04-04,Viviana Mall,18.0,5.0,23.0
2026-04-05,Ambience Vasant Kunj,32.0,3.0,35.0
2026-04-05,Andheri,3.0,8.0,11.0
2026-04-05,DLF Midtown - Moti Nagar,12.0,6.0,18.0
2026-04-05,Express Avenue,16.0,6.0,22.0
2026-04-05,Gurugram,10.0,17.0,27.0
2026-04-05,Indiranagar,27.0,9.0,36.0
2026-04-05,Inorbit Mall Malad West,29.0,1.0,30.0
2026-04-05,Inorbit mall Hyderabad,39.0,2.0,41.0
2026-04-05,Jaipur Store,7.0,10.0,17.0
2026-04-05,Jayanagar,2.0,2.0,4.0
2026-04-05,Jubilee Hills,8.0,11.0,19.0
2026-04-05,Juhu Store,10.0,5.0,15.0
2026-04-05,"Kalaghoda, Fort",18.0,6.0,24.0
2026-04-05,Kemps Corner,11.0,20.0,31.0
2026-04-05,Khan Market,10.0,6.0,16.0
2026-04-05,Kochi Store,2.0,2.0,4.0
2026-04-05,Koregaon Park,6.0,15.0,21.0
2026-04-05,LakeShore Mall,30.0,0.0,30.0
2026-04-05,Lavelle Road,3.0,4.0,7.0
2026-04-05,"Mall of India, Noida",17.0,6.0,23.0
2026-04-05,Oberoi Mall Store,15.0,3.0,18.0
2026-04-05,Oberoi Sky City,30.0,8.0,38.0
2026-04-05,"Pali Hill, Bandra",16.0,18.0,34.0
2026-04-05,Phoenix Marketcity Kurla,13.0,4.0,17.0
2026-04-05,"Phoenix Marketcity, Whitefield",0.0,0.0,0.0
2026-04-05,Phoenix Palassio,18.0,3.0,21.0
2026-04-05,R.K. Salai,5.0,2.0,7.0
2026-04-05,Sarath City-Hyderabad,47.0,7.0,54.0
2026-04-05,Select City,12.0,8.0,20.0
2026-04-05,Shakespearesarani,20.0,5.0,25.0
2026-04-05,Sindhu Bhavan Marg,10.0,8.0,18.0
2026-04-05,South Ex.,6.0,5.0,11.0
2026-04-05,Vegas Dwarka,14.0,2.0,16.0
2026-04-05,Viviana Mall,27.0,5.0,32.0
2026-04-06,Ambience Vasant Kunj,6.0,2.0,8.0
2026-04-06,Andheri,3.0,6.0,9.0
2026-04-06,DLF Midtown - Moti Nagar,2.0,7.0,9.0
2026-04-06,Express Avenue,9.0,9.0,18.0
2026-04-06,Gurugram,4.0,6.0,10.0
2026-04-06,Indiranagar,12.0,7.0,19.0
2026-04-06,Inorbit Mall Malad West,6.0,0.0,6.0
2026-04-06,Inorbit mall Hyderabad,31.0,3.0,34.0
2026-04-06,Jaipur Store,4.0,2.0,6.0
2026-04-06,Jayanagar,3.0,0.0,3.0
2026-04-06,Jubilee Hills,12.0,11.0,23.0
2026-04-06,Juhu Store,2.0,2.0,4.0
2026-04-06,"Kalaghoda, Fort",17.0,8.0,25.0
2026-04-06,Kemps Corner,3.0,4.0,7.0
2026-04-06,Khan Market,11.0,4.0,15.0
2026-04-06,Kochi Store,3.0,2.0,5.0
2026-04-06,Koregaon Park,3.0,9.0,12.0
2026-04-06,LakeShore Mall,7.0,0.0,7.0
2026-04-06,Lavelle Road,2.0,7.0,9.0
2026-04-06,"Mall of India, Noida",19.0,3.0,22.0
2026-04-06,Oberoi Mall Store,4.0,0.0,4.0
2026-04-06,Oberoi Sky City,18.0,2.0,20.0
2026-04-06,"Pali Hill, Bandra",4.0,14.0,18.0
2026-04-06,Phoenix Marketcity Kurla,6.0,2.0,8.0
2026-04-06,"Phoenix Marketcity, Whitefield",0.0,0.0,0.0
2026-04-06,Phoenix Palassio,5.0,1.0,6.0
2026-04-06,R.K. Salai,0.0,2.0,2.0
2026-04-06,Sarath City-Hyderabad,11.0,3.0,14.0
2026-04-06,Select City,4.0,3.0,7.0
2026-04-06,Shakespearesarani,5.0,2.0,7.0
2026-04-06,Sindhu Bhavan Marg,2.0,4.0,6.0
2026-04-06,South Ex.,3.0,3.0,6.0
2026-04-06,Vegas Dwarka,3.0,1.0,4.0
2026-04-06,Viviana Mall,7.0,3.0,10.0
2026-04-07,Ambience Vasant Kunj,12.0,2.0,14.0
2026-04-07,Andheri,0.0,2.0,2.0
2026-04-07,DLF Midtown - Moti Nagar,4.0,1.0,5.0
2026-04-07,Express Avenue,5.0,3.0,8.0
2026-04-07,Gurugram,2.0,5.0,7.0
2026-04-07,Indiranagar,7.0,3.0,10.0
2026-04-07,Inorbit Mall Malad West,14.0,0.0,14.0
2026-04-07,Inorbit mall Hyderabad,30.0,1.0,31.0
2026-04-07,Jaipur Store,1.0,4.0,5.0
2026-04-07,Jayanagar,4.0,4.0,8.0
2026-04-07,Jubilee Hills,3.0,10.0,13.0
2026-04-07,Juhu Store,8.0,3.0,11.0
2026-04-07,"Kalaghoda, Fort",8.0,2.0,10.0
2026-04-07,Kemps Corner,7.0,2.0,9.0
2026-04-07,Khan Market,4.0,7.0,11.0
2026-04-07,Kochi Store,3.0,0.0,3.0
2026-04-07,Koregaon Park,1.0,2.0,3.0
2026-04-07,LakeShore Mall,7.0,1.0,8.0
2026-04-07,Lavelle Road,1.0,2.0,3.0
2026-04-07,"Mall of India, Noida",10.0,3.0,13.0
2026-04-07,Oberoi Mall Store,3.0,2.0,5.0
2026-04-07,Oberoi Sky City,18.0,0.0,18.0
2026-04-07,"Pali Hill, Bandra",3.0,5.0,8.0
2026-04-07,Phoenix Marketcity Kurla,7.0,3.0,10.0
2026-04-07,"Phoenix Marketcity, Whitefield",0.0,0.0,0.0
2026-04-07,Phoenix Palassio,6.0,2.0,8.0
2026-04-07,R.K. Salai,1.0,1.0,2.0
2026-04-07,Sarath City-Hyderabad,10.0,3.0,13.0
2026-04-07,Select City,4.0,2.0,6.0
2026-04-07,Shakespearesarani,4.0,1.0,5.0
2026-04-07,Sindhu Bhavan Marg,1.0,4.0,5.0
2026-04-07,South Ex.,3.0,2.0,5.0
2026-04-07,Vegas Dwarka,4.0,0.0,4.0
2026-04-07,Viviana Mall,5.0,3.0,8.0
2026-04-08,Ambience Vasant Kunj,9.0,1.0,10.0
2026-04-08,Andheri,1.0,2.0,3.0
2026-04-08,DLF Midtown - Moti Nagar,4.0,0.0,4.0
2026-04-08,Express Avenue,8.0,2.0,10.0
2026-04-08,Gurugram,3.0,6.0,9.0
2026-04-08,Indiranagar,14.0,5.0,19.0
2026-04-08,Inorbit Mall Malad West,3.0,0.0,3.0
2026-04-08,Inorbit mall Hyderabad,25.0,3.0,28.0
2026-04-08,Jaipur Store,6.0,3.0,9.0
2026-04-08,Jayanagar,2.0,1.0,3.0
2026-04-08,Jubilee Hills,7.0,9.0,16.0
2026-04-08,Juhu Store,4.0,3.0,7.0
2026-04-08,"Kalaghoda, Fort",12.0,4.0,16.0
2026-04-08,Kemps Corner,2.0,9.0,11.0
2026-04-08,Khan Market,13.0,2.0,15.0
2026-04-08,Kochi Store,3.0,1.0,4.0
2026-04-08,Koregaon Park,6.0,3.0,9.0
2026-04-08,LakeShore Mall,7.0,0.0,7.0
2026-04-08,Lavelle Road,5.0,0.0,5.0
2026-04-08,"Mall of India, Noida",12.0,3.0,15.0
2026-04-08,Oberoi Mall Store,6.0,1.0,7.0
2026-04-08,Oberoi Sky City,19.0,0.0,19.0
2026-04-08,"Pali Hill, Bandra",3.0,8.0,11.0
2026-04-08,Phoenix Marketcity Kurla,7.0,0.0,7.0
2026-04-08,"Phoenix Marketcity, Whitefield",0.0,0.0,0.0
2026-04-08,Phoenix Palassio,6.0,5.0,11.0
2026-04-08,R.K. Salai,1.0,2.0,3.0
2026-04-08,Sarath City-Hyderabad,24.0,3.0,27.0
2026-04-08,Select City,5.0,0.0,5.0
2026-04-08,Shakespearesarani,6.0,4.0,10.0
2026-04-08,Sindhu Bhavan Marg,4.0,2.0,6.0
2026-04-08,South Ex.,3.0,3.0,6.0
2026-04-08,Vegas Dwarka,4.0,2.0,6.0
2026-04-08,Viviana Mall,11.0,1.0,12.0
2026-04-09,Ambience Vasant Kunj,11.0,0.0,11.0
2026-04-09,Andheri,3.0,4.0,7.0
2026-04-09,DLF Midtown - Moti Nagar,3.0,4.0,7.0
2026-04-09,Express Avenue,12.0,6.0,18.0
2026-04-09,Gurugram,3.0,6.0,9.0
2026-04-09,Indiranagar,13.0,3.0,16.0
2026-04-09,Inorbit Mall Malad West,11.0,0.0,11.0
2026-04-09,Inorbit mall Hyderabad,41.0,3.0,44.0
2026-04-09,Jaipur Store,1.0,3.0,4.0
2026-04-09,Jayanagar,2.0,2.0,4.0
2026-04-09,Jubilee Hills,5.0,13.0,18.0
2026-04-09,Juhu Store,2.0,2.0,4.0
2026-04-09,"Kalaghoda, Fort",10.0,5.0,15.0
2026-04-09,Kemps Corner,1.0,3.0,4.0
2026-04-09,Khan Market,10.0,4.0,14.0
2026-04-09,Kochi Store,3.0,2.0,5.0
2026-04-09,Koregaon Park,7.0,3.0,10.0
2026-04-09,LakeShore Mall,5.0,1.0,6.0
2026-04-09,Lavelle Road,2.0,1.0,3.0
2026-04-09,"Mall of India, Noida",14.0,4.0,18.0
2026-04-09,Oberoi Mall Store,4.0,1.0,5.0
2026-04-09,Oberoi Sky City,17.0,1.0,18.0
2026-04-09,"Pali Hill, Bandra",5.0,8.0,13.0
2026-04-09,Phoenix Marketcity Kurla,4.0,4.0,8.0
2026-04-09,"Phoenix Marketcity, Whitefield",0.0,0.0,0.0
2026-04-09,Phoenix Palassio,6.0,4.0,10.0
2026-04-09,R.K. Salai,3.0,2.0,5.0
2026-04-09,Sarath City-Hyderabad,13.0,2.0,15.0
2026-04-09,Select City,5.0,1.0,6.0
2026-04-09,Shakespearesarani,7.0,4.0,11.0
2026-04-09,Sindhu Bhavan Marg,3.0,6.0,9.0
2026-04-09,South Ex.,3.0,3.0,6.0
2026-04-09,Vegas Dwarka,4.0,1.0,5.0
2026-04-09,Viviana Mall,13.0,3.0,16.0
2026-04-10,Ambience Vasant Kunj,7.0,3.0,10.0
2026-04-10,Andheri,4.0,3.0,7.0
2026-04-10,DLF Midtown - Moti Nagar,4.0,3.0,7.0
2026-04-10,Express Avenue,12.0,4.0,16.0
2026-04-10,Gurugram,4.0,4.0,8.0
2026-04-10,Indiranagar,12.0,2.0,14.0
2026-04-10,Inorbit Mall Malad West,9.0,1.0,10.0
2026-04-10,Inorbit mall Hyderabad,24.0,3.0,27.0
2026-04-10,Jaipur Store,8.0,1.0,9.0
2026-04-10,Jayanagar,3.0,0.0,3.0
2026-04-10,Jubilee Hills,8.0,4.0,12.0
2026-04-10,Juhu Store,5.0,3.0,8.0
2026-04-10,"Kalaghoda, Fort",4.0,6.0,10.0
2026-04-10,Kemps Corner,6.0,4.0,10.0
2026-04-10,Khan Market,7.0,9.0,16.0
2026-04-10,Kochi Store,2.0,1.0,3.0
2026-04-10,Koregaon Park,8.0,9.0,17.0
2026-04-10,LakeShore Mall,6.0,0.0,6.0
2026-04-10,Lavelle Road,1.0,4.0,5.0
2026-04-10,"Mall of India, Noida",10.0,3.0,13.0
2026-04-10,Oberoi Mall Store,5.0,3.0,8.0
2026-04-10,Oberoi Sky City,18.0,3.0,21.0
2026-04-10,"Pali Hill, Bandra",13.0,8.0,21.0
2026-04-10,Phoenix Marketcity Kurla,5.0,2.0,7.0
2026-04-10,"Phoenix Marketcity, Whitefield",4.0,11.0,15.0
2026-04-10,Phoenix Palassio,9.0,2.0,11.0
2026-04-10,R.K. Salai,1.0,4.0,5.0
2026-04-10,Sarath City-Hyderabad,18.0,3.0,21.0
2026-04-10,Select City,6.0,4.0,10.0
2026-04-10,Shakespearesarani,12.0,5.0,17.0
2026-04-10,Sindhu Bhavan Marg,2.0,3.0,5.0
2026-04-10,South Ex.,1.0,3.0,4.0
2026-04-10,Vegas Dwarka,5.0,0.0,5.0
2026-04-10,Viviana Mall,11.0,3.0,14.0
2026-04-11,Ambience Vasant Kunj,22.0,5.0,27.0
2026-04-11,Andheri,12.0,7.0,19.0
2026-04-11,DLF Midtown - Moti Nagar,3.0,3.0,6.0
2026-04-11,Express Avenue,21.0,4.0,25.0
2026-04-11,Gurugram,8.0,19.0,27.0
2026-04-11,Indiranagar,27.0,5.0,32.0
2026-04-11,Inorbit Mall Malad West,23.0,6.0,29.0
2026-04-11,Inorbit mall Hyderabad,39.0,4.0,43.0
2026-04-11,Jaipur Store,4.0,7.0,11.0
2026-04-11,Jayanagar,6.0,4.0,10.0
2026-04-11,Jubilee Hills,16.0,13.0,29.0
2026-04-11,Juhu Store,8.0,7.0,15.0
2026-04-11,"Kalaghoda, Fort",20.0,15.0,35.0
2026-04-11,Kemps Corner,9.0,13.0,22.0
2026-04-11,Khan Market,12.0,8.0,20.0
2026-04-11,Kochi Store,3.0,2.0,5.0
2026-04-11,Koregaon Park,6.0,14.0,20.0
2026-04-11,LakeShore Mall,12.0,1.0,13.0
2026-04-11,Lavelle Road,1.0,5.0,6.0
2026-04-11,"Mall of India, Noida",17.0,10.0,27.0
2026-04-11,Oberoi Mall Store,19.0,11.0,30.0
2026-04-11,Oberoi Sky City,27.0,3.0,30.0
2026-04-11,"Pali Hill, Bandra",13.0,11.0,24.0
2026-04-11,Phoenix Marketcity Kurla,12.0,8.0,20.0
2026-04-11,"Phoenix Marketcity, Whitefield",4.0,34.0,38.0
2026-04-11,Phoenix Palassio,8.0,5.0,13.0
2026-04-11,R.K. Salai,3.0,1.0,4.0
2026-04-11,Sarath City-Hyderabad,46.0,9.0,55.0
2026-04-11,Select City,26.0,6.0,32.0
2026-04-11,Shakespearesarani,12.0,2.0,14.0
2026-04-11,Sindhu Bhavan Marg,10.0,11.0,21.0
2026-04-11,South Ex.,7.0,4.0,11.0
2026-04-11,Vegas Dwarka,11.0,1.0,12.0
2026-04-11,Viviana Mall,32.0,8.0,40.0
2026-04-12,Ambience Vasant Kunj,33.0,5.0,38.0
2026-04-12,Andheri,4.0,6.0,10.0
2026-04-12,DLF Midtown - Moti Nagar,6.0,5.0,11.0
2026-04-12,Express Avenue,20.0,5.0,25.0
2026-04-12,Gurugram,7.0,15.0,22.0
2026-04-12,Indiranagar,19.0,9.0,28.0
2026-04-12,Inorbit Mall Malad West,24.0,4.0,28.0
2026-04-12,Inorbit mall Hyderabad,67.0,5.0,72.0
2026-04-12,Jaipur Store,12.0,3.0,15.0
2026-04-12,Jayanagar,3.0,2.0,5.0
2026-04-12,Jubilee Hills,12.0,10.0,22.0
2026-04-12,Juhu Store,10.0,2.0,12.0
2026-04-12,"Kalaghoda, Fort",9.0,9.0,18.0
2026-04-12,Kemps Corner,10.0,16.0,26.0
2026-04-12,Khan Market,8.0,5.0,13.0
2026-04-12,Kochi Store,1.0,1.0,2.0
2026-04-12,Koregaon Park,8.0,14.0,22.0
2026-04-12,LakeShore Mall,20.0,1.0,21.0
2026-04-12,Lavelle Road,1.0,4.0,5.0
2026-04-12,"Mall of India, Noida",19.0,12.0,31.0
2026-04-12,Oberoi Mall Store,16.0,12.0,28.0
2026-04-12,Oberoi Sky City,40.0,6.0,46.0
2026-04-12,"Pali Hill, Bandra",19.0,14.0,33.0
2026-04-12,Phoenix Marketcity Kurla,15.0,2.0,17.0
2026-04-12,"Phoenix Marketcity, Whitefield",36.0,2.0,38.0
2026-04-12,Phoenix Palassio,6.0,1.0,7.0
2026-04-12,R.K. Salai,0.0,3.0,3.0
2026-04-12,Sarath City-Hyderabad,34.0,6.0,40.0
2026-04-12,Select City,11.0,6.0,17.0
2026-04-12,Shakespearesarani,15.0,5.0,20.0
2026-04-12,Sindhu Bhavan Marg,6.0,16.0,22.0
2026-04-12,South Ex.,9.0,6.0,15.0
2026-04-12,Vegas Dwarka,12.0,4.0,16.0
2026-04-12,Viviana Mall,37.0,8.0,45.0
2026-04-13,Ambience Vasant Kunj,7.0,1.0,8.0
2026-04-13,Andheri,2.0,4.0,6.0
2026-04-13,DLF Midtown - Moti Nagar,2.0,,2.0
2026-04-13,Express Avenue,11.0,0.0,11.0
2026-04-13,Gurugram,1.0,8.0,9.0
2026-04-13,Indiranagar,8.0,3.0,11.0
2026-04-13,Inorbit Mall Malad West,14.0,2.0,16.0
2026-04-13,Inorbit mall Hyderabad,29.0,3.0,32.0
2026-04-13,Jaipur Store,3.0,3.0,6.0
2026-04-13,Jayanagar,4.0,2.0,6.0
2026-04-13,Jubilee Hills,8.0,9.0,17.0
2026-04-13,Juhu Store,5.0,2.0,7.0
2026-04-13,"Kalaghoda, Fort",10.0,2.0,12.0
2026-04-13,Kemps Corner,5.0,2.0,7.0
2026-04-13,Khan Market,12.0,6.0,18.0
2026-04-13,Kochi Store,1.0,0.0,1.0
2026-04-13,Koregaon Park,3.0,5.0,8.0
2026-04-13,LakeShore Mall,4.0,1.0,5.0
2026-04-13,Lavelle Road,2.0,3.0,5.0
2026-04-13,"Mall of India, Noida",10.0,5.0,15.0
2026-04-13,Oberoi Mall Store,5.0,1.0,6.0
2026-04-13,Oberoi Sky City,16.0,2.0,18.0
2026-04-13,"Pali Hill, Bandra",11.0,8.0,19.0
2026-04-13,Phoenix Marketcity Kurla,6.0,0.0,6.0
2026-04-13,"Phoenix Marketcity, Whitefield",2.0,10.0,12.0
2026-04-13,Phoenix Palassio,5.0,4.0,9.0
2026-04-13,R.K. Salai,1.0,6.0,7.0
2026-04-13,Sarath City-Hyderabad,17.0,3.0,20.0
2026-04-13,Select City,11.0,0.0,11.0
2026-04-13,Shakespearesarani,7.0,5.0,12.0
2026-04-13,Sindhu Bhavan Marg,1.0,0.0,1.0
2026-04-13,South Ex.,5.0,7.0,12.0
2026-04-13,Vegas Dwarka,3.0,3.0,6.0
2026-04-13,Viviana Mall,9.0,3.0,12.0
2026-04-14,Ambience Vasant Kunj,10.0,0.0,10.0
2026-04-14,Andheri,6.0,5.0,11.0
2026-04-14,DLF Midtown - Moti Nagar,2.0,1.0,3.0
2026-04-14,Express Avenue,12.0,7.0,19.0
2026-04-14,Gurugram,7.0,8.0,15.0
2026-04-14,Indiranagar,7.0,2.0,9.0
2026-04-14,Inorbit Mall Malad West,9.0,3.0,12.0
2026-04-14,Inorbit mall Hyderabad,25.0,4.0,29.0
2026-04-14,Jaipur Store,6.0,3.0,9.0
2026-04-14,Jayanagar,6.0,1.0,7.0
2026-04-14,Jubilee Hills,9.0,7.0,16.0
2026-04-14,Juhu Store,5.0,1.0,6.0
2026-04-14,"Kalaghoda, Fort",10.0,3.0,13.0
2026-04-14,Kemps Corner,9.0,15.0,24.0
2026-04-14,Khan Market,8.0,6.0,14.0
2026-04-14,Kochi Store,2.0,1.0,3.0
2026-04-14,Koregaon Park,3.0,4.0,7.0
2026-04-14,LakeShore Mall,9.0,0.0,9.0
2026-04-14,Lavelle Road,0.0,3.0,3.0
2026-04-14,"Mall of India, Noida",22.0,7.0,29.0
2026-04-14,Oberoi Mall Store,5.0,2.0,7.0
2026-04-14,Oberoi Sky City,25.0,3.0,28.0
2026-04-14,"Pali Hill, Bandra",4.0,5.0,9.0
2026-04-14,Phoenix Marketcity Kurla,7.0,3.0,10.0
2026-04-14,"Phoenix Marketcity, Whitefield",7.0,3.0,10.0
2026-04-14,Phoenix Palassio,10.0,3.0,13.0
2026-04-14,R.K. Salai,1.0,1.0,2.0
2026-04-14,Sarath City-Hyderabad,15.0,6.0,21.0
2026-04-14,Select City,8.0,6.0,14.0
2026-04-14,Shakespearesarani,7.0,3.0,10.0
2026-04-14,Sindhu Bhavan Marg,0.0,1.0,1.0
2026-04-14,South Ex.,6.0,4.0,10.0
2026-04-14,Vegas Dwarka,4.0,1.0,5.0
2026-04-14,Viviana Mall,12.0,2.0,14.0
2026-04-15,Ambience Vasant Kunj,8.0,0.0,8.0
2026-04-15,Andheri,2.0,3.0,5.0
2026-04-15,DLF Midtown - Moti Nagar,3.0,0.0,3.0
2026-04-15,Express Avenue,6.0,4.0,10.0
2026-04-15,Gurugram,5.0,7.0,12.0
2026-04-15,Indiranagar,9.0,0.0,9.0
2026-04-15,Inorbit Mall Malad West,6.0,1.0,7.0
2026-04-15,Inorbit mall Hyderabad,19.0,5.0,24.0
2026-04-15,Jaipur Store,6.0,1.0,7.0
2026-04-15,Jayanagar,2.0,3.0,5.0
2026-04-15,Jubilee Hills,4.0,5.0,9.0
2026-04-15,Juhu Store,2.0,4.0,6.0
2026-04-15,"Kalaghoda, Fort",11.0,8.0,19.0
2026-04-15,Kemps Corner,2.0,5.0,7.0
2026-04-15,Khan Market,8.0,5.0,13.0
2026-04-15,Kochi Store,0.0,5.0,5.0
2026-04-15,Koregaon Park,2.0,8.0,10.0
2026-04-15,LakeShore Mall,9.0,0.0,9.0
2026-04-15,Lavelle Road,1.0,4.0,5.0
2026-04-15,"Mall of India, Noida",10.0,2.0,12.0
2026-04-15,Oberoi Mall Store,6.0,4.0,10.0
2026-04-15,Oberoi Sky City,20.0,2.0,22.0
2026-04-15,"Pali Hill, Bandra",5.0,3.0,8.0
2026-04-15,Phoenix Marketcity Kurla,6.0,1.0,7.0
2026-04-15,"Phoenix Marketcity, Whitefield",3.0,5.0,8.0
2026-04-15,Phoenix Palassio,9.0,0.0,9.0
2026-04-15,R.K. Salai,0.0,2.0,2.0
2026-04-15,Sarath City-Hyderabad,7.0,4.0,11.0
2026-04-15,Select City,9.0,1.0,10.0
2026-04-15,Shakespearesarani,8.0,9.0,17.0
2026-04-15,Sindhu Bhavan Marg,3.0,8.0,11.0
2026-04-15,South Ex.,2.0,4.0,6.0
2026-04-15,Vegas Dwarka,4.0,5.0,9.0
2026-04-15,Viviana Mall,8.0,4.0,12.0
2026-04-16,Ambience Vasant Kunj,5.0,3.0,8.0
2026-04-16,Andheri,5.0,0.0,5.0
2026-04-16,DLF Midtown - Moti Nagar,2.0,0.0,2.0
2026-04-16,Express Avenue,10.0,1.0,11.0
2026-04-16,Gurugram,3.0,5.0,8.0
2026-04-16,Indiranagar,3.0,3.0,6.0
2026-04-16,Inorbit Mall Malad West,5.0,2.0,7.0
2026-04-16,Inorbit mall Hyderabad,25.0,3.0,28.0
2026-04-16,Jaipur Store,3.0,3.0,6.0
2026-04-16,Jayanagar,0.0,3.0,3.0
2026-04-16,Jubilee Hills,2.0,4.0,6.0
2026-04-16,Juhu Store,4.0,1.0,5.0
2026-04-16,"Kalaghoda, Fort",10.0,4.0,14.0
2026-04-16,Kemps Corner,8.0,6.0,14.0
2026-04-16,Khan Market,9.0,2.0,11.0
2026-04-16,Kochi Store,3.0,3.0,6.0
2026-04-16,Koregaon Park,6.0,5.0,11.0
2026-04-16,LakeShore Mall,8.0,0.0,8.0
2026-04-16,Lavelle Road,1.0,7.0,8.0
2026-04-16,"Mall of India, Noida",6.0,3.0,9.0
2026-04-16,Oberoi Mall Store,6.0,0.0,6.0
2026-04-16,Oberoi Sky City,22.0,3.0,25.0
2026-04-16,"Pali Hill, Bandra",4.0,6.0,10.0
2026-04-16,Phoenix Marketcity Kurla,5.0,1.0,6.0
2026-04-16,"Phoenix Marketcity, Whitefield",1.0,8.0,9.0
2026-04-16,Phoenix Palassio,13.0,2.0,15.0
2026-04-16,R.K. Salai,1.0,1.0,2.0
2026-04-16,Sarath City-Hyderabad,16.0,2.0,18.0
2026-04-16,Select City,5.0,3.0,8.0
2026-04-16,Shakespearesarani,4.0,2.0,6.0
2026-04-16,Sindhu Bhavan Marg,11.0,7.0,18.0
2026-04-16,South Ex.,2.0,3.0,5.0
2026-04-16,Vegas Dwarka,3.0,3.0,6.0
2026-04-16,Viviana Mall,8.0,1.0,9.0
2026-04-17,Ambience Vasant Kunj,11.0,3.0,14.0
2026-04-17,Andheri,3.0,5.0,8.0
2026-04-17,DLF Midtown - Moti Nagar,1.0,7.0,8.0
2026-04-17,Express Avenue,14.0,3.0,17.0
2026-04-17,Gurugram,3.0,8.0,11.0
2026-04-17,Indiranagar,2.0,4.0,6.0
2026-04-17,Inorbit Mall Malad West,12.0,0.0,12.0
2026-04-17,Inorbit mall Hyderabad,30.0,2.0,32.0
2026-04-17,Jaipur Store,5.0,3.0,8.0
2026-04-17,Jayanagar,2.0,2.0,4.0
2026-04-17,Jubilee Hills,7.0,5.0,12.0
2026-04-17,Juhu Store,9.0,1.0,10.0
2026-04-17,"Kalaghoda, Fort",11.0,5.0,16.0
2026-04-17,Kemps Corner,5.0,7.0,12.0
2026-04-17,Khan Market,9.0,1.0,10.0
2026-04-17,Kochi Store,2.0,1.0,3.0
2026-04-17,Koregaon Park,3.0,2.0,5.0
2026-04-17,LakeShore Mall,13.0,0.0,13.0
2026-04-17,Lavelle Road,2.0,2.0,4.0
2026-04-17,"Mall of India, Noida",15.0,3.0,18.0
2026-04-17,Oberoi Mall Store,3.0,4.0,7.0
2026-04-17,Oberoi Sky City,19.0,4.0,23.0
2026-04-17,"Pali Hill, Bandra",10.0,8.0,18.0
2026-04-17,Phoenix Marketcity Kurla,8.0,2.0,10.0
2026-04-17,"Phoenix Marketcity, Whitefield",10.0,2.0,12.0
2026-04-17,Phoenix Palassio,9.0,2.0,11.0
2026-04-17,R.K. Salai,0.0,3.0,3.0
2026-04-17,Sarath City-Hyderabad,21.0,2.0,23.0
2026-04-17,Select City,4.0,0.0,4.0
2026-04-17,Shakespearesarani,5.0,5.0,10.0
2026-04-17,Sindhu Bhavan Marg,6.0,5.0,11.0
2026-04-17,South Ex.,6.0,3.0,9.0
2026-04-17,Vegas Dwarka,14.0,2.0,16.0
2026-04-17,Viviana Mall,4.0,4.0,8.0
2026-04-18,Ambience Vasant Kunj,25.0,2.0,27.0
2026-04-18,Andheri,5.0,6.0,11.0
2026-04-18,DLF Midtown - Moti Nagar,5.0,,5.0
2026-04-18,Express Avenue,11.0,2.0,13.0
2026-04-18,Gurugram,11.0,13.0,24.0
2026-04-18,Indiranagar,23.0,6.0,29.0
2026-04-18,Inorbit Mall Malad West,21.0,6.0,27.0
2026-04-18,Inorbit mall Hyderabad,43.0,5.0,48.0
2026-04-18,Jaipur Store,8.0,7.0,15.0
2026-04-18,Jayanagar,1.0,6.0,7.0
2026-04-18,Jubilee Hills,4.0,6.0,10.0
2026-04-18,Juhu Store,8.0,7.0,15.0
2026-04-18,"Kalaghoda, Fort",19.0,16.0,35.0
2026-04-18,Kemps Corner,6.0,12.0,18.0
2026-04-18,Khan Market,4.0,9.0,13.0
2026-04-18,Kochi Store,3.0,0.0,3.0
2026-04-18,Koregaon Park,12.0,10.0,22.0
2026-04-18,LakeShore Mall,29.0,1.0,30.0
2026-04-18,Lavelle Road,2.0,2.0,4.0
2026-04-18,"Mall of India, Noida",30.0,2.0,32.0
2026-04-18,Oberoi Mall Store,8.0,3.0,11.0
2026-04-18,Oberoi Sky City,30.0,6.0,36.0
2026-04-18,"Pali Hill, Bandra",9.0,7.0,16.0
2026-04-18,Phoenix Marketcity Kurla,15.0,4.0,19.0
2026-04-18,"Phoenix Marketcity, Whitefield",24.0,4.0,28.0
2026-04-18,Phoenix Palassio,15.0,4.0,19.0
2026-04-18,R.K. Salai,2.0,2.0,4.0
2026-04-18,Sarath City-Hyderabad,39.0,4.0,43.0
2026-04-18,Select City,12.0,2.0,14.0
2026-04-18,Shakespearesarani,9.0,4.0,13.0
2026-04-18,Sindhu Bhavan Marg,4.0,7.0,11.0
2026-04-18,South Ex.,9.0,4.0,13.0
2026-04-18,Vegas Dwarka,10.0,2.0,12.0
2026-04-18,Viviana Mall,22.0,2.0,24.0
2026-04-19,Ambience Vasant Kunj,21.0,9.0,30.0
2026-04-19,Andheri,8.0,7.0,15.0
2026-04-19,DLF Midtown - Moti Nagar,5.0,0.0,5.0
2026-04-19,Express Avenue,13.0,7.0,20.0
2026-04-19,Gurugram,14.0,12.0,26.0
2026-04-19,Indiranagar,24.0,7.0,31.0
2026-04-19,Inorbit Mall Malad West,17.0,7.0,24.0
2026-04-19,Inorbit mall Hyderabad,68.0,6.0,74.0
2026-04-19,Jaipur Store,7.0,10.0,17.0
2026-04-19,Jayanagar,3.0,0.0,3.0
2026-04-19,Jubilee Hills,2.0,9.0,11.0
2026-04-19,Juhu Store,8.0,5.0,13.0
2026-04-19,"Kalaghoda, Fort",27.0,13.0,40.0
2026-04-19,Kemps Corner,16.0,14.0,30.0
2026-04-19,Khan Market,11.0,9.0,20.0
2026-04-19,Kochi Store,2.0,1.0,3.0
2026-04-19,Koregaon Park,9.0,11.0,20.0
2026-04-19,LakeShore Mall,36.0,3.0,39.0
2026-04-19,Lavelle Road,5.0,4.0,9.0
2026-04-19,"Mall of India, Noida",36.0,7.0,43.0
2026-04-19,Oberoi Mall Store,34.0,10.0,44.0
2026-04-19,Oberoi Sky City,37.0,4.0,41.0
2026-04-19,"Pali Hill, Bandra",14.0,12.0,26.0
2026-04-19,Phoenix Marketcity Kurla,16.0,6.0,22.0
2026-04-19,"Phoenix Marketcity, Whitefield",26.0,6.0,32.0
2026-04-19,Phoenix Palassio,19.0,2.0,21.0
2026-04-19,R.K. Salai,3.0,4.0,7.0
2026-04-19,Sarath City-Hyderabad,43.0,11.0,54.0
2026-04-19,Select City,9.0,6.0,15.0
2026-04-19,Shakespearesarani,19.0,7.0,26.0
2026-04-19,Sindhu Bhavan Marg,8.0,5.0,13.0
2026-04-19,South Ex.,5.0,5.0,10.0
2026-04-19,Vegas Dwarka,11.0,1.0,12.0
2026-04-19,Viviana Mall,20.0,5.0,25.0
2026-04-20,Ambience Vasant Kunj,12.0,3.0,15.0
2026-04-20,Andheri,5.0,5.0,10.0
2026-04-20,DLF Midtown - Moti Nagar,2.0,1.0,3.0
2026-04-20,Express Avenue,5.0,2.0,7.0
2026-04-20,Gurugram,4.0,2.0,6.0
2026-04-20,Indiranagar,8.0,3.0,11.0
2026-04-20,Inorbit Mall Malad West,4.0,1.0,5.0
2026-04-20,Inorbit mall Hyderabad,29.0,7.0,36.0
2026-04-20,Jaipur Store,6.0,4.0,10.0
2026-04-20,Jayanagar,1.0,5.0,6.0
2026-04-20,Jubilee Hills,6.0,15.0,21.0
2026-04-20,Juhu Store,2.0,1.0,3.0
2026-04-20,"Kalaghoda, Fort",12.0,10.0,22.0
2026-04-20,Kemps Corner,5.0,5.0,10.0
2026-04-20,Khan Market,9.0,2.0,11.0
2026-04-20,Koregaon Park,3.0,6.0,9.0
2026-04-20,LakeShore Mall,13.0,0.0,13.0
2026-04-20,Lavelle Road,3.0,3.0,6.0
2026-04-20,"Mall of India, Noida",10.0,2.0,12.0
2026-04-20,Oberoi Mall Store,5.0,3.0,8.0
2026-04-20,Oberoi Sky City,18.0,0.0,18.0
2026-04-20,"Pali Hill, Bandra",10.0,4.0,14.0
2026-04-20,Phoenix Marketcity Kurla,8.0,2.0,10.0
2026-04-20,"Phoenix Marketcity, Whitefield",8.0,0.0,8.0
2026-04-20,Phoenix Palassio,12.0,2.0,14.0
2026-04-20,R.K. Salai,0.0,1.0,1.0
2026-04-20,Sarath City-Hyderabad,12.0,2.0,14.0
2026-04-20,Select City,13.0,1.0,14.0
2026-04-20,Shakespearesarani,9.0,7.0,16.0
2026-04-20,Sindhu Bhavan Marg,6.0,8.0,14.0
2026-04-20,South Ex.,3.0,2.0,5.0
2026-04-20,Vegas Dwarka,4.0,1.0,5.0
2026-04-20,Viviana Mall,8.0,1.0,9.0
2026-04-21,Ambience Vasant Kunj,10.0,3.0,13.0
2026-04-21,Andheri,0.0,5.0,5.0
2026-04-21,DLF Midtown - Moti Nagar,5.0,0.0,5.0
2026-04-21,Express Avenue,3.0,2.0,5.0
2026-04-21,Gurugram,4.0,7.0,11.0
2026-04-21,Indiranagar,7.0,1.0,8.0
2026-04-21,Inorbit Mall Malad West,6.0,2.0,8.0
2026-04-21,Inorbit mall Hyderabad,35.0,3.0,38.0
2026-04-21,Jaipur Store,5.0,2.0,7.0
2026-04-21,Jayanagar,3.0,3.0,6.0
2026-04-21,Jubilee Hills,2.0,6.0,8.0
2026-04-21,Juhu Store,2.0,2.0,4.0
2026-04-21,"Kalaghoda, Fort",5.0,2.0,7.0
2026-04-21,Kemps Corner,4.0,6.0,10.0
2026-04-21,Khan Market,10.0,8.0,18.0
2026-04-21,Kochi Store,1.0,3.0,4.0
2026-04-21,Koregaon Park,4.0,9.0,13.0
2026-04-21,LakeShore Mall,22.0,0.0,22.0
2026-04-21,Lavelle Road,2.0,2.0,4.0
2026-04-21,"Mall of India, Noida",8.0,3.0,11.0
2026-04-21,Oberoi Mall Store,11.0,3.0,14.0
2026-04-21,Oberoi Sky City,11.0,1.0,12.0
2026-04-21,"Pali Hill, Bandra",7.0,5.0,12.0
2026-04-21,Phoenix Marketcity Kurla,6.0,0.0,6.0
2026-04-21,"Phoenix Marketcity, Whitefield",6.0,2.0,8.0
2026-04-21,Phoenix Palassio,8.0,1.0,9.0
2026-04-21,R.K. Salai,3.0,1.0,4.0
2026-04-21,Sarath City-Hyderabad,20.0,2.0,22.0
2026-04-21,Select City,6.0,5.0,11.0
2026-04-21,Shakespearesarani,5.0,1.0,6.0
2026-04-21,Sindhu Bhavan Marg,3.0,5.0,8.0
2026-04-21,South Ex.,2.0,2.0,4.0
2026-04-21,Vegas Dwarka,8.0,1.0,9.0
2026-04-21,Viviana Mall,8.0,2.0,10.0
2026-04-22,Ambience Vasant Kunj,14.0,3.0,17.0
2026-04-22,Andheri,5.0,3.0,8.0
2026-04-22,DLF Midtown - Moti Nagar,5.0,0.0,5.0
2026-04-22,Express Avenue,8.0,3.0,11.0
2026-04-22,Gurugram,3.0,12.0,15.0
2026-04-22,Indiranagar,5.0,4.0,9.0
2026-04-22,Inorbit Mall Malad West,4.0,1.0,5.0
2026-04-22,Inorbit mall Hyderabad,15.0,2.0,17.0
2026-04-22,Jaipur Store,4.0,1.0,5.0
2026-04-22,Jayanagar,2.0,4.0,6.0
2026-04-22,Jubilee Hills,2.0,12.0,14.0
2026-04-22,Juhu Store,4.0,1.0,5.0
2026-04-22,"Kalaghoda, Fort",15.0,4.0,19.0
2026-04-22,Kemps Corner,5.0,8.0,13.0
2026-04-22,Khan Market,9.0,11.0,20.0
2026-04-22,Kochi Store,1.0,1.0,2.0
2026-04-22,Koregaon Park,3.0,3.0,6.0
2026-04-22,LakeShore Mall,24.0,0.0,24.0
2026-04-22,Lavelle Road,1.0,2.0,3.0
2026-04-22,"Mall of India, Noida",16.0,6.0,22.0
2026-04-22,Oberoi Mall Store,2.0,8.0,10.0
2026-04-22,Oberoi Sky City,15.0,0.0,15.0
2026-04-22,"Pali Hill, Bandra",6.0,6.0,12.0
2026-04-22,Phoenix Marketcity Kurla,8.0,0.0,8.0
2026-04-22,"Phoenix Marketcity, Whitefield",8.0,1.0,9.0
2026-04-22,Phoenix Palassio,8.0,2.0,10.0
2026-04-22,R.K. Salai,3.0,5.0,8.0
2026-04-22,Sarath City-Hyderabad,24.0,0.0,24.0
2026-04-22,Select City,11.0,1.0,12.0
2026-04-22,Shakespearesarani,9.0,4.0,13.0
2026-04-22,Sindhu Bhavan Marg,9.0,5.0,14.0
2026-04-22,South Ex.,8.0,0.0,8.0
2026-04-22,Vegas Dwarka,5.0,2.0,7.0
2026-04-22,Viviana Mall,8.0,2.0,10.0
2026-04-23,Ambience Vasant Kunj,7.0,3.0,10.0
2026-04-23,Andheri,2.0,5.0,7.0
2026-04-23,DLF Midtown - Moti Nagar,3.0,0.0,3.0
2026-04-23,Express Avenue,6.0,4.0,10.0
2026-04-23,Gurugram,2.0,12.0,14.0
2026-04-23,Indiranagar,6.0,3.0,9.0
2026-04-23,Inorbit Mall Malad West,8.0,2.0,10.0
2026-04-23,Inorbit mall Hyderabad,23.0,3.0,26.0
2026-04-23,Jaipur Store,8.0,4.0,12.0
2026-04-23,Jayanagar,2.0,2.0,4.0
2026-04-23,Jubilee Hills,5.0,14.0,19.0
2026-04-23,Juhu Store,8.0,2.0,10.0
2026-04-23,"Kalaghoda, Fort",15.0,10.0,25.0
2026-04-23,Kemps Corner,6.0,0.0,6.0
2026-04-23,Khan Market,9.0,4.0,13.0
2026-04-23,Kochi Store,1.0,1.0,2.0
2026-04-23,Koregaon Park,8.0,4.0,12.0
2026-04-23,LakeShore Mall,23.0,0.0,23.0
2026-04-23,Lavelle Road,1.0,3.0,4.0
2026-04-23,"Mall of India, Noida",10.0,1.0,11.0
2026-04-23,Oberoi Mall Store,8.0,2.0,10.0
2026-04-23,Oberoi Sky City,15.0,0.0,15.0
2026-04-23,"Pali Hill, Bandra",8.0,10.0,18.0
2026-04-23,Phoenix Marketcity Kurla,5.0,1.0,6.0
2026-04-23,"Phoenix Marketcity, Whitefield",4.0,1.0,5.0
2026-04-23,Phoenix Palassio,9.0,2.0,11.0
2026-04-23,R.K. Salai,0.0,0.0,0.0
2026-04-23,Sarath City-Hyderabad,19.0,1.0,20.0
2026-04-23,Select City,8.0,1.0,9.0
2026-04-23,Shakespearesarani,3.0,6.0,9.0
2026-04-23,Sindhu Bhavan Marg,12.0,2.0,14.0
2026-04-23,South Ex.,4.0,1.0,5.0
2026-04-23,Vegas Dwarka,6.0,1.0,7.0
2026-04-23,Viviana Mall,8.0,2.0,10.0
2026-04-24,Ambience Vasant Kunj,10.0,2.0,12.0
2026-04-24,Andheri,1.0,4.0,5.0
2026-04-24,DLF Midtown - Moti Nagar,4.0,1.0,5.0
2026-04-24,Express Avenue,11.0,5.0,16.0
2026-04-24,Gurugram,5.0,8.0,13.0
2026-04-24,Indiranagar,3.0,1.0,4.0
2026-04-24,Inorbit Mall Malad West,12.0,0.0,12.0
2026-04-24,Inorbit mall Hyderabad,31.0,1.0,32.0
2026-04-24,Jaipur Store,6.0,3.0,9.0
2026-04-24,Jayanagar,2.0,3.0,5.0
2026-04-24,Jubilee Hills,6.0,3.0,9.0
2026-04-24,Juhu Store,3.0,0.0,3.0
2026-04-24,"Kalaghoda, Fort",15.0,13.0,28.0
2026-04-24,Kemps Corner,5.0,9.0,14.0
2026-04-24,Khan Market,6.0,4.0,10.0
2026-04-24,Koregaon Park,0.0,6.0,6.0
2026-04-24,LakeShore Mall,16.0,1.0,17.0
2026-04-24,Lavelle Road,2.0,2.0,4.0
2026-04-24,"Mall of India, Noida",14.0,4.0,18.0
2026-04-24,Oberoi Mall Store,1.0,2.0,3.0
2026-04-24,Oberoi Sky City,18.0,4.0,22.0
2026-04-24,"Pali Hill, Bandra",3.0,13.0,16.0
2026-04-24,Phoenix Marketcity Kurla,7.0,1.0,8.0
2026-04-24,"Phoenix Marketcity, Whitefield",9.0,1.0,10.0
2026-04-24,Phoenix Palassio,13.0,5.0,18.0
2026-04-24,R.K. Salai,1.0,2.0,3.0
2026-04-24,Sarath City-Hyderabad,27.0,4.0,31.0
2026-04-24,Select City,10.0,3.0,13.0
2026-04-24,Shakespearesarani,2.0,3.0,5.0
2026-04-24,Sindhu Bhavan Marg,4.0,8.0,12.0
2026-04-24,South Ex.,1.0,4.0,5.0
2026-04-24,Vegas Dwarka,6.0,1.0,7.0
2026-04-24,Viviana Mall,10.0,4.0,14.0
2026-04-25,Ambience Vasant Kunj,29.0,1.0,30.0
2026-04-25,Andheri,2.0,5.0,7.0
2026-04-25,DLF Midtown - Moti Nagar,5.0,0.0,5.0
2026-04-25,Express Avenue,11.0,9.0,20.0
2026-04-25,Gurugram,11.0,12.0,23.0
2026-04-25,Indiranagar,19.0,8.0,27.0
2026-04-25,Inorbit Mall Malad West,33.0,1.0,34.0
2026-04-25,Inorbit mall Hyderabad,38.0,5.0,43.0
2026-04-25,Jaipur Store,4.0,5.0,9.0
2026-04-25,Jayanagar,4.0,3.0,7.0
2026-04-25,Jubilee Hills,8.0,11.0,19.0
2026-04-25,Juhu Store,4.0,8.0,12.0
2026-04-25,"Kalaghoda, Fort",32.0,15.0,47.0
2026-04-25,Kemps Corner,15.0,16.0,31.0
2026-04-25,Khan Market,10.0,3.0,13.0
2026-04-25,Kochi Store,1.0,1.0,2.0
2026-04-25,Koregaon Park,4.0,8.0,12.0
2026-04-25,LakeShore Mall,30.0,1.0,31.0
2026-04-25,Lavelle Road,3.0,4.0,7.0
2026-04-25,"Mall of India, Noida",16.0,9.0,25.0
2026-04-25,Oberoi Mall Store,10.0,6.0,16.0
2026-04-25,Oberoi Sky City,22.0,3.0,25.0
2026-04-25,"Pali Hill, Bandra",23.0,8.0,31.0
2026-04-25,Phoenix Marketcity Kurla,29.0,6.0,35.0
2026-04-25,"Phoenix Marketcity, Whitefield",4.0,4.0,8.0
2026-04-25,Phoenix Palassio,15.0,3.0,18.0
2026-04-25,R.K. Salai,3.0,3.0,6.0
2026-04-25,Sarath City-Hyderabad,33.0,5.0,38.0
2026-04-25,Select City,18.0,2.0,20.0
2026-04-25,Shakespearesarani,9.0,1.0,10.0
2026-04-25,Sindhu Bhavan Marg,4.0,9.0,13.0
2026-04-25,South Ex.,5.0,3.0,8.0
2026-04-25,Vegas Dwarka,7.0,0.0,7.0
2026-04-25,Viviana Mall,23.0,5.0,28.0
2026-04-26,Ambience Vasant Kunj,32.0,33.0,65.0
2026-04-26,Andheri,7.0,5.0,12.0
2026-04-26,DLF Midtown - Moti Nagar,8.0,1.0,9.0
2026-04-26,Express Avenue,21.0,10.0,31.0
2026-04-26,Gurugram,12.0,11.0,23.0
2026-04-26,Indiranagar,16.0,5.0,21.0
2026-04-26,Inorbit Mall Malad West,35.0,8.0,43.0
2026-04-26,Inorbit mall Hyderabad,35.0,3.0,38.0
2026-04-26,Jaipur Store,14.0,11.0,25.0
2026-04-26,Jayanagar,3.0,2.0,5.0
2026-04-26,Jubilee Hills,13.0,8.0,21.0
2026-04-26,Juhu Store,12.0,8.0,20.0
2026-04-26,"Kalaghoda, Fort",23.0,17.0,40.0
2026-04-26,Kemps Corner,15.0,13.0,28.0
2026-04-26,Khan Market,9.0,10.0,19.0
2026-04-26,Kochi Store,0.0,2.0,2.0
2026-04-26,Koregaon Park,3.0,10.0,13.0
2026-04-26,LakeShore Mall,35.0,1.0,36.0
2026-04-26,Lavelle Road,3.0,7.0,10.0
2026-04-26,"Mall of India, Noida",23.0,4.0,27.0
2026-04-26,Oberoi Mall Store,15.0,8.0,23.0
2026-04-26,Oberoi Sky City,35.0,6.0,41.0
2026-04-26,"Pali Hill, Bandra",23.0,15.0,38.0
2026-04-26,Phoenix Marketcity Kurla,23.0,6.0,29.0
2026-04-26,"Phoenix Marketcity, Whitefield",33.0,3.0,36.0
2026-04-26,Phoenix Palassio,21.0,2.0,23.0
2026-04-26,R.K. Salai,6.0,4.0,10.0
2026-04-26,Sarath City-Hyderabad,29.0,4.0,33.0
2026-04-26,Select City,18.0,6.0,24.0
2026-04-26,Shakespearesarani,11.0,10.0,21.0
2026-04-26,Sindhu Bhavan Marg,19.0,12.0,31.0
2026-04-26,South Ex.,6.0,3.0,9.0
2026-04-26,Vegas Dwarka,15.0,2.0,17.0
2026-04-26,Viviana Mall,19.0,7.0,26.0
2026-04-27,Ambience Vasant Kunj,15.0,1.0,16.0
2026-04-27,Andheri,1.0,1.0,2.0
2026-04-27,DLF Midtown - Moti Nagar,4.0,0.0,4.0
2026-04-27,Express Avenue,6.0,1.0,7.0
2026-04-27,Gurugram,8.0,6.0,14.0
2026-04-27,Indiranagar,10.0,5.0,15.0
2026-04-27,Inorbit Mall Malad West,5.0,2.0,7.0
2026-04-27,Inorbit mall Hyderabad,14.0,1.0,15.0
2026-04-27,Jaipur Store,6.0,4.0,10.0
2026-04-27,Jayanagar,1.0,0.0,1.0
2026-04-27,Jubilee Hills,7.0,5.0,12.0
2026-04-27,Juhu Store,3.0,0.0,3.0
2026-04-27,"Kalaghoda, Fort",10.0,8.0,18.0
2026-04-27,Kemps Corner,10.0,6.0,16.0
2026-04-27,Khan Market,10.0,3.0,13.0
2026-04-27,Kochi Store,2.0,1.0,3.0
2026-04-27,Koregaon Park,0.0,5.0,5.0
2026-04-27,LakeShore Mall,13.0,1.0,14.0
2026-04-27,Lavelle Road,1.0,5.0,6.0
2026-04-27,"Mall of India, Noida",10.0,3.0,13.0
2026-04-27,Oberoi Mall Store,4.0,2.0,6.0
2026-04-27,Oberoi Sky City,18.0,0.0,18.0
2026-04-27,"Pali Hill, Bandra",7.0,3.0,10.0
2026-04-27,Phoenix Marketcity Kurla,8.0,2.0,10.0
2026-04-27,"Phoenix Marketcity, Whitefield",7.0,2.0,9.0
2026-04-27,Phoenix Palassio,5.0,3.0,8.0
2026-04-27,R.K. Salai,2.0,3.0,5.0
2026-04-27,Sarath City-Hyderabad,8.0,3.0,11.0
2026-04-27,Select City,12.0,1.0,13.0
2026-04-27,Shakespearesarani,1.0,5.0,6.0
2026-04-27,Sindhu Bhavan Marg,6.0,4.0,10.0
2026-04-27,South Ex.,3.0,1.0,4.0
2026-04-27,Vegas Dwarka,8.0,0.0,8.0
2026-04-27,Viviana Mall,2.0,1.0,3.0
2026-04-28,Ambience Vasant Kunj,8.0,1.0,9.0
2026-04-28,Andheri,3.0,1.0,4.0
2026-04-28,DLF Midtown - Moti Nagar,4.0,1.0,5.0
2026-04-28,Express Avenue,8.0,6.0,14.0
2026-04-28,Gurugram,2.0,9.0,11.0
2026-04-28,Indiranagar,6.0,4.0,10.0
2026-04-28,Inorbit Mall Malad West,0.0,0.0,0.0
2026-04-28,Inorbit mall Hyderabad,25.0,7.0,32.0
2026-04-28,Jaipur Store,3.0,2.0,5.0
2026-04-28,Jayanagar,3.0,2.0,5.0
2026-04-28,Jubilee Hills,5.0,8.0,13.0
2026-04-28,Juhu Store,2.0,4.0,6.0
2026-04-28,"Kalaghoda, Fort",13.0,4.0,17.0
2026-04-28,Kemps Corner,5.0,10.0,15.0
2026-04-28,Khan Market,12.0,1.0,13.0
2026-04-28,Kochi Store,1.0,4.0,5.0
2026-04-28,Koregaon Park,1.0,4.0,5.0
2026-04-28,LakeShore Mall,17.0,1.0,18.0
2026-04-28,Lavelle Road,0.0,0.0,0.0
2026-04-28,"Mall of India, Noida",12.0,4.0,16.0
2026-04-28,Oberoi Mall Store,5.0,4.0,9.0
2026-04-28,Oberoi Sky City,13.0,1.0,14.0
2026-04-28,"Pali Hill, Bandra",7.0,4.0,11.0
2026-04-28,Phoenix Marketcity Kurla,6.0,1.0,7.0
2026-04-28,"Phoenix Marketcity, Whitefield",10.0,0.0,10.0
2026-04-28,Phoenix Palassio,11.0,2.0,13.0
2026-04-28,R.K. Salai,3.0,1.0,4.0
2026-04-28,Sarath City-Hyderabad,14.0,1.0,15.0
2026-04-28,Select City,8.0,1.0,9.0
2026-04-28,Shakespearesarani,5.0,3.0,8.0
2026-04-28,Sindhu Bhavan Marg,5.0,6.0,11.0
2026-04-28,South Ex.,4.0,4.0,8.0
2026-04-28,Vegas Dwarka,4.0,1.0,5.0
2026-04-28,Viviana Mall,10.0,2.0,12.0
2026-04-29,Ambience Vasant Kunj,5.0,2.0,7.0
2026-04-29,Andheri,6.0,3.0,9.0
2026-04-29,DLF Midtown - Moti Nagar,3.0,2.0,5.0
2026-04-29,Express Avenue,7.0,5.0,12.0
2026-04-29,Gurugram,6.0,1.0,7.0
2026-04-29,Indiranagar,5.0,1.0,6.0
2026-04-29,Inorbit Mall Malad West,6.0,2.0,8.0
2026-04-29,Inorbit mall Hyderabad,32.0,2.0,34.0
2026-04-29,Jaipur Store,2.0,2.0,4.0
2026-04-29,Jayanagar,3.0,0.0,3.0
2026-04-29,Jubilee Hills,5.0,8.0,13.0
2026-04-29,Juhu Store,7.0,3.0,10.0
2026-04-29,"Kalaghoda, Fort",10.0,10.0,20.0
2026-04-29,Kemps Corner,6.0,9.0,15.0
2026-04-29,Khan Market,6.0,7.0,13.0
2026-04-29,Kochi Store,3.0,5.0,8.0
2026-04-29,Koregaon Park,1.0,3.0,4.0
2026-04-29,LakeShore Mall,13.0,1.0,14.0
2026-04-29,Lavelle Road,2.0,5.0,7.0
2026-04-29,"Mall of India, Noida",16.0,6.0,22.0
2026-04-29,Oberoi Mall Store,4.0,1.0,5.0
2026-04-29,Oberoi Sky City,19.0,1.0,20.0
2026-04-29,"Pali Hill, Bandra",4.0,10.0,14.0
2026-04-29,Phoenix Marketcity Kurla,7.0,2.0,9.0
2026-04-29,"Phoenix Marketcity, Whitefield",8.0,1.0,9.0
2026-04-29,Phoenix Palassio,14.0,2.0,16.0
2026-04-29,R.K. Salai,0.0,1.0,1.0
2026-04-29,Sarath City-Hyderabad,22.0,2.0,24.0
2026-04-29,Select City,8.0,6.0,14.0
2026-04-29,Shakespearesarani,0.0,0.0,0.0
2026-04-29,Sindhu Bhavan Marg,7.0,2.0,9.0
2026-04-29,South Ex.,6.0,1.0,7.0
2026-04-29,Vegas Dwarka,5.0,0.0,5.0
2026-04-29,Viviana Mall,6.0,4.0,10.0
2026-04-30,Ambience Vasant Kunj,7.0,5.0,12.0
2026-04-30,Andheri,4.0,1.0,5.0
2026-04-30,DLF Midtown - Moti Nagar,2.0,1.0,3.0
2026-04-30,Express Avenue,8.0,4.0,12.0
2026-04-30,Gurugram,2.0,7.0,9.0
2026-04-30,Indiranagar,13.0,4.0,17.0
2026-04-30,Inorbit Mall Malad West,9.0,2.0,11.0
2026-04-30,Inorbit mall Hyderabad,13.0,1.0,14.0
2026-04-30,Jaipur Store,3.0,4.0,7.0
2026-04-30,Jayanagar,5.0,2.0,7.0
2026-04-30,Jubilee Hills,3.0,7.0,10.0
2026-04-30,Juhu Store,5.0,2.0,7.0
2026-04-30,"Kalaghoda, Fort",8.0,4.0,12.0
2026-04-30,Kemps Corner,3.0,12.0,15.0
2026-04-30,Khan Market,12.0,1.0,13.0
2026-04-30,Kochi Store,1.0,2.0,3.0
2026-04-30,Koregaon Park,3.0,5.0,8.0
2026-04-30,LakeShore Mall,20.0,3.0,23.0
2026-04-30,Lavelle Road,1.0,4.0,5.0
2026-04-30,"Mall of India, Noida",19.0,4.0,23.0
2026-04-30,Oberoi Mall Store,3.0,3.0,6.0
2026-04-30,Oberoi Sky City,25.0,2.0,27.0
2026-04-30,"Pali Hill, Bandra",3.0,8.0,11.0
2026-04-30,Phoenix Marketcity Kurla,5.0,1.0,6.0
2026-04-30,"Phoenix Marketcity, Whitefield",0.0,0.0,0.0
2026-04-30,Phoenix Palassio,20.0,1.0,21.0
2026-04-30,R.K. Salai,0.0,0.0,0.0
2026-04-30,Sarath City-Hyderabad,23.0,2.0,25.0
2026-04-30,Select City,7.0,2.0,9.0
2026-04-30,Shakespearesarani,7.0,3.0,10.0
2026-04-30,Sindhu Bhavan Marg,3.0,8.0,11.0
2026-04-30,South Ex.,3.0,3.0,6.0
2026-04-30,Vegas Dwarka,6.0,1.0,7.0
2026-04-30,Viviana Mall,4.0,1.0,5.0
2026-05-01,Ambience Vasant Kunj,12.0,4.0,16.0
2026-05-01,Andheri,5.0,9.0,14.0
2026-05-01,DLF Midtown - Moti Nagar,8.0,1.0,9.0
2026-05-01,Express Avenue,20.0,4.0,24.0
2026-05-01,Gurugram,3.0,9.0,12.0
2026-05-01,Indiranagar,8.0,6.0,14.0
2026-05-01,Inorbit Mall Malad West,21.0,3.0,24.0
2026-05-01,Inorbit mall Hyderabad,45.0,8.0,53.0
2026-05-01,Jaipur Store,4.0,2.0,6.0
2026-05-01,Jayanagar,3.0,2.0,5.0
2026-05-01,Jubilee Hills,7.0,7.0,14.0
2026-05-01,Juhu Store,9.0,2.0,11.0
2026-05-01,"Kalaghoda, Fort",22.0,13.0,35.0
2026-05-01,Kemps Corner,12.0,24.0,36.0
2026-05-01,Khan Market,12.0,4.0,16.0
2026-05-01,Kochi Store,4.0,2.0,6.0
2026-05-01,Koregaon Park,10.0,12.0,22.0
2026-05-01,LakeShore Mall,25.0,2.0,27.0
2026-05-01,Lavelle Road,5.0,6.0,11.0
2026-05-01,"Mall of India, Noida",25.0,4.0,29.0
2026-05-01,Oberoi Mall Store,14.0,10.0,24.0
2026-05-01,Oberoi Sky City,35.0,2.0,37.0
2026-05-01,"Pali Hill, Bandra",15.0,8.0,23.0
2026-05-01,Phoenix Marketcity Kurla,22.0,7.0,29.0
2026-05-01,"Phoenix Marketcity, Whitefield",19.0,6.0,25.0
2026-05-01,Phoenix Palassio,17.0,3.0,20.0
2026-05-01,R.K. Salai,1.0,3.0,4.0
2026-05-01,Sarath City-Hyderabad,35.0,5.0,40.0
2026-05-01,Select City,12.0,8.0,20.0
2026-05-01,Shakespearesarani,10.0,6.0,16.0
2026-05-01,Sindhu Bhavan Marg,8.0,4.0,12.0
2026-05-01,South Ex.,4.0,0.0,4.0
2026-05-01,Vegas Dwarka,8.0,2.0,10.0
2026-05-01,Viviana Mall,18.0,4.0,22.0
2026-05-02,Ambience Vasant Kunj,15.0,4.0,19.0
2026-05-02,Andheri,2.0,7.0,9.0
2026-05-02,DLF Midtown - Moti Nagar,4.0,5.0,9.0
2026-05-02,Express Avenue,7.0,7.0,14.0
2026-05-02,Gurugram,6.0,12.0,18.0
2026-05-02,Indiranagar,22.0,3.0,25.0
2026-05-02,Inorbit Mall Malad West,9.0,3.0,12.0
2026-05-02,Inorbit mall Hyderabad,49.0,9.0,58.0
2026-05-02,Jaipur Store,4.0,5.0,9.0
2026-05-02,Jayanagar,4.0,4.0,8.0
2026-05-02,Jubilee Hills,8.0,13.0,21.0
2026-05-02,Juhu Store,9.0,2.0,11.0
2026-05-02,"Kalaghoda, Fort",14.0,11.0,25.0
2026-05-02,Kemps Corner,6.0,18.0,24.0
2026-05-02,Khan Market,6.0,10.0,16.0
2026-05-02,Kochi Store,3.0,1.0,4.0
2026-05-02,Koregaon Park,10.0,15.0,25.0
2026-05-02,LakeShore Mall,25.0,3.0,28.0
2026-05-02,Lavelle Road,4.0,3.0,7.0
2026-05-02,"Mall of India, Noida",15.0,5.0,20.0
2026-05-02,Oberoi Mall Store,10.0,7.0,17.0
2026-05-02,Oberoi Sky City,18.0,4.0,22.0
2026-05-02,"Pali Hill, Bandra",9.0,13.0,22.0
2026-05-02,Phoenix Marketcity Kurla,18.0,3.0,21.0
2026-05-02,"Phoenix Marketcity, Whitefield",34.0,7.0,41.0
2026-05-02,Phoenix Palassio,11.0,5.0,16.0
2026-05-02,R.K. Salai,2.0,5.0,7.0
2026-05-02,Sarath City-Hyderabad,32.0,4.0,36.0
2026-05-02,Select City,10.0,10.0,20.0
2026-05-02,Shakespearesarani,8.0,4.0,12.0
2026-05-02,Sindhu Bhavan Marg,10.0,11.0,21.0
2026-05-02,South Ex.,7.0,4.0,11.0
2026-05-02,Vegas Dwarka,12.0,3.0,15.0
2026-05-02,Viviana Mall,23.0,7.0,30.0
2026-05-03,Ambience Vasant Kunj,15.0,15.0,30.0
2026-05-03,Andheri,1.0,7.0,8.0
2026-05-03,DLF Midtown - Moti Nagar,6.0,2.0,8.0
2026-05-03,Express Avenue,20.0,12.0,32.0
2026-05-03,Gurugram,9.0,12.0,21.0
2026-05-03,Indiranagar,10.0,13.0,23.0
2026-05-03,Inorbit Mall Malad West,33.0,8.0,41.0
2026-05-03,Inorbit mall Hyderabad,48.0,4.0,52.0
2026-05-03,Jaipur Store,3.0,5.0,8.0
2026-05-03,Jayanagar,12.0,0.0,12.0
2026-05-03,Jubilee Hills,9.0,11.0,20.0
2026-05-03,Juhu Store,10.0,4.0,14.0
2026-05-03,"Kalaghoda, Fort",19.0,13.0,32.0
2026-05-03,Kemps Corner,12.0,12.0,24.0
2026-05-03,Khan Market,16.0,13.0,29.0
2026-05-03,Kochi Store,6.0,3.0,9.0
2026-05-03,Koregaon Park,11.0,6.0,17.0
2026-05-03,LakeShore Mall,33.0,3.0,36.0
2026-05-03,Lavelle Road,2.0,3.0,5.0
2026-05-03,"Mall of India, Noida",25.0,11.0,36.0
2026-05-03,Oberoi Mall Store,14.0,10.0,24.0
2026-05-03,Oberoi Sky City,33.0,4.0,37.0
2026-05-03,"Pali Hill, Bandra",15.0,16.0,31.0
2026-05-03,Phoenix Marketcity Kurla,27.0,9.0,36.0
2026-05-03,"Phoenix Marketcity, Whitefield",43.0,3.0,46.0
2026-05-03,Phoenix Palassio,17.0,3.0,20.0
2026-05-03,R.K. Salai,3.0,6.0,9.0
2026-05-03,Sarath City-Hyderabad,34.0,8.0,42.0
2026-05-03,Select City,15.0,6.0,21.0
2026-05-03,Shakespearesarani,7.0,6.0,13.0
2026-05-03,Sindhu Bhavan Marg,13.0,12.0,25.0
2026-05-03,South Ex.,9.0,6.0,15.0
2026-05-03,Vegas Dwarka,10.0,3.0,13.0
2026-05-03,Viviana Mall,20.0,7.0,27.0
2026-05-04,Ambience Vasant Kunj,9.0,4.0,13.0
2026-05-04,Andheri,4.0,6.0,10.0
2026-05-04,DLF Midtown - Moti Nagar,4.0,2.0,6.0
2026-05-04,Express Avenue,8.0,2.0,10.0
2026-05-04,Gurugram,2.0,3.0,5.0
2026-05-04,Indiranagar,8.0,2.0,10.0
2026-05-04,Inorbit Mall Malad West,8.0,0.0,8.0
2026-05-04,Inorbit mall Hyderabad,22.0,2.0,24.0
2026-05-04,Jaipur Store,3.0,5.0,8.0
2026-05-04,Jayanagar,3.0,2.0,5.0
2026-05-04,Jubilee Hills,2.0,9.0,11.0
2026-05-04,Juhu Store,2.0,1.0,3.0
2026-05-04,"Kalaghoda, Fort",6.0,4.0,10.0
2026-05-04,Kemps Corner,2.0,10.0,12.0
2026-05-04,Khan Market,8.0,6.0,14.0
2026-05-04,Kochi Store,2.0,2.0,4.0
2026-05-04,Koregaon Park,0.0,6.0,6.0
2026-05-04,LakeShore Mall,20.0,2.0,22.0
2026-05-04,Lavelle Road,3.0,1.0,4.0
2026-05-04,"Mall of India, Noida",7.0,0.0,7.0
2026-05-04,Oberoi Mall Store,11.0,3.0,14.0
2026-05-04,Oberoi Sky City,19.0,1.0,20.0
2026-05-04,"Pali Hill, Bandra",6.0,6.0,12.0
2026-05-04,Phoenix Marketcity Kurla,5.0,0.0,5.0
2026-05-04,"Phoenix Marketcity, Whitefield",2.0,1.0,3.0
2026-05-04,Phoenix Palassio,4.0,3.0,7.0
2026-05-04,R.K. Salai,0.0,3.0,3.0
2026-05-04,Sarath City-Hyderabad,20.0,5.0,25.0
2026-05-04,Select City,10.0,4.0,14.0
2026-05-04,Shakespearesarani,3.0,1.0,4.0
2026-05-04,Sindhu Bhavan Marg,5.0,3.0,8.0
2026-05-04,South Ex.,4.0,1.0,5.0
2026-05-04,Vegas Dwarka,3.0,2.0,5.0
2026-05-04,Viviana Mall,6.0,5.0,11.0
2026-05-05,Ambience Vasant Kunj,10.0,1.0,11.0
2026-05-05,Andheri,4.0,4.0,8.0
2026-05-05,DLF Midtown - Moti Nagar,3.0,2.0,5.0
2026-05-05,Express Avenue,12.0,1.0,13.0
2026-05-05,Gurugram,2.0,5.0,7.0
2026-05-05,Indiranagar,2.0,3.0,5.0
2026-05-05,Inorbit Mall Malad West,16.0,0.0,16.0
2026-05-05,Inorbit mall Hyderabad,30.0,4.0,34.0
2026-05-05,Jaipur Store,2.0,4.0,6.0
2026-05-05,Jayanagar,1.0,3.0,4.0
2026-05-05,Jubilee Hills,5.0,3.0,8.0
2026-05-05,Juhu Store,2.0,4.0,6.0
2026-05-05,"Kalaghoda, Fort",7.0,7.0,14.0
2026-05-05,Kemps Corner,4.0,7.0,11.0
2026-05-05,Khan Market,7.0,5.0,12.0
2026-05-05,Kochi Store,1.0,2.0,3.0
2026-05-05,Koregaon Park,2.0,4.0,6.0
2026-05-05,LakeShore Mall,13.0,0.0,13.0
2026-05-05,Lavelle Road,1.0,5.0,6.0
2026-05-05,"Mall of India, Noida",10.0,5.0,15.0
2026-05-05,Oberoi Mall Store,7.0,2.0,9.0
2026-05-05,Oberoi Sky City,19.0,3.0,22.0
2026-05-05,"Pali Hill, Bandra",7.0,8.0,15.0
2026-05-05,Phoenix Marketcity Kurla,6.0,1.0,7.0
2026-05-05,"Phoenix Marketcity, Whitefield",7.0,1.0,8.0
2026-05-05,Phoenix Palassio,6.0,1.0,7.0
2026-05-05,R.K. Salai,0.0,0.0,0.0
2026-05-05,Sarath City-Hyderabad,15.0,5.0,20.0
2026-05-05,Select City,9.0,3.0,12.0
2026-05-05,Shakespearesarani,8.0,3.0,11.0
2026-05-05,Sindhu Bhavan Marg,6.0,1.0,7.0
2026-05-05,South Ex.,1.0,0.0,1.0
2026-05-05,Vegas Dwarka,4.0,0.0,4.0
2026-05-05,Viviana Mall,2.0,5.0,7.0
2026-05-06,Ambience Vasant Kunj,6.0,2.0,8.0
2026-05-06,Andheri,2.0,5.0,7.0
2026-05-06,DLF Midtown - Moti Nagar,3.0,1.0,4.0
2026-05-06,Express Avenue,6.0,3.0,9.0
2026-05-06,Gurugram,2.0,6.0,8.0
2026-05-06,Indiranagar,0.0,2.0,2.0
2026-05-06,Inorbit Mall Malad West,9.0,2.0,11.0
2026-05-06,Inorbit mall Hyderabad,38.0,9.0,47.0
2026-05-06,Jaipur Store,4.0,4.0,8.0
2026-05-06,Jayanagar,5.0,3.0,8.0
2026-05-06,Jubilee Hills,3.0,9.0,12.0
2026-05-06,Juhu Store,4.0,3.0,7.0
2026-05-06,"Kalaghoda, Fort",14.0,10.0,24.0
2026-05-06,Kemps Corner,5.0,10.0,15.0
2026-05-06,Khan Market,7.0,6.0,13.0
2026-05-06,Kochi Store,1.0,0.0,1.0
2026-05-06,Koregaon Park,3.0,9.0,12.0
2026-05-06,LakeShore Mall,13.0,1.0,14.0
2026-05-06,Lavelle Road,2.0,3.0,5.0
2026-05-06,"Mall of India, Noida",9.0,7.0,16.0
2026-05-06,Oberoi Mall Store,4.0,1.0,5.0
2026-05-06,Oberoi Sky City,16.0,2.0,18.0
2026-05-06,"Pali Hill, Bandra",10.0,7.0,17.0
2026-05-06,Phoenix Marketcity Kurla,7.0,1.0,8.0
2026-05-06,"Phoenix Marketcity, Whitefield",6.0,3.0,9.0
2026-05-06,Phoenix Palassio,9.0,1.0,10.0
2026-05-06,R.K. Salai,3.0,2.0,5.0
2026-05-06,Sarath City-Hyderabad,10.0,3.0,13.0
2026-05-06,Select City,9.0,6.0,15.0
2026-05-06,Shakespearesarani,6.0,1.0,7.0
2026-05-06,Sindhu Bhavan Marg,10.0,3.0,13.0
2026-05-06,South Ex.,2.0,1.0,3.0
2026-05-06,Vegas Dwarka,4.0,6.0,10.0
2026-05-06,Viviana Mall,2.0,4.0,6.0
2026-05-07,Ambience Vasant Kunj,5.0,4.0,9.0
2026-05-07,Andheri,1.0,1.0,2.0
2026-05-07,DLF Midtown - Moti Nagar,3.0,0.0,3.0
2026-05-07,Express Avenue,15.0,7.0,22.0
2026-05-07,Gurugram,4.0,8.0,12.0
2026-05-07,Indiranagar,5.0,6.0,11.0
2026-05-07,Inorbit Mall Malad West,11.0,1.0,12.0
2026-05-07,Inorbit mall Hyderabad,28.0,5.0,33.0
2026-05-07,Jaipur Store,5.0,4.0,9.0
2026-05-07,Jayanagar,1.0,1.0,2.0
2026-05-07,Jubilee Hills,4.0,10.0,14.0
2026-05-07,Juhu Store,3.0,1.0,4.0
2026-05-07,"Kalaghoda, Fort",12.0,5.0,17.0
2026-05-07,Kemps Corner,5.0,8.0,13.0
2026-05-07,Khan Market,4.0,7.0,11.0
2026-05-07,Kochi Store,1.0,2.0,3.0
2026-05-07,Koregaon Park,6.0,4.0,10.0
2026-05-07,LakeShore Mall,23.0,1.0,24.0
2026-05-07,Lavelle Road,2.0,3.0,5.0
2026-05-07,"Mall of India, Noida",16.0,2.0,18.0
2026-05-07,Oberoi Mall Store,8.0,1.0,9.0
2026-05-07,Oberoi Sky City,14.0,0.0,14.0
2026-05-07,"Pali Hill, Bandra",4.0,8.0,12.0
2026-05-07,Phoenix Marketcity Kurla,7.0,0.0,7.0
2026-05-07,"Phoenix Marketcity, Whitefield",7.0,1.0,8.0
2026-05-07,Phoenix Palassio,10.0,2.0,12.0
2026-05-07,R.K. Salai,1.0,1.0,2.0
2026-05-07,Sarath City-Hyderabad,10.0,1.0,11.0
2026-05-07,Select City,8.0,2.0,10.0
2026-05-07,Shakespearesarani,6.0,7.0,13.0
2026-05-07,Sindhu Bhavan Marg,8.0,11.0,19.0
2026-05-07,South Ex.,6.0,5.0,11.0
2026-05-07,Vegas Dwarka,4.0,2.0,6.0
2026-05-07,Viviana Mall,3.0,1.0,4.0
2026-05-08,Ambience Vasant Kunj,4.0,3.0,7.0
2026-05-08,Andheri,1.0,1.0,2.0
2026-05-08,DLF Midtown - Moti Nagar,4.0,0.0,4.0
2026-05-08,Express Avenue,11.0,2.0,13.0
2026-05-08,Gurugram,1.0,11.0,12.0
2026-05-08,Indiranagar,6.0,5.0,11.0
2026-05-08,Inorbit Mall Malad West,14.0,2.0,16.0
2026-05-08,Inorbit mall Hyderabad,34.0,2.0,36.0
2026-05-08,Jaipur Store,2.0,4.0,6.0
2026-05-08,Jayanagar,3.0,3.0,6.0
2026-05-08,Jubilee Hills,2.0,4.0,6.0
2026-05-08,Juhu Store,5.0,0.0,5.0
2026-05-08,"Kalaghoda, Fort",10.0,10.0,20.0
2026-05-08,Kemps Corner,1.0,7.0,8.0
2026-05-08,Khan Market,10.0,8.0,18.0
2026-05-08,Kochi Store,3.0,2.0,5.0
2026-05-08,Koregaon Park,7.0,1.0,8.0
2026-05-08,LakeShore Mall,9.0,1.0,10.0
2026-05-08,Lavelle Road,1.0,3.0,4.0
2026-05-08,"Mall of India, Noida",12.0,0.0,12.0
2026-05-08,Oberoi Mall Store,5.0,4.0,9.0
2026-05-08,Oberoi Sky City,16.0,2.0,18.0
2026-05-08,"Pali Hill, Bandra",9.0,10.0,19.0
2026-05-08,Phoenix Marketcity Kurla,7.0,2.0,9.0
2026-05-08,"Phoenix Marketcity, Whitefield",3.0,4.0,7.0
2026-05-08,Phoenix Palassio,14.0,0.0,14.0
2026-05-08,R.K. Salai,4.0,0.0,4.0
2026-05-08,Sarath City-Hyderabad,19.0,4.0,23.0
2026-05-08,Select City,13.0,4.0,17.0
2026-05-08,Shakespearesarani,2.0,6.0,8.0
2026-05-08,Sindhu Bhavan Marg,5.0,4.0,9.0
2026-05-08,South Ex.,4.0,4.0,8.0
2026-05-08,Vegas Dwarka,5.0,2.0,7.0
2026-05-08,Viviana Mall,4.0,0.0,4.0
2026-05-09,Ambience Vasant Kunj,6.0,7.0,13.0
2026-05-09,Andheri,8.0,6.0,14.0
2026-05-09,DLF Midtown - Moti Nagar,4.0,0.0,4.0
2026-05-09,Express Avenue,22.0,6.0,28.0
2026-05-09,Gurugram,11.0,13.0,24.0
2026-05-09,Indiranagar,13.0,6.0,19.0
2026-05-09,Inorbit Mall Malad West,21.0,3.0,24.0
2026-05-09,Inorbit mall Hyderabad,41.0,4.0,45.0
2026-05-09,Jaipur Store,4.0,2.0,6.0
2026-05-09,Jayanagar,0.0,0.0,0.0
2026-05-09,Jubilee Hills,6.0,6.0,12.0
2026-05-09,Juhu Store,10.0,5.0,15.0
2026-05-09,"Kalaghoda, Fort",10.0,6.0,16.0
2026-05-09,Kemps Corner,7.0,19.0,26.0
2026-05-09,Khan Market,13.0,8.0,21.0
2026-05-09,Kochi Store,4.0,1.0,5.0
2026-05-09,Koregaon Park,5.0,2.0,7.0
2026-05-09,LakeShore Mall,22.0,1.0,23.0
2026-05-09,Lavelle Road,1.0,4.0,5.0
2026-05-09,"Mall of India, Noida",23.0,5.0,28.0
2026-05-09,Oberoi Mall Store,11.0,10.0,21.0
2026-05-09,Oberoi Sky City,27.0,7.0,34.0
2026-05-09,"Pali Hill, Bandra",17.0,20.0,37.0
2026-05-09,Phoenix Marketcity Kurla,22.0,8.0,30.0
2026-05-09,"Phoenix Marketcity, Whitefield",26.0,2.0,28.0
2026-05-09,Phoenix Palassio,14.0,5.0,19.0
2026-05-09,R.K. Salai,2.0,4.0,6.0
2026-05-09,Sarath City-Hyderabad,28.0,6.0,34.0
2026-05-09,Select City,30.0,10.0,40.0
2026-05-09,Shakespearesarani,6.0,4.0,10.0
2026-05-09,Sindhu Bhavan Marg,15.0,9.0,24.0
2026-05-09,South Ex.,5.0,4.0,9.0
2026-05-09,Vegas Dwarka,11.0,1.0,12.0
2026-05-09,Viviana Mall,15.0,3.0,18.0
2026-05-10,Ambience Vasant Kunj,18.0,8.0,26.0
2026-05-10,Andheri,2.0,8.0,10.0
2026-05-10,DLF Midtown - Moti Nagar,6.0,3.0,9.0
2026-05-10,Express Avenue,24.0,3.0,27.0
2026-05-10,Gurugram,8.0,20.0,28.0
2026-05-10,Indiranagar,31.0,5.0,36.0
2026-05-10,Inorbit Mall Malad West,16.0,2.0,18.0
2026-05-10,Inorbit mall Hyderabad,56.0,5.0,61.0
2026-05-10,Jaipur Store,8.0,10.0,18.0
2026-05-10,Jayanagar,5.0,5.0,10.0
2026-05-10,Jubilee Hills,8.0,12.0,20.0
2026-05-10,Juhu Store,10.0,5.0,15.0
2026-05-10,"Kalaghoda, Fort",15.0,11.0,26.0
2026-05-10,Kemps Corner,20.0,22.0,42.0
2026-05-10,Khan Market,14.0,4.0,18.0
2026-05-10,Kochi Store,3.0,0.0,3.0
2026-05-10,Koregaon Park,11.0,2.0,13.0
2026-05-10,LakeShore Mall,25.0,3.0,28.0
2026-05-10,Lavelle Road,2.0,2.0,4.0
2026-05-10,"Mall of India, Noida",21.0,6.0,27.0
2026-05-10,Oberoi Mall Store,10.0,11.0,21.0
2026-05-10,Oberoi Sky City,35.0,2.0,37.0
2026-05-10,"Pali Hill, Bandra",14.0,15.0,29.0
2026-05-10,Phoenix Marketcity Kurla,18.0,12.0,30.0
2026-05-10,"Phoenix Marketcity, Whitefield",20.0,1.0,21.0
2026-05-10,Phoenix Palassio,18.0,3.0,21.0
2026-05-10,R.K. Salai,1.0,1.0,2.0
2026-05-10,Sarath City-Hyderabad,37.0,5.0,42.0
2026-05-10,Select City,19.0,3.0,22.0
2026-05-10,Shakespearesarani,11.0,8.0,19.0
2026-05-10,Sindhu Bhavan Marg,18.0,9.0,27.0
2026-05-10,South Ex.,6.0,6.0,12.0
2026-05-10,Vegas Dwarka,14.0,2.0,16.0
2026-05-10,Viviana Mall,16.0,4.0,20.0
2026-05-11,Ambience Vasant Kunj,8.0,0.0,8.0
2026-05-11,Andheri,2.0,2.0,4.0
2026-05-11,DLF Midtown - Moti Nagar,3.0,1.0,4.0
2026-05-11,Express Avenue,12.0,3.0,15.0
2026-05-11,Gurugram,4.0,10.0,14.0
2026-05-11,Indiranagar,7.0,4.0,11.0
2026-05-11,Inorbit Mall Malad West,13.0,0.0,13.0
2026-05-11,Inorbit mall Hyderabad,30.0,8.0,38.0
2026-05-11,Jaipur Store,4.0,1.0,5.0
2026-05-11,Jayanagar,1.0,1.0,2.0
2026-05-11,Jubilee Hills,5.0,7.0,12.0
2026-05-11,Juhu Store,2.0,3.0,5.0
2026-05-11,"Kalaghoda, Fort",12.0,8.0,20.0
2026-05-11,Kemps Corner,6.0,2.0,8.0
2026-05-11,Khan Market,6.0,4.0,10.0
2026-05-11,Kochi Store,4.0,2.0,6.0
2026-05-11,Koregaon Park,4.0,5.0,9.0
2026-05-11,LakeShore Mall,6.0,0.0,6.0
2026-05-11,Lavelle Road,2.0,5.0,7.0
2026-05-11,"Mall of India, Noida",8.0,6.0,14.0
2026-05-11,Oberoi Mall Store,3.0,4.0,7.0
2026-05-11,Oberoi Sky City,7.0,0.0,7.0
2026-05-11,"Pali Hill, Bandra",6.0,9.0,15.0
2026-05-11,Phoenix Marketcity Kurla,8.0,0.0,8.0
2026-05-11,"Phoenix Marketcity, Whitefield",7.0,2.0,9.0
2026-05-11,Phoenix Palassio,10.0,3.0,13.0
2026-05-11,R.K. Salai,1.0,2.0,3.0
2026-05-11,Sarath City-Hyderabad,12.0,0.0,12.0
2026-05-11,Select City,8.0,3.0,11.0
2026-05-11,Shakespearesarani,8.0,1.0,9.0
2026-05-11,Sindhu Bhavan Marg,4.0,4.0,8.0
2026-05-11,South Ex.,4.0,2.0,6.0
2026-05-11,Vegas Dwarka,5.0,2.0,7.0
2026-05-11,Viviana Mall,0.0,10.0,10.0
2026-05-12,Ambience Vasant Kunj,6.0,1.0,7.0
2026-05-12,Andheri,1.0,6.0,7.0
2026-05-12,DLF Midtown - Moti Nagar,4.0,2.0,6.0
2026-05-12,Express Avenue,12.0,6.0,18.0
2026-05-12,Gurugram,3.0,9.0,12.0
2026-05-12,Indiranagar,4.0,4.0,8.0
2026-05-12,Inorbit Mall Malad West,5.0,0.0,5.0
2026-05-12,Inorbit mall Hyderabad,26.0,2.0,28.0
2026-05-12,Jaipur Store,2.0,2.0,4.0
2026-05-12,Jayanagar,2.0,4.0,6.0
2026-05-12,Jubilee Hills,7.0,9.0,16.0
2026-05-12,Juhu Store,4.0,3.0,7.0
2026-05-12,"Kalaghoda, Fort",8.0,4.0,12.0
2026-05-12,Kemps Corner,5.0,13.0,18.0
2026-05-12,Khan Market,7.0,5.0,12.0
2026-05-12,Kochi Store,1.0,2.0,3.0
2026-05-12,Koregaon Park,2.0,2.0,4.0
2026-05-12,LakeShore Mall,10.0,1.0,11.0
2026-05-12,Lavelle Road,3.0,1.0,4.0
2026-05-12,"Mall of India, Noida",7.0,6.0,13.0
2026-05-12,Oberoi Mall Store,6.0,6.0,12.0
2026-05-12,Oberoi Sky City,17.0,1.0,18.0
2026-05-12,"Pali Hill, Bandra",8.0,4.0,12.0
2026-05-12,Phoenix Marketcity Kurla,6.0,2.0,8.0
2026-05-12,"Phoenix Marketcity, Whitefield",4.0,0.0,4.0
2026-05-12,Phoenix Palassio,3.0,0.0,3.0
2026-05-12,R.K. Salai,3.0,3.0,6.0
2026-05-12,Sarath City-Hyderabad,18.0,1.0,19.0
2026-05-12,Select City,12.0,7.0,19.0
2026-05-12,Shakespearesarani,5.0,1.0,6.0
2026-05-12,Sindhu Bhavan Marg,9.0,8.0,17.0
2026-05-12,South Ex.,4.0,0.0,4.0
2026-05-12,Vegas Dwarka,6.0,1.0,7.0
2026-05-12,Viviana Mall,10.0,0.0,10.0
2026-05-13,Ambience Vasant Kunj,3.0,4.0,7.0
2026-05-13,Andheri,0.0,3.0,3.0
2026-05-13,DLF Midtown - Moti Nagar,2.0,2.0,4.0
2026-05-13,Express Avenue,8.0,1.0,9.0
2026-05-13,Gurugram,0.0,7.0,7.0
2026-05-13,Indiranagar,7.0,4.0,11.0
2026-05-13,Inorbit Mall Malad West,10.0,0.0,10.0
2026-05-13,Inorbit mall Hyderabad,16.0,1.0,17.0
2026-05-13,Jaipur Store,3.0,3.0,6.0
2026-05-13,Jayanagar,3.0,5.0,8.0
2026-05-13,Jubilee Hills,10.0,7.0,17.0
2026-05-13,Juhu Store,4.0,2.0,6.0
2026-05-13,"Kalaghoda, Fort",5.0,9.0,14.0
2026-05-13,Kemps Corner,3.0,12.0,15.0
2026-05-13,Khan Market,8.0,5.0,13.0
2026-05-13,Kochi Store,3.0,0.0,3.0
2026-05-13,Koregaon Park,7.0,2.0,9.0
2026-05-13,LakeShore Mall,12.0,0.0,12.0
2026-05-13,Lavelle Road,1.0,3.0,4.0
2026-05-13,"Mall of India, Noida",8.0,0.0,8.0
2026-05-13,Oberoi Mall Store,4.0,7.0,11.0
2026-05-13,Oberoi Sky City,18.0,3.0,21.0
2026-05-13,"Pali Hill, Bandra",4.0,4.0,8.0
2026-05-13,Phoenix Marketcity Kurla,5.0,1.0,6.0
2026-05-13,"Phoenix Marketcity, Whitefield",5.0,1.0,6.0
2026-05-13,Phoenix Palassio,6.0,3.0,9.0
2026-05-13,R.K. Salai,0.0,3.0,3.0
2026-05-13,Sarath City-Hyderabad,15.0,1.0,16.0
2026-05-13,Select City,6.0,4.0,10.0
2026-05-13,Shakespearesarani,9.0,4.0,13.0
2026-05-13,Sindhu Bhavan Marg,8.0,3.0,11.0
2026-05-13,South Ex.,2.0,0.0,2.0
2026-05-13,Vegas Dwarka,3.0,2.0,5.0
2026-05-13,Viviana Mall,7.0,6.0,13.0
2026-05-14,Ambience Vasant Kunj,3.0,3.0,6.0
2026-05-14,Andheri,3.0,7.0,10.0
2026-05-14,DLF Midtown - Moti Nagar,2.0,0.0,2.0
2026-05-14,Express Avenue,8.0,4.0,12.0
2026-05-14,Gurugram,5.0,6.0,11.0
2026-05-14,Indiranagar,8.0,5.0,13.0
2026-05-14,Inorbit Mall Malad West,3.0,1.0,4.0
2026-05-14,Inorbit mall Hyderabad,24.0,4.0,28.0
2026-05-14,Jaipur Store,4.0,4.0,8.0
2026-05-14,Jayanagar,0.0,0.0,0.0
2026-05-14,Jubilee Hills,12.0,6.0,18.0
2026-05-14,Juhu Store,4.0,1.0,5.0
2026-05-14,"Kalaghoda, Fort",5.0,11.0,16.0
2026-05-14,Kemps Corner,1.0,10.0,11.0
2026-05-14,Khan Market,8.0,4.0,12.0
2026-05-14,Kochi Store,2.0,0.0,2.0
2026-05-14,Koregaon Park,7.0,3.0,10.0
2026-05-14,LakeShore Mall,19.0,4.0,23.0
2026-05-14,Lavelle Road,0.0,2.0,2.0
2026-05-14,"Mall of India, Noida",11.0,3.0,14.0
2026-05-14,Oberoi Mall Store,5.0,4.0,9.0
2026-05-14,Oberoi Sky City,8.0,1.0,9.0
2026-05-14,"Pali Hill, Bandra",3.0,6.0,9.0
2026-05-14,Phoenix Marketcity Kurla,12.0,1.0,13.0
2026-05-14,"Phoenix Marketcity, Whitefield",5.0,1.0,6.0
2026-05-14,Phoenix Palassio,5.0,3.0,8.0
2026-05-14,R.K. Salai,0.0,2.0,2.0
2026-05-14,Sarath City-Hyderabad,11.0,5.0,16.0
2026-05-14,Select City,5.0,1.0,6.0
2026-05-14,Shakespearesarani,6.0,8.0,14.0
2026-05-14,Sindhu Bhavan Marg,4.0,4.0,8.0
2026-05-14,South Ex.,6.0,3.0,9.0
2026-05-14,Vegas Dwarka,8.0,0.0,8.0
2026-05-14,Viviana Mall,8.0,1.0,9.0
2026-05-15,Ambience Vasant Kunj,8.0,1.0,9.0
2026-05-15,Andheri,8.0,8.0,16.0
2026-05-15,DLF Midtown - Moti Nagar,2.0,1.0,3.0
2026-05-15,Express Avenue,15.0,4.0,19.0
2026-05-15,Gurugram,4.0,4.0,8.0
2026-05-15,Indiranagar,4.0,7.0,11.0
2026-05-15,Inorbit Mall Malad West,9.0,0.0,9.0
2026-05-15,Inorbit mall Hyderabad,45.0,1.0,46.0
2026-05-15,Jaipur Store,3.0,3.0,6.0
2026-05-15,Jayanagar,3.0,2.0,5.0
2026-05-15,Jubilee Hills,3.0,8.0,11.0
2026-05-15,Juhu Store,3.0,1.0,4.0
2026-05-15,"Kalaghoda, Fort",4.0,12.0,16.0
2026-05-15,Kemps Corner,5.0,8.0,13.0
2026-05-15,Khan Market,12.0,4.0,16.0
2026-05-15,Kochi Store,7.0,4.0,11.0
2026-05-15,Koregaon Park,7.0,4.0,11.0
2026-05-15,LakeShore Mall,14.0,3.0,17.0
2026-05-15,Lavelle Road,1.0,1.0,2.0
2026-05-15,"Mall of India, Noida",10.0,5.0,15.0
2026-05-15,Oberoi Mall Store,2.0,5.0,7.0
2026-05-15,Oberoi Sky City,19.0,2.0,21.0
2026-05-15,"Pali Hill, Bandra",6.0,8.0,14.0
2026-05-15,Phoenix Marketcity Kurla,9.0,1.0,10.0
2026-05-15,"Phoenix Marketcity, Whitefield",5.0,1.0,6.0
2026-05-15,Phoenix Palassio,5.0,2.0,7.0
2026-05-15,R.K. Salai,1.0,3.0,4.0
2026-05-15,Sarath City-Hyderabad,13.0,4.0,17.0
2026-05-15,Select City,4.0,4.0,8.0
2026-05-15,Shakespearesarani,5.0,3.0,8.0
2026-05-15,Sindhu Bhavan Marg,11.0,2.0,13.0
2026-05-15,South Ex.,4.0,3.0,7.0
2026-05-15,Vegas Dwarka,2.0,1.0,3.0
2026-05-15,Viviana Mall,15.0,2.0,17.0
2026-05-16,Ambience Vasant Kunj,14.0,5.0,19.0
2026-05-16,Andheri,3.0,8.0,11.0
2026-05-16,DLF Midtown - Moti Nagar,2.0,1.0,3.0
2026-05-16,Express Avenue,23.0,7.0,30.0
2026-05-16,Gurugram,13.0,7.0,20.0
2026-05-16,Indiranagar,17.0,13.0,30.0
2026-05-16,Inorbit Mall Malad West,27.0,1.0,28.0
2026-05-16,Inorbit mall Hyderabad,43.0,4.0,47.0
2026-05-16,Jaipur Store,11.0,2.0,13.0
2026-05-16,Jayanagar,5.0,5.0,10.0
2026-05-16,Jubilee Hills,5.0,9.0,14.0
2026-05-16,Juhu Store,8.0,7.0,15.0
2026-05-16,"Kalaghoda, Fort",10.0,13.0,23.0
2026-05-16,Kemps Corner,8.0,16.0,24.0
2026-05-16,Khan Market,9.0,13.0,22.0
2026-05-16,Kochi Store,1.0,2.0,3.0
2026-05-16,Koregaon Park,5.0,6.0,11.0
2026-05-16,LakeShore Mall,32.0,5.0,37.0
2026-05-16,Lavelle Road,4.0,1.0,5.0
2026-05-16,"Mall of India, Noida",11.0,7.0,18.0
2026-05-16,Oberoi Mall Store,13.0,10.0,23.0
2026-05-16,Oberoi Sky City,28.0,2.0,30.0
2026-05-16,"Pali Hill, Bandra",9.0,23.0,32.0
2026-05-16,Phoenix Marketcity Kurla,18.0,10.0,28.0
2026-05-16,"Phoenix Marketcity, Whitefield",13.0,7.0,20.0
2026-05-16,Phoenix Palassio,5.0,4.0,9.0
2026-05-16,R.K. Salai,1.0,3.0,4.0
2026-05-16,Sarath City-Hyderabad,25.0,6.0,31.0
2026-05-16,Select City,10.0,7.0,17.0
2026-05-16,Shakespearesarani,9.0,8.0,17.0
2026-05-16,Sindhu Bhavan Marg,5.0,7.0,12.0
2026-05-16,South Ex.,6.0,1.0,7.0
2026-05-16,Vegas Dwarka,7.0,0.0,7.0
2026-05-16,Viviana Mall,24.0,6.0,30.0
2026-05-17,Ambience Vasant Kunj,22.0,8.0,30.0
2026-05-17,Andheri,7.0,3.0,10.0
2026-05-17,DLF Midtown - Moti Nagar,4.0,2.0,6.0
2026-05-17,Express Avenue,30.0,4.0,34.0
2026-05-17,Gurugram,15.0,20.0,35.0
2026-05-17,Indiranagar,17.0,10.0,27.0
2026-05-17,Inorbit Mall Malad West,40.0,9.0,49.0
2026-05-17,Inorbit mall Hyderabad,45.0,7.0,52.0
2026-05-17,Jaipur Store,8.0,7.0,15.0
2026-05-17,Jayanagar,8.0,5.0,13.0
2026-05-17,Jubilee Hills,22.0,9.0,31.0
2026-05-17,Juhu Store,9.0,4.0,13.0
2026-05-17,"Kalaghoda, Fort",13.0,6.0,19.0
2026-05-17,Kemps Corner,15.0,22.0,37.0
2026-05-17,Khan Market,9.0,8.0,17.0
2026-05-17,Kochi Store,1.0,1.0,2.0
2026-05-17,Koregaon Park,12.0,8.0,20.0
2026-05-17,LakeShore Mall,33.0,1.0,34.0
2026-05-17,Lavelle Road,7.0,7.0,14.0
2026-05-17,"Mall of India, Noida",27.0,10.0,37.0
2026-05-17,Oberoi Mall Store,17.0,8.0,25.0
2026-05-17,Oberoi Sky City,32.0,5.0,37.0
2026-05-17,"Pali Hill, Bandra",16.0,22.0,38.0
2026-05-17,Phoenix Marketcity Kurla,32.0,11.0,43.0
2026-05-17,"Phoenix Marketcity, Whitefield",17.0,3.0,20.0
2026-05-17,Phoenix Palassio,10.0,7.0,17.0
2026-05-17,R.K. Salai,1.0,3.0,4.0
2026-05-17,Sarath City-Hyderabad,40.0,8.0,48.0
2026-05-17,Select City,17.0,9.0,26.0
2026-05-17,Shakespearesarani,11.0,6.0,17.0
2026-05-17,Sindhu Bhavan Marg,26.0,14.0,40.0
2026-05-17,South Ex.,6.0,4.0,10.0
2026-05-17,Vegas Dwarka,16.0,4.0,20.0
2026-05-17,Viviana Mall,25.0,3.0,28.0
2026-05-18,Ambience Vasant Kunj,14.0,4.0,18.0
2026-05-18,Andheri,0.0,4.0,4.0
2026-05-18,DLF Midtown - Moti Nagar,2.0,2.0,4.0
2026-05-18,Express Avenue,4.0,1.0,5.0
2026-05-18,Gurugram,2.0,6.0,8.0
2026-05-18,Indiranagar,2.0,4.0,6.0
2026-05-18,Inorbit Mall Malad West,5.0,2.0,7.0
2026-05-18,Inorbit mall Hyderabad,17.0,1.0,18.0
2026-05-18,Jaipur Store,3.0,3.0,6.0
2026-05-18,Jayanagar,0.0,0.0,0.0
2026-05-18,Jubilee Hills,4.0,4.0,8.0
2026-05-18,Juhu Store,3.0,4.0,7.0
2026-05-18,"Kalaghoda, Fort",11.0,14.0,25.0
2026-05-18,Kemps Corner,4.0,10.0,14.0
2026-05-18,Khan Market,10.0,2.0,12.0
2026-05-18,Kochi Store,1.0,0.0,1.0
2026-05-18,Koregaon Park,5.0,5.0,10.0
2026-05-18,LakeShore Mall,13.0,0.0,13.0
2026-05-18,Lavelle Road,1.0,3.0,4.0
2026-05-18,"Mall of India, Noida",5.0,5.0,10.0
2026-05-18,Oberoi Mall Store,6.0,4.0,10.0
2026-05-18,Oberoi Sky City,18.0,2.0,20.0
2026-05-18,"Pali Hill, Bandra",15.0,8.0,23.0
2026-05-18,Phoenix Marketcity Kurla,11.0,5.0,16.0
2026-05-18,"Phoenix Marketcity, Whitefield",3.0,3.0,6.0
2026-05-18,Phoenix Palassio,4.0,0.0,4.0
2026-05-18,R.K. Salai,0.0,0.0,0.0
2026-05-18,Sarath City-Hyderabad,18.0,3.0,21.0
2026-05-18,Select City,6.0,6.0,12.0
2026-05-18,Shakespearesarani,8.0,4.0,12.0
2026-05-18,Sindhu Bhavan Marg,5.0,9.0,14.0
2026-05-18,South Ex.,2.0,0.0,2.0
2026-05-18,Vegas Dwarka,3.0,1.0,4.0
2026-05-18,Viviana Mall,10.0,6.0,16.0
2026-05-19,Ambience Vasant Kunj,7.0,2.0,9.0
2026-05-19,Andheri,6.0,0.0,6.0
2026-05-19,DLF Midtown - Moti Nagar,2.0,0.0,2.0
2026-05-19,Express Avenue,8.0,5.0,13.0
2026-05-19,Gurugram,3.0,6.0,9.0
2026-05-19,Indiranagar,2.0,1.0,3.0
2026-05-19,Inorbit Mall Malad West,11.0,0.0,11.0
2026-05-19,Inorbit mall Hyderabad,16.0,2.0,18.0
2026-05-19,Jaipur Store,3.0,2.0,5.0
2026-05-19,Jayanagar,5.0,4.0,9.0
2026-05-19,Jubilee Hills,4.0,10.0,14.0
2026-05-19,Juhu Store,5.0,2.0,7.0
2026-05-19,"Kalaghoda, Fort",10.0,8.0,18.0
2026-05-19,Kemps Corner,2.0,13.0,15.0
2026-05-19,Khan Market,10.0,8.0,18.0
2026-05-19,Kochi Store,1.0,2.0,3.0
2026-05-19,Koregaon Park,1.0,5.0,6.0
2026-05-19,LakeShore Mall,9.0,3.0,12.0
2026-05-19,Lavelle Road,1.0,5.0,6.0
2026-05-19,"Mall of India, Noida",10.0,2.0,12.0
2026-05-19,Oberoi Mall Store,5.0,2.0,7.0
2026-05-19,Oberoi Sky City,11.0,1.0,12.0
2026-05-19,"Pali Hill, Bandra",5.0,5.0,10.0
2026-05-19,Phoenix Marketcity Kurla,4.0,1.0,5.0
2026-05-19,"Phoenix Marketcity, Whitefield",5.0,3.0,8.0
2026-05-19,Phoenix Palassio,10.0,3.0,13.0
2026-05-19,R.K. Salai,0.0,8.0,8.0
2026-05-19,Sarath City-Hyderabad,22.0,1.0,23.0
2026-05-19,Select City,7.0,7.0,14.0
2026-05-19,Shakespearesarani,9.0,3.0,12.0
2026-05-19,Sindhu Bhavan Marg,6.0,4.0,10.0
2026-05-19,South Ex.,0.0,0.0,0.0
2026-05-19,Vegas Dwarka,9.0,0.0,9.0
2026-05-19,Viviana Mall,15.0,2.0,17.0
2026-05-20,Ambience Vasant Kunj,5.0,2.0,7.0
2026-05-20,Andheri,2.0,3.0,5.0
2026-05-20,DLF Midtown - Moti Nagar,2.0,,2.0
2026-05-20,Express Avenue,16.0,4.0,20.0
2026-05-20,Gurugram,2.0,2.0,4.0
2026-05-20,Indiranagar,3.0,3.0,6.0
2026-05-20,Inorbit Mall Malad West,7.0,1.0,8.0
2026-05-20,Inorbit mall Hyderabad,23.0,0.0,23.0
2026-05-20,Jaipur Store,4.0,1.0,5.0
2026-05-20,Jayanagar,2.0,1.0,3.0
2026-05-20,Jubilee Hills,3.0,7.0,10.0
2026-05-20,Juhu Store,8.0,2.0,10.0
2026-05-20,"Kalaghoda, Fort",13.0,9.0,22.0
2026-05-20,Kemps Corner,5.0,9.0,14.0
2026-05-20,Khan Market,7.0,7.0,14.0
2026-05-20,Kochi Store,3.0,1.0,4.0
2026-05-20,Koregaon Park,7.0,5.0,12.0
2026-05-20,LakeShore Mall,15.0,0.0,15.0
2026-05-20,Lavelle Road,3.0,2.0,5.0
2026-05-20,"Mall of India, Noida",7.0,1.0,8.0
2026-05-20,Oberoi Mall Store,7.0,3.0,10.0
2026-05-20,Oberoi Sky City,16.0,0.0,16.0
2026-05-20,"Pali Hill, Bandra",3.0,4.0,7.0
2026-05-20,Phoenix Marketcity Kurla,12.0,3.0,15.0
2026-05-20,"Phoenix Marketcity, Whitefield",4.0,1.0,5.0
2026-05-20,Phoenix Palassio,14.0,1.0,15.0
2026-05-20,R.K. Salai,1.0,2.0,3.0
2026-05-20,Sarath City-Hyderabad,10.0,3.0,13.0
2026-05-20,Select City,7.0,3.0,10.0
2026-05-20,Shakespearesarani,7.0,3.0,10.0
2026-05-20,Sindhu Bhavan Marg,5.0,4.0,9.0
2026-05-20,South Ex.,4.0,3.0,7.0
2026-05-20,Vegas Dwarka,2.0,1.0,3.0
2026-05-20,Viviana Mall,8.0,0.0,8.0
2026-05-21,Ambience Vasant Kunj,7.0,2.0,9.0
2026-05-21,Andheri,1.0,5.0,6.0
2026-05-21,DLF Midtown - Moti Nagar,5.0,0.0,5.0
2026-05-21,Express Avenue,12.0,5.0,17.0
2026-05-21,Gurugram,3.0,9.0,12.0
2026-05-21,Indiranagar,5.0,4.0,9.0
2026-05-21,Inorbit Mall Malad West,8.0,3.0,11.0
2026-05-21,Inorbit mall Hyderabad,18.0,2.0,20.0
2026-05-21,Jaipur Store,2.0,5.0,7.0
2026-05-21,Jayanagar,0.0,0.0,0.0
2026-05-21,Jubilee Hills,2.0,10.0,12.0
2026-05-21,Juhu Store,3.0,2.0,5.0
2026-05-21,"Kalaghoda, Fort",8.0,4.0,12.0
2026-05-21,Kemps Corner,1.0,12.0,13.0
2026-05-21,Khan Market,8.0,4.0,12.0
2026-05-21,Kochi Store,0.0,3.0,3.0
2026-05-21,Koregaon Park,7.0,6.0,13.0
2026-05-21,LakeShore Mall,7.0,0.0,7.0
2026-05-21,Lavelle Road,2.0,2.0,4.0
2026-05-21,"Mall of India, Noida",5.0,3.0,8.0
2026-05-21,Oberoi Mall Store,8.0,5.0,13.0
2026-05-21,Oberoi Sky City,18.0,0.0,18.0
2026-05-21,"Pali Hill, Bandra",2.0,5.0,7.0
2026-05-21,Phoenix Marketcity Kurla,5.0,1.0,6.0
2026-05-21,"Phoenix Marketcity, Whitefield",6.0,0.0,6.0
2026-05-21,Phoenix Palassio,5.0,3.0,8.0
2026-05-21,R.K. Salai,4.0,2.0,6.0
2026-05-21,Sarath City-Hyderabad,21.0,3.0,24.0
2026-05-21,Select City,8.0,4.0,12.0
2026-05-21,Shakespearesarani,5.0,3.0,8.0
2026-05-21,Sindhu Bhavan Marg,10.0,3.0,13.0
2026-05-21,South Ex.,5.0,1.0,6.0
2026-05-21,Vegas Dwarka,0.0,1.0,1.0
2026-05-21,Viviana Mall,12.0,0.0,12.0
2026-05-22,Ambience Vasant Kunj,10.0,0.0,10.0
2026-05-22,Andheri,1.0,6.0,7.0
2026-05-22,DLF Midtown - Moti Nagar,3.0,1.0,4.0
2026-05-22,Express Avenue,9.0,12.0,21.0
2026-05-22,Gurugram,3.0,5.0,8.0
2026-05-22,Indiranagar,4.0,2.0,6.0
2026-05-22,Inorbit Mall Malad West,7.0,1.0,8.0
2026-05-22,Inorbit mall Hyderabad,24.0,3.0,27.0
2026-05-22,Jaipur Store,3.0,10.0,13.0
2026-05-22,Jayanagar,2.0,2.0,4.0
2026-05-22,Jubilee Hills,7.0,3.0,10.0
2026-05-22,Juhu Store,3.0,2.0,5.0
2026-05-22,"Kalaghoda, Fort",13.0,6.0,19.0
2026-05-22,Kemps Corner,3.0,9.0,12.0
2026-05-22,Khan Market,10.0,2.0,12.0
2026-05-22,Kochi Store,2.0,2.0,4.0
2026-05-22,Koregaon Park,3.0,6.0,9.0
2026-05-22,LakeShore Mall,25.0,0.0,25.0
2026-05-22,Lavelle Road,1.0,2.0,3.0
2026-05-22,"Mall of India, Noida",7.0,2.0,9.0
2026-05-22,Oberoi Mall Store,7.0,6.0,13.0
2026-05-22,Oberoi Sky City,12.0,2.0,14.0
2026-05-22,"Pali Hill, Bandra",6.0,9.0,15.0
2026-05-22,Phoenix Marketcity Kurla,4.0,1.0,5.0
2026-05-22,"Phoenix Marketcity, Whitefield",8.0,0.0,8.0
2026-05-22,Phoenix Palassio,9.0,1.0,10.0
2026-05-22,R.K. Salai,1.0,0.0,1.0
2026-05-22,Sarath City-Hyderabad,25.0,4.0,29.0
2026-05-22,Select City,5.0,4.0,9.0
2026-05-22,Shakespearesarani,4.0,5.0,9.0
2026-05-22,Sindhu Bhavan Marg,12.0,6.0,18.0
2026-05-22,South Ex.,1.0,0.0,1.0
2026-05-22,Vegas Dwarka,5.0,1.0,6.0
2026-05-22,Viviana Mall,13.0,3.0,16.0
2026-05-23,Ambience Vasant Kunj,15.0,5.0,20.0
2026-05-23,Andheri,7.0,4.0,11.0
2026-05-23,DLF Midtown - Moti Nagar,1.0,3.0,4.0
2026-05-23,Express Avenue,21.0,3.0,24.0
2026-05-23,Gurugram,6.0,14.0,20.0
2026-05-23,Indiranagar,14.0,7.0,21.0
2026-05-23,Inorbit Mall Malad West,22.0,3.0,25.0
2026-05-23,Inorbit mall Hyderabad,48.0,6.0,54.0
2026-05-23,Jaipur Store,8.0,5.0,13.0
2026-05-23,Jayanagar,6.0,5.0,11.0
2026-05-23,Jubilee Hills,14.0,13.0,27.0
2026-05-23,Juhu Store,10.0,5.0,15.0
2026-05-23,"Kalaghoda, Fort",8.0,13.0,21.0
2026-05-23,Kemps Corner,8.0,24.0,32.0
2026-05-23,Khan Market,8.0,5.0,13.0
2026-05-23,Kochi Store,3.0,1.0,4.0
2026-05-23,Koregaon Park,4.0,14.0,18.0
2026-05-23,LakeShore Mall,33.0,1.0,34.0
2026-05-23,Lavelle Road,2.0,4.0,6.0
2026-05-23,"Mall of India, Noida",11.0,3.0,14.0
2026-05-23,Oberoi Mall Store,15.0,13.0,28.0
2026-05-23,Oberoi Sky City,29.0,6.0,35.0
2026-05-23,"Pali Hill, Bandra",9.0,16.0,25.0
2026-05-23,Phoenix Marketcity Kurla,16.0,3.0,19.0
2026-05-23,"Phoenix Marketcity, Whitefield",19.0,3.0,22.0
2026-05-23,Phoenix Palassio,4.0,1.0,5.0
2026-05-23,R.K. Salai,2.0,4.0,6.0
2026-05-23,Sarath City-Hyderabad,37.0,5.0,42.0
2026-05-23,Select City,6.0,12.0,18.0
2026-05-23,Shakespearesarani,8.0,6.0,14.0
2026-05-23,Sindhu Bhavan Marg,18.0,4.0,22.0
2026-05-23,South Ex.,6.0,5.0,11.0
2026-05-23,Vegas Dwarka,15.0,1.0,16.0
2026-05-23,Viviana Mall,26.0,4.0,30.0
2026-05-24,Ambience Vasant Kunj,20.0,5.0,25.0
2026-05-24,Andheri,0.0,2.0,2.0
2026-05-24,DLF Midtown - Moti Nagar,7.0,6.0,13.0
2026-05-24,Express Avenue,28.0,5.0,33.0
2026-05-24,Gurugram,6.0,14.0,20.0
2026-05-24,Indiranagar,16.0,11.0,27.0
2026-05-24,Inorbit Mall Malad West,23.0,5.0,28.0
2026-05-24,Inorbit mall Hyderabad,59.0,5.0,64.0
2026-05-24,Jaipur Store,11.0,2.0,13.0
2026-05-24,Jayanagar,5.0,5.0,10.0
2026-05-24,Jubilee Hills,8.0,7.0,15.0
2026-05-24,Juhu Store,6.0,8.0,14.0
2026-05-24,"Kalaghoda, Fort",9.0,4.0,13.0
2026-05-24,Kemps Corner,15.0,14.0,29.0
2026-05-24,Khan Market,4.0,5.0,9.0
2026-05-24,Kochi Store,1.0,2.0,3.0
2026-05-24,Koregaon Park,9.0,11.0,20.0
2026-05-24,LakeShore Mall,43.0,0.0,43.0
2026-05-24,Lavelle Road,4.0,3.0,7.0
2026-05-24,"Mall of India, Noida",22.0,3.0,25.0
2026-05-24,Oberoi Mall Store,16.0,13.0,29.0
2026-05-24,Oberoi Sky City,35.0,6.0,41.0
2026-05-24,"Pali Hill, Bandra",12.0,13.0,25.0
2026-05-24,Phoenix Marketcity Kurla,9.0,9.0,18.0
2026-05-24,"Phoenix Marketcity, Whitefield",18.0,2.0,20.0
2026-05-24,Phoenix Palassio,19.0,2.0,21.0
2026-05-24,R.K. Salai,3.0,0.0,3.0
2026-05-24,Sarath City-Hyderabad,48.0,3.0,51.0
2026-05-24,Select City,17.0,8.0,25.0
2026-05-24,Shakespearesarani,8.0,9.0,17.0
2026-05-24,Sindhu Bhavan Marg,16.0,10.0,26.0
2026-05-24,South Ex.,5.0,3.0,8.0
2026-05-24,Vegas Dwarka,10.0,1.0,11.0
2026-05-24,Viviana Mall,28.0,7.0,35.0
2026-05-25,Ambience Vasant Kunj,6.0,2.0,8.0
2026-05-25,Andheri,1.0,5.0,6.0
2026-05-25,DLF Midtown - Moti Nagar,1.0,1.0,2.0
2026-05-25,Express Avenue,9.0,4.0,13.0
2026-05-25,Gurugram,2.0,10.0,12.0
2026-05-25,Indiranagar,4.0,0.0,4.0
2026-05-25,Inorbit Mall Malad West,12.0,0.0,12.0
2026-05-25,Inorbit mall Hyderabad,23.0,2.0,25.0
2026-05-25,Jaipur Store,4.0,3.0,7.0
2026-05-25,Jayanagar,2.0,,2.0
2026-05-25,Jubilee Hills,4.0,14.0,18.0
2026-05-25,Juhu Store,3.0,7.0,10.0
2026-05-25,"Kalaghoda, Fort",13.0,5.0,18.0
2026-05-25,Kemps Corner,7.0,6.0,13.0
2026-05-25,Khan Market,5.0,5.0,10.0
2026-05-25,Kochi Store,1.0,0.0,1.0
2026-05-25,Koregaon Park,4.0,10.0,14.0
2026-05-25,LakeShore Mall,16.0,1.0,17.0
2026-05-25,Lavelle Road,2.0,2.0,4.0
2026-05-25,"Mall of India, Noida",10.0,1.0,11.0
2026-05-25,Oberoi Mall Store,5.0,3.0,8.0
2026-05-25,Oberoi Sky City,15.0,2.0,17.0
2026-05-25,"Pali Hill, Bandra",4.0,8.0,12.0
2026-05-25,Phoenix Marketcity Kurla,5.0,3.0,8.0
2026-05-25,"Phoenix Marketcity, Whitefield",7.0,2.0,9.0
2026-05-25,Phoenix Palassio,4.0,2.0,6.0
2026-05-25,R.K. Salai,0.0,1.0,1.0
2026-05-25,Sarath City-Hyderabad,9.0,7.0,16.0
2026-05-25,Select City,4.0,10.0,14.0
2026-05-25,Shakespearesarani,5.0,13.0,18.0
2026-05-25,Sindhu Bhavan Marg,9.0,7.0,16.0
2026-05-25,South Ex.,0.0,1.0,1.0
2026-05-25,Vegas Dwarka,5.0,1.0,6.0
2026-05-25,Viviana Mall,7.0,3.0,10.0
2026-05-26,Ambience Vasant Kunj,8.0,3.0,11.0
2026-05-26,Andheri,4.0,2.0,6.0
2026-05-26,DLF Midtown - Moti Nagar,3.0,1.0,4.0
2026-05-26,Express Avenue,10.0,1.0,11.0
2026-05-26,Gurugram,3.0,4.0,7.0
2026-05-26,Indiranagar,4.0,3.0,7.0
2026-05-26,Inorbit Mall Malad West,13.0,0.0,13.0
2026-05-26,Inorbit mall Hyderabad,1.0,17.0,18.0
2026-05-26,Jaipur Store,10.0,3.0,13.0
2026-05-26,Jayanagar,2.0,1.0,3.0
2026-05-26,Jubilee Hills,5.0,6.0,11.0
2026-05-26,Juhu Store,5.0,3.0,8.0
2026-05-26,"Kalaghoda, Fort",13.0,8.0,21.0
2026-05-26,Kemps Corner,5.0,5.0,10.0
2026-05-26,Khan Market,6.0,5.0,11.0
2026-05-26,Kochi Store,2.0,3.0,5.0
2026-05-26,Koregaon Park,3.0,3.0,6.0
2026-05-26,LakeShore Mall,8.0,0.0,8.0
2026-05-26,Lavelle Road,3.0,0.0,3.0
2026-05-26,"Mall of India, Noida",9.0,3.0,12.0
2026-05-26,Oberoi Mall Store,2.0,3.0,5.0
2026-05-26,Oberoi Sky City,16.0,3.0,19.0
2026-05-26,"Pali Hill, Bandra",8.0,6.0,14.0
2026-05-26,Phoenix Marketcity Kurla,9.0,0.0,9.0
2026-05-26,"Phoenix Marketcity, Whitefield",3.0,1.0,4.0
2026-05-26,Phoenix Palassio,7.0,0.0,7.0
2026-05-26,R.K. Salai,2.0,3.0,5.0
2026-05-26,Sarath City-Hyderabad,11.0,4.0,15.0
2026-05-26,Select City,5.0,2.0,7.0
2026-05-26,Shakespearesarani,2.0,4.0,6.0
2026-05-26,Sindhu Bhavan Marg,10.0,3.0,13.0
2026-05-26,South Ex.,3.0,5.0,8.0
2026-05-26,Vegas Dwarka,4.0,1.0,5.0
2026-05-26,Viviana Mall,13.0,0.0,13.0
2026-05-27,Ambience Vasant Kunj,7.0,0.0,7.0
2026-05-27,Andheri,1.0,2.0,3.0
2026-05-27,DLF Midtown - Moti Nagar,3.0,0.0,3.0
2026-05-27,Express Avenue,13.0,2.0,15.0
2026-05-27,Gurugram,3.0,5.0,8.0
2026-05-27,Indiranagar,11.0,4.0,15.0
2026-05-27,Inorbit Mall Malad West,7.0,1.0,8.0
2026-05-27,Inorbit mall Hyderabad,25.0,4.0,29.0
2026-05-27,Jaipur Store,3.0,3.0,6.0
2026-05-27,Jayanagar,2.0,2.0,4.0
2026-05-27,Jubilee Hills,5.0,9.0,14.0
2026-05-27,Juhu Store,7.0,2.0,9.0
2026-05-27,"Kalaghoda, Fort",11.0,16.0,27.0
2026-05-27,Kemps Corner,6.0,2.0,8.0
2026-05-27,Khan Market,4.0,1.0,5.0
2026-05-27,Kochi Store,1.0,1.0,2.0
2026-05-27,Koregaon Park,2.0,6.0,8.0
2026-05-27,LakeShore Mall,7.0,1.0,8.0
2026-05-27,Lavelle Road,1.0,2.0,3.0
2026-05-27,"Mall of India, Noida",10.0,3.0,13.0
2026-05-27,Oberoi Mall Store,2.0,2.0,4.0
2026-05-27,Oberoi Sky City,19.0,2.0,21.0
2026-05-27,"Pali Hill, Bandra",9.0,4.0,13.0
2026-05-27,Phoenix Marketcity Kurla,3.0,0.0,3.0
2026-05-27,"Phoenix Marketcity, Whitefield",6.0,1.0,7.0
2026-05-27,Phoenix Palassio,5.0,1.0,6.0
2026-05-27,R.K. Salai,0.0,2.0,2.0
2026-05-27,Sarath City-Hyderabad,13.0,2.0,15.0
2026-05-27,Select City,7.0,2.0,9.0
2026-05-27,Shakespearesarani,3.0,5.0,8.0
2026-05-27,Sindhu Bhavan Marg,7.0,2.0,9.0
2026-05-27,South Ex.,4.0,2.0,6.0
2026-05-27,Vegas Dwarka,5.0,0.0,5.0
2026-05-27,Viviana Mall,7.0,2.0,9.0
2026-05-28,Ambience Vasant Kunj,12.0,3.0,15.0
2026-05-28,Andheri,2.0,4.0,6.0
2026-05-28,DLF Midtown - Moti Nagar,4.0,1.0,5.0
2026-05-28,Express Avenue,14.0,2.0,16.0
2026-05-28,Gurugram,4.0,7.0,11.0
2026-05-28,Indiranagar,10.0,7.0,17.0
2026-05-28,Inorbit Mall Malad West,17.0,5.0,22.0
2026-05-28,Inorbit mall Hyderabad,38.0,3.0,41.0
2026-05-28,Jaipur Store,13.0,5.0,18.0
2026-05-28,Jayanagar,0.0,0.0,0.0
2026-05-28,Jubilee Hills,8.0,6.0,14.0
2026-05-28,Juhu Store,2.0,3.0,5.0
2026-05-28,"Kalaghoda, Fort",10.0,3.0,13.0
2026-05-28,Kemps Corner,3.0,12.0,15.0
2026-05-28,Khan Market,8.0,5.0,13.0
2026-05-28,Koregaon Park,6.0,7.0,13.0
2026-05-28,LakeShore Mall,17.0,0.0,17.0
2026-05-28,Lavelle Road,2.0,2.0,4.0
2026-05-28,"Mall of India, Noida",7.0,4.0,11.0
2026-05-28,Oberoi Mall Store,5.0,3.0,8.0
2026-05-28,Oberoi Sky City,26.0,6.0,32.0
2026-05-28,"Pali Hill, Bandra",5.0,12.0,17.0
2026-05-28,Phoenix Marketcity Kurla,7.0,2.0,9.0
2026-05-28,"Phoenix Marketcity, Whitefield",11.0,1.0,12.0
2026-05-28,Phoenix Palassio,8.0,1.0,9.0
2026-05-28,R.K. Salai,0.0,2.0,2.0
2026-05-28,Sarath City-Hyderabad,18.0,1.0,19.0
2026-05-28,Select City,6.0,10.0,16.0
2026-05-28,Shakespearesarani,2.0,6.0,8.0
2026-05-28,Sindhu Bhavan Marg,8.0,3.0,11.0
2026-05-28,South Ex.,1.0,3.0,4.0
2026-05-28,Vegas Dwarka,8.0,0.0,8.0
2026-05-28,Viviana Mall,10.0,2.0,12.0
2026-05-29,Ambience Vasant Kunj,10.0,1.0,11.0
2026-05-29,Andheri,3.0,4.0,7.0
2026-05-29,DLF Midtown - Moti Nagar,3.0,1.0,4.0
2026-05-29,Express Avenue,12.0,0.0,12.0
2026-05-29,Gurugram,3.0,7.0,10.0
2026-05-29,Indiranagar,8.0,4.0,12.0
2026-05-29,Inorbit Mall Malad West,14.0,1.0,15.0
2026-05-29,Inorbit mall Hyderabad,24.0,2.0,26.0
2026-05-29,Jaipur Store,9.0,4.0,13.0
2026-05-29,Jayanagar,2.0,0.0,2.0
2026-05-29,Jubilee Hills,3.0,9.0,12.0
2026-05-29,Juhu Store,4.0,4.0,8.0
2026-05-29,"Kalaghoda, Fort",14.0,7.0,21.0
2026-05-29,Kemps Corner,3.0,15.0,18.0
2026-05-29,Khan Market,6.0,4.0,10.0
2026-05-29,Kochi Store,1.0,1.0,2.0
2026-05-29,Koregaon Park,3.0,4.0,7.0
2026-05-29,LakeShore Mall,12.0,2.0,14.0
2026-05-29,Lavelle Road,0.0,3.0,3.0
2026-05-29,"Mall of India, Noida",7.0,2.0,9.0
2026-05-29,Oberoi Mall Store,5.0,3.0,8.0
2026-05-29,Oberoi Sky City,18.0,1.0,19.0
2026-05-29,"Pali Hill, Bandra",3.0,7.0,10.0
2026-05-29,Phoenix Marketcity Kurla,3.0,0.0,3.0
2026-05-29,"Phoenix Marketcity, Whitefield",12.0,2.0,14.0
2026-05-29,Phoenix Palassio,6.0,0.0,6.0
2026-05-29,R.K. Salai,2.0,4.0,6.0
2026-05-29,Sarath City-Hyderabad,16.0,3.0,19.0
2026-05-29,Select City,10.0,4.0,14.0
2026-05-29,Shakespearesarani,1.0,2.0,3.0
2026-05-29,Sindhu Bhavan Marg,5.0,4.0,9.0
2026-05-29,South Ex.,5.0,2.0,7.0
2026-05-29,Vegas Dwarka,7.0,0.0,7.0
2026-05-29,Viviana Mall,14.0,2.0,16.0
2026-05-30,Ambience Vasant Kunj,14.0,4.0,18.0
2026-05-30,Andheri,3.0,3.0,6.0
2026-05-30,DLF Midtown - Moti Nagar,6.0,1.0,7.0
2026-05-30,Express Avenue,13.0,6.0,19.0
2026-05-30,Gurugram,5.0,11.0,16.0
2026-05-30,Indiranagar,21.0,9.0,30.0
2026-05-30,Inorbit Mall Malad West,27.0,5.0,32.0
2026-05-30,Inorbit mall Hyderabad,42.0,5.0,47.0
2026-05-30,Jaipur Store,7.0,7.0,14.0
2026-05-30,Jayanagar,3.0,2.0,5.0
2026-05-30,Jubilee Hills,11.0,8.0,19.0
2026-05-30,Juhu Store,5.0,4.0,9.0
2026-05-30,"Kalaghoda, Fort",8.0,6.0,14.0
2026-05-30,Kemps Corner,6.0,14.0,20.0
2026-05-30,Khan Market,12.0,6.0,18.0
2026-05-30,Kochi Store,1.0,1.0,2.0
2026-05-30,Koregaon Park,5.0,4.0,9.0
2026-05-30,LakeShore Mall,20.0,1.0,21.0
2026-05-30,Lavelle Road,1.0,3.0,4.0
2026-05-30,"Mall of India, Noida",14.0,7.0,21.0
2026-05-30,Oberoi Mall Store,13.0,2.0,15.0
2026-05-30,Oberoi Sky City,35.0,3.0,38.0
2026-05-30,"Pali Hill, Bandra",9.0,16.0,25.0
2026-05-30,Phoenix Marketcity Kurla,8.0,3.0,11.0
2026-05-30,"Phoenix Marketcity, Whitefield",20.0,5.0,25.0
2026-05-30,Phoenix Palassio,7.0,2.0,9.0
2026-05-30,R.K. Salai,0.0,0.0,0.0
2026-05-30,Sarath City-Hyderabad,27.0,5.0,32.0
2026-05-30,Select City,9.0,4.0,13.0
2026-05-30,Shakespearesarani,5.0,7.0,12.0
2026-05-30,Sindhu Bhavan Marg,9.0,5.0,14.0
2026-05-30,South Ex.,8.0,1.0,9.0
2026-05-30,Vegas Dwarka,14.0,2.0,16.0
2026-05-30,Viviana Mall,21.0,3.0,24.0
2026-05-31,Ambience Vasant Kunj,14.0,6.0,20.0
2026-05-31,Andheri,2.0,1.0,3.0
2026-05-31,DLF Midtown - Moti Nagar,6.0,4.0,10.0
2026-05-31,Express Avenue,27.0,2.0,29.0
2026-05-31,Gurugram,10.0,15.0,25.0
2026-05-31,Indiranagar,15.0,8.0,23.0
2026-05-31,Inorbit Mall Malad West,27.0,4.0,31.0
2026-05-31,Inorbit mall Hyderabad,38.0,4.0,42.0
2026-05-31,Jaipur Store,16.0,5.0,21.0
2026-05-31,Jayanagar,5.0,4.0,9.0
2026-05-31,Jubilee Hills,12.0,14.0,26.0
2026-05-31,Juhu Store,7.0,4.0,11.0
2026-05-31,"Kalaghoda, Fort",15.0,10.0,25.0
2026-05-31,Kemps Corner,23.0,15.0,38.0
2026-05-31,Khan Market,15.0,9.0,24.0
2026-05-31,Kochi Store,3.0,1.0,4.0
2026-05-31,Koregaon Park,7.0,11.0,18.0
2026-05-31,LakeShore Mall,30.0,4.0,34.0
2026-05-31,Lavelle Road,2.0,4.0,6.0
2026-05-31,"Mall of India, Noida",21.0,8.0,29.0
2026-05-31,Oberoi Mall Store,12.0,6.0,18.0
2026-05-31,Oberoi Sky City,40.0,7.0,47.0
2026-05-31,"Pali Hill, Bandra",9.0,10.0,19.0
2026-05-31,Phoenix Marketcity Kurla,27.0,9.0,36.0
2026-05-31,"Phoenix Marketcity, Whitefield",20.0,4.0,24.0
2026-05-31,Phoenix Palassio,5.0,7.0,12.0
2026-05-31,R.K. Salai,1.0,5.0,6.0
2026-05-31,Sarath City-Hyderabad,40.0,9.0,49.0
2026-05-31,Select City,10.0,4.0,14.0
2026-05-31,Shakespearesarani,7.0,6.0,13.0
2026-05-31,Sindhu Bhavan Marg,15.0,8.0,23.0
2026-05-31,South Ex.,4.0,9.0,13.0
2026-05-31,Vegas Dwarka,14.0,3.0,17.0
2026-05-31,Viviana Mall,25.0,3.0,28.0
2026-06-01,Ambience Vasant Kunj,5.0,2.0,7.0
2026-06-01,Andheri,1.0,8.0,9.0
2026-06-01,DLF Midtown - Moti Nagar,2.0,2.0,4.0
2026-06-01,Express Avenue,14.0,4.0,18.0
2026-06-01,Gurugram,5.0,7.0,12.0
2026-06-01,Indiranagar,3.0,3.0,6.0
2026-06-01,Inorbit Mall Malad West,11.0,0.0,11.0
2026-06-01,Inorbit mall Hyderabad,37.0,4.0,41.0
2026-06-01,Jaipur Store,3.0,3.0,6.0
2026-06-01,Jayanagar,3.0,3.0,6.0
2026-06-01,Jubilee Hills,6.0,9.0,15.0
2026-06-01,Juhu Store,2.0,2.0,4.0
2026-06-01,KNK Chennai,4.0,1.0,5.0
2026-06-01,"Kalaghoda, Fort",11.0,3.0,14.0
2026-06-01,Kemps Corner,9.0,14.0,23.0
2026-06-01,Khan Market,8.0,7.0,15.0
2026-06-01,Kochi Store,1.0,1.0,2.0
2026-06-01,Koregaon Park,2.0,5.0,7.0
2026-06-01,LakeShore Mall,7.0,2.0,9.0
2026-06-01,Lavelle Road,0.0,6.0,6.0
2026-06-01,"Mall of India, Noida",7.0,3.0,10.0
2026-06-01,Oberoi Mall Store,5.0,4.0,9.0
2026-06-01,Oberoi Sky City,9.0,0.0,9.0
2026-06-01,"Pali Hill, Bandra",12.0,7.0,19.0
2026-06-01,Phoenix Marketcity Kurla,4.0,3.0,7.0
2026-06-01,Phoenix Palassio,8.0,0.0,8.0
2026-06-01,R.K. Salai,0.0,1.0,1.0
2026-06-01,Sarath City-Hyderabad,20.0,2.0,22.0
2026-06-01,Select City,3.0,7.0,10.0
2026-06-01,Shakespearesarani,5.0,4.0,9.0
2026-06-01,Sindhu Bhavan Marg,3.0,4.0,7.0
2026-06-01,South Ex.,2.0,3.0,5.0
2026-06-01,Vegas Dwarka,4.0,1.0,5.0
2026-06-01,Viviana Mall,10.0,2.0,12.0
2026-06-02,Ambience Vasant Kunj,7.0,1.0,8.0
2026-06-02,Andheri,2.0,1.0,3.0
2026-06-02,DLF Midtown - Moti Nagar,1.0,0.0,1.0
2026-06-02,Express Avenue,8.0,2.0,10.0
2026-06-02,Gurugram,8.0,10.0,18.0
2026-06-02,Indiranagar,8.0,5.0,13.0
2026-06-02,Inorbit Mall Malad West,0.0,0.0,0.0
2026-06-02,Inorbit mall Hyderabad,32.0,3.0,35.0
2026-06-02,Jaipur Store,5.0,9.0,14.0
2026-06-02,Jayanagar,2.0,2.0,4.0
2026-06-02,Jubilee Hills,5.0,14.0,19.0
2026-06-02,Juhu Store,3.0,1.0,4.0
2026-06-02,KNK Chennai,4.0,1.0,5.0
2026-06-02,"Kalaghoda, Fort",8.0,4.0,12.0
2026-06-02,Kemps Corner,8.0,7.0,15.0
2026-06-02,Khan Market,7.0,8.0,15.0
2026-06-02,Kochi Store,1.0,0.0,1.0
2026-06-02,Koregaon Park,3.0,4.0,7.0
2026-06-02,LakeShore Mall,17.0,1.0,18.0
2026-06-02,Lavelle Road,3.0,5.0,8.0
2026-06-02,"Mall of India, Noida",12.0,3.0,15.0
2026-06-02,Oberoi Mall Store,2.0,1.0,3.0
2026-06-02,Oberoi Sky City,11.0,5.0,16.0
2026-06-02,"Pali Hill, Bandra",5.0,6.0,11.0
2026-06-02,Phoenix Marketcity Kurla,10.0,3.0,13.0
2026-06-02,Phoenix Palassio,5.0,3.0,8.0
2026-06-02,R.K. Salai,0.0,2.0,2.0
2026-06-02,Sarath City-Hyderabad,36.0,3.0,39.0
2026-06-02,Select City,5.0,2.0,7.0
2026-06-02,Shakespearesarani,2.0,4.0,6.0
2026-06-02,Sindhu Bhavan Marg,3.0,3.0,6.0
2026-06-02,South Ex.,3.0,1.0,4.0
2026-06-02,Vegas Dwarka,5.0,2.0,7.0
2026-06-02,Viviana Mall,9.0,2.0,11.0
2026-06-03,Ambience Vasant Kunj,5.0,4.0,9.0
2026-06-03,Andheri,1.0,4.0,5.0
2026-06-03,DLF Midtown - Moti Nagar,3.0,0.0,3.0
2026-06-03,Express Avenue,10.0,9.0,19.0
2026-06-03,Gurugram,11.0,4.0,15.0
2026-06-03,Indiranagar,4.0,5.0,9.0
2026-06-03,Inorbit Mall Malad West,13.0,4.0,17.0
2026-06-03,Inorbit mall Hyderabad,16.0,2.0,18.0
2026-06-03,Jaipur Store,4.0,2.0,6.0
2026-06-03,Jayanagar,2.0,0.0,2.0
2026-06-03,Jubilee Hills,6.0,8.0,14.0
2026-06-03,Juhu Store,2.0,2.0,4.0
2026-06-03,KNK Chennai,4.0,2.0,6.0
2026-06-03,"Kalaghoda, Fort",7.0,5.0,12.0
2026-06-03,Kemps Corner,0.0,14.0,14.0
2026-06-03,Khan Market,8.0,5.0,13.0
2026-06-03,Kochi Store,3.0,1.0,4.0
2026-06-03,Koregaon Park,4.0,5.0,9.0
2026-06-03,LakeShore Mall,10.0,0.0,10.0
2026-06-03,Lavelle Road,0.0,2.0,2.0
2026-06-03,"Mall of India, Noida",10.0,5.0,15.0
2026-06-03,Oberoi Mall Store,6.0,1.0,7.0
2026-06-03,Oberoi Sky City,12.0,1.0,13.0
2026-06-03,"Pali Hill, Bandra",6.0,10.0,16.0
2026-06-03,Phoenix Marketcity Kurla,6.0,3.0,9.0
2026-06-03,Phoenix Palassio,7.0,0.0,7.0
2026-06-03,R.K. Salai,1.0,1.0,2.0
2026-06-03,Sarath City-Hyderabad,16.0,2.0,18.0
2026-06-03,Select City,3.0,3.0,6.0
2026-06-03,Shakespearesarani,7.0,2.0,9.0
2026-06-03,Sindhu Bhavan Marg,12.0,3.0,15.0
2026-06-03,South Ex.,5.0,3.0,8.0
2026-06-03,Vegas Dwarka,5.0,1.0,6.0
2026-06-03,Viviana Mall,12.0,0.0,12.0
2026-06-04,Ambience Vasant Kunj,4.0,4.0,8.0
2026-06-04,Andheri,3.0,5.0,8.0
2026-06-04,DLF Midtown - Moti Nagar,1.0,1.0,2.0
2026-06-04,Express Avenue,9.0,3.0,12.0
2026-06-04,Gurugram,2.0,7.0,9.0
2026-06-04,Indiranagar,3.0,4.0,7.0
2026-06-04,Inorbit Mall Malad West,5.0,0.0,5.0
2026-06-04,Inorbit mall Hyderabad,19.0,5.0,24.0
2026-06-04,Jaipur Store,3.0,1.0,4.0
2026-06-04,Jayanagar,4.0,0.0,4.0
2026-06-04,Jubilee Hills,9.0,6.0,15.0
2026-06-04,Juhu Store,8.0,2.0,10.0
2026-06-04,KNK Chennai,32.0,2.0,34.0
2026-06-04,"Kalaghoda, Fort",8.0,5.0,13.0
2026-06-04,Kemps Corner,6.0,8.0,14.0
2026-06-04,Khan Market,3.0,4.0,7.0
2026-06-04,Kochi Store,1.0,1.0,2.0
2026-06-04,Koregaon Park,6.0,2.0,8.0
2026-06-04,LakeShore Mall,17.0,2.0,19.0
2026-06-04,Lavelle Road,0.0,5.0,5.0
2026-06-04,"Mall of India, Noida",8.0,4.0,12.0
2026-06-04,Oberoi Mall Store,3.0,0.0,3.0
2026-06-04,Oberoi Sky City,15.0,1.0,16.0
2026-06-04,"Pali Hill, Bandra",4.0,8.0,12.0
2026-06-04,Phoenix Marketcity Kurla,8.0,4.0,12.0
2026-06-04,Phoenix Palassio,7.0,2.0,9.0
2026-06-04,R.K. Salai,1.0,1.0,2.0
2026-06-04,Sarath City-Hyderabad,20.0,3.0,23.0
2026-06-04,Select City,9.0,0.0,9.0
2026-06-04,Shakespearesarani,4.0,4.0,8.0
2026-06-04,Sindhu Bhavan Marg,6.0,4.0,10.0
2026-06-04,South Ex.,0.0,5.0,5.0
2026-06-04,Vegas Dwarka,3.0,2.0,5.0
2026-06-04,Viviana Mall,10.0,5.0,15.0
2026-06-05,Ambience Vasant Kunj,17.0,2.0,19.0
2026-06-05,Andheri,3.0,6.0,9.0
2026-06-05,DLF Midtown - Moti Nagar,2.0,2.0,4.0
2026-06-05,Express Avenue,11.0,6.0,17.0
2026-06-05,Gurugram,1.0,7.0,8.0
2026-06-05,Indiranagar,7.0,2.0,9.0
2026-06-05,Inorbit Mall Malad West,12.0,1.0,13.0
2026-06-05,Inorbit mall Hyderabad,18.0,1.0,19.0
2026-06-05,Jaipur Store,5.0,2.0,7.0
2026-06-05,Jayanagar,2.0,2.0,4.0
2026-06-05,Jubilee Hills,5.0,3.0,8.0
2026-06-05,Juhu Store,9.0,2.0,11.0
2026-06-05,KNK Chennai,5.0,0.0,5.0
2026-06-05,"Kalaghoda, Fort",9.0,6.0,15.0
2026-06-05,Kemps Corner,2.0,3.0,5.0
2026-06-05,Khan Market,3.0,6.0,9.0
2026-06-05,Kochi Store,2.0,0.0,2.0
2026-06-05,Koregaon Park,3.0,1.0,4.0
2026-06-05,LakeShore Mall,8.0,0.0,8.0
2026-06-05,Lavelle Road,3.0,1.0,4.0
2026-06-05,"Mall of India, Noida",3.0,7.0,10.0
2026-06-05,Oberoi Mall Store,10.0,5.0,15.0
2026-06-05,Oberoi Sky City,13.0,2.0,15.0
2026-06-05,"Pali Hill, Bandra",10.0,10.0,20.0
2026-06-05,Phoenix Marketcity Kurla,7.0,2.0,9.0
2026-06-05,Phoenix Palassio,3.0,4.0,7.0
2026-06-05,R.K. Salai,2.0,2.0,4.0
2026-06-05,Sarath City-Hyderabad,19.0,2.0,21.0
2026-06-05,Select City,5.0,0.0,5.0
2026-06-05,Shakespearesarani,1.0,5.0,6.0
2026-06-05,Sindhu Bhavan Marg,8.0,5.0,13.0
2026-06-05,South Ex.,4.0,3.0,7.0
2026-06-05,Vegas Dwarka,4.0,1.0,5.0
2026-06-05,Viviana Mall,18.0,1.0,19.0
2026-06-06,Ambience Vasant Kunj,16.0,5.0,21.0
2026-06-06,Andheri,5.0,7.0,12.0
2026-06-06,DLF Midtown - Moti Nagar,1.0,4.0,5.0
2026-06-06,Express Avenue,12.0,5.0,17.0
2026-06-06,Gurugram,7.0,18.0,25.0
2026-06-06,Indiranagar,20.0,5.0,25.0
2026-06-06,Inorbit Mall Malad West,24.0,3.0,27.0
2026-06-06,Inorbit mall Hyderabad,30.0,3.0,33.0
2026-06-06,Jaipur Store,9.0,3.0,12.0
2026-06-06,Jayanagar,6.0,4.0,10.0
2026-06-06,Jubilee Hills,13.0,8.0,21.0
2026-06-06,Juhu Store,2.0,5.0,7.0
2026-06-06,KNK Chennai,7.0,2.0,9.0
2026-06-06,"Kalaghoda, Fort",6.0,9.0,15.0
2026-06-06,Kemps Corner,9.0,21.0,30.0
2026-06-06,Khan Market,5.0,6.0,11.0
2026-06-06,Kochi Store,0.0,2.0,2.0
2026-06-06,Koregaon Park,6.0,10.0,16.0
2026-06-06,LakeShore Mall,22.0,0.0,22.0
2026-06-06,Lavelle Road,4.0,6.0,10.0
2026-06-06,"Mall of India, Noida",12.0,8.0,20.0
2026-06-06,Oberoi Mall Store,12.0,10.0,22.0
2026-06-06,Oberoi Sky City,33.0,5.0,38.0
2026-06-06,"Pali Hill, Bandra",9.0,15.0,24.0
2026-06-06,Phoenix Marketcity Kurla,23.0,4.0,27.0
2026-06-06,Phoenix Palassio,8.0,4.0,12.0
2026-06-06,R.K. Salai,3.0,4.0,7.0
2026-06-06,Sarath City-Hyderabad,24.0,3.0,27.0
2026-06-06,Select City,16.0,4.0,20.0
2026-06-06,Shakespearesarani,7.0,1.0,8.0
2026-06-06,Sindhu Bhavan Marg,10.0,10.0,20.0
2026-06-06,South Ex.,9.0,4.0,13.0
2026-06-06,Vegas Dwarka,8.0,5.0,13.0
2026-06-06,Viviana Mall,24.0,6.0,30.0
2026-06-07,Ambience Vasant Kunj,20.0,6.0,26.0
2026-06-07,Andheri,8.0,4.0,12.0
2026-06-07,DLF Midtown - Moti Nagar,2.0,2.0,4.0
2026-06-07,Express Avenue,25.0,8.0,33.0
2026-06-07,Gurugram,11.0,9.0,20.0
2026-06-07,Indiranagar,20.0,11.0,31.0
2026-06-07,Inorbit Mall Malad West,41.0,4.0,45.0
2026-06-07,Inorbit mall Hyderabad,44.0,4.0,48.0
2026-06-07,Jaipur Store,17.0,6.0,23.0
2026-06-07,Jayanagar,5.0,5.0,10.0
2026-06-07,Jubilee Hills,11.0,5.0,16.0
2026-06-07,Juhu Store,9.0,4.0,13.0
2026-06-07,KNK Chennai,9.0,3.0,12.0
2026-06-07,"Kalaghoda, Fort",18.0,6.0,24.0
2026-06-07,Kemps Corner,3.0,16.0,19.0
2026-06-07,Khan Market,8.0,6.0,14.0
2026-06-07,Kochi Store,7.0,2.0,9.0
2026-06-07,Koregaon Park,11.0,10.0,21.0
2026-06-07,LakeShore Mall,34.0,3.0,37.0
2026-06-07,Lavelle Road,4.0,2.0,6.0
2026-06-07,"Mall of India, Noida",16.0,9.0,25.0
2026-06-07,Oberoi Mall Store,18.0,10.0,28.0
2026-06-07,Oberoi Sky City,33.0,3.0,36.0
2026-06-07,"Pali Hill, Bandra",15.0,8.0,23.0
2026-06-07,Phoenix Marketcity Kurla,23.0,11.0,34.0
2026-06-07,Phoenix Palassio,10.0,3.0,13.0
2026-06-07,R.K. Salai,1.0,2.0,3.0
2026-06-07,Sarath City-Hyderabad,41.0,4.0,45.0
2026-06-07,Select City,8.0,4.0,12.0
2026-06-07,Shakespearesarani,12.0,8.0,20.0
2026-06-07,Sindhu Bhavan Marg,13.0,13.0,26.0
2026-06-07,South Ex.,13.0,2.0,15.0
2026-06-07,Vegas Dwarka,12.0,3.0,15.0
2026-06-07,Viviana Mall,38.0,12.0,50.0
2026-06-08,Ambience Vasant Kunj,7.0,1.0,8.0
2026-06-08,Andheri,0.0,4.0,4.0
2026-06-08,DLF Midtown - Moti Nagar,2.0,0.0,2.0
2026-06-08,Express Avenue,7.0,3.0,10.0
2026-06-08,Gurugram,2.0,2.0,4.0
2026-06-08,Indiranagar,2.0,7.0,9.0
2026-06-08,Inorbit Mall Malad West,7.0,0.0,7.0
2026-06-08,Inorbit mall Hyderabad,22.0,4.0,26.0
2026-06-08,Jaipur Store,6.0,2.0,8.0
2026-06-08,Jayanagar,3.0,2.0,5.0
2026-06-08,Jubilee Hills,13.0,7.0,20.0
2026-06-08,Juhu Store,2.0,6.0,8.0
2026-06-08,KNK Chennai,5.0,1.0,6.0
2026-06-08,"Kalaghoda, Fort",5.0,7.0,12.0
2026-06-08,Kemps Corner,3.0,9.0,12.0
2026-06-08,Khan Market,7.0,5.0,12.0
2026-06-08,Kochi Store,1.0,1.0,2.0
2026-06-08,Koregaon Park,3.0,5.0,8.0
2026-06-08,LakeShore Mall,10.0,2.0,12.0
2026-06-08,Lavelle Road,1.0,5.0,6.0
2026-06-08,"Mall of India, Noida",6.0,1.0,7.0
2026-06-08,Oberoi Mall Store,6.0,3.0,9.0
2026-06-08,Oberoi Sky City,13.0,1.0,14.0
2026-06-08,"Pali Hill, Bandra",4.0,6.0,10.0
2026-06-08,Phoenix Marketcity Kurla,8.0,0.0,8.0
2026-06-08,Phoenix Palassio,4.0,2.0,6.0
2026-06-08,R.K. Salai,1.0,0.0,1.0
2026-06-08,Sarath City-Hyderabad,13.0,4.0,17.0
2026-06-08,Select City,4.0,6.0,10.0
2026-06-08,Shakespearesarani,2.0,2.0,4.0
2026-06-08,Sindhu Bhavan Marg,5.0,4.0,9.0
2026-06-08,South Ex.,1.0,1.0,2.0
2026-06-08,Vegas Dwarka,4.0,0.0,4.0
2026-06-08,Viviana Mall,18.0,1.0,19.0
2026-06-09,Ambience Vasant Kunj,3.0,5.0,8.0
2026-06-09,Andheri,2.0,3.0,5.0
2026-06-09,DLF Midtown - Moti Nagar,2.0,1.0,3.0
2026-06-09,Express Avenue,10.0,1.0,11.0
2026-06-09,Gurugram,3.0,9.0,12.0
2026-06-09,Indiranagar,5.0,0.0,5.0
2026-06-09,Inorbit Mall Malad West,13.0,1.0,14.0
2026-06-09,Inorbit mall Hyderabad,15.0,0.0,15.0
2026-06-09,Jaipur Store,3.0,3.0,6.0
2026-06-09,Jayanagar,2.0,0.0,2.0
2026-06-09,Jubilee Hills,0.0,11.0,11.0
2026-06-09,Juhu Store,6.0,3.0,9.0
2026-06-09,KNK Chennai,8.0,1.0,9.0
2026-06-09,"Kalaghoda, Fort",15.0,11.0,26.0
2026-06-09,Kemps Corner,3.0,12.0,15.0
2026-06-09,Khan Market,7.0,5.0,12.0
2026-06-09,Kochi Store,5.0,0.0,5.0
2026-06-09,Koregaon Park,2.0,7.0,9.0
2026-06-09,LakeShore Mall,9.0,0.0,9.0
2026-06-09,Lavelle Road,4.0,4.0,8.0
2026-06-09,"Mall of India, Noida",5.0,3.0,8.0
2026-06-09,Oberoi Mall Store,2.0,1.0,3.0
2026-06-09,Oberoi Sky City,14.0,2.0,16.0
2026-06-09,"Pali Hill, Bandra",3.0,6.0,9.0
2026-06-09,Phoenix Marketcity Kurla,5.0,1.0,6.0
2026-06-09,Phoenix Palassio,5.0,1.0,6.0
2026-06-09,R.K. Salai,0.0,1.0,1.0
2026-06-09,Sarath City-Hyderabad,16.0,2.0,18.0
2026-06-09,Select City,4.0,0.0,4.0
2026-06-09,Shakespearesarani,6.0,5.0,11.0
2026-06-09,Sindhu Bhavan Marg,11.0,1.0,12.0
2026-06-09,South Ex.,3.0,1.0,4.0
2026-06-09,Vegas Dwarka,7.0,1.0,8.0
2026-06-09,Viviana Mall,18.0,4.0,22.0
2026-06-10,Ambience Vasant Kunj,5.0,1.0,6.0
2026-06-10,Andheri,0.0,3.0,3.0
2026-06-10,DLF Midtown - Moti Nagar,1.0,0.0,1.0
2026-06-10,Express Avenue,19.0,1.0,20.0
2026-06-10,Gurugram,5.0,4.0,9.0
2026-06-10,Indiranagar,0.0,3.0,3.0
2026-06-10,Inorbit Mall Malad West,11.0,1.0,12.0
2026-06-10,Inorbit mall Hyderabad,28.0,4.0,32.0
2026-06-10,Jaipur Store,11.0,2.0,13.0
2026-06-10,Jayanagar,2.0,1.0,3.0
2026-06-10,Jubilee Hills,7.0,5.0,12.0
2026-06-10,Juhu Store,4.0,1.0,5.0
2026-06-10,KNK Chennai,4.0,5.0,9.0
2026-06-10,"Kalaghoda, Fort",11.0,6.0,17.0
2026-06-10,Kemps Corner,8.0,15.0,23.0
2026-06-10,Khan Market,9.0,3.0,12.0
2026-06-10,Kochi Store,1.0,2.0,3.0
2026-06-10,Koregaon Park,7.0,10.0,17.0
2026-06-10,LakeShore Mall,13.0,0.0,13.0
2026-06-10,Lavelle Road,7.0,7.0,14.0
2026-06-10,"Mall of India, Noida",3.0,6.0,9.0
2026-06-10,Oberoi Mall Store,4.0,2.0,6.0
2026-06-10,Oberoi Sky City,12.0,0.0,12.0
2026-06-10,"Pali Hill, Bandra",7.0,7.0,14.0
2026-06-10,Phoenix Marketcity Kurla,8.0,1.0,9.0
2026-06-10,Phoenix Palassio,6.0,2.0,8.0
2026-06-10,R.K. Salai,1.0,2.0,3.0
2026-06-10,Sarath City-Hyderabad,15.0,1.0,16.0
2026-06-10,Select City,4.0,3.0,7.0
2026-06-10,Shakespearesarani,4.0,3.0,7.0
2026-06-10,Sindhu Bhavan Marg,5.0,2.0,7.0
2026-06-10,South Ex.,0.0,3.0,3.0
2026-06-10,Vegas Dwarka,4.0,0.0,4.0
2026-06-10,Viviana Mall,16.0,3.0,19.0
2026-06-11,Ambience Vasant Kunj,8.0,3.0,11.0
2026-06-11,Andheri,4.0,3.0,7.0
2026-06-11,DLF Midtown - Moti Nagar,1.0,1.0,2.0
2026-06-11,Express Avenue,16.0,4.0,20.0
2026-06-11,Gurugram,2.0,3.0,5.0
2026-06-11,Indiranagar,4.0,3.0,7.0
2026-06-11,Inorbit Mall Malad West,9.0,1.0,10.0
2026-06-11,Inorbit mall Hyderabad,31.0,5.0,36.0
2026-06-11,Jaipur Store,8.0,3.0,11.0
2026-06-11,Jayanagar,2.0,6.0,8.0
2026-06-11,Jubilee Hills,6.0,7.0,13.0
2026-06-11,Juhu Store,3.0,3.0,6.0
2026-06-11,KNK Chennai,5.0,3.0,8.0
2026-06-11,"Kalaghoda, Fort",6.0,4.0,10.0
2026-06-11,Kemps Corner,5.0,15.0,20.0
2026-06-11,Khan Market,3.0,4.0,7.0
2026-06-11,Kochi Store,3.0,1.0,4.0
2026-06-11,Koregaon Park,3.0,5.0,8.0
2026-06-11,LakeShore Mall,15.0,2.0,17.0
2026-06-11,Lavelle Road,1.0,6.0,7.0
2026-06-11,"Mall of India, Noida",13.0,1.0,14.0
2026-06-11,Oberoi Mall Store,4.0,2.0,6.0
2026-06-11,Oberoi Sky City,15.0,2.0,17.0
2026-06-11,"Pali Hill, Bandra",3.0,9.0,12.0
2026-06-11,Phoenix Marketcity Kurla,9.0,1.0,10.0
2026-06-11,Phoenix Palassio,5.0,0.0,5.0
2026-06-11,R.K. Salai,2.0,0.0,2.0
2026-06-11,Sarath City-Hyderabad,21.0,4.0,25.0
2026-06-11,Select City,5.0,2.0,7.0
2026-06-11,Shakespearesarani,4.0,2.0,6.0
2026-06-11,Sindhu Bhavan Marg,5.0,5.0,10.0
2026-06-11,South Ex.,3.0,1.0,4.0
2026-06-11,Vegas Dwarka,4.0,2.0,6.0
2026-06-11,Viviana Mall,17.0,1.0,18.0
2026-06-12,Ambience Vasant Kunj,3.0,3.0,6.0
2026-06-12,Andheri,5.0,5.0,10.0
2026-06-12,DLF Midtown - Moti Nagar,0.0,1.0,1.0
2026-06-12,Express Avenue,18.0,2.0,20.0
2026-06-12,Gurugram,3.0,5.0,8.0
2026-06-12,Indiranagar,9.0,4.0,13.0
2026-06-12,Inorbit Mall Malad West,8.0,2.0,10.0
2026-06-12,Inorbit mall Hyderabad,29.0,4.0,33.0
2026-06-12,Jaipur Store,3.0,1.0,4.0
2026-06-12,Jayanagar,3.0,1.0,4.0
2026-06-12,Jubilee Hills,6.0,12.0,18.0
2026-06-12,Juhu Store,4.0,1.0,5.0
2026-06-12,KNK Chennai,3.0,1.0,4.0
2026-06-12,"Kalaghoda, Fort",16.0,9.0,25.0
2026-06-12,Kemps Corner,2.0,12.0,14.0
2026-06-12,Khan Market,7.0,4.0,11.0
2026-06-12,Kochi Store,2.0,0.0,2.0
2026-06-12,Koregaon Park,10.0,7.0,17.0
2026-06-12,LakeShore Mall,9.0,3.0,12.0
2026-06-12,Lavelle Road,4.0,4.0,8.0
2026-06-12,"Mall of India, Noida",10.0,1.0,11.0
2026-06-12,Oberoi Mall Store,7.0,2.0,9.0
2026-06-12,Oberoi Sky City,9.0,0.0,9.0
2026-06-12,"Pali Hill, Bandra",7.0,7.0,14.0
2026-06-12,Phoenix Marketcity Kurla,9.0,3.0,12.0
2026-06-12,Phoenix Palassio,6.0,2.0,8.0
2026-06-12,R.K. Salai,2.0,0.0,2.0
2026-06-12,Sarath City-Hyderabad,21.0,7.0,28.0
2026-06-12,Select City,5.0,2.0,7.0
2026-06-12,Shakespearesarani,4.0,3.0,7.0
2026-06-12,Sindhu Bhavan Marg,3.0,7.0,10.0
2026-06-12,South Ex.,6.0,5.0,11.0
2026-06-12,Vegas Dwarka,6.0,2.0,8.0
2026-06-12,Viviana Mall,18.0,1.0,19.0
2026-06-13,Ambience Vasant Kunj,8.0,6.0,14.0
2026-06-13,Andheri,5.0,13.0,18.0
2026-06-13,DLF Midtown - Moti Nagar,6.0,0.0,6.0
2026-06-13,Express Avenue,27.0,2.0,29.0
2026-06-13,Gurugram,4.0,7.0,11.0
2026-06-13,Indiranagar,15.0,12.0,27.0
2026-06-13,Inorbit Mall Malad West,23.0,2.0,25.0
2026-06-13,Inorbit mall Hyderabad,32.0,7.0,39.0
2026-06-13,Jaipur Store,20.0,7.0,27.0
2026-06-13,Jayanagar,2.0,1.0,3.0
2026-06-13,Jubilee Hills,8.0,9.0,17.0
2026-06-13,Juhu Store,4.0,11.0,15.0
2026-06-13,KNK Chennai,6.0,1.0,7.0
2026-06-13,"Kalaghoda, Fort",14.0,12.0,26.0
2026-06-13,Kemps Corner,13.0,12.0,25.0
2026-06-13,Khan Market,8.0,6.0,14.0
2026-06-13,Kochi Store,2.0,4.0,6.0
2026-06-13,Koregaon Park,8.0,7.0,15.0
2026-06-13,LakeShore Mall,26.0,0.0,26.0
2026-06-13,Lavelle Road,2.0,5.0,7.0
2026-06-13,"Mall of India, Noida",15.0,5.0,20.0
2026-06-13,Oberoi Mall Store,12.0,8.0,20.0
2026-06-13,Oberoi Sky City,31.0,3.0,34.0
2026-06-13,"Pali Hill, Bandra",8.0,13.0,21.0
2026-06-13,Phoenix Marketcity Kurla,28.0,10.0,38.0
2026-06-13,Phoenix Palassio,8.0,2.0,10.0
2026-06-13,R.K. Salai,3.0,0.0,3.0
2026-06-13,Sarath City-Hyderabad,35.0,6.0,41.0
2026-06-13,Select City,8.0,1.0,9.0
2026-06-13,Shakespearesarani,8.0,14.0,22.0
2026-06-13,Sindhu Bhavan Marg,7.0,14.0,21.0
2026-06-13,South Ex.,7.0,2.0,9.0
2026-06-13,Vegas Dwarka,9.0,1.0,10.0
2026-06-13,Viviana Mall,23.0,6.0,29.0
2026-06-14,Ambience Vasant Kunj,11.0,5.0,16.0
2026-06-14,Andheri,10.0,4.0,14.0
2026-06-14,DLF Midtown - Moti Nagar,5.0,2.0,7.0
2026-06-14,Express Avenue,24.0,8.0,32.0
2026-06-14,Gurugram,5.0,10.0,15.0
2026-06-14,Indiranagar,15.0,1.0,16.0
2026-06-14,Inorbit Mall Malad West,49.0,5.0,54.0
2026-06-14,Inorbit mall Hyderabad,46.0,10.0,56.0
2026-06-14,Jaipur Store,11.0,5.0,16.0
2026-06-14,Jayanagar,5.0,5.0,10.0
2026-06-14,Jubilee Hills,18.0,21.0,39.0
2026-06-14,Juhu Store,5.0,3.0,8.0
2026-06-14,KNK Chennai,5.0,5.0,10.0
2026-06-14,"Kalaghoda, Fort",12.0,4.0,16.0
2026-06-14,Kemps Corner,7.0,13.0,20.0
2026-06-14,Khan Market,11.0,4.0,15.0
2026-06-14,Kochi Store,5.0,0.0,5.0
2026-06-14,Koregaon Park,8.0,7.0,15.0
2026-06-14,LakeShore Mall,34.0,0.0,34.0
2026-06-14,Lavelle Road,3.0,8.0,11.0
2026-06-14,"Mall of India, Noida",14.0,7.0,21.0
2026-06-14,Oberoi Mall Store,15.0,11.0,26.0
2026-06-14,Oberoi Sky City,45.0,4.0,49.0
2026-06-14,"Pali Hill, Bandra",10.0,18.0,28.0
2026-06-14,Phoenix Marketcity Kurla,19.0,5.0,24.0
2026-06-14,Phoenix Palassio,15.0,2.0,17.0
2026-06-14,R.K. Salai,1.0,4.0,5.0
2026-06-14,Sarath City-Hyderabad,44.0,7.0,51.0
2026-06-14,Select City,20.0,6.0,26.0
2026-06-14,Shakespearesarani,7.0,7.0,14.0
2026-06-14,Sindhu Bhavan Marg,18.0,14.0,32.0
2026-06-14,South Ex.,8.0,4.0,12.0
2026-06-14,Vegas Dwarka,12.0,4.0,16.0
2026-06-14,Viviana Mall,32.0,8.0,40.0
2026-06-15,Ambience Vasant Kunj,5.0,3.0,8.0
2026-06-15,Andheri,0.0,2.0,2.0
2026-06-15,DLF Midtown - Moti Nagar,2.0,3.0,5.0
2026-06-15,Express Avenue,9.0,1.0,10.0
2026-06-15,Gurugram,1.0,4.0,5.0
2026-06-15,Indiranagar,4.0,4.0,8.0
2026-06-15,Inorbit Mall Malad West,8.0,0.0,8.0
2026-06-15,Inorbit mall Hyderabad,15.0,1.0,16.0
2026-06-15,Jaipur Store,5.0,2.0,7.0
2026-06-15,Jayanagar,4.0,4.0,8.0
2026-06-15,Jubilee Hills,7.0,8.0,15.0
2026-06-15,Juhu Store,5.0,1.0,6.0
2026-06-15,KNK Chennai,1.0,0.0,1.0
2026-06-15,"Kalaghoda, Fort",6.0,8.0,14.0
2026-06-15,Kemps Corner,8.0,8.0,16.0
2026-06-15,Khan Market,5.0,8.0,13.0
2026-06-15,Kochi Store,1.0,1.0,2.0
2026-06-15,Koregaon Park,11.0,7.0,18.0
2026-06-15,LakeShore Mall,8.0,0.0,8.0
2026-06-15,Lavelle Road,2.0,2.0,4.0
2026-06-15,"Mall of India, Noida",11.0,3.0,14.0
2026-06-15,Oberoi Mall Store,7.0,1.0,8.0
2026-06-15,Oberoi Sky City,10.0,2.0,12.0
2026-06-15,"Pali Hill, Bandra",6.0,10.0,16.0
2026-06-15,Phoenix Marketcity Kurla,10.0,2.0,12.0
2026-06-15,Phoenix Palassio,13.0,2.0,15.0
2026-06-15,R.K. Salai,2.0,0.0,2.0
2026-06-15,Sarath City-Hyderabad,20.0,6.0,26.0
2026-06-15,Select City,7.0,5.0,12.0
2026-06-15,Shakespearesarani,7.0,6.0,13.0
2026-06-15,Sindhu Bhavan Marg,2.0,8.0,10.0
2026-06-15,South Ex.,1.0,0.0,1.0
2026-06-15,Vegas Dwarka,6.0,0.0,6.0
2026-06-15,Viviana Mall,10.0,8.0,18.0
2026-06-16,Ambience Vasant Kunj,7.0,0.0,7.0
2026-06-16,Andheri,0.0,4.0,4.0
2026-06-16,DLF Midtown - Moti Nagar,4.0,2.0,6.0
2026-06-16,Express Avenue,8.0,1.0,9.0
2026-06-16,Gurugram,6.0,5.0,11.0
2026-06-16,Indiranagar,3.0,2.0,5.0
2026-06-16,Inorbit Mall Malad West,9.0,2.0,11.0
2026-06-16,Inorbit mall Hyderabad,13.0,1.0,14.0
2026-06-16,Jaipur Store,7.0,3.0,10.0
2026-06-16,Jayanagar,2.0,0.0,2.0
2026-06-16,Jubilee Hills,11.0,11.0,22.0
2026-06-16,Juhu Store,3.0,1.0,4.0
2026-06-16,KNK Chennai,2.0,0.0,2.0
2026-06-16,"Kalaghoda, Fort",4.0,6.0,10.0
2026-06-16,Kemps Corner,5.0,8.0,13.0
2026-06-16,Khan Market,5.0,5.0,10.0
2026-06-16,Kochi Store,0.0,0.0,0.0
2026-06-16,Koregaon Park,2.0,7.0,9.0
2026-06-16,LakeShore Mall,9.0,1.0,10.0
2026-06-16,Lavelle Road,1.0,4.0,5.0
2026-06-16,"Mall of India, Noida",9.0,5.0,14.0
2026-06-16,Oberoi Mall Store,5.0,1.0,6.0
2026-06-16,Oberoi Sky City,8.0,1.0,9.0
2026-06-16,"Pali Hill, Bandra",4.0,8.0,12.0
2026-06-16,Phoenix Marketcity Kurla,13.0,3.0,16.0
2026-06-16,Phoenix Palassio,12.0,0.0,12.0
2026-06-16,R.K. Salai,0.0,2.0,2.0
2026-06-16,Sarath City-Hyderabad,18.0,4.0,22.0
2026-06-16,Select City,5.0,1.0,6.0
2026-06-16,Shakespearesarani,6.0,1.0,7.0
2026-06-16,Sindhu Bhavan Marg,5.0,4.0,9.0
2026-06-16,South Ex.,4.0,4.0,8.0
2026-06-16,Vegas Dwarka,5.0,0.0,5.0
2026-06-16,Viviana Mall,8.0,2.0,10.0
2026-06-17,Ambience Vasant Kunj,3.0,5.0,8.0
2026-06-17,Andheri,3.0,2.0,5.0
2026-06-17,DLF Midtown - Moti Nagar,2.0,0.0,2.0
2026-06-17,Express Avenue,6.0,2.0,8.0
2026-06-17,Gurugram,2.0,11.0,13.0
2026-06-17,Indiranagar,7.0,2.0,9.0
2026-06-17,Inorbit Mall Malad West,11.0,0.0,11.0
2026-06-17,Inorbit mall Hyderabad,29.0,4.0,33.0
2026-06-17,Jaipur Store,10.0,8.0,18.0
2026-06-17,Jayanagar,0.0,2.0,2.0
2026-06-17,Jubilee Hills,9.0,12.0,21.0
2026-06-17,Juhu Store,5.0,4.0,9.0
2026-06-17,KNK Chennai,1.0,0.0,1.0
2026-06-17,"Kalaghoda, Fort",10.0,12.0,22.0
2026-06-17,Kemps Corner,7.0,7.0,14.0
2026-06-17,Khan Market,6.0,2.0,8.0
2026-06-17,Kochi Store,3.0,1.0,4.0
2026-06-17,Koregaon Park,7.0,4.0,11.0
2026-06-17,LakeShore Mall,5.0,2.0,7.0
2026-06-17,Lavelle Road,2.0,3.0,5.0
2026-06-17,"Mall of India, Noida",15.0,4.0,19.0
2026-06-17,Oberoi Mall Store,6.0,5.0,11.0
2026-06-17,Oberoi Sky City,8.0,2.0,10.0
2026-06-17,"Pali Hill, Bandra",3.0,8.0,11.0
2026-06-17,Phoenix Marketcity Kurla,7.0,2.0,9.0
2026-06-17,Phoenix Palassio,10.0,2.0,12.0
2026-06-17,R.K. Salai,2.0,1.0,3.0
2026-06-17,Sarath City-Hyderabad,19.0,4.0,23.0
2026-06-17,Select City,7.0,1.0,8.0
2026-06-17,Shakespearesarani,2.0,4.0,6.0
2026-06-17,Sindhu Bhavan Marg,13.0,4.0,17.0
2026-06-17,South Ex.,2.0,2.0,4.0
2026-06-17,Vegas Dwarka,5.0,1.0,6.0
2026-06-17,Viviana Mall,12.0,3.0,15.0
2026-06-18,Ambience Vasant Kunj,5.0,4.0,9.0
2026-06-18,Andheri,3.0,1.0,4.0
2026-06-18,DLF Midtown - Moti Nagar,1.0,,1.0
2026-06-18,Express Avenue,8.0,3.0,11.0
2026-06-18,Gurugram,2.0,4.0,6.0
2026-06-18,Indiranagar,2.0,2.0,4.0
2026-06-18,Inorbit Mall Malad West,8.0,0.0,8.0
2026-06-18,Inorbit mall Hyderabad,21.0,4.0,25.0
2026-06-18,Jaipur Store,6.0,4.0,10.0
2026-06-18,Jayanagar,2.0,1.0,3.0
2026-06-18,Jubilee Hills,6.0,10.0,16.0
2026-06-18,Juhu Store,4.0,0.0,4.0
2026-06-18,KNK Chennai,6.0,1.0,7.0
2026-06-18,"Kalaghoda, Fort",10.0,3.0,13.0
2026-06-18,Kemps Corner,4.0,12.0,16.0
2026-06-18,Khan Market,7.0,6.0,13.0
2026-06-18,Kochi Store,1.0,2.0,3.0
2026-06-18,Koregaon Park,3.0,4.0,7.0
2026-06-18,LakeShore Mall,12.0,1.0,13.0
2026-06-18,Lavelle Road,2.0,1.0,3.0
2026-06-18,"Mall of India, Noida",5.0,1.0,6.0
2026-06-18,Oberoi Mall Store,8.0,2.0,10.0
2026-06-18,Oberoi Sky City,13.0,2.0,15.0
2026-06-18,"Pali Hill, Bandra",0.0,6.0,6.0
2026-06-18,Phoenix Marketcity Kurla,10.0,1.0,11.0
2026-06-18,Phoenix Palassio,6.0,3.0,9.0
2026-06-18,R.K. Salai,1.0,2.0,3.0
2026-06-18,Sarath City-Hyderabad,9.0,1.0,10.0
2026-06-18,Select City,9.0,0.0,9.0
2026-06-18,Shakespearesarani,4.0,2.0,6.0
2026-06-18,Sindhu Bhavan Marg,5.0,5.0,10.0
2026-06-18,South Ex.,2.0,4.0,6.0
2026-06-18,Vegas Dwarka,6.0,0.0,6.0
2026-06-18,Viviana Mall,18.0,2.0,20.0
2026-06-19,Ambience Vasant Kunj,6.0,2.0,8.0
2026-06-19,Andheri,4.0,1.0,5.0
2026-06-19,DLF Midtown - Moti Nagar,4.0,0.0,4.0
2026-06-19,Express Avenue,4.0,3.0,7.0
2026-06-19,Gurugram,2.0,5.0,7.0
2026-06-19,Indiranagar,5.0,1.0,6.0
2026-06-19,Inorbit Mall Malad West,9.0,0.0,9.0
2026-06-19,Inorbit mall Hyderabad,20.0,1.0,21.0
2026-06-19,Jaipur Store,6.0,2.0,8.0
2026-06-19,Jayanagar,2.0,3.0,5.0
2026-06-19,Jubilee Hills,8.0,8.0,16.0
2026-06-19,Juhu Store,5.0,2.0,7.0
2026-06-19,KNK Chennai,7.0,0.0,7.0
2026-06-19,"Kalaghoda, Fort",20.0,7.0,27.0
2026-06-19,Kemps Corner,5.0,13.0,18.0
2026-06-19,Khan Market,6.0,4.0,10.0
2026-06-19,Kochi Store,1.0,1.0,2.0
2026-06-19,Koregaon Park,6.0,10.0,16.0
2026-06-19,LakeShore Mall,11.0,0.0,11.0
2026-06-19,Lavelle Road,1.0,4.0,5.0
2026-06-19,"Mall of India, Noida",4.0,5.0,9.0
2026-06-19,Oberoi Mall Store,6.0,1.0,7.0
2026-06-19,Oberoi Sky City,23.0,3.0,26.0
2026-06-19,"Pali Hill, Bandra",4.0,3.0,7.0
2026-06-19,Phoenix Marketcity Kurla,13.0,3.0,16.0
2026-06-19,Phoenix Palassio,9.0,2.0,11.0
2026-06-19,R.K. Salai,1.0,1.0,2.0
2026-06-19,Sarath City-Hyderabad,23.0,4.0,27.0
2026-06-19,Select City,10.0,6.0,16.0
2026-06-19,Shakespearesarani,2.0,4.0,6.0
2026-06-19,Sindhu Bhavan Marg,8.0,6.0,14.0
2026-06-19,South Ex.,1.0,3.0,4.0
2026-06-19,Vegas Dwarka,4.0,1.0,5.0
2026-06-19,Viviana Mall,24.0,0.0,24.0
2026-06-20,Ambience Vasant Kunj,12.0,4.0,16.0
2026-06-20,Andheri,4.0,6.0,10.0
2026-06-20,DLF Midtown - Moti Nagar,5.0,0.0,5.0
2026-06-20,Express Avenue,23.0,4.0,27.0
2026-06-20,Gurugram,4.0,13.0,17.0
2026-06-20,Indiranagar,16.0,10.0,26.0
2026-06-20,Inorbit Mall Malad West,39.0,1.0,40.0
2026-06-20,Inorbit mall Hyderabad,35.0,7.0,42.0
2026-06-20,Jaipur Store,9.0,1.0,10.0
2026-06-20,Jayanagar,5.0,1.0,6.0
2026-06-20,Jubilee Hills,11.0,17.0,28.0
2026-06-20,Juhu Store,8.0,5.0,13.0
2026-06-20,KNK Chennai,3.0,3.0,6.0
2026-06-20,"Kalaghoda, Fort",13.0,13.0,26.0
2026-06-20,Kemps Corner,6.0,27.0,33.0
2026-06-20,Khan Market,5.0,3.0,8.0
2026-06-20,Kochi Store,2.0,0.0,2.0
2026-06-20,Koregaon Park,8.0,10.0,18.0
2026-06-20,LakeShore Mall,13.0,1.0,14.0
2026-06-20,Lavelle Road,2.0,3.0,5.0
2026-06-20,"Mall of India, Noida",12.0,10.0,22.0
2026-06-20,Oberoi Mall Store,10.0,10.0,20.0
2026-06-20,Oberoi Sky City,37.0,1.0,38.0
2026-06-20,"Pali Hill, Bandra",15.0,13.0,28.0
2026-06-20,Phoenix Marketcity Kurla,25.0,8.0,33.0
2026-06-20,Phoenix Palassio,17.0,3.0,20.0
2026-06-20,R.K. Salai,3.0,2.0,5.0
2026-06-20,Sarath City-Hyderabad,34.0,6.0,40.0
2026-06-20,Select City,22.0,2.0,24.0
2026-06-20,Shakespearesarani,8.0,6.0,14.0
2026-06-20,Sindhu Bhavan Marg,10.0,7.0,17.0
2026-06-20,South Ex.,4.0,6.0,10.0
2026-06-20,Vegas Dwarka,9.0,1.0,10.0
2026-06-20,Viviana Mall,34.0,7.0,41.0
2026-06-21,Ambience Vasant Kunj,21.0,5.0,26.0
2026-06-21,Andheri,5.0,13.0,18.0
2026-06-21,DLF Midtown - Moti Nagar,3.0,5.0,8.0
2026-06-21,Express Avenue,12.0,7.0,19.0
2026-06-21,Gurugram,8.0,11.0,19.0
2026-06-21,Indiranagar,12.0,13.0,25.0
2026-06-21,Inorbit Mall Malad West,57.0,7.0,64.0
2026-06-21,Inorbit mall Hyderabad,39.0,6.0,45.0
2026-06-21,Jaipur Store,13.0,3.0,16.0
2026-06-21,Jayanagar,3.0,2.0,5.0
2026-06-21,Jubilee Hills,7.0,14.0,21.0
2026-06-21,Juhu Store,6.0,16.0,22.0
2026-06-21,KNK Chennai,7.0,5.0,12.0
2026-06-21,"Kalaghoda, Fort",14.0,10.0,24.0
2026-06-21,Kemps Corner,15.0,21.0,36.0
2026-06-21,Khan Market,9.0,5.0,14.0
2026-06-21,Kochi Store,4.0,1.0,5.0
2026-06-21,Koregaon Park,4.0,4.0,8.0
2026-06-21,LakeShore Mall,19.0,1.0,20.0
2026-06-21,Lavelle Road,1.0,7.0,8.0
2026-06-21,"Mall of India, Noida",16.0,6.0,22.0
2026-06-21,Oberoi Mall Store,28.0,5.0,33.0
2026-06-21,Oberoi Sky City,42.0,12.0,54.0
2026-06-21,"Pali Hill, Bandra",13.0,25.0,38.0
2026-06-21,Phoenix Marketcity Kurla,28.0,8.0,36.0
2026-06-21,Phoenix Palassio,18.0,4.0,22.0
2026-06-21,R.K. Salai,5.0,2.0,7.0
2026-06-21,Sarath City-Hyderabad,47.0,7.0,54.0
2026-06-21,Select City,15.0,10.0,25.0
2026-06-21,Shakespearesarani,7.0,4.0,11.0
2026-06-21,Sindhu Bhavan Marg,13.0,16.0,29.0
2026-06-21,South Ex.,11.0,6.0,17.0
2026-06-21,Vegas Dwarka,15.0,3.0,18.0
2026-06-21,Viviana Mall,45.0,10.0,55.0
2026-06-22,Ambience Vasant Kunj,2.0,5.0,7.0
2026-06-22,Andheri,3.0,5.0,8.0
2026-06-22,DLF Midtown - Moti Nagar,3.0,1.0,4.0
2026-06-22,Express Avenue,8.0,3.0,11.0
2026-06-22,Gurugram,1.0,2.0,3.0
2026-06-22,Indiranagar,5.0,4.0,9.0
2026-06-22,Inorbit Mall Malad West,6.0,0.0,6.0
2026-06-22,Inorbit mall Hyderabad,12.0,1.0,13.0
2026-06-22,Jaipur Store,8.0,2.0,10.0
2026-06-22,Jayanagar,3.0,2.0,5.0
2026-06-22,Jubilee Hills,0.0,5.0,5.0
2026-06-22,Juhu Store,8.0,2.0,10.0
2026-06-22,KNK Chennai,2.0,2.0,4.0
2026-06-22,"Kalaghoda, Fort",6.0,6.0,12.0
2026-06-22,Kemps Corner,5.0,4.0,9.0
2026-06-22,Khan Market,4.0,4.0,8.0
2026-06-22,Kochi Store,3.0,0.0,3.0
2026-06-22,Koregaon Park,5.0,11.0,16.0
2026-06-22,LakeShore Mall,11.0,1.0,12.0
2026-06-22,Lavelle Road,3.0,1.0,4.0
2026-06-22,"Mall of India, Noida",7.0,3.0,10.0
2026-06-22,Oberoi Mall Store,6.0,6.0,12.0
2026-06-22,Oberoi Sky City,23.0,2.0,25.0
2026-06-22,"Pali Hill, Bandra",8.0,6.0,14.0
2026-06-22,Phoenix Marketcity Kurla,12.0,1.0,13.0
2026-06-22,Phoenix Palassio,6.0,6.0,12.0
2026-06-22,R.K. Salai,2.0,1.0,3.0
2026-06-22,Sarath City-Hyderabad,10.0,2.0,12.0
2026-06-22,Select City,9.0,0.0,9.0
2026-06-22,Shakespearesarani,2.0,2.0,4.0
2026-06-22,Sindhu Bhavan Marg,3.0,3.0,6.0
2026-06-22,South Ex.,3.0,3.0,6.0
2026-06-22,Vegas Dwarka,8.0,3.0,11.0
2026-06-22,Viviana Mall,10.0,8.0,18.0
2026-06-23,Ambience Vasant Kunj,5.0,1.0,6.0
2026-06-23,Andheri,1.0,2.0,3.0
2026-06-23,DLF Midtown - Moti Nagar,2.0,1.0,3.0
2026-06-23,Express Avenue,17.0,0.0,17.0
2026-06-23,Gurugram,1.0,7.0,8.0
2026-06-23,Indiranagar,6.0,2.0,8.0
2026-06-23,Inorbit Mall Malad West,10.0,2.0,12.0
2026-06-23,Inorbit mall Hyderabad,13.0,2.0,15.0
2026-06-23,Jaipur Store,6.0,4.0,10.0
2026-06-23,Jayanagar,3.0,1.0,4.0
2026-06-23,Jubilee Hills,7.0,5.0,12.0
2026-06-23,Juhu Store,7.0,0.0,7.0
2026-06-23,KNK Chennai,2.0,0.0,2.0
2026-06-23,"Kalaghoda, Fort",8.0,3.0,11.0
2026-06-23,Kemps Corner,6.0,8.0,14.0
2026-06-23,Khan Market,5.0,5.0,10.0
2026-06-23,Kochi Store,2.0,2.0,4.0
2026-06-23,Koregaon Park,4.0,5.0,9.0
2026-06-23,LakeShore Mall,14.0,1.0,15.0
2026-06-23,Lavelle Road,3.0,2.0,5.0
2026-06-23,"Mall of India, Noida",10.0,7.0,17.0
2026-06-23,Oberoi Mall Store,2.0,2.0,4.0
2026-06-23,Oberoi Sky City,8.0,2.0,10.0
2026-06-23,"Pali Hill, Bandra",4.0,4.0,8.0
2026-06-23,Phoenix Marketcity Kurla,9.0,0.0,9.0
2026-06-23,Phoenix Palassio,8.0,0.0,8.0
2026-06-23,R.K. Salai,0.0,2.0,2.0
2026-06-23,Sarath City-Hyderabad,14.0,1.0,15.0
2026-06-23,Select City,2.0,1.0,3.0
2026-06-23,Shakespearesarani,0.0,2.0,2.0
2026-06-23,Sindhu Bhavan Marg,7.0,6.0,13.0
2026-06-23,South Ex.,2.0,3.0,5.0
2026-06-23,Vegas Dwarka,3.0,1.0,4.0
2026-06-23,Viviana Mall,9.0,2.0,11.0
2026-06-24,Ambience Vasant Kunj,6.0,4.0,10.0
2026-06-24,Andheri,5.0,2.0,7.0
2026-06-24,DLF Midtown - Moti Nagar,0.0,2.0,2.0
2026-06-24,Express Avenue,12.0,0.0,12.0
2026-06-24,Gurugram,2.0,4.0,6.0
2026-06-24,Indiranagar,7.0,2.0,9.0
2026-06-24,Inorbit Mall Malad West,14.0,1.0,15.0
2026-06-24,Inorbit mall Hyderabad,27.0,5.0,32.0
2026-06-24,Jaipur Store,5.0,4.0,9.0
2026-06-24,Jayanagar,2.0,2.0,4.0
2026-06-24,Jubilee Hills,6.0,12.0,18.0
2026-06-24,Juhu Store,4.0,4.0,8.0
2026-06-24,KNK Chennai,9.0,2.0,11.0
2026-06-24,"Kalaghoda, Fort",5.0,7.0,12.0
2026-06-24,Kemps Corner,4.0,9.0,13.0
2026-06-24,Khan Market,6.0,1.0,7.0
2026-06-24,Kochi Store,3.0,2.0,5.0
2026-06-24,Koregaon Park,4.0,5.0,9.0
2026-06-24,LakeShore Mall,7.0,1.0,8.0
2026-06-24,Lavelle Road,3.0,1.0,4.0
2026-06-24,"Mall of India, Noida",6.0,5.0,11.0
2026-06-24,Oberoi Mall Store,15.0,3.0,18.0
2026-06-24,Oberoi Sky City,18.0,1.0,19.0
2026-06-24,"Pali Hill, Bandra",5.0,6.0,11.0
2026-06-24,Phoenix Marketcity Kurla,8.0,0.0,8.0
2026-06-24,Phoenix Palassio,12.0,2.0,14.0
2026-06-24,R.K. Salai,1.0,0.0,1.0
2026-06-24,Sarath City-Hyderabad,20.0,6.0,26.0
2026-06-24,Select City,2.0,2.0,4.0
2026-06-24,Shakespearesarani,5.0,2.0,7.0
2026-06-24,Sindhu Bhavan Marg,7.0,7.0,14.0
2026-06-24,South Ex.,2.0,2.0,4.0
2026-06-24,Vegas Dwarka,9.0,2.0,11.0
2026-06-24,Viviana Mall,11.0,1.0,12.0
2026-06-25,Ambience Vasant Kunj,3.0,1.0,4.0
2026-06-25,Andheri,1.0,0.0,1.0
2026-06-25,DLF Midtown - Moti Nagar,1.0,2.0,3.0
2026-06-25,Express Avenue,4.0,4.0,8.0
2026-06-25,Gurugram,1.0,3.0,4.0
2026-06-25,Indiranagar,4.0,7.0,11.0
2026-06-25,Inorbit Mall Malad West,15.0,0.0,15.0
2026-06-25,Inorbit mall Hyderabad,16.0,5.0,21.0
2026-06-25,Jaipur Store,3.0,3.0,6.0
2026-06-25,Jayanagar,2.0,2.0,4.0
2026-06-25,Jubilee Hills,8.0,9.0,17.0
2026-06-25,Juhu Store,7.0,3.0,10.0
2026-06-25,KNK Chennai,3.0,2.0,5.0
2026-06-25,"Kalaghoda, Fort",12.0,8.0,20.0
2026-06-25,Kemps Corner,8.0,15.0,23.0
2026-06-25,Khan Market,8.0,1.0,9.0
2026-06-25,Kochi Store,1.0,1.0,2.0
2026-06-25,Koregaon Park,2.0,4.0,6.0
2026-06-25,LakeShore Mall,7.0,2.0,9.0
2026-06-25,Lavelle Road,1.0,1.0,2.0
2026-06-25,"Mall of India, Noida",5.0,4.0,9.0
2026-06-25,Oberoi Mall Store,7.0,3.0,10.0
2026-06-25,Oberoi Sky City,11.0,0.0,11.0
2026-06-25,"Pali Hill, Bandra",3.0,12.0,15.0
2026-06-25,Phoenix Marketcity Kurla,8.0,2.0,10.0
2026-06-25,Phoenix Palassio,4.0,3.0,7.0
2026-06-25,R.K. Salai,1.0,1.0,2.0
2026-06-25,Sarath City-Hyderabad,11.0,0.0,11.0
2026-06-25,Select City,6.0,3.0,9.0
2026-06-25,Shakespearesarani,0.0,2.0,2.0
2026-06-25,Sindhu Bhavan Marg,3.0,6.0,9.0
2026-06-25,South Ex.,3.0,2.0,5.0
2026-06-25,Vegas Dwarka,3.0,1.0,4.0
2026-06-25,Viviana Mall,12.0,2.0,14.0
2026-06-26,Ambience Vasant Kunj,9.0,3.0,12.0
2026-06-26,Andheri,5.0,2.0,7.0
2026-06-26,DLF Midtown - Moti Nagar,1.0,1.0,2.0
2026-06-26,Express Avenue,15.0,2.0,17.0
2026-06-26,Gurugram,4.0,4.0,8.0
2026-06-26,Indiranagar,8.0,5.0,13.0
2026-06-26,Inorbit Mall Malad West,14.0,2.0,16.0
2026-06-26,Inorbit mall Hyderabad,35.0,2.0,37.0
2026-06-26,Jaipur Store,9.0,2.0,11.0
2026-06-26,Jayanagar,0.0,1.0,1.0
2026-06-26,Jubilee Hills,7.0,13.0,20.0
2026-06-26,Juhu Store,9.0,5.0,14.0
2026-06-26,KNK Chennai,7.0,2.0,9.0
2026-06-26,"Kalaghoda, Fort",14.0,5.0,19.0
2026-06-26,Kemps Corner,8.0,25.0,33.0
2026-06-26,Khan Market,9.0,4.0,13.0
2026-06-26,Kochi Store,0.0,1.0,1.0
2026-06-26,Koregaon Park,5.0,6.0,11.0
2026-06-26,LakeShore Mall,11.0,1.0,12.0
2026-06-26,Lavelle Road,1.0,3.0,4.0
2026-06-26,"Mall of India, Noida",12.0,5.0,17.0
2026-06-26,Oberoi Mall Store,15.0,8.0,23.0
2026-06-26,Oberoi Sky City,22.0,2.0,24.0
2026-06-26,"Pali Hill, Bandra",8.0,7.0,15.0
2026-06-26,Phoenix Marketcity Kurla,14.0,3.0,17.0
2026-06-26,Phoenix Palassio,7.0,1.0,8.0
2026-06-26,R.K. Salai,1.0,3.0,4.0
2026-06-26,Sarath City-Hyderabad,21.0,6.0,27.0
2026-06-26,Select City,8.0,3.0,11.0
2026-06-26,Shakespearesarani,2.0,3.0,5.0
2026-06-26,Sindhu Bhavan Marg,3.0,7.0,10.0
2026-06-26,South Ex.,6.0,1.0,7.0
2026-06-26,Vegas Dwarka,6.0,0.0,6.0
2026-06-26,Viviana Mall,19.0,1.0,20.0
2026-06-27,Ambience Vasant Kunj,10.0,8.0,18.0
2026-06-27,Andheri,3.0,8.0,11.0
2026-06-27,DLF Midtown - Moti Nagar,4.0,0.0,4.0
2026-06-27,Express Avenue,17.0,2.0,19.0
2026-06-27,Gurugram,1.0,12.0,13.0
2026-06-27,Indiranagar,10.0,10.0,20.0
2026-06-27,Inorbit Mall Malad West,27.0,6.0,33.0
2026-06-27,Inorbit mall Hyderabad,31.0,11.0,42.0
2026-06-27,Jaipur Store,10.0,4.0,14.0
2026-06-27,Jayanagar,6.0,2.0,8.0
2026-06-27,Jubilee Hills,13.0,9.0,22.0
2026-06-27,Juhu Store,3.0,10.0,13.0
2026-06-27,KNK Chennai,7.0,2.0,9.0
2026-06-27,"Kalaghoda, Fort",15.0,14.0,29.0
2026-06-27,Kemps Corner,9.0,21.0,30.0
2026-06-27,Khan Market,4.0,7.0,11.0
2026-06-27,Kochi Store,0.0,1.0,1.0
2026-06-27,Koregaon Park,5.0,5.0,10.0
2026-06-27,LakeShore Mall,16.0,1.0,17.0
2026-06-27,Lavelle Road,2.0,4.0,6.0
2026-06-27,"Mall of India, Noida",17.0,8.0,25.0
2026-06-27,Oberoi Mall Store,12.0,8.0,20.0
2026-06-27,Oberoi Sky City,25.0,6.0,31.0
2026-06-27,"Pali Hill, Bandra",7.0,14.0,21.0
2026-06-27,Phoenix Marketcity Kurla,24.0,5.0,29.0
2026-06-27,Phoenix Palassio,7.0,2.0,9.0
2026-06-27,R.K. Salai,2.0,2.0,4.0
2026-06-27,Sarath City-Hyderabad,41.0,4.0,45.0
2026-06-27,Select City,6.0,1.0,7.0
2026-06-27,Shakespearesarani,4.0,9.0,13.0
2026-06-27,Sindhu Bhavan Marg,7.0,5.0,12.0
2026-06-27,South Ex.,10.0,4.0,14.0
2026-06-27,Vegas Dwarka,9.0,5.0,14.0
2026-06-27,Viviana Mall,34.0,1.0,35.0
2026-06-28,Ambience Vasant Kunj,17.0,4.0,21.0
2026-06-28,Andheri,7.0,7.0,14.0
2026-06-28,DLF Midtown - Moti Nagar,6.0,3.0,9.0
2026-06-28,Express Avenue,17.0,2.0,19.0
2026-06-28,Gurugram,8.0,8.0,16.0
2026-06-28,Indiranagar,18.0,7.0,25.0
2026-06-28,Inorbit Mall Malad West,39.0,9.0,48.0
2026-06-28,Inorbit mall Hyderabad,43.0,9.0,52.0
2026-06-28,Jaipur Store,12.0,6.0,18.0
2026-06-28,Jayanagar,5.0,2.0,7.0
2026-06-28,Jubilee Hills,10.0,13.0,23.0
2026-06-28,Juhu Store,10.0,7.0,17.0
2026-06-28,KNK Chennai,7.0,5.0,12.0
2026-06-28,"Kalaghoda, Fort",19.0,13.0,32.0
2026-06-28,Kemps Corner,11.0,32.0,43.0
2026-06-28,Khan Market,7.0,5.0,12.0
2026-06-28,Kochi Store,1.0,3.0,4.0
2026-06-28,Koregaon Park,5.0,13.0,18.0
2026-06-28,LakeShore Mall,26.0,0.0,26.0
2026-06-28,Lavelle Road,2.0,3.0,5.0
2026-06-28,"Mall of India, Noida",12.0,5.0,17.0
2026-06-28,Oberoi Mall Store,23.0,6.0,29.0
2026-06-28,Oberoi Sky City,37.0,4.0,41.0
2026-06-28,"Pali Hill, Bandra",8.0,13.0,21.0
2026-06-28,Phoenix Marketcity Kurla,18.0,7.0,25.0
2026-06-28,Phoenix Palassio,9.0,3.0,12.0
2026-06-28,R.K. Salai,2.0,1.0,3.0
2026-06-28,Sarath City-Hyderabad,46.0,7.0,53.0
2026-06-28,Select City,10.0,4.0,14.0
2026-06-28,Shakespearesarani,11.0,8.0,19.0
2026-06-28,Sindhu Bhavan Marg,16.0,9.0,25.0
2026-06-28,South Ex.,8.0,1.0,9.0
2026-06-28,Vegas Dwarka,10.0,2.0,12.0
2026-06-28,Viviana Mall,35.0,5.0,40.0
2026-06-29,Ambience Vasant Kunj,6.0,0.0,6.0
2026-06-29,Andheri,10.0,1.0,11.0
2026-06-29,DLF Midtown - Moti Nagar,0.0,1.0,1.0
2026-06-29,Express Avenue,9.0,4.0,13.0
2026-06-29,Gurugram,5.0,4.0,9.0
2026-06-29,Indiranagar,1.0,4.0,5.0
2026-06-29,Inorbit Mall Malad West,9.0,1.0,10.0
2026-06-29,Inorbit mall Hyderabad,19.0,3.0,22.0
2026-06-29,Jaipur Store,4.0,2.0,6.0
2026-06-29,Jayanagar,2.0,0.0,2.0
2026-06-29,Jubilee Hills,8.0,4.0,12.0
2026-06-29,Juhu Store,4.0,3.0,7.0
2026-06-29,KNK Chennai,7.0,4.0,11.0
2026-06-29,"Kalaghoda, Fort",11.0,6.0,17.0
2026-06-29,Kemps Corner,6.0,10.0,16.0
2026-06-29,Khan Market,4.0,4.0,8.0
2026-06-29,Kochi Store,0.0,1.0,1.0
2026-06-29,Koregaon Park,4.0,5.0,9.0
2026-06-29,LakeShore Mall,4.0,2.0,6.0
2026-06-29,Lavelle Road,3.0,0.0,3.0
2026-06-29,"Mall of India, Noida",6.0,2.0,8.0
2026-06-29,Oberoi Mall Store,6.0,1.0,7.0
2026-06-29,Oberoi Sky City,7.0,2.0,9.0
2026-06-29,"Pali Hill, Bandra",5.0,10.0,15.0
2026-06-29,Phoenix Marketcity Kurla,9.0,3.0,12.0
2026-06-29,Phoenix Palassio,3.0,2.0,5.0
2026-06-29,R.K. Salai,1.0,4.0,5.0
2026-06-29,Sarath City-Hyderabad,11.0,1.0,12.0
2026-06-29,Select City,3.0,0.0,3.0
2026-06-29,Shakespearesarani,1.0,3.0,4.0
2026-06-29,Sindhu Bhavan Marg,6.0,2.0,8.0
2026-06-29,South Ex.,4.0,2.0,6.0
2026-06-29,Vegas Dwarka,3.0,2.0,5.0
2026-06-29,Viviana Mall,12.0,2.0,14.0
2026-06-30,Ambience Vasant Kunj,4.0,1.0,5.0
2026-06-30,Andheri,5.0,3.0,8.0
2026-06-30,DLF Midtown - Moti Nagar,4.0,1.0,5.0
2026-06-30,Express Avenue,12.0,1.0,13.0
2026-06-30,Gurugram,1.0,7.0,8.0
2026-06-30,Indiranagar,2.0,2.0,4.0
2026-06-30,Inorbit Mall Malad West,12.0,2.0,14.0
2026-06-30,Inorbit mall Hyderabad,16.0,3.0,19.0
2026-06-30,Jaipur Store,7.0,2.0,9.0
2026-06-30,Jayanagar,2.0,0.0,2.0
2026-06-30,Jubilee Hills,4.0,7.0,11.0
2026-06-30,Juhu Store,2.0,3.0,5.0
2026-06-30,KNK Chennai,14.0,2.0,16.0
2026-06-30,"Kalaghoda, Fort",8.0,3.0,11.0
2026-06-30,Kemps Corner,3.0,6.0,9.0
2026-06-30,Kochi Store,3.0,1.0,4.0
2026-06-30,Koregaon Park,4.0,1.0,5.0
2026-06-30,LakeShore Mall,7.0,1.0,8.0
2026-06-30,Lavelle Road,2.0,1.0,3.0
2026-06-30,"Mall of India, Noida",6.0,2.0,8.0
2026-06-30,Oberoi Mall Store,3.0,6.0,9.0
2026-06-30,Oberoi Sky City,8.0,1.0,9.0
2026-06-30,"Pali Hill, Bandra",1.0,7.0,8.0
2026-06-30,Phoenix Marketcity Kurla,9.0,2.0,11.0
2026-06-30,Phoenix Palassio,0.0,0.0,0.0
2026-06-30,R.K. Salai,2.0,1.0,3.0
2026-06-30,Sarath City-Hyderabad,17.0,3.0,20.0
2026-06-30,Select City,5.0,1.0,6.0
2026-06-30,Shakespearesarani,3.0,3.0,6.0
2026-06-30,Sindhu Bhavan Marg,1.0,3.0,4.0
2026-06-30,South Ex.,1.0,3.0,4.0
2026-06-30,Vegas Dwarka,4.0,1.0,5.0
2026-06-30,Viviana Mall,9.0,0.0,9.0
2026-07-01,Ambience Vasant Kunj,6.0,0.0,6.0
2026-07-01,Andheri,3.0,4.0,7.0
2026-07-01,DLF Midtown - Moti Nagar,2.0,1.0,3.0
2026-07-01,Express Avenue,18.0,4.0,22.0
2026-07-01,Gurugram,6.0,4.0,10.0
2026-07-01,Indiranagar,4.0,3.0,7.0
2026-07-01,Inorbit Mall Malad West,3.0,0.0,3.0
2026-07-01,Inorbit mall Hyderabad,21.0,3.0,24.0
2026-07-01,Jaipur Store,4.0,2.0,6.0
2026-07-01,Jayanagar,3.0,0.0,3.0
2026-07-01,Jubilee Hills,5.0,8.0,13.0
2026-07-01,Juhu Store,5.0,2.0,7.0
2026-07-01,KNK Chennai,2.0,0.0,2.0
2026-07-01,"Kalaghoda, Fort",5.0,12.0,17.0
2026-07-01,Kemps Corner,5.0,7.0,12.0
2026-07-01,Khan Market,5.0,5.0,10.0
2026-07-01,Kochi Store,0.0,3.0,3.0
2026-07-01,Koregaon Park,4.0,2.0,6.0
2026-07-01,LakeShore Mall,12.0,6.0,18.0
2026-07-01,Lavelle Road,1.0,2.0,3.0
2026-07-01,"Mall of India, Noida",5.0,3.0,8.0
2026-07-01,Oberoi Mall Store,5.0,3.0,8.0
2026-07-01,Oberoi Sky City,8.0,3.0,11.0
2026-07-01,"Pali Hill, Bandra",0.0,9.0,9.0
2026-07-01,Phoenix Marketcity Kurla,9.0,2.0,11.0
2026-07-01,"Phoenix Marketcity, Whitefield",5.0,0.0,5.0
2026-07-01,Phoenix Palassio,8.0,0.0,8.0
2026-07-01,R.K. Salai,5.0,1.0,6.0
2026-07-01,Sarath City-Hyderabad,11.0,1.0,12.0
2026-07-01,Select City,6.0,2.0,8.0
2026-07-01,Shakespearesarani,4.0,3.0,7.0
2026-07-01,Sindhu Bhavan Marg,2.0,3.0,5.0
2026-07-01,South Ex.,3.0,2.0,5.0
2026-07-01,Vegas Dwarka,5.0,1.0,6.0
2026-07-01,Viviana Mall,14.0,6.0,20.0
2026-07-02,Ambience Vasant Kunj,7.0,4.0,11.0
2026-07-02,Andheri,2.0,4.0,6.0
2026-07-02,DLF Midtown - Moti Nagar,1.0,1.0,2.0
2026-07-02,Express Avenue,7.0,0.0,7.0
2026-07-02,Gurugram,7.0,8.0,15.0
2026-07-02,Indiranagar,6.0,4.0,10.0
2026-07-02,Inorbit Mall Malad West,9.0,2.0,11.0
2026-07-02,Inorbit mall Hyderabad,17.0,4.0,21.0
2026-07-02,Jaipur Store,5.0,2.0,7.0
2026-07-02,Jayanagar,1.0,4.0,5.0
2026-07-02,Jubilee Hills,5.0,11.0,16.0
2026-07-02,Juhu Store,7.0,4.0,11.0
2026-07-02,KNK Chennai,4.0,3.0,7.0
2026-07-02,"Kalaghoda, Fort",11.0,8.0,19.0
2026-07-02,Kemps Corner,3.0,9.0,12.0
2026-07-02,Khan Market,7.0,1.0,8.0
2026-07-02,Kochi Store,1.0,1.0,2.0
2026-07-02,Koregaon Park,4.0,3.0,7.0
2026-07-02,LakeShore Mall,9.0,9.0,18.0
2026-07-02,Lavelle Road,3.0,4.0,7.0
2026-07-02,"Mall of India, Noida",8.0,4.0,12.0
2026-07-02,Oberoi Mall Store,6.0,1.0,7.0
2026-07-02,Oberoi Sky City,15.0,1.0,16.0
2026-07-02,"Pali Hill, Bandra",9.0,6.0,15.0
2026-07-02,Phoenix Marketcity Kurla,5.0,7.0,12.0
2026-07-02,"Phoenix Marketcity, Whitefield",4.0,2.0,6.0
2026-07-02,Phoenix Palassio,7.0,2.0,9.0
2026-07-02,R.K. Salai,1.0,1.0,2.0
2026-07-02,Sarath City-Hyderabad,19.0,3.0,22.0
2026-07-02,Select City,3.0,1.0,4.0
2026-07-02,Shakespearesarani,3.0,1.0,4.0
2026-07-02,Sindhu Bhavan Marg,4.0,3.0,7.0
2026-07-02,South Ex.,4.0,4.0,8.0
2026-07-02,Vegas Dwarka,4.0,2.0,6.0
2026-07-02,Viviana Mall,13.0,2.0,15.0
2026-07-03,Ambience Vasant Kunj,7.0,5.0,12.0
2026-07-03,Andheri,4.0,4.0,8.0
2026-07-03,DLF Midtown - Moti Nagar,2.0,1.0,3.0
2026-07-03,Express Avenue,17.0,3.0,20.0
2026-07-03,Gurugram,4.0,5.0,9.0
2026-07-03,Indiranagar,3.0,6.0,9.0
2026-07-03,Inorbit Mall Malad West,21.0,0.0,21.0
2026-07-03,Inorbit mall Hyderabad,24.0,5.0,29.0
2026-07-03,Jaipur Store,9.0,4.0,13.0
2026-07-03,Jayanagar,2.0,1.0,3.0
2026-07-03,Jubilee Hills,9.0,14.0,23.0
2026-07-03,Juhu Store,2.0,5.0,7.0
2026-07-03,KNK Chennai,2.0,1.0,3.0
2026-07-03,"Kalaghoda, Fort",7.0,5.0,12.0
2026-07-03,Kemps Corner,8.0,11.0,19.0
2026-07-03,Khan Market,8.0,7.0,15.0
2026-07-03,Kochi Store,0.0,2.0,2.0
2026-07-03,Koregaon Park,3.0,6.0,9.0
2026-07-03,LakeShore Mall,18.0,16.0,34.0
2026-07-03,Lavelle Road,5.0,0.0,5.0
2026-07-03,"Mall of India, Noida",7.0,2.0,9.0
2026-07-03,Oberoi Mall Store,6.0,1.0,7.0
2026-07-03,Oberoi Sky City,9.0,2.0,11.0
2026-07-03,"Pali Hill, Bandra",4.0,3.0,7.0
2026-07-03,Phoenix Marketcity Kurla,10.0,2.0,12.0
2026-07-03,"Phoenix Marketcity, Whitefield",5.0,2.0,7.0
2026-07-03,Phoenix Palassio,3.0,2.0,5.0
2026-07-03,R.K. Salai,1.0,2.0,3.0
2026-07-03,Sarath City-Hyderabad,21.0,4.0,25.0
2026-07-03,Select City,6.0,0.0,6.0
2026-07-03,Shakespearesarani,5.0,3.0,8.0
2026-07-03,Sindhu Bhavan Marg,4.0,12.0,16.0
2026-07-03,South Ex.,4.0,1.0,5.0
2026-07-03,Vegas Dwarka,5.0,1.0,6.0
2026-07-03,Viviana Mall,15.0,0.0,15.0
2026-07-04,Ambience Vasant Kunj,8.0,5.0,13.0
2026-07-04,Andheri,3.0,3.0,6.0
2026-07-04,DLF Midtown - Moti Nagar,3.0,1.0,4.0
2026-07-04,Express Avenue,13.0,6.0,19.0
2026-07-04,Gurugram,4.0,11.0,15.0
2026-07-04,Indiranagar,12.0,6.0,18.0
2026-07-04,Inorbit Mall Malad West,18.0,2.0,20.0
2026-07-04,Inorbit mall Hyderabad,28.0,8.0,36.0
2026-07-04,Jaipur Store,11.0,4.0,15.0
2026-07-04,Jayanagar,7.0,3.0,10.0
2026-07-04,Jubilee Hills,16.0,9.0,25.0
2026-07-04,Juhu Store,4.0,6.0,10.0
2026-07-04,KNK Chennai,1.0,2.0,3.0
2026-07-04,"Kalaghoda, Fort",10.0,9.0,19.0
2026-07-04,Kemps Corner,7.0,13.0,20.0
2026-07-04,Khan Market,11.0,6.0,17.0
2026-07-04,Kochi Store,2.0,1.0,3.0
2026-07-04,Koregaon Park,7.0,9.0,16.0
2026-07-04,LakeShore Mall,20.0,6.0,26.0
2026-07-04,Lavelle Road,3.0,3.0,6.0
2026-07-04,"Mall of India, Noida",11.0,4.0,15.0
2026-07-04,Oberoi Mall Store,15.0,4.0,19.0
2026-07-04,Oberoi Sky City,26.0,6.0,32.0
2026-07-04,"Pali Hill, Bandra",2.0,10.0,12.0
2026-07-04,Phoenix Marketcity Kurla,15.0,3.0,18.0
2026-07-04,"Phoenix Marketcity, Whitefield",20.0,3.0,23.0
2026-07-04,Phoenix Palassio,11.0,1.0,12.0
2026-07-04,R.K. Salai,3.0,4.0,7.0
2026-07-04,Sarath City-Hyderabad,33.0,5.0,38.0
2026-07-04,Select City,13.0,6.0,19.0
2026-07-04,Shakespearesarani,2.0,9.0,11.0
2026-07-04,Sindhu Bhavan Marg,4.0,3.0,7.0
2026-07-04,South Ex.,5.0,1.0,6.0
2026-07-04,Vegas Dwarka,10.0,4.0,14.0
2026-07-04,Viviana Mall,23.0,5.0,28.0
2026-07-05,Ambience Vasant Kunj,21.0,8.0,29.0
2026-07-05,Andheri,2.0,3.0,5.0
2026-07-05,DLF Midtown - Moti Nagar,4.0,5.0,9.0
2026-07-05,Express Avenue,14.0,6.0,20.0
2026-07-05,Gurugram,11.0,14.0,25.0
2026-07-05,Indiranagar,3.0,19.0,22.0
2026-07-05,Inorbit Mall Malad West,35.0,1.0,36.0
2026-07-05,Inorbit mall Hyderabad,50.0,6.0,56.0
2026-07-05,Jaipur Store,13.0,0.0,13.0
2026-07-05,Jayanagar,8.0,2.0,10.0
2026-07-05,Jubilee Hills,12.0,15.0,27.0
2026-07-05,Juhu Store,3.0,4.0,7.0
2026-07-05,KNK Chennai,3.0,3.0,6.0
2026-07-05,"Kalaghoda, Fort",5.0,4.0,9.0
2026-07-05,Kemps Corner,5.0,17.0,22.0
2026-07-05,Khan Market,15.0,5.0,20.0
2026-07-05,Kochi Store,0.0,2.0,2.0
2026-07-05,Koregaon Park,12.0,5.0,17.0
2026-07-05,LakeShore Mall,29.0,7.0,36.0
2026-07-05,Lavelle Road,3.0,6.0,9.0
2026-07-05,"Mall of India, Noida",17.0,6.0,23.0
2026-07-05,Oberoi Mall Store,23.0,3.0,26.0
2026-07-05,Oberoi Sky City,36.0,9.0,45.0
2026-07-05,"Pali Hill, Bandra",10.0,4.0,14.0
2026-07-05,Phoenix Marketcity Kurla,12.0,3.0,15.0
2026-07-05,"Phoenix Marketcity, Whitefield",20.0,4.0,24.0
2026-07-05,Phoenix Palassio,10.0,4.0,14.0
2026-07-05,R.K. Salai,1.0,3.0,4.0
2026-07-05,Sarath City-Hyderabad,44.0,7.0,51.0
2026-07-05,Select City,5.0,4.0,9.0
2026-07-05,Shakespearesarani,9.0,10.0,19.0
2026-07-05,Sindhu Bhavan Marg,16.0,16.0,32.0
2026-07-05,South Ex.,4.0,4.0,8.0
2026-07-05,Vegas Dwarka,12.0,0.0,12.0
2026-07-05,Viviana Mall,24.0,4.0,28.0
2026-07-06,Ambience Vasant Kunj,7.0,1.0,8.0
2026-07-06,Andheri,0.0,2.0,2.0
2026-07-06,DLF Midtown - Moti Nagar,1.0,1.0,2.0
2026-07-06,Express Avenue,10.0,1.0,11.0
2026-07-06,Gurugram,2.0,4.0,6.0
2026-07-06,Indiranagar,1.0,3.0,4.0
2026-07-06,Inorbit Mall Malad West,7.0,0.0,7.0
2026-07-06,Inorbit mall Hyderabad,22.0,4.0,26.0
2026-07-06,Jaipur Store,3.0,2.0,5.0
2026-07-06,Jayanagar,0.0,1.0,1.0
2026-07-06,Jubilee Hills,5.0,5.0,10.0
2026-07-06,Juhu Store,3.0,0.0,3.0
2026-07-06,KNK Chennai,1.0,1.0,2.0
2026-07-06,"Kalaghoda, Fort",2.0,2.0,4.0
2026-07-06,Kemps Corner,0.0,4.0,4.0
2026-07-06,Khan Market,4.0,5.0,9.0
2026-07-06,Koregaon Park,4.0,4.0,8.0
2026-07-06,LakeShore Mall,16.0,16.0,32.0
2026-07-06,Lavelle Road,1.0,1.0,2.0
2026-07-06,"Mall of India, Noida",6.0,1.0,7.0
2026-07-06,Oberoi Mall Store,4.0,2.0,6.0
2026-07-06,Oberoi Sky City,14.0,3.0,17.0
2026-07-06,"Pali Hill, Bandra",2.0,5.0,7.0
2026-07-06,Phoenix Marketcity Kurla,7.0,2.0,9.0
2026-07-06,"Phoenix Marketcity, Whitefield",3.0,0.0,3.0
2026-07-06,Phoenix Palassio,4.0,4.0,8.0
2026-07-06,R.K. Salai,1.0,1.0,2.0
2026-07-06,Sarath City-Hyderabad,21.0,4.0,25.0
2026-07-06,Select City,2.0,1.0,3.0
2026-07-06,Shakespearesarani,3.0,4.0,7.0
2026-07-06,Sindhu Bhavan Marg,7.0,5.0,12.0
2026-07-06,South Ex.,2.0,2.0,4.0
2026-07-06,Vegas Dwarka,4.0,1.0,5.0
2026-07-06,Viviana Mall,13.0,3.0,16.0
2026-07-07,Ambience Vasant Kunj,5.0,3.0,8.0
2026-07-07,Andheri,2.0,1.0,3.0
2026-07-07,Express Avenue,4.0,1.0,5.0
2026-07-07,Gurugram,1.0,1.0,2.0
2026-07-07,Indiranagar,2.0,3.0,5.0
2026-07-07,Inorbit Mall Malad West,12.0,1.0,13.0
2026-07-07,Inorbit mall Hyderabad,17.0,3.0,20.0
2026-07-07,Jaipur Store,4.0,2.0,6.0
2026-07-07,Jayanagar,2.0,1.0,3.0
2026-07-07,Jubilee Hills,8.0,7.0,15.0
2026-07-07,Juhu Store,3.0,1.0,4.0
2026-07-07,KNK Chennai,1.0,1.0,2.0
2026-07-07,"Kalaghoda, Fort",3.0,11.0,14.0
2026-07-07,Kemps Corner,6.0,10.0,16.0
2026-07-07,Khan Market,5.0,1.0,6.0
2026-07-07,Kochi Store,2.0,2.0,4.0
2026-07-07,Koregaon Park,2.0,2.0,4.0
2026-07-07,LakeShore Mall,8.0,8.0,16.0
2026-07-07,Lavelle Road,2.0,4.0,6.0
2026-07-07,"Mall of India, Noida",10.0,1.0,11.0
2026-07-07,Oberoi Mall Store,2.0,1.0,3.0
2026-07-07,Oberoi Sky City,10.0,2.0,12.0
2026-07-07,"Pali Hill, Bandra",4.0,2.0,6.0
2026-07-07,Phoenix Marketcity Kurla,8.0,0.0,8.0
2026-07-07,"Phoenix Marketcity, Whitefield",5.0,1.0,6.0
2026-07-07,Phoenix Palassio,10.0,1.0,11.0
2026-07-07,R.K. Salai,2.0,3.0,5.0
2026-07-07,Sarath City-Hyderabad,27.0,5.0,32.0
2026-07-07,Select City,5.0,1.0,6.0
2026-07-07,Shakespearesarani,3.0,4.0,7.0
2026-07-07,Sindhu Bhavan Marg,4.0,5.0,9.0
2026-07-07,South Ex.,0.0,0.0,0.0
2026-07-07,Vegas Dwarka,3.0,3.0,6.0
2026-07-07,Viviana Mall,7.0,13.0,20.0
2026-07-08,Ambience Vasant Kunj,9.0,4.0,13.0
2026-07-08,Andheri,2.0,4.0,6.0
2026-07-08,DLF Midtown - Moti Nagar,1.0,2.0,3.0
2026-07-08,Express Avenue,6.0,4.0,10.0
2026-07-08,Gurugram,1.0,4.0,5.0
2026-07-08,Indiranagar,6.0,2.0,8.0
2026-07-08,Inorbit Mall Malad West,9.0,1.0,10.0
2026-07-08,Inorbit mall Hyderabad,15.0,1.0,16.0
2026-07-08,Jaipur Store,0.0,0.0,0.0
2026-07-08,Jayanagar,0.0,3.0,3.0
2026-07-08,Jubilee Hills,4.0,10.0,14.0
2026-07-08,Juhu Store,5.0,4.0,9.0
2026-07-08,KNK Chennai,1.0,2.0,3.0
2026-07-08,"Kalaghoda, Fort",4.0,7.0,11.0
2026-07-08,Kemps Corner,2.0,10.0,12.0
2026-07-08,Khan Market,5.0,2.0,7.0
2026-07-08,Kochi Store,1.0,1.0,2.0
2026-07-08,Koregaon Park,1.0,2.0,3.0
2026-07-08,LakeShore Mall,9.0,2.0,11.0
2026-07-08,Lavelle Road,1.0,5.0,6.0
2026-07-08,"Mall of India, Noida",7.0,6.0,13.0
2026-07-08,Oberoi Mall Store,4.0,3.0,7.0
2026-07-08,Oberoi Sky City,10.0,1.0,11.0
2026-07-08,"Pali Hill, Bandra",4.0,7.0,11.0
2026-07-08,Phoenix Marketcity Kurla,10.0,2.0,12.0
2026-07-08,"Phoenix Marketcity, Whitefield",3.0,1.0,4.0
2026-07-08,Phoenix Palassio,3.0,2.0,5.0
2026-07-08,R.K. Salai,1.0,1.0,2.0
2026-07-08,Sarath City-Hyderabad,17.0,3.0,20.0
2026-07-08,Select City,6.0,2.0,8.0
2026-07-08,Shakespearesarani,2.0,3.0,5.0
2026-07-08,Sindhu Bhavan Marg,8.0,4.0,12.0
2026-07-08,South Ex.,2.0,1.0,3.0
2026-07-08,Vegas Dwarka,7.0,1.0,8.0
2026-07-08,Viviana Mall,14.0,1.0,15.0
2026-07-09,Ambience Vasant Kunj,5.0,2.0,7.0
2026-07-09,Andheri,1.0,6.0,7.0
2026-07-09,DLF Midtown - Moti Nagar,1.0,1.0,2.0
2026-07-09,Express Avenue,11.0,4.0,15.0
2026-07-09,Gurugram,2.0,4.0,6.0
2026-07-09,Indiranagar,4.0,2.0,6.0
2026-07-09,Inorbit Mall Malad West,10.0,0.0,10.0
2026-07-09,Inorbit mall Hyderabad,12.0,2.0,14.0
2026-07-09,Jaipur Store,3.0,1.0,4.0
2026-07-09,Jayanagar,1.0,0.0,1.0
2026-07-09,Jubilee Hills,4.0,9.0,13.0
2026-07-09,Juhu Store,3.0,4.0,7.0
2026-07-09,KNK Chennai,1.0,0.0,1.0
2026-07-09,"Kalaghoda, Fort",5.0,4.0,9.0
2026-07-09,Kemps Corner,5.0,5.0,10.0
2026-07-09,Khan Market,9.0,3.0,12.0
2026-07-09,Kochi Store,4.0,5.0,9.0
2026-07-09,Koregaon Park,4.0,3.0,7.0
2026-07-09,LakeShore Mall,8.0,28.0,36.0
2026-07-09,Lavelle Road,3.0,0.0,3.0
2026-07-09,"Mall of India, Noida",9.0,5.0,14.0
2026-07-09,Oberoi Mall Store,6.0,2.0,8.0
2026-07-09,Oberoi Sky City,14.0,1.0,15.0
2026-07-09,"Pali Hill, Bandra",9.0,3.0,12.0
2026-07-09,Phoenix Marketcity Kurla,9.0,0.0,9.0
2026-07-09,"Phoenix Marketcity, Whitefield",5.0,2.0,7.0
2026-07-09,Phoenix Palassio,2.0,1.0,3.0
2026-07-09,R.K. Salai,2.0,1.0,3.0
2026-07-09,Sarath City-Hyderabad,15.0,5.0,20.0
2026-07-09,Select City,7.0,0.0,7.0
2026-07-09,Shakespearesarani,1.0,2.0,3.0
2026-07-09,Sindhu Bhavan Marg,6.0,4.0,10.0
2026-07-09,South Ex.,2.0,3.0,5.0
2026-07-09,Vegas Dwarka,5.0,4.0,9.0
2026-07-09,Viviana Mall,7.0,2.0,9.0
2026-07-10,Ambience Vasant Kunj,6.0,5.0,11.0
2026-07-10,Andheri,2.0,0.0,2.0
2026-07-10,DLF Midtown - Moti Nagar,2.0,0.0,2.0
2026-07-10,Express Avenue,8.0,2.0,10.0
2026-07-10,Gurugram,0.0,7.0,7.0
2026-07-10,Indiranagar,3.0,1.0,4.0
2026-07-10,Inorbit Mall Malad West,7.0,0.0,7.0
2026-07-10,Inorbit mall Hyderabad,21.0,11.0,32.0
2026-07-10,Jaipur Store,4.0,5.0,9.0
2026-07-10,Jayanagar,0.0,0.0,0.0
2026-07-10,Jubilee Hills,5.0,8.0,13.0
2026-07-10,Juhu Store,6.0,1.0,7.0
2026-07-10,KNK Chennai,3.0,0.0,3.0
2026-07-10,"Kalaghoda, Fort",12.0,11.0,23.0
2026-07-10,Kemps Corner,6.0,4.0,10.0
2026-07-10,Khan Market,3.0,3.0,6.0
2026-07-10,Kochi Store,3.0,4.0,7.0
2026-07-10,Koregaon Park,1.0,2.0,3.0
2026-07-10,LakeShore Mall,9.0,4.0,13.0
2026-07-10,Lavelle Road,2.0,2.0,4.0
2026-07-10,"Mall of India, Noida",10.0,5.0,15.0
2026-07-10,Oberoi Mall Store,4.0,3.0,7.0
2026-07-10,Oberoi Sky City,18.0,3.0,21.0
2026-07-10,"Pali Hill, Bandra",9.0,2.0,11.0
2026-07-10,Phoenix Marketcity Kurla,8.0,2.0,10.0
2026-07-10,"Phoenix Marketcity, Whitefield",4.0,1.0,5.0
2026-07-10,Phoenix Palassio,4.0,1.0,5.0
2026-07-10,R.K. Salai,3.0,1.0,4.0
2026-07-10,Sarath City-Hyderabad,20.0,3.0,23.0
2026-07-10,Select City,3.0,0.0,3.0
2026-07-10,Shakespearesarani,3.0,5.0,8.0
2026-07-10,Sindhu Bhavan Marg,3.0,2.0,5.0
2026-07-10,South Ex.,4.0,1.0,5.0
2026-07-10,Vegas Dwarka,3.0,1.0,4.0
2026-07-10,Viviana Mall,15.0,3.0,18.0
2026-07-11,Ambience Vasant Kunj,5.0,6.0,11.0
2026-07-11,Andheri,6.0,3.0,9.0
2026-07-11,DLF Midtown - Moti Nagar,2.0,2.0,4.0
2026-07-11,Express Avenue,7.0,3.0,10.0
2026-07-11,Gurugram,5.0,12.0,17.0
2026-07-11,Indiranagar,12.0,8.0,20.0
2026-07-11,Inorbit Mall Malad West,14.0,7.0,21.0
2026-07-11,Inorbit mall Hyderabad,22.0,8.0,30.0
2026-07-11,Jaipur Store,10.0,1.0,11.0
2026-07-11,Jayanagar,6.0,4.0,10.0
2026-07-11,Jubilee Hills,13.0,8.0,21.0
2026-07-11,Juhu Store,10.0,6.0,16.0
2026-07-11,KNK Chennai,6.0,4.0,10.0
2026-07-11,"Kalaghoda, Fort",17.0,8.0,25.0
2026-07-11,Kemps Corner,7.0,25.0,32.0
2026-07-11,Khan Market,5.0,9.0,14.0
2026-07-11,Kochi Store,4.0,0.0,4.0
2026-07-11,Koregaon Park,5.0,8.0,13.0
2026-07-11,LakeShore Mall,18.0,11.0,29.0
2026-07-11,Lavelle Road,0.0,4.0,4.0
2026-07-11,"Mall of India, Noida",18.0,7.0,25.0
2026-07-11,Oberoi Mall Store,13.0,4.0,17.0
2026-07-11,Oberoi Sky City,42.0,11.0,53.0
2026-07-11,"Pali Hill, Bandra",12.0,16.0,28.0
2026-07-11,Phoenix Marketcity Kurla,14.0,8.0,22.0
2026-07-11,"Phoenix Marketcity, Whitefield",23.0,4.0,27.0
2026-07-11,Phoenix Palassio,14.0,3.0,17.0
2026-07-11,R.K. Salai,3.0,3.0,6.0
2026-07-11,Sarath City-Hyderabad,38.0,6.0,44.0
2026-07-11,Select City,7.0,3.0,10.0
2026-07-11,Shakespearesarani,6.0,6.0,12.0
2026-07-11,Sindhu Bhavan Marg,6.0,6.0,12.0
2026-07-11,South Ex.,4.0,6.0,10.0
2026-07-11,Vegas Dwarka,12.0,1.0,13.0
2026-07-11,Viviana Mall,24.0,11.0,35.0
2026-07-12,Ambience Vasant Kunj,6.0,7.0,13.0
2026-07-12,Andheri,6.0,5.0,11.0
2026-07-12,DLF Midtown - Moti Nagar,3.0,0.0,3.0
2026-07-12,Express Avenue,12.0,10.0,22.0
2026-07-12,Gurugram,5.0,14.0,19.0
2026-07-12,Indiranagar,10.0,11.0,21.0
2026-07-12,Inorbit Mall Malad West,52.0,11.0,63.0
2026-07-12,Inorbit mall Hyderabad,27.0,3.0,30.0
2026-07-12,Jaipur Store,10.0,6.0,16.0
2026-07-12,Jayanagar,4.0,1.0,5.0
2026-07-12,Jubilee Hills,12.0,9.0,21.0
2026-07-12,Juhu Store,10.0,6.0,16.0
2026-07-12,KNK Chennai,4.0,3.0,7.0
2026-07-12,"Kalaghoda, Fort",23.0,10.0,33.0
2026-07-12,Kemps Corner,7.0,12.0,19.0
2026-07-12,Khan Market,6.0,7.0,13.0
2026-07-12,Kochi Store,7.0,2.0,9.0
2026-07-12,Koregaon Park,2.0,,2.0
2026-07-12,LakeShore Mall,25.0,18.0,43.0
2026-07-12,Lavelle Road,0.0,7.0,7.0
2026-07-12,"Mall of India, Noida",30.0,11.0,41.0
2026-07-12,Oberoi Mall Store,27.0,14.0,41.0
2026-07-12,Oberoi Sky City,28.0,7.0,35.0
2026-07-12,"Pali Hill, Bandra",15.0,18.0,33.0
2026-07-12,Phoenix Marketcity Kurla,16.0,7.0,23.0
2026-07-12,"Phoenix Marketcity, Whitefield",23.0,2.0,25.0
2026-07-12,Phoenix Palassio,12.0,5.0,17.0
2026-07-12,R.K. Salai,4.0,2.0,6.0
2026-07-12,Sarath City-Hyderabad,31.0,4.0,35.0
2026-07-12,Select City,7.0,6.0,13.0
2026-07-12,Shakespearesarani,7.0,7.0,14.0
2026-07-12,Sindhu Bhavan Marg,26.0,12.0,38.0
2026-07-12,South Ex.,7.0,5.0,12.0
2026-07-12,Vegas Dwarka,15.0,6.0,21.0
2026-07-12,Viviana Mall,28.0,4.0,32.0
2026-07-13,Ambience Vasant Kunj,4.0,5.0,9.0
2026-07-13,Andheri,1.0,1.0,2.0
2026-07-13,DLF Midtown - Moti Nagar,1.0,1.0,2.0
2026-07-13,Express Avenue,4.0,2.0,6.0
2026-07-13,Gurugram,4.0,7.0,11.0
2026-07-13,Indiranagar,3.0,2.0,5.0
2026-07-13,Inorbit Mall Malad West,9.0,1.0,10.0
2026-07-13,Inorbit mall Hyderabad,15.0,3.0,18.0
2026-07-13,Jaipur Store,2.0,1.0,3.0
2026-07-13,Jayanagar,2.0,0.0,2.0
2026-07-13,Jubilee Hills,6.0,3.0,9.0
2026-07-13,Juhu Store,5.0,2.0,7.0
2026-07-13,KNK Chennai,3.0,2.0,5.0
2026-07-13,"Kalaghoda, Fort",10.0,5.0,15.0
2026-07-13,Kemps Corner,2.0,10.0,12.0
2026-07-13,Khan Market,3.0,7.0,10.0
2026-07-13,Kochi Store,4.0,2.0,6.0
2026-07-13,Koregaon Park,3.0,9.0,12.0
2026-07-13,LakeShore Mall,9.0,10.0,19.0
2026-07-13,Lavelle Road,2.0,1.0,3.0
2026-07-13,"Mall of India, Noida",11.0,0.0,11.0
2026-07-13,Oberoi Mall Store,3.0,1.0,4.0
2026-07-13,Oberoi Sky City,17.0,1.0,18.0
2026-07-13,"Pali Hill, Bandra",4.0,6.0,10.0
2026-07-13,Phoenix Marketcity Kurla,8.0,1.0,9.0
2026-07-13,"Phoenix Marketcity, Whitefield",2.0,3.0,5.0
2026-07-13,Phoenix Palassio,4.0,1.0,5.0
2026-07-13,R.K. Salai,1.0,3.0,4.0
2026-07-13,Sarath City-Hyderabad,19.0,3.0,22.0
2026-07-13,Select City,7.0,0.0,7.0
2026-07-13,Shakespearesarani,1.0,2.0,3.0
2026-07-13,Sindhu Bhavan Marg,2.0,3.0,5.0
2026-07-13,South Ex.,2.0,4.0,6.0
2026-07-13,Vegas Dwarka,2.0,1.0,3.0
2026-07-13,Viviana Mall,7.0,3.0,10.0
2026-07-14,Ambience Vasant Kunj,5.0,3.0,8.0
2026-07-14,Andheri,3.0,4.0,7.0
2026-07-14,DLF Midtown - Moti Nagar,2.0,3.0,5.0
2026-07-14,Express Avenue,9.0,3.0,12.0
2026-07-14,Gurugram,2.0,4.0,6.0
2026-07-14,Indiranagar,3.0,2.0,5.0
2026-07-14,Inorbit Mall Malad West,4.0,4.0,8.0
2026-07-14,Inorbit mall Hyderabad,17.0,2.0,19.0
2026-07-14,Jaipur Store,2.0,2.0,4.0
2026-07-14,Jayanagar,3.0,0.0,3.0
2026-07-14,Jubilee Hills,7.0,3.0,10.0
2026-07-14,Juhu Store,3.0,4.0,7.0
2026-07-14,KNK Chennai,0.0,1.0,1.0
2026-07-14,"Kalaghoda, Fort",11.0,10.0,21.0
2026-07-14,Kemps Corner,5.0,6.0,11.0
2026-07-14,Khan Market,9.0,5.0,14.0
2026-07-14,Kochi Store,1.0,1.0,2.0
2026-07-14,Koregaon Park,3.0,4.0,7.0
2026-07-14,LakeShore Mall,9.0,14.0,23.0
2026-07-14,Lavelle Road,3.0,5.0,8.0
2026-07-14,"Mall of India, Noida",6.0,1.0,7.0
2026-07-14,Oberoi Mall Store,6.0,1.0,7.0
2026-07-14,Oberoi Sky City,7.0,1.0,8.0
2026-07-14,"Pali Hill, Bandra",7.0,7.0,14.0
2026-07-14,Phoenix Marketcity Kurla,8.0,1.0,9.0
2026-07-14,"Phoenix Marketcity, Whitefield",3.0,1.0,4.0
2026-07-14,Phoenix Palassio,6.0,2.0,8.0
2026-07-14,R.K. Salai,1.0,3.0,4.0
2026-07-14,Sarath City-Hyderabad,10.0,5.0,15.0
2026-07-14,Select City,3.0,4.0,7.0
2026-07-14,Shakespearesarani,5.0,5.0,10.0
2026-07-14,Sindhu Bhavan Marg,3.0,7.0,10.0
2026-07-14,South Ex.,2.0,2.0,4.0
2026-07-14,Vegas Dwarka,6.0,2.0,8.0
2026-07-14,Viviana Mall,13.0,3.0,16.0
2026-07-15,Ambience Vasant Kunj,5.0,3.0,8.0
2026-07-15,Andheri,2.0,3.0,5.0
2026-07-15,DLF Midtown - Moti Nagar,3.0,0.0,3.0
2026-07-15,Express Avenue,7.0,6.0,13.0
2026-07-15,Gurugram,4.0,2.0,6.0
2026-07-15,Indiranagar,2.0,4.0,6.0
2026-07-15,Inorbit Mall Malad West,4.0,4.0,8.0
2026-07-15,Inorbit mall Hyderabad,29.0,3.0,32.0
2026-07-15,Jaipur Store,3.0,1.0,4.0
2026-07-15,Jayanagar,1.0,1.0,2.0
2026-07-15,Jubilee Hills,3.0,6.0,9.0
2026-07-15,Juhu Store,7.0,2.0,9.0
2026-07-15,KNK Chennai,3.0,1.0,4.0
2026-07-15,"Kalaghoda, Fort",9.0,7.0,16.0
2026-07-15,Kemps Corner,5.0,15.0,20.0
2026-07-15,Khan Market,8.0,5.0,13.0
2026-07-15,Kochi Store,1.0,1.0,2.0
2026-07-15,Koregaon Park,3.0,4.0,7.0
2026-07-15,LakeShore Mall,6.0,1.0,7.0
2026-07-15,Lavelle Road,2.0,1.0,3.0
2026-07-15,"Mall of India, Noida",5.0,5.0,10.0
2026-07-15,Oberoi Mall Store,3.0,0.0,3.0
2026-07-15,Oberoi Sky City,7.0,3.0,10.0
2026-07-15,"Pali Hill, Bandra",3.0,9.0,12.0
2026-07-15,Phoenix Marketcity Kurla,8.0,0.0,8.0
2026-07-15,"Phoenix Marketcity, Whitefield",6.0,2.0,8.0
2026-07-15,Phoenix Palassio,10.0,1.0,11.0
2026-07-15,R.K. Salai,2.0,1.0,3.0
2026-07-15,Sarath City-Hyderabad,8.0,5.0,13.0
2026-07-15,Select City,2.0,4.0,6.0
2026-07-15,Shakespearesarani,1.0,3.0,4.0
2026-07-15,Sindhu Bhavan Marg,7.0,7.0,14.0
2026-07-15,South Ex.,1.0,0.0,1.0
2026-07-15,Vegas Dwarka,4.0,1.0,5.0
2026-07-15,Viviana Mall,14.0,2.0,16.0
2026-07-16,Ambience Vasant Kunj,4.0,1.0,5.0
2026-07-16,Andheri,3.0,3.0,6.0
2026-07-16,DLF Midtown - Moti Nagar,2.0,2.0,4.0
2026-07-16,Express Avenue,6.0,5.0,11.0
2026-07-16,Gurugram,2.0,1.0,3.0
2026-07-16,Indiranagar,4.0,2.0,6.0
2026-07-16,Inorbit Mall Malad West,8.0,1.0,9.0
2026-07-16,Inorbit mall Hyderabad,22.0,3.0,25.0
2026-07-16,Jaipur Store,5.0,1.0,6.0
2026-07-16,Jayanagar,2.0,3.0,5.0
2026-07-16,Jubilee Hills,4.0,4.0,8.0
2026-07-16,Juhu Store,5.0,2.0,7.0
2026-07-16,KNK Chennai,6.0,0.0,6.0
2026-07-16,"Kalaghoda, Fort",8.0,12.0,20.0
2026-07-16,Kemps Corner,4.0,15.0,19.0
2026-07-16,Khan Market,4.0,3.0,7.0
2026-07-16,Kochi Store,0.0,1.0,1.0
2026-07-16,Koregaon Park,6.0,6.0,12.0
2026-07-16,LakeShore Mall,4.0,8.0,12.0
2026-07-16,Lavelle Road,2.0,3.0,5.0
2026-07-16,"Mall of India, Noida",11.0,6.0,17.0
2026-07-16,Oberoi Mall Store,3.0,13.0,16.0
2026-07-16,Oberoi Sky City,5.0,2.0,7.0
2026-07-16,"Pali Hill, Bandra",2.0,11.0,13.0
2026-07-16,Phoenix Marketcity Kurla,7.0,0.0,7.0
2026-07-16,"Phoenix Marketcity, Whitefield",4.0,1.0,5.0
2026-07-16,Phoenix Palassio,8.0,2.0,10.0
2026-07-16,R.K. Salai,1.0,4.0,5.0
2026-07-16,Sarath City-Hyderabad,18.0,4.0,22.0
2026-07-16,Select City,4.0,1.0,5.0
2026-07-16,Shakespearesarani,5.0,0.0,5.0
2026-07-16,Sindhu Bhavan Marg,4.0,8.0,12.0
2026-07-16,South Ex.,3.0,5.0,8.0
2026-07-16,Vegas Dwarka,4.0,1.0,5.0
2026-07-16,Viviana Mall,11.0,1.0,12.0
2026-07-17,Ambience Vasant Kunj,7.0,1.0,8.0
2026-07-17,Andheri,1.0,5.0,6.0
2026-07-17,DLF Midtown - Moti Nagar,4.0,2.0,6.0
2026-07-17,Express Avenue,16.0,2.0,18.0
2026-07-17,Gurugram,8.0,6.0,14.0
2026-07-17,Indiranagar,8.0,6.0,14.0
2026-07-17,Inorbit Mall Malad West,9.0,1.0,10.0
2026-07-17,Inorbit mall Hyderabad,9.0,4.0,13.0
2026-07-17,Jaipur Store,4.0,1.0,5.0
2026-07-17,Jayanagar,2.0,2.0,4.0
2026-07-17,Jubilee Hills,10.0,10.0,20.0
2026-07-17,Juhu Store,5.0,2.0,7.0
2026-07-17,KNK Chennai,0.0,0.0,0.0
2026-07-17,"Kalaghoda, Fort",7.0,7.0,14.0
2026-07-17,Kemps Corner,3.0,10.0,13.0
2026-07-17,Khan Market,6.0,6.0,12.0
2026-07-17,Kochi Store,3.0,4.0,7.0
2026-07-17,Koregaon Park,2.0,3.0,5.0
2026-07-17,LakeShore Mall,13.0,2.0,15.0
2026-07-17,Lavelle Road,2.0,2.0,4.0
2026-07-17,"Mall of India, Noida",10.0,2.0,12.0
2026-07-17,Oberoi Mall Store,2.0,1.0,3.0
2026-07-17,Oberoi Sky City,14.0,2.0,16.0
2026-07-17,"Pali Hill, Bandra",7.0,7.0,14.0
2026-07-17,Phoenix Marketcity Kurla,5.0,2.0,7.0
2026-07-17,"Phoenix Marketcity, Whitefield",3.0,0.0,3.0
2026-07-17,Phoenix Palassio,7.0,3.0,10.0
2026-07-17,R.K. Salai,2.0,0.0,2.0
2026-07-17,Sarath City-Hyderabad,11.0,2.0,13.0
2026-07-17,Select City,5.0,2.0,7.0
2026-07-17,Shakespearesarani,4.0,6.0,10.0
2026-07-17,Sindhu Bhavan Marg,6.0,6.0,12.0
2026-07-17,South Ex.,2.0,2.0,4.0
2026-07-17,Vegas Dwarka,4.0,0.0,4.0
2026-07-17,Viviana Mall,8.0,6.0,14.0
2026-07-18,Ambience Vasant Kunj,8.0,5.0,13.0
2026-07-18,Andheri,1.0,7.0,8.0
2026-07-18,DLF Midtown - Moti Nagar,4.0,0.0,4.0
2026-07-18,Express Avenue,10.0,4.0,14.0
2026-07-18,Gurugram,5.0,13.0,18.0
2026-07-18,Indiranagar,10.0,8.0,18.0
2026-07-18,Inorbit Mall Malad West,21.0,2.0,23.0
2026-07-18,Inorbit mall Hyderabad,32.0,3.0,35.0
2026-07-18,Jaipur Store,9.0,4.0,13.0
2026-07-18,Jayanagar,4.0,3.0,7.0
2026-07-18,Jubilee Hills,9.0,17.0,26.0
2026-07-18,Juhu Store,7.0,7.0,14.0
2026-07-18,KNK Chennai,6.0,1.0,7.0
2026-07-18,"Kalaghoda, Fort",20.0,15.0,35.0
2026-07-18,Kemps Corner,5.0,22.0,27.0
2026-07-18,Khan Market,8.0,8.0,16.0
2026-07-18,Kochi Store,0.0,2.0,2.0
2026-07-18,Koregaon Park,5.0,9.0,14.0
2026-07-18,LakeShore Mall,12.0,3.0,15.0
2026-07-18,Lavelle Road,3.0,1.0,4.0
2026-07-18,"Mall of India, Noida",19.0,7.0,26.0
2026-07-18,Oberoi Mall Store,10.0,3.0,13.0
2026-07-18,Oberoi Sky City,25.0,4.0,29.0
2026-07-18,"Pali Hill, Bandra",8.0,18.0,26.0
2026-07-18,Phoenix Marketcity Kurla,19.0,6.0,25.0
2026-07-18,"Phoenix Marketcity, Whitefield",20.0,3.0,23.0
2026-07-18,Phoenix Palassio,10.0,7.0,17.0
2026-07-18,R.K. Salai,2.0,2.0,4.0
2026-07-18,Sarath City-Hyderabad,34.0,2.0,36.0
2026-07-18,Select City,8.0,3.0,11.0
2026-07-18,Shakespearesarani,6.0,3.0,9.0
2026-07-18,Sindhu Bhavan Marg,9.0,7.0,16.0
2026-07-18,South Ex.,4.0,5.0,9.0
2026-07-18,Vegas Dwarka,14.0,0.0,14.0
2026-07-18,Viviana Mall,20.0,3.0,23.0
2026-07-19,Ambience Vasant Kunj,8.0,7.0,15.0
2026-07-19,Andheri,2.0,14.0,16.0
2026-07-19,DLF Midtown - Moti Nagar,5.0,2.0,7.0
2026-07-19,Express Avenue,14.0,4.0,18.0
2026-07-19,Gurugram,10.0,13.0,23.0
2026-07-19,Indiranagar,17.0,14.0,31.0
2026-07-19,Inorbit Mall Malad West,26.0,9.0,35.0
2026-07-19,Inorbit mall Hyderabad,52.0,11.0,63.0
2026-07-19,Jaipur Store,8.0,7.0,15.0
2026-07-19,Jayanagar,3.0,3.0,6.0
2026-07-19,Jubilee Hills,10.0,14.0,24.0
2026-07-19,Juhu Store,5.0,2.0,7.0
2026-07-19,KNK Chennai,6.0,1.0,7.0
2026-07-19,"Kalaghoda, Fort",17.0,12.0,29.0
2026-07-19,Kemps Corner,9.0,16.0,25.0
2026-07-19,Khan Market,17.0,5.0,22.0
2026-07-19,Kochi Store,1.0,1.0,2.0
2026-07-19,Koregaon Park,3.0,10.0,13.0
2026-07-19,LakeShore Mall,35.0,18.0,53.0
2026-07-19,Lavelle Road,1.0,5.0,6.0
2026-07-19,"Mall of India, Noida",30.0,3.0,33.0
2026-07-19,Oberoi Mall Store,20.0,12.0,32.0
2026-07-19,Oberoi Sky City,35.0,8.0,43.0
2026-07-19,"Pali Hill, Bandra",17.0,14.0,31.0
2026-07-19,Phoenix Marketcity Kurla,14.0,7.0,21.0
2026-07-19,"Phoenix Marketcity, Whitefield",19.0,5.0,24.0
2026-07-19,Phoenix Palassio,17.0,3.0,20.0
2026-07-19,R.K. Salai,4.0,4.0,8.0
2026-07-19,Sarath City-Hyderabad,36.0,4.0,40.0
2026-07-19,Select City,5.0,10.0,15.0
2026-07-19,Shakespearesarani,12.0,7.0,19.0
2026-07-19,Sindhu Bhavan Marg,13.0,10.0,23.0
2026-07-19,South Ex.,7.0,6.0,13.0
2026-07-19,Vegas Dwarka,16.0,2.0,18.0
2026-07-19,Viviana Mall,26.0,4.0,30.0
2026-07-20,Ambience Vasant Kunj,5.0,5.0,10.0
2026-07-20,Andheri,3.0,1.0,4.0
2026-07-20,DLF Midtown - Moti Nagar,1.0,0.0,1.0
2026-07-20,Express Avenue,7.0,2.0,9.0
2026-07-20,Gurugram,1.0,3.0,4.0
2026-07-20,Indiranagar,4.0,3.0,7.0
2026-07-20,Inorbit Mall Malad West,11.0,3.0,14.0
2026-07-20,Inorbit mall Hyderabad,21.0,6.0,27.0
2026-07-20,Jaipur Store,6.0,4.0,10.0
2026-07-20,Jayanagar,3.0,1.0,4.0
2026-07-20,Jubilee Hills,8.0,3.0,11.0
2026-07-20,Juhu Store,1.0,4.0,5.0
2026-07-20,KNK Chennai,0.0,1.0,1.0
2026-07-20,"Kalaghoda, Fort",3.0,6.0,9.0
2026-07-20,Kemps Corner,4.0,9.0,13.0
2026-07-20,Khan Market,2.0,3.0,5.0
2026-07-20,Kochi Store,2.0,1.0,3.0
2026-07-20,Koregaon Park,5.0,5.0,10.0
2026-07-20,LakeShore Mall,9.0,9.0,18.0
2026-07-20,Lavelle Road,0.0,0.0,0.0
2026-07-20,"Mall of India, Noida",12.0,2.0,14.0
2026-07-20,Oberoi Mall Store,9.0,0.0,9.0
2026-07-20,Oberoi Sky City,8.0,1.0,9.0
2026-07-20,"Pali Hill, Bandra",4.0,8.0,12.0
2026-07-20,Phoenix Marketcity Kurla,5.0,2.0,7.0
2026-07-20,"Phoenix Marketcity, Whitefield",3.0,2.0,5.0
2026-07-20,Phoenix Palassio,10.0,2.0,12.0
2026-07-20,R.K. Salai,0.0,1.0,1.0
2026-07-20,Sarath City-Hyderabad,10.0,2.0,12.0
2026-07-20,Select City,3.0,0.0,3.0
2026-07-20,Shakespearesarani,4.0,3.0,7.0
2026-07-20,Sindhu Bhavan Marg,10.0,4.0,14.0
2026-07-20,South Ex.,1.0,1.0,2.0
2026-07-20,Vegas Dwarka,4.0,0.0,4.0
2026-07-20,Viviana Mall,15.0,1.0,16.0
2026-07-21,Ambience Vasant Kunj,6.0,4.0,10.0
2026-07-21,Andheri,1.0,1.0,2.0
2026-07-21,DLF Midtown - Moti Nagar,2.0,0.0,2.0
2026-07-21,Express Avenue,10.0,0.0,10.0
2026-07-21,Gurugram,1.0,3.0,4.0
2026-07-21,Indiranagar,7.0,0.0,7.0
2026-07-21,Inorbit Mall Malad West,10.0,1.0,11.0
2026-07-21,Inorbit mall Hyderabad,9.0,6.0,15.0
2026-07-21,Jaipur Store,7.0,4.0,11.0
2026-07-21,Jayanagar,1.0,2.0,3.0
2026-07-21,Jubilee Hills,9.0,8.0,17.0
2026-07-21,Juhu Store,4.0,4.0,8.0
2026-07-21,KNK Chennai,3.0,2.0,5.0
2026-07-21,"Kalaghoda, Fort",8.0,7.0,15.0
2026-07-21,Kemps Corner,1.0,14.0,15.0
2026-07-21,Khan Market,3.0,5.0,8.0
2026-07-21,Kochi Store,0.0,2.0,2.0
2026-07-21,Koregaon Park,4.0,4.0,8.0
2026-07-21,LakeShore Mall,7.0,5.0,12.0
2026-07-21,Lavelle Road,1.0,6.0,7.0
2026-07-21,"Mall of India, Noida",8.0,3.0,11.0
2026-07-21,Oberoi Mall Store,5.0,1.0,6.0
2026-07-21,Oberoi Sky City,8.0,3.0,11.0
2026-07-21,"Pali Hill, Bandra",6.0,10.0,16.0
2026-07-21,Phoenix Marketcity Kurla,6.0,0.0,6.0
2026-07-21,"Phoenix Marketcity, Whitefield",3.0,2.0,5.0
2026-07-21,Phoenix Palassio,5.0,3.0,8.0
2026-07-21,R.K. Salai,0.0,0.0,0.0
2026-07-21,Sarath City-Hyderabad,11.0,2.0,13.0
2026-07-21,Select City,4.0,3.0,7.0
2026-07-21,Shakespearesarani,3.0,5.0,8.0
2026-07-21,Sindhu Bhavan Marg,4.0,5.0,9.0
2026-07-21,South Ex.,1.0,1.0,2.0
2026-07-21,Vegas Dwarka,5.0,1.0,6.0
2026-07-21,Viviana Mall,12.0,2.0,14.0
2026-07-22,Ambience Vasant Kunj,5.0,0.0,5.0
2026-07-22,Andheri,0.0,3.0,3.0
2026-07-22,DLF Midtown - Moti Nagar,2.0,0.0,2.0
2026-07-22,Express Avenue,8.0,5.0,13.0
2026-07-22,Gurugram,2.0,3.0,5.0
2026-07-22,Indiranagar,4.0,6.0,10.0
2026-07-22,Inorbit Mall Malad West,6.0,0.0,6.0
2026-07-22,Inorbit mall Hyderabad,19.0,2.0,21.0
2026-07-22,Jaipur Store,3.0,0.0,3.0
2026-07-22,Jayanagar,3.0,1.0,4.0
2026-07-22,Jubilee Hills,7.0,7.0,14.0
2026-07-22,Juhu Store,1.0,2.0,3.0
2026-07-22,KNK Chennai,3.0,0.0,3.0
2026-07-22,"Kalaghoda, Fort",2.0,3.0,5.0
2026-07-22,Kemps Corner,4.0,10.0,14.0
2026-07-22,Khan Market,2.0,3.0,5.0
2026-07-22,Kochi Store,0.0,3.0,3.0
2026-07-22,Koregaon Park,6.0,4.0,10.0
2026-07-22,LakeShore Mall,11.0,3.0,14.0
2026-07-22,Lavelle Road,3.0,2.0,5.0
2026-07-22,"Mall of India, Noida",11.0,1.0,12.0
2026-07-22,Oberoi Mall Store,1.0,3.0,4.0
2026-07-22,Oberoi Sky City,15.0,0.0,15.0
2026-07-22,"Pali Hill, Bandra",3.0,10.0,13.0
2026-07-22,Phoenix Marketcity Kurla,4.0,1.0,5.0
2026-07-22,"Phoenix Marketcity, Whitefield",5.0,2.0,7.0
2026-07-22,Phoenix Palassio,6.0,1.0,7.0
2026-07-22,R.K. Salai,0.0,2.0,2.0
2026-07-22,Sarath City-Hyderabad,13.0,2.0,15.0
2026-07-22,Select City,7.0,2.0,9.0
2026-07-22,Shakespearesarani,4.0,2.0,6.0
2026-07-22,Sindhu Bhavan Marg,6.0,8.0,14.0
2026-07-22,South Ex.,4.0,0.0,4.0
2026-07-22,Vegas Dwarka,3.0,2.0,5.0
2026-07-22,Viviana Mall,10.0,0.0,10.0
2026-07-23,Ambience Vasant Kunj,5.0,4.0,9.0
2026-07-23,Andheri,1.0,2.0,3.0
2026-07-23,DLF Midtown - Moti Nagar,2.0,0.0,2.0
2026-07-23,Express Avenue,7.0,0.0,7.0
2026-07-23,Gurugram,3.0,6.0,9.0
2026-07-23,Indiranagar,0.0,0.0,0.0
2026-07-23,Inorbit Mall Malad West,6.0,0.0,6.0
2026-07-23,Inorbit mall Hyderabad,18.0,4.0,22.0
2026-07-23,Jaipur Store,4.0,1.0,5.0
2026-07-23,Jayanagar,0.0,0.0,0.0
2026-07-23,Jubilee Hills,6.0,9.0,15.0
2026-07-23,Juhu Store,5.0,1.0,6.0
2026-07-23,KNK Chennai,2.0,0.0,2.0
2026-07-23,"Kalaghoda, Fort",7.0,4.0,11.0
2026-07-23,Kemps Corner,3.0,12.0,15.0
2026-07-23,Khan Market,9.0,5.0,14.0
2026-07-23,Kochi Store,2.0,0.0,2.0
2026-07-23,Koregaon Park,6.0,3.0,9.0
2026-07-23,LakeShore Mall,9.0,3.0,12.0
2026-07-23,Lavelle Road,0.0,4.0,4.0
2026-07-23,"Mall of India, Noida",6.0,5.0,11.0
2026-07-23,Oberoi Mall Store,6.0,2.0,8.0
2026-07-23,Oberoi Sky City,9.0,4.0,13.0
2026-07-23,"Pali Hill, Bandra",4.0,14.0,18.0
2026-07-23,Phoenix Marketcity Kurla,11.0,4.0,15.0
2026-07-23,"Phoenix Marketcity, Whitefield",5.0,3.0,8.0
2026-07-23,Phoenix Palassio,5.0,1.0,6.0
2026-07-23,R.K. Salai,3.0,3.0,6.0
2026-07-23,Sarath City-Hyderabad,12.0,2.0,14.0
2026-07-23,Select City,5.0,0.0,5.0
2026-07-23,Shakespearesarani,6.0,2.0,8.0
2026-07-23,Sindhu Bhavan Marg,0.0,1.0,1.0
2026-07-23,South Ex.,4.0,2.0,6.0
2026-07-23,Vegas Dwarka,3.0,1.0,4.0
2026-07-23,Viviana Mall,14.0,2.0,16.0
2026-07-24,Ambience Vasant Kunj,2.0,4.0,6.0
2026-07-24,Andheri,0.0,4.0,4.0
2026-07-24,DLF Midtown - Moti Nagar,2.0,0.0,2.0
2026-07-24,Express Avenue,10.0,1.0,11.0
2026-07-24,Gurugram,3.0,2.0,5.0
2026-07-24,Indiranagar,11.0,7.0,18.0
2026-07-24,Inorbit Mall Malad West,7.0,0.0,7.0
2026-07-24,Inorbit mall Hyderabad,25.0,1.0,26.0
2026-07-24,Jaipur Store,3.0,4.0,7.0
2026-07-24,Jayanagar,2.0,1.0,3.0
2026-07-24,Jubilee Hills,4.0,10.0,14.0
2026-07-24,Juhu Store,7.0,5.0,12.0
2026-07-24,KNK Chennai,2.0,0.0,2.0
2026-07-24,"Kalaghoda, Fort",9.0,14.0,23.0
2026-07-24,Kemps Corner,0.0,10.0,10.0
2026-07-24,Khan Market,12.0,3.0,15.0
2026-07-24,Kochi Store,1.0,3.0,4.0
2026-07-24,Koregaon Park,5.0,4.0,9.0
2026-07-24,LakeShore Mall,9.0,4.0,13.0
2026-07-24,Lavelle Road,3.0,2.0,5.0
2026-07-24,"Mall of India, Noida",10.0,1.0,11.0
2026-07-24,Oberoi Mall Store,6.0,2.0,8.0
2026-07-24,Oberoi Sky City,14.0,2.0,16.0
2026-07-24,"Pali Hill, Bandra",4.0,6.0,10.0
2026-07-24,Phoenix Marketcity Kurla,4.0,4.0,8.0
2026-07-24,"Phoenix Marketcity, Whitefield",4.0,1.0,5.0
2026-07-24,Phoenix Palassio,6.0,2.0,8.0
2026-07-24,R.K. Salai,2.0,0.0,2.0
2026-07-24,Sarath City-Hyderabad,17.0,6.0,23.0
2026-07-24,Select City,10.0,4.0,14.0
2026-07-24,Shakespearesarani,5.0,2.0,7.0
2026-07-24,Sindhu Bhavan Marg,5.0,4.0,9.0
2026-07-24,South Ex.,2.0,7.0,9.0
2026-07-24,Vegas Dwarka,7.0,0.0,7.0
2026-07-24,Viviana Mall,14.0,4.0,18.0
2026-07-25,Ambience Vasant Kunj,6.0,6.0,12.0
2026-07-25,Andheri,3.0,7.0,10.0
2026-07-25,DLF Midtown - Moti Nagar,3.0,0.0,3.0
2026-07-25,Express Avenue,11.0,7.0,18.0
2026-07-25,Gurugram,2.0,10.0,12.0
2026-07-25,Indiranagar,16.0,13.0,29.0
2026-07-25,Inorbit Mall Malad West,17.0,2.0,19.0
2026-07-25,Inorbit mall Hyderabad,27.0,5.0,32.0
2026-07-25,Jaipur Store,3.0,6.0,9.0
2026-07-25,Jayanagar,3.0,2.0,5.0
2026-07-25,Jubilee Hills,6.0,11.0,17.0
2026-07-25,Juhu Store,2.0,7.0,9.0
2026-07-25,KNK Chennai,4.0,5.0,9.0
2026-07-25,"Kalaghoda, Fort",10.0,8.0,18.0
2026-07-25,Kemps Corner,8.0,22.0,30.0
2026-07-25,Khan Market,5.0,4.0,9.0
2026-07-25,Kochi Store,1.0,4.0,5.0
2026-07-25,Koregaon Park,7.0,9.0,16.0
2026-07-25,LakeShore Mall,15.0,9.0,24.0
2026-07-25,Lavelle Road,3.0,6.0,9.0
2026-07-25,"Mall of India, Noida",25.0,4.0,29.0
2026-07-25,Oberoi Mall Store,18.0,7.0,25.0
2026-07-25,Oberoi Sky City,18.0,10.0,28.0
2026-07-25,"Pali Hill, Bandra",6.0,12.0,18.0
2026-07-25,Phoenix Marketcity Kurla,33.0,6.0,39.0
2026-07-25,"Phoenix Marketcity, Whitefield",18.0,8.0,26.0
2026-07-25,Phoenix Palassio,7.0,5.0,12.0
2026-07-25,R.K. Salai,0.0,1.0,1.0
2026-07-25,Sarath City-Hyderabad,35.0,5.0,40.0
2026-07-25,Select City,8.0,5.0,13.0
2026-07-25,Shakespearesarani,9.0,7.0,16.0
2026-07-25,Sindhu Bhavan Marg,8.0,7.0,15.0
2026-07-25,South Ex.,5.0,1.0,6.0
2026-07-25,Vegas Dwarka,15.0,0.0,15.0
2026-07-25,Viviana Mall,22.0,8.0,30.0
2026-07-26,Ambience Vasant Kunj,16.0,11.0,27.0
2026-07-26,Andheri,4.0,10.0,14.0
2026-07-26,DLF Midtown - Moti Nagar,8.0,2.0,10.0
2026-07-26,Express Avenue,16.0,3.0,19.0
2026-07-26,Gurugram,11.0,12.0,23.0
2026-07-26,Indiranagar,11.0,8.0,19.0
2026-07-26,Inorbit Mall Malad West,29.0,9.0,38.0
2026-07-26,Inorbit mall Hyderabad,46.0,10.0,56.0
2026-07-26,Jaipur Store,10.0,4.0,14.0
2026-07-26,Jayanagar,3.0,4.0,7.0
2026-07-26,Jubilee Hills,10.0,13.0,23.0
2026-07-26,Juhu Store,13.0,10.0,23.0
2026-07-26,KNK Chennai,8.0,6.0,14.0
2026-07-26,"Kalaghoda, Fort",19.0,14.0,33.0
2026-07-26,Kemps Corner,14.0,21.0,35.0
2026-07-26,Khan Market,14.0,8.0,22.0
2026-07-26,Kochi Store,1.0,3.0,4.0
2026-07-26,Koregaon Park,8.0,9.0,17.0
2026-07-26,LakeShore Mall,25.0,62.0,87.0
2026-07-26,Lavelle Road,0.0,5.0,5.0
2026-07-26,"Mall of India, Noida",35.0,10.0,45.0
2026-07-26,Oberoi Mall Store,17.0,12.0,29.0
2026-07-26,Oberoi Sky City,30.0,8.0,38.0
2026-07-26,"Pali Hill, Bandra",11.0,15.0,26.0
2026-07-26,Phoenix Marketcity Kurla,21.0,8.0,29.0
2026-07-26,"Phoenix Marketcity, Whitefield",20.0,1.0,21.0
2026-07-26,Phoenix Palassio,12.0,5.0,17.0
2026-07-26,R.K. Salai,3.0,2.0,5.0
2026-07-26,Sarath City-Hyderabad,44.0,8.0,52.0
2026-07-26,Select City,8.0,3.0,11.0
2026-07-26,Shakespearesarani,8.0,9.0,17.0
2026-07-26,Sindhu Bhavan Marg,11.0,11.0,22.0
2026-07-26,South Ex.,5.0,7.0,12.0
2026-07-26,Vegas Dwarka,13.0,3.0,16.0
2026-07-26,Viviana Mall,23.0,7.0,30.0
2026-07-27,Ambience Vasant Kunj,4.0,4.0,8.0
2026-07-27,Andheri,1.0,3.0,4.0
2026-07-27,DLF Midtown - Moti Nagar,2.0,0.0,2.0
2026-07-27,Express Avenue,5.0,2.0,7.0
2026-07-27,Gurugram,3.0,3.0,6.0
2026-07-27,Indiranagar,2.0,4.0,6.0
2026-07-27,Inorbit Mall Malad West,5.0,0.0,5.0
2026-07-27,Inorbit mall Hyderabad,20.0,2.0,22.0
2026-07-27,Jaipur Store,4.0,1.0,5.0
2026-07-27,Jayanagar,2.0,1.0,3.0
2026-07-27,Jubilee Hills,7.0,6.0,13.0
2026-07-27,Juhu Store,3.0,2.0,5.0
2026-07-27,KNK Chennai,1.0,3.0,4.0
2026-07-27,"Kalaghoda, Fort",15.0,10.0,25.0
2026-07-27,Kemps Corner,6.0,15.0,21.0
2026-07-27,Khan Market,3.0,4.0,7.0
2026-07-27,Kochi Store,4.0,1.0,5.0
2026-07-27,Koregaon Park,4.0,7.0,11.0
2026-07-27,LakeShore Mall,6.0,1.0,7.0
2026-07-27,Lavelle Road,2.0,1.0,3.0
2026-07-27,"Mall of India, Noida",8.0,3.0,11.0
2026-07-27,Oberoi Mall Store,3.0,6.0,9.0
2026-07-27,Oberoi Sky City,4.0,2.0,6.0
2026-07-27,"Pali Hill, Bandra",2.0,10.0,12.0
2026-07-27,Phoenix Marketcity Kurla,6.0,3.0,9.0
2026-07-27,"Phoenix Marketcity, Whitefield",0.0,0.0,0.0
2026-07-27,Phoenix Palassio,5.0,1.0,6.0
2026-07-27,R.K. Salai,3.0,1.0,4.0
2026-07-27,Sarath City-Hyderabad,9.0,4.0,13.0
2026-07-27,Select City,2.0,1.0,3.0
2026-07-27,Shakespearesarani,2.0,5.0,7.0
2026-07-27,Sindhu Bhavan Marg,8.0,4.0,12.0
2026-07-27,South Ex.,0.0,1.0,1.0
2026-07-27,Vegas Dwarka,3.0,0.0,3.0
2026-07-27,Viviana Mall,10.0,1.0,11.0
2026-07-28,Ambience Vasant Kunj,6.0,0.0,6.0
2026-07-28,Andheri,1.0,3.0,4.0
2026-07-28,DLF Midtown - Moti Nagar,2.0,1.0,3.0
2026-07-28,Express Avenue,6.0,2.0,8.0
2026-07-28,Gurugram,7.0,2.0,9.0
2026-07-28,Indiranagar,6.0,5.0,11.0
2026-07-28,Inorbit Mall Malad West,10.0,2.0,12.0
2026-07-28,Inorbit mall Hyderabad,2.0,2.0,4.0
2026-07-28,Jaipur Store,5.0,2.0,7.0
2026-07-28,Jayanagar,2.0,3.0,5.0
2026-07-28,Jubilee Hills,7.0,5.0,12.0
2026-07-28,Juhu Store,2.0,4.0,6.0
2026-07-28,KNK Chennai,1.0,2.0,3.0
2026-07-28,"Kalaghoda, Fort",11.0,7.0,18.0
2026-07-28,Kemps Corner,1.0,7.0,8.0
2026-07-28,Khan Market,12.0,2.0,14.0
2026-07-28,Kochi Store,2.0,4.0,6.0
2026-07-28,Koregaon Park,4.0,1.0,5.0
2026-07-28,LakeShore Mall,4.0,2.0,6.0
2026-07-28,Lavelle Road,2.0,1.0,3.0
2026-07-28,"Mall of India, Noida",8.0,3.0,11.0
2026-07-28,Oberoi Mall Store,1.0,5.0,6.0
2026-07-28,Oberoi Sky City,8.0,3.0,11.0
2026-07-28,"Pali Hill, Bandra",7.0,14.0,21.0
2026-07-28,Phoenix Marketcity Kurla,6.0,0.0,6.0
2026-07-28,"Phoenix Marketcity, Whitefield",2.0,1.0,3.0
2026-07-28,Phoenix Palassio,3.0,4.0,7.0
2026-07-28,R.K. Salai,1.0,2.0,3.0
2026-07-28,Sarath City-Hyderabad,13.0,3.0,16.0
2026-07-28,Select City,5.0,4.0,9.0
2026-07-28,Shakespearesarani,8.0,4.0,12.0
2026-07-28,Sindhu Bhavan Marg,10.0,6.0,16.0
2026-07-28,South Ex.,3.0,2.0,5.0
2026-07-28,Vegas Dwarka,3.0,0.0,3.0
2026-07-28,Viviana Mall,10.0,3.0,13.0
2026-07-29,Ambience Vasant Kunj,5.0,1.0,6.0
2026-07-29,Andheri,3.0,3.0,6.0
2026-07-29,DLF Midtown - Moti Nagar,1.0,0.0,1.0
2026-07-29,Express Avenue,6.0,0.0,6.0
2026-07-29,Gurugram,5.0,7.0,12.0
2026-07-29,Indiranagar,4.0,7.0,11.0
2026-07-29,Inorbit Mall Malad West,7.0,0.0,7.0
2026-07-29,Inorbit mall Hyderabad,19.0,1.0,20.0
2026-07-29,Jaipur Store,0.0,0.0,0.0
2026-07-29,Jayanagar,0.0,0.0,0.0
2026-07-29,Jubilee Hills,8.0,7.0,15.0
2026-07-29,Juhu Store,4.0,3.0,7.0
2026-07-29,KNK Chennai,3.0,1.0,4.0
2026-07-29,"Kalaghoda, Fort",10.0,6.0,16.0
2026-07-29,Kemps Corner,10.0,15.0,25.0
2026-07-29,Khan Market,5.0,4.0,9.0
2026-07-29,Kochi Store,1.0,2.0,3.0
2026-07-29,Koregaon Park,4.0,2.0,6.0
2026-07-29,LakeShore Mall,5.0,15.0,20.0
2026-07-29,Lavelle Road,2.0,6.0,8.0
2026-07-29,"Mall of India, Noida",9.0,5.0,14.0
2026-07-29,Oberoi Mall Store,1.0,2.0,3.0
2026-07-29,Oberoi Sky City,7.0,2.0,9.0
2026-07-29,"Pali Hill, Bandra",2.0,6.0,8.0
2026-07-29,Phoenix Marketcity Kurla,6.0,1.0,7.0
2026-07-29,"Phoenix Marketcity, Whitefield",3.0,1.0,4.0
2026-07-29,Phoenix Palassio,7.0,4.0,11.0
2026-07-29,R.K. Salai,2.0,0.0,2.0
2026-07-29,Sarath City-Hyderabad,12.0,2.0,14.0
2026-07-29,Select City,3.0,1.0,4.0
2026-07-29,Shakespearesarani,5.0,2.0,7.0
2026-07-29,Sindhu Bhavan Marg,5.0,3.0,8.0
2026-07-29,South Ex.,4.0,2.0,6.0
2026-07-29,Vegas Dwarka,6.0,3.0,9.0
2026-07-29,Viviana Mall,12.0,2.0,14.0
2026-07-30,Ambience Vasant Kunj,4.0,2.0,6.0
2026-07-30,Andheri,2.0,3.0,5.0
2026-07-30,DLF Midtown - Moti Nagar,3.0,0.0,3.0
2026-07-30,Express Avenue,5.0,5.0,10.0
2026-07-30,Gurugram,5.0,7.0,12.0
2026-07-30,Indiranagar,2.0,3.0,5.0
2026-07-30,Inorbit Mall Malad West,10.0,3.0,13.0
2026-07-30,Inorbit mall Hyderabad,36.0,4.0,40.0
2026-07-30,Jaipur Store,4.0,1.0,5.0
2026-07-30,Jayanagar,0.0,0.0,0.0
2026-07-30,Jubilee Hills,7.0,6.0,13.0
2026-07-30,Juhu Store,3.0,6.0,9.0
2026-07-30,KNK Chennai,5.0,1.0,6.0
2026-07-30,"Kalaghoda, Fort",7.0,7.0,14.0
2026-07-30,Kemps Corner,3.0,18.0,21.0
2026-07-30,Khan Market,6.0,4.0,10.0
2026-07-30,Kochi Store,1.0,0.0,1.0
2026-07-30,Koregaon Park,5.0,3.0,8.0
2026-07-30,LakeShore Mall,8.0,20.0,28.0
2026-07-30,Lavelle Road,1.0,0.0,1.0
2026-07-30,"Mall of India, Noida",10.0,8.0,18.0
2026-07-30,Oberoi Mall Store,1.0,4.0,5.0
2026-07-30,Oberoi Sky City,6.0,1.0,7.0
2026-07-30,"Pali Hill, Bandra",3.0,7.0,10.0
2026-07-30,Phoenix Marketcity Kurla,6.0,3.0,9.0
2026-07-30,"Phoenix Marketcity, Whitefield",2.0,2.0,4.0
2026-07-30,Phoenix Palassio,7.0,2.0,9.0
2026-07-30,R.K. Salai,3.0,1.0,4.0
2026-07-30,Sarath City-Hyderabad,16.0,4.0,20.0
2026-07-30,Select City,5.0,0.0,5.0
2026-07-30,Shakespearesarani,4.0,6.0,10.0
2026-07-30,Sindhu Bhavan Marg,10.0,6.0,16.0
2026-07-30,South Ex.,2.0,0.0,2.0
2026-07-30,Vegas Dwarka,7.0,1.0,8.0
2026-07-30,Viviana Mall,11.0,4.0,15.0
2026-07-31,Ambience Vasant Kunj,5.0,2.0,7.0
2026-07-31,Andheri,1.0,6.0,7.0
2026-07-31,DLF Midtown - Moti Nagar,1.0,0.0,1.0
2026-07-31,Express Avenue,7.0,5.0,12.0
2026-07-31,Gurugram,2.0,2.0,4.0
2026-07-31,Indiranagar,5.0,3.0,8.0
2026-07-31,Inorbit Mall Malad West,6.0,1.0,7.0
2026-07-31,Inorbit mall Hyderabad,18.0,0.0,18.0
2026-07-31,Jaipur Store,2.0,6.0,8.0
2026-07-31,Jayanagar,0.0,0.0,0.0
2026-07-31,Jubilee Hills,9.0,2.0,11.0
2026-07-31,Juhu Store,2.0,1.0,3.0
2026-07-31,KNK Chennai,0.0,0.0,0.0
2026-07-31,"Kalaghoda, Fort",9.0,12.0,21.0
2026-07-31,Kemps Corner,7.0,8.0,15.0
2026-07-31,Khan Market,9.0,0.0,9.0
2026-07-31,Kochi Store,5.0,2.0,7.0
2026-07-31,Koregaon Park,1.0,2.0,3.0
2026-07-31,LakeShore Mall,23.0,17.0,40.0
2026-07-31,Lavelle Road,1.0,3.0,4.0
2026-07-31,"Mall of India, Noida",7.0,2.0,9.0
2026-07-31,Oberoi Sky City,8.0,2.0,10.0
2026-07-31,"Pali Hill, Bandra",2.0,4.0,6.0
2026-07-31,Phoenix Marketcity Kurla,11.0,0.0,11.0
2026-07-31,"Phoenix Marketcity, Whitefield",3.0,1.0,4.0
2026-07-31,Phoenix Palassio,10.0,2.0,12.0
2026-07-31,R.K. Salai,3.0,0.0,3.0
2026-07-31,Sarath City-Hyderabad,20.0,25.0,45.0
2026-07-31,Select City,6.0,2.0,8.0
2026-07-31,Shakespearesarani,3.0,3.0,6.0
2026-07-31,Sindhu Bhavan Marg,9.0,2.0,11.0
2026-07-31,South Ex.,1.0,2.0,3.0
2026-07-31,Vegas Dwarka,5.0,0.0,5.0
2026-07-31,Viviana Mall,9.0,1.0,10.0
2026-08-01,Ambience Vasant Kunj,7.0,5.0,12.0
2026-08-01,Andheri,3.0,4.0,7.0
2026-08-01,DLF Midtown - Moti Nagar,3.0,0.0,3.0
2026-08-01,Express Avenue,10.0,7.0,17.0
2026-08-01,Gurugram,7.0,12.0,19.0
2026-08-01,Indiranagar,11.0,10.0,21.0
2026-08-01,Inorbit Mall Malad West,18.0,11.0,29.0
2026-08-01,Inorbit mall Hyderabad,35.0,3.0,38.0
2026-08-01,Jaipur Store,3.0,10.0,13.0
2026-08-01,Jubilee Hills,5.0,17.0,22.0
2026-08-01,Juhu Store,7.0,5.0,12.0
2026-08-01,KNK Chennai,5.0,4.0,9.0
2026-08-01,"Kalaghoda, Fort",10.0,10.0,20.0
2026-08-01,Kemps Corner,10.0,22.0,32.0
2026-08-01,Khan Market,8.0,8.0,16.0
2026-08-01,Kochi Store,0.0,2.0,2.0
2026-08-01,Koregaon Park,5.0,11.0,16.0
2026-08-01,LakeShore Mall,13.0,2.0,15.0
2026-08-01,Lavelle Road,1.0,5.0,6.0
2026-08-01,"Mall of India, Noida",20.0,9.0,29.0
2026-08-01,Oberoi Mall Store,13.0,9.0,22.0
2026-08-01,Oberoi Sky City,33.0,7.0,40.0
2026-08-01,PMC Viman Nagar Pune,16.0,6.0,22.0
2026-08-01,Phoenix Marketcity Kurla,18.0,6.0,24.0
2026-08-01,"Phoenix Marketcity, Whitefield",20.0,3.0,23.0
2026-08-01,Phoenix Palassio,4.0,5.0,9.0
2026-08-01,R.K. Salai,6.0,5.0,11.0
2026-08-01,Sarath City-Hyderabad,35.0,5.0,40.0
2026-08-01,Select City,10.0,5.0,15.0
2026-08-01,Shakespearesarani,6.0,4.0,10.0
2026-08-01,Sindhu Bhavan Marg,8.0,14.0,22.0
2026-08-01,South Ex.,3.0,6.0,9.0
2026-08-01,Vegas Dwarka,10.0,1.0,11.0
2026-08-01,Viviana Mall,22.0,12.0,34.0
2026-08-02,Ambience Vasant Kunj,9.0,12.0,21.0
2026-08-02,Andheri,2.0,5.0,7.0
2026-08-02,DLF Midtown - Moti Nagar,10.0,2.0,12.0
2026-08-02,Express Avenue,8.0,4.0,12.0
2026-08-02,Gurugram,10.0,19.0,29.0
2026-08-02,Indiranagar,12.0,11.0,23.0
2026-08-02,Inorbit Mall Malad West,14.0,7.0,21.0
2026-08-02,Inorbit mall Hyderabad,51.0,5.0,56.0
2026-08-02,Jaipur Store,14.0,10.0,24.0
2026-08-02,Jubilee Hills,10.0,24.0,34.0
2026-08-02,Juhu Store,7.0,8.0,15.0
2026-08-02,KNK Chennai,7.0,5.0,12.0
2026-08-02,"Kalaghoda, Fort",19.0,14.0,33.0
2026-08-02,Kemps Corner,7.0,14.0,21.0
2026-08-02,Khan Market,15.0,2.0,17.0
2026-08-02,Kochi Store,4.0,3.0,7.0
2026-08-02,Koregaon Park,9.0,9.0,18.0
2026-08-02,LakeShore Mall,20.0,5.0,25.0
2026-08-02,Lavelle Road,4.0,5.0,9.0
2026-08-02,"Mall of India, Noida",19.0,3.0,22.0
2026-08-02,Oberoi Mall Store,20.0,10.0,30.0
2026-08-02,Oberoi Sky City,37.0,11.0,48.0
2026-08-02,PMC Viman Nagar Pune,14.0,3.0,17.0
2026-08-02,Phoenix Marketcity Kurla,21.0,4.0,25.0
2026-08-02,"Phoenix Marketcity, Whitefield",20.0,0.0,20.0
2026-08-02,Phoenix Palassio,4.0,1.0,5.0
2026-08-02,R.K. Salai,0.0,2.0,2.0
2026-08-02,Sarath City-Hyderabad,39.0,5.0,44.0
2026-08-02,Select City,9.0,10.0,19.0
2026-08-02,Shakespearesarani,7.0,9.0,16.0
2026-08-02,Sindhu Bhavan Marg,20.0,9.0,29.0
2026-08-02,South Ex.,4.0,7.0,11.0
2026-08-02,Vegas Dwarka,11.0,9.0,20.0
2026-08-02,Viviana Mall,33.0,12.0,45.0
2026-08-03,Ambience Vasant Kunj,4.0,2.0,6.0
2026-08-03,Andheri,0.0,9.0,9.0
2026-08-03,DLF Midtown - Moti Nagar,2.0,1.0,3.0
2026-08-03,Express Avenue,6.0,0.0,6.0
2026-08-03,Gurugram,5.0,3.0,8.0
2026-08-03,Indiranagar,5.0,1.0,6.0
2026-08-03,Inorbit Mall Malad West,5.0,0.0,5.0
2026-08-03,Inorbit mall Hyderabad,26.0,2.0,28.0
2026-08-03,Jaipur Store,5.0,6.0,11.0
2026-08-03,Jubilee Hills,6.0,11.0,17.0
2026-08-03,Juhu Store,4.0,2.0,6.0
2026-08-03,KNK Chennai,5.0,1.0,6.0
2026-08-03,"Kalaghoda, Fort",5.0,11.0,16.0
2026-08-03,Kemps Corner,6.0,6.0,12.0
2026-08-03,Khan Market,4.0,1.0,5.0
2026-08-03,Kochi Store,2.0,0.0,2.0
2026-08-03,Koregaon Park,1.0,1.0,2.0
2026-08-03,LakeShore Mall,11.0,2.0,13.0
2026-08-03,Lavelle Road,1.0,3.0,4.0
2026-08-03,"Mall of India, Noida",5.0,4.0,9.0
2026-08-03,Oberoi Mall Store,3.0,1.0,4.0
2026-08-03,Oberoi Sky City,14.0,3.0,17.0
2026-08-03,PMC Viman Nagar Pune,14.0,1.0,15.0
2026-08-03,Phoenix Marketcity Kurla,8.0,2.0,10.0
2026-08-03,"Phoenix Marketcity, Whitefield",0.0,0.0,0.0
2026-08-03,Phoenix Palassio,8.0,4.0,12.0
2026-08-03,R.K. Salai,0.0,1.0,1.0
2026-08-03,Sarath City-Hyderabad,17.0,1.0,18.0
2026-08-03,Select City,8.0,2.0,10.0
2026-08-03,Shakespearesarani,4.0,1.0,5.0
2026-08-03,Sindhu Bhavan Marg,2.0,4.0,6.0
2026-08-03,South Ex.,0.0,3.0,3.0
2026-08-03,Vegas Dwarka,2.0,1.0,3.0
2026-08-03,Viviana Mall,12.0,4.0,16.0
2026-08-04,Ambience Vasant Kunj,7.0,2.0,9.0
2026-08-04,Andheri,3.0,3.0,6.0
2026-08-04,DLF Midtown - Moti Nagar,2.0,1.0,3.0
2026-08-04,Express Avenue,5.0,2.0,7.0
2026-08-04,Gurugram,4.0,6.0,10.0
2026-08-04,Indiranagar,5.0,4.0,9.0
2026-08-04,Inorbit Mall Malad West,12.0,3.0,15.0
2026-08-04,Inorbit mall Hyderabad,20.0,1.0,21.0
2026-08-04,Jaipur Store,3.0,7.0,10.0
2026-08-04,Jubilee Hills,8.0,14.0,22.0
2026-08-04,Juhu Store,6.0,1.0,7.0
2026-08-04,KNK Chennai,2.0,3.0,5.0
2026-08-04,"Kalaghoda, Fort",10.0,6.0,16.0
2026-08-04,Kemps Corner,2.0,6.0,8.0
2026-08-04,Khan Market,4.0,1.0,5.0
2026-08-04,Kochi Store,0.0,3.0,3.0
2026-08-04,Koregaon Park,5.0,3.0,8.0
2026-08-04,LakeShore Mall,5.0,3.0,8.0
2026-08-04,Lavelle Road,1.0,7.0,8.0
2026-08-04,"Mall of India, Noida",10.0,5.0,15.0
2026-08-04,Oberoi Mall Store,4.0,3.0,7.0
2026-08-04,Oberoi Sky City,13.0,0.0,13.0
2026-08-04,PMC Viman Nagar Pune,25.0,2.0,27.0
2026-08-04,"Phoenix Marketcity, Whitefield",3.0,1.0,4.0
2026-08-04,Phoenix Palassio,4.0,2.0,6.0
2026-08-04,R.K. Salai,0.0,3.0,3.0
2026-08-04,Sarath City-Hyderabad,16.0,3.0,19.0
2026-08-04,Select City,6.0,1.0,7.0
2026-08-04,Shakespearesarani,4.0,2.0,6.0
2026-08-04,Sindhu Bhavan Marg,7.0,3.0,10.0
2026-08-04,South Ex.,0.0,4.0,4.0
2026-08-04,Vegas Dwarka,6.0,2.0,8.0
2026-08-04,Viviana Mall,14.0,3.0,17.0
2026-08-05,Ambience Vasant Kunj,4.0,0.0,4.0
2026-08-05,Andheri,1.0,5.0,6.0
2026-08-05,DLF Midtown - Moti Nagar,4.0,0.0,4.0
2026-08-05,Express Avenue,11.0,4.0,15.0
2026-08-05,Gurugram,4.0,5.0,9.0
2026-08-05,Indiranagar,2.0,2.0,4.0
2026-08-05,Inorbit Mall Malad West,5.0,4.0,9.0
2026-08-05,Inorbit mall Hyderabad,35.0,7.0,42.0
2026-08-05,Jaipur Store,2.0,5.0,7.0
2026-08-05,Jubilee Hills,1.0,5.0,6.0
2026-08-05,Juhu Store,3.0,4.0,7.0
2026-08-05,KNK Chennai,4.0,3.0,7.0
2026-08-05,"Kalaghoda, Fort",10.0,8.0,18.0
2026-08-05,Kemps Corner,5.0,15.0,20.0
2026-08-05,Khan Market,4.0,2.0,6.0
2026-08-05,Kochi Store,1.0,1.0,2.0
2026-08-05,Koregaon Park,2.0,5.0,7.0
2026-08-05,LakeShore Mall,11.0,1.0,12.0
2026-08-05,Lavelle Road,0.0,3.0,3.0
2026-08-05,"Mall of India, Noida",8.0,5.0,13.0
2026-08-05,Oberoi Mall Store,4.0,1.0,5.0
2026-08-05,Oberoi Sky City,8.0,3.0,11.0
2026-08-05,PMC Viman Nagar Pune,11.0,0.0,11.0
2026-08-05,Phoenix Marketcity Kurla,7.0,1.0,8.0
2026-08-05,"Phoenix Marketcity, Whitefield",0.0,0.0,0.0
2026-08-05,Phoenix Palassio,5.0,1.0,6.0
2026-08-05,R.K. Salai,3.0,3.0,6.0
2026-08-05,Sarath City-Hyderabad,14.0,0.0,14.0
2026-08-05,Select City,6.0,2.0,8.0
2026-08-05,Shakespearesarani,1.0,2.0,3.0
2026-08-05,Sindhu Bhavan Marg,4.0,5.0,9.0
2026-08-05,South Ex.,0.0,0.0,0.0
2026-08-05,Vegas Dwarka,3.0,1.0,4.0
2026-08-05,Viviana Mall,13.0,3.0,16.0
2026-08-06,Ambience Vasant Kunj,3.0,3.0,6.0
2026-08-06,Andheri,2.0,6.0,8.0
2026-08-06,DLF Midtown - Moti Nagar,5.0,1.0,6.0
2026-08-06,Express Avenue,11.0,3.0,14.0
2026-08-06,Gurugram,5.0,4.0,9.0
2026-08-06,Indiranagar,2.0,2.0,4.0
2026-08-06,Inorbit Mall Malad West,4.0,2.0,6.0
2026-08-06,Inorbit mall Hyderabad,25.0,7.0,32.0
2026-08-06,Jaipur Store,2.0,6.0,8.0
2026-08-06,Jubilee Hills,8.0,17.0,25.0
2026-08-06,Juhu Store,2.0,5.0,7.0
2026-08-06,KNK Chennai,2.0,0.0,2.0
2026-08-06,"Kalaghoda, Fort",15.0,4.0,19.0
2026-08-06,Kemps Corner,6.0,9.0,15.0
2026-08-06,Khan Market,7.0,2.0,9.0
2026-08-06,Kochi Store,1.0,4.0,5.0
2026-08-06,Koregaon Park,2.0,3.0,5.0
2026-08-06,LakeShore Mall,12.0,1.0,13.0
2026-08-06,Lavelle Road,1.0,2.0,3.0
2026-08-06,"Mall of India, Noida",5.0,3.0,8.0
2026-08-06,Oberoi Mall Store,10.0,6.0,16.0
2026-08-06,Oberoi Sky City,11.0,3.0,14.0
2026-08-06,PMC Viman Nagar Pune,19.0,0.0,19.0
2026-08-06,Phoenix Marketcity Kurla,8.0,1.0,9.0
2026-08-06,"Phoenix Marketcity, Whitefield",5.0,2.0,7.0
2026-08-06,Phoenix Palassio,6.0,1.0,7.0
2026-08-06,R.K. Salai,2.0,2.0,4.0
2026-08-06,Sarath City-Hyderabad,14.0,3.0,17.0
2026-08-06,Select City,10.0,4.0,14.0
2026-08-06,Shakespearesarani,6.0,4.0,10.0
2026-08-06,Sindhu Bhavan Marg,8.0,7.0,15.0
2026-08-06,South Ex.,4.0,3.0,7.0
2026-08-06,Vegas Dwarka,5.0,1.0,6.0
2026-08-06,Viviana Mall,10.0,2.0,12.0
2026-08-07,Ambience Vasant Kunj,2.0,4.0,6.0
2026-08-07,Andheri,2.0,0.0,2.0
2026-08-07,DLF Midtown - Moti Nagar,1.0,1.0,2.0
2026-08-07,Express Avenue,4.0,5.0,9.0
2026-08-07,Gurugram,3.0,3.0,6.0
2026-08-07,Indiranagar,3.0,3.0,6.0
2026-08-07,Inorbit Mall Malad West,13.0,2.0,15.0
2026-08-07,Inorbit mall Hyderabad,22.0,2.0,24.0
2026-08-07,Jaipur Store,3.0,5.0,8.0
2026-08-07,Jubilee Hills,4.0,15.0,19.0
2026-08-07,Juhu Store,5.0,1.0,6.0
2026-08-07,KNK Chennai,5.0,1.0,6.0
2026-08-07,"Kalaghoda, Fort",14.0,11.0,25.0
2026-08-07,Kemps Corner,5.0,8.0,13.0
2026-08-07,Khan Market,5.0,3.0,8.0
2026-08-07,Kochi Store,1.0,2.0,3.0
2026-08-07,Koregaon Park,2.0,4.0,6.0
2026-08-07,LakeShore Mall,8.0,2.0,10.0
2026-08-07,Lavelle Road,1.0,6.0,7.0
2026-08-07,"Mall of India, Noida",5.0,3.0,8.0
2026-08-07,Oberoi Mall Store,7.0,4.0,11.0
2026-08-07,Oberoi Sky City,22.0,1.0,23.0
2026-08-07,PMC Viman Nagar Pune,13.0,0.0,13.0
2026-08-07,Phoenix Marketcity Kurla,5.0,6.0,11.0
2026-08-07,"Phoenix Marketcity, Whitefield",5.0,5.0,10.0
2026-08-07,Phoenix Palassio,7.0,2.0,9.0
2026-08-07,R.K. Salai,2.0,3.0,5.0
2026-08-07,Sarath City-Hyderabad,13.0,1.0,14.0
2026-08-07,Select City,10.0,2.0,12.0
2026-08-07,Shakespearesarani,3.0,1.0,4.0
2026-08-07,Sindhu Bhavan Marg,8.0,6.0,14.0
2026-08-07,South Ex.,2.0,4.0,6.0
2026-08-07,Vegas Dwarka,5.0,0.0,5.0
2026-08-07,Viviana Mall,12.0,2.0,14.0
2026-08-08,Ambience Vasant Kunj,9.0,7.0,16.0
2026-08-08,Andheri,11.0,3.0,14.0
2026-08-08,DLF Midtown - Moti Nagar,4.0,5.0,9.0
2026-08-08,Express Avenue,22.0,3.0,25.0
2026-08-08,Gurugram,4.0,13.0,17.0
2026-08-08,Indiranagar,7.0,5.0,12.0
2026-08-08,Inorbit Mall Malad West,10.0,6.0,16.0
2026-08-08,Inorbit mall Hyderabad,42.0,2.0,44.0
2026-08-08,Jaipur Store,7.0,13.0,20.0
2026-08-08,Jubilee Hills,6.0,15.0,21.0
2026-08-08,Juhu Store,9.0,5.0,14.0
2026-08-08,KNK Chennai,6.0,2.0,8.0
2026-08-08,"Kalaghoda, Fort",38.0,15.0,53.0
2026-08-08,Kemps Corner,9.0,16.0,25.0
2026-08-08,Khan Market,12.0,10.0,22.0
2026-08-08,Kochi Store,3.0,1.0,4.0
2026-08-08,Koregaon Park,6.0,6.0,12.0
2026-08-08,LakeShore Mall,16.0,1.0,17.0
2026-08-08,Lavelle Road,3.0,4.0,7.0
2026-08-08,"Mall of India, Noida",20.0,2.0,22.0
2026-08-08,Oberoi Mall Store,22.0,5.0,27.0
2026-08-08,Oberoi Sky City,30.0,3.0,33.0
2026-08-08,PMC Viman Nagar Pune,23.0,3.0,26.0
2026-08-08,Phoenix Marketcity Kurla,16.0,10.0,26.0
2026-08-08,"Phoenix Marketcity, Whitefield",21.0,5.0,26.0
2026-08-08,Phoenix Palassio,8.0,3.0,11.0
2026-08-08,R.K. Salai,4.0,4.0,8.0
2026-08-08,Sarath City-Hyderabad,35.0,7.0,42.0
2026-08-08,Select City,16.0,5.0,21.0
2026-08-08,Shakespearesarani,4.0,4.0,8.0
2026-08-08,Sindhu Bhavan Marg,7.0,9.0,16.0
2026-08-08,South Ex.,2.0,5.0,7.0
2026-08-08,Vegas Dwarka,10.0,4.0,14.0
2026-08-08,Viviana Mall,21.0,7.0,28.0
2026-08-09,Ambience Vasant Kunj,11.0,7.0,18.0
2026-08-09,Andheri,6.0,7.0,13.0
2026-08-09,DLF Midtown - Moti Nagar,5.0,1.0,6.0
2026-08-09,Express Avenue,21.0,10.0,31.0
2026-08-09,Gurugram,9.0,12.0,21.0
2026-08-09,Indiranagar,14.0,11.0,25.0
2026-08-09,Inorbit Mall Malad West,21.0,5.0,26.0
2026-08-09,Inorbit mall Hyderabad,59.0,8.0,67.0
2026-08-09,Jaipur Store,13.0,7.0,20.0
2026-08-09,Jubilee Hills,8.0,26.0,34.0
2026-08-09,Juhu Store,8.0,4.0,12.0
2026-08-09,KNK Chennai,3.0,4.0,7.0
2026-08-09,"Kalaghoda, Fort",18.0,16.0,34.0
2026-08-09,Kemps Corner,8.0,17.0,25.0
2026-08-09,Khan Market,5.0,6.0,11.0
2026-08-09,Kochi Store,1.0,0.0,1.0
2026-08-09,Koregaon Park,14.0,15.0,29.0
2026-08-09,LakeShore Mall,26.0,1.0,27.0
2026-08-09,Lavelle Road,2.0,8.0,10.0
2026-08-09,"Mall of India, Noida",25.0,6.0,31.0
2026-08-09,Oberoi Mall Store,25.0,14.0,39.0
2026-08-09,Oberoi Sky City,27.0,10.0,37.0
2026-08-09,PMC Viman Nagar Pune,27.0,2.0,29.0
2026-08-09,Phoenix Marketcity Kurla,31.0,12.0,43.0
2026-08-09,"Phoenix Marketcity, Whitefield",14.0,5.0,19.0
2026-08-09,Phoenix Palassio,12.0,7.0,19.0
2026-08-09,R.K. Salai,4.0,5.0,9.0
2026-08-09,Sarath City-Hyderabad,40.0,10.0,50.0
2026-08-09,Select City,20.0,16.0,36.0
2026-08-09,Shakespearesarani,13.0,5.0,18.0
2026-08-09,Sindhu Bhavan Marg,22.0,11.0,33.0
2026-08-09,South Ex.,5.0,3.0,8.0
2026-08-09,Vegas Dwarka,15.0,5.0,20.0
2026-08-09,Viviana Mall,57.0,5.0,62.0
2026-08-10,Ambience Vasant Kunj,6.0,4.0,10.0
2026-08-10,Andheri,0.0,5.0,5.0
2026-08-10,DLF Midtown - Moti Nagar,1.0,0.0,1.0
2026-08-10,Express Avenue,6.0,7.0,13.0
2026-08-10,Gurugram,13.0,1.0,14.0
2026-08-10,Indiranagar,3.0,8.0,11.0
2026-08-10,Inorbit Mall Malad West,5.0,0.0,5.0
2026-08-10,Inorbit mall Hyderabad,25.0,4.0,29.0
2026-08-10,Jaipur Store,3.0,3.0,6.0
2026-08-10,Jubilee Hills,15.0,26.0,41.0
2026-08-10,Juhu Store,8.0,3.0,11.0
2026-08-10,KNK Chennai,5.0,3.0,8.0
2026-08-10,"Kalaghoda, Fort",9.0,9.0,18.0
2026-08-10,Kemps Corner,4.0,12.0,16.0
2026-08-10,Khan Market,5.0,2.0,7.0
2026-08-10,Kochi Store,1.0,4.0,5.0
2026-08-10,Koregaon Park,1.0,2.0,3.0
2026-08-10,LakeShore Mall,10.0,2.0,12.0
2026-08-10,Lavelle Road,0.0,4.0,4.0
2026-08-10,"Mall of India, Noida",10.0,3.0,13.0
2026-08-10,Oberoi Mall Store,5.0,3.0,8.0
2026-08-10,Oberoi Sky City,9.0,0.0,9.0
2026-08-10,PMC Viman Nagar Pune,12.0,1.0,13.0
2026-08-10,Phoenix Marketcity Kurla,8.0,1.0,9.0
2026-08-10,"Phoenix Marketcity, Whitefield",5.0,3.0,8.0
2026-08-10,Phoenix Palassio,8.0,1.0,9.0
2026-08-10,R.K. Salai,1.0,2.0,3.0
2026-08-10,Sarath City-Hyderabad,13.0,3.0,16.0
2026-08-10,Select City,4.0,2.0,6.0
2026-08-10,Shakespearesarani,3.0,2.0,5.0
2026-08-10,Sindhu Bhavan Marg,5.0,5.0,10.0
2026-08-10,South Ex.,1.0,0.0,1.0
2026-08-10,Vegas Dwarka,3.0,3.0,6.0
2026-08-10,Viviana Mall,11.0,0.0,11.0
2026-08-11,Ambience Vasant Kunj,6.0,1.0,7.0
2026-08-11,Andheri,1.0,1.0,2.0
2026-08-11,DLF Midtown - Moti Nagar,1.0,0.0,1.0
2026-08-11,Express Avenue,7.0,4.0,11.0
2026-08-11,Gurugram,4.0,3.0,7.0
2026-08-11,Indiranagar,7.0,3.0,10.0
2026-08-11,Inorbit Mall Malad West,7.0,1.0,8.0
2026-08-11,Inorbit mall Hyderabad,11.0,1.0,12.0
2026-08-11,Jaipur Store,4.0,6.0,10.0
2026-08-11,Jubilee Hills,6.0,17.0,23.0
2026-08-11,Juhu Store,10.0,4.0,14.0
2026-08-11,KNK Chennai,5.0,2.0,7.0
2026-08-11,"Kalaghoda, Fort",6.0,9.0,15.0
2026-08-11,Kemps Corner,5.0,10.0,15.0
2026-08-11,Khan Market,5.0,3.0,8.0
2026-08-11,Kochi Store,1.0,1.0,2.0
2026-08-11,Koregaon Park,7.0,7.0,14.0
2026-08-11,LakeShore Mall,10.0,0.0,10.0
2026-08-11,Lavelle Road,3.0,3.0,6.0
2026-08-11,"Mall of India, Noida",12.0,4.0,16.0
2026-08-11,Oberoi Mall Store,6.0,1.0,7.0
2026-08-11,Oberoi Sky City,12.0,1.0,13.0
2026-08-11,PMC Viman Nagar Pune,11.0,0.0,11.0
2026-08-11,Phoenix Marketcity Kurla,7.0,0.0,7.0
2026-08-11,"Phoenix Marketcity, Whitefield",4.0,1.0,5.0
2026-08-11,Phoenix Palassio,6.0,1.0,7.0
2026-08-11,R.K. Salai,0.0,1.0,1.0
2026-08-11,Sarath City-Hyderabad,21.0,4.0,25.0
2026-08-11,Select City,8.0,1.0,9.0
2026-08-11,Shakespearesarani,4.0,2.0,6.0
2026-08-11,Sindhu Bhavan Marg,6.0,3.0,9.0
2026-08-11,South Ex.,2.0,0.0,2.0
2026-08-11,Vegas Dwarka,9.0,2.0,11.0
2026-08-11,Viviana Mall,14.0,0.0,14.0
2026-08-12,Ambience Vasant Kunj,4.0,1.0,5.0
2026-08-12,Andheri,1.0,2.0,3.0
2026-08-12,DLF Midtown - Moti Nagar,1.0,1.0,2.0
2026-08-12,Express Avenue,7.0,2.0,9.0
2026-08-12,Gurugram,3.0,8.0,11.0
2026-08-12,Indiranagar,8.0,4.0,12.0
2026-08-12,Inorbit Mall Malad West,22.0,3.0,25.0
2026-08-12,Inorbit mall Hyderabad,14.0,1.0,15.0
2026-08-12,Jaipur Store,11.0,3.0,14.0
2026-08-12,Jubilee Hills,7.0,16.0,23.0
2026-08-12,Juhu Store,3.0,3.0,6.0
2026-08-12,KNK Chennai,4.0,1.0,5.0
2026-08-12,"Kalaghoda, Fort",8.0,17.0,25.0
2026-08-12,Kemps Corner,5.0,10.0,15.0
2026-08-12,Khan Market,5.0,2.0,7.0
2026-08-12,Kochi Store,3.0,2.0,5.0
2026-08-12,Koregaon Park,4.0,6.0,10.0
2026-08-12,LakeShore Mall,9.0,1.0,10.0
2026-08-12,Lavelle Road,3.0,6.0,9.0
2026-08-12,"Mall of India, Noida",13.0,4.0,17.0
2026-08-12,Oberoi Mall Store,7.0,0.0,7.0
2026-08-12,Oberoi Sky City,8.0,6.0,14.0
2026-08-12,PMC Viman Nagar Pune,11.0,1.0,12.0
2026-08-12,Phoenix Marketcity Kurla,7.0,0.0,7.0
2026-08-12,"Phoenix Marketcity, Whitefield",4.0,3.0,7.0
2026-08-12,Phoenix Palassio,14.0,2.0,16.0
2026-08-12,R.K. Salai,0.0,3.0,3.0
2026-08-12,Sarath City-Hyderabad,23.0,3.0,26.0
2026-08-12,Select City,7.0,4.0,11.0
2026-08-12,Shakespearesarani,5.0,3.0,8.0
2026-08-12,Sindhu Bhavan Marg,4.0,9.0,13.0
2026-08-12,South Ex.,7.0,2.0,9.0
2026-08-12,Vegas Dwarka,4.0,0.0,4.0
2026-08-12,Viviana Mall,11.0,1.0,12.0
2026-08-13,Ambience Vasant Kunj,10.0,3.0,13.0
2026-08-13,Andheri,0.0,0.0,0.0
2026-08-13,DLF Midtown - Moti Nagar,2.0,2.0,4.0
2026-08-13,Express Avenue,4.0,6.0,10.0
2026-08-13,Gurugram,3.0,5.0,8.0
2026-08-13,Indiranagar,5.0,4.0,9.0
2026-08-13,Inorbit Mall Malad West,6.0,1.0,7.0
2026-08-13,Inorbit mall Hyderabad,24.0,4.0,28.0
2026-08-13,Jaipur Store,4.0,3.0,7.0
2026-08-13,Jubilee Hills,8.0,19.0,27.0
2026-08-13,Juhu Store,1.0,3.0,4.0
2026-08-13,KNK Chennai,3.0,5.0,8.0
2026-08-13,"Kalaghoda, Fort",24.0,16.0,40.0
2026-08-13,Kemps Corner,4.0,5.0,9.0
2026-08-13,Khan Market,3.0,4.0,7.0
2026-08-13,Kochi Store,1.0,3.0,4.0
2026-08-13,Koregaon Park,13.0,4.0,17.0
2026-08-13,LakeShore Mall,5.0,1.0,6.0
2026-08-13,Lavelle Road,2.0,4.0,6.0
2026-08-13,"Mall of India, Noida",12.0,4.0,16.0
2026-08-13,Oberoi Mall Store,5.0,5.0,10.0
2026-08-13,Oberoi Sky City,10.0,3.0,13.0
2026-08-13,PMC Viman Nagar Pune,10.0,1.0,11.0
2026-08-13,Phoenix Marketcity Kurla,4.0,3.0,7.0
2026-08-13,"Phoenix Marketcity, Whitefield",2.0,2.0,4.0
2026-08-13,Phoenix Palassio,7.0,2.0,9.0
2026-08-13,R.K. Salai,0.0,1.0,1.0
2026-08-13,Sarath City-Hyderabad,17.0,3.0,20.0
2026-08-13,Select City,7.0,0.0,7.0
2026-08-13,Shakespearesarani,2.0,6.0,8.0
2026-08-13,Sindhu Bhavan Marg,5.0,5.0,10.0
2026-08-13,South Ex.,1.0,1.0,2.0
2026-08-13,Vegas Dwarka,4.0,0.0,4.0
2026-08-13,Viviana Mall,5.0,2.0,7.0
2026-08-14,Ambience Vasant Kunj,7.0,1.0,8.0
2026-08-14,Andheri,0.0,7.0,7.0
2026-08-14,DLF Midtown - Moti Nagar,2.0,0.0,2.0
2026-08-14,Express Avenue,5.0,1.0,6.0
2026-08-14,Gurugram,1.0,5.0,6.0
2026-08-14,Indiranagar,6.0,6.0,12.0
2026-08-14,Inorbit Mall Malad West,12.0,4.0,16.0
2026-08-14,Inorbit mall Hyderabad,33.0,4.0,37.0
2026-08-14,Jaipur Store,5.0,5.0,10.0
2026-08-14,Jubilee Hills,7.0,9.0,16.0
2026-08-14,Juhu Store,5.0,5.0,10.0
2026-08-14,KNK Chennai,0.0,2.0,2.0
2026-08-14,"Kalaghoda, Fort",20.0,6.0,26.0
2026-08-14,Kemps Corner,3.0,12.0,15.0
2026-08-14,Khan Market,3.0,3.0,6.0
2026-08-14,Kochi Store,2.0,2.0,4.0
2026-08-14,Koregaon Park,13.0,6.0,19.0
2026-08-14,LakeShore Mall,8.0,2.0,10.0
2026-08-14,Lavelle Road,2.0,4.0,6.0
2026-08-14,"Mall of India, Noida",11.0,3.0,14.0
2026-08-14,Oberoi Mall Store,10.0,6.0,16.0
2026-08-14,Oberoi Sky City,15.0,4.0,19.0
2026-08-14,PMC Viman Nagar Pune,10.0,5.0,15.0
2026-08-14,Phoenix Marketcity Kurla,12.0,2.0,14.0
2026-08-14,"Phoenix Marketcity, Whitefield",3.0,0.0,3.0
2026-08-14,Phoenix Palassio,5.0,0.0,5.0
2026-08-14,R.K. Salai,2.0,1.0,3.0
2026-08-14,Sarath City-Hyderabad,21.0,3.0,24.0
2026-08-14,Select City,8.0,1.0,9.0
2026-08-14,Shakespearesarani,3.0,6.0,9.0
2026-08-14,Sindhu Bhavan Marg,3.0,4.0,7.0
2026-08-14,South Ex.,4.0,1.0,5.0
2026-08-14,Vegas Dwarka,6.0,1.0,7.0
2026-08-14,Viviana Mall,11.0,2.0,13.0
2026-08-15,Ambience Vasant Kunj,26.0,5.0,31.0
2026-08-15,Andheri,3.0,11.0,14.0
2026-08-15,DLF Midtown - Moti Nagar,3.0,3.0,6.0
2026-08-15,Express Avenue,22.0,8.0,30.0
2026-08-15,Gurugram,9.0,7.0,16.0
2026-08-15,Indiranagar,20.0,12.0,32.0
2026-08-15,Inorbit Mall Malad West,37.0,2.0,39.0
2026-08-15,Inorbit mall Hyderabad,36.0,6.0,42.0
2026-08-15,Jaipur Store,8.0,7.0,15.0
2026-08-15,Jubilee Hills,9.0,21.0,30.0
2026-08-15,Juhu Store,10.0,4.0,14.0
2026-08-15,KNK Chennai,5.0,7.0,12.0
2026-08-15,"Kalaghoda, Fort",14.0,16.0,30.0
2026-08-15,Kemps Corner,12.0,22.0,34.0
2026-08-15,Khan Market,7.0,4.0,11.0
2026-08-15,Kochi Store,1.0,7.0,8.0
2026-08-15,Koregaon Park,10.0,9.0,19.0
2026-08-15,LakeShore Mall,30.0,1.0,31.0
2026-08-15,Lavelle Road,5.0,4.0,9.0
2026-08-15,"Mall of India, Noida",35.0,6.0,41.0
2026-08-15,Oberoi Mall Store,19.0,7.0,26.0
2026-08-15,Oberoi Sky City,29.0,5.0,34.0
2026-08-15,PMC Viman Nagar Pune,34.0,7.0,41.0
2026-08-15,Phoenix Marketcity Kurla,24.0,3.0,27.0
2026-08-15,"Phoenix Marketcity, Whitefield",19.0,1.0,20.0
2026-08-15,Phoenix Palassio,9.0,8.0,17.0
2026-08-15,R.K. Salai,0.0,3.0,3.0
2026-08-15,Sarath City-Hyderabad,41.0,3.0,44.0
2026-08-15,Select City,10.0,3.0,13.0
2026-08-15,Shakespearesarani,7.0,1.0,8.0
2026-08-15,Sindhu Bhavan Marg,13.0,13.0,26.0
2026-08-15,South Ex.,3.0,7.0,10.0
2026-08-15,Vegas Dwarka,11.0,3.0,14.0
2026-08-15,Viviana Mall,28.0,6.0,34.0
2026-08-16,Ambience Vasant Kunj,25.0,8.0,33.0
2026-08-16,Andheri,3.0,7.0,10.0
2026-08-16,DLF Midtown - Moti Nagar,5.0,2.0,7.0
2026-08-16,Express Avenue,33.0,10.0,43.0
2026-08-16,Gurugram,15.0,21.0,36.0
2026-08-16,Indiranagar,19.0,6.0,25.0
2026-08-16,Inorbit Mall Malad West,45.0,7.0,52.0
2026-08-16,Inorbit mall Hyderabad,41.0,8.0,49.0
2026-08-16,Jaipur Store,17.0,7.0,24.0
2026-08-16,Jubilee Hills,15.0,24.0,39.0
2026-08-16,Juhu Store,13.0,9.0,22.0
2026-08-16,KNK Chennai,9.0,2.0,11.0
2026-08-16,"Kalaghoda, Fort",25.0,15.0,40.0
2026-08-16,Kemps Corner,10.0,20.0,30.0
2026-08-16,Khan Market,7.0,6.0,13.0
2026-08-16,Kochi Store,1.0,6.0,7.0
2026-08-16,Koregaon Park,8.0,6.0,14.0
2026-08-16,LakeShore Mall,23.0,2.0,25.0
2026-08-16,Lavelle Road,2.0,4.0,6.0
2026-08-16,"Mall of India, Noida",21.0,9.0,30.0
2026-08-16,Oberoi Mall Store,20.0,15.0,35.0
2026-08-16,Oberoi Sky City,32.0,8.0,40.0
2026-08-16,PMC Viman Nagar Pune,25.0,7.0,32.0
2026-08-16,Phoenix Marketcity Kurla,25.0,8.0,33.0
2026-08-16,"Phoenix Marketcity, Whitefield",10.0,6.0,16.0
2026-08-16,Phoenix Palassio,7.0,8.0,15.0
2026-08-16,R.K. Salai,2.0,5.0,7.0
2026-08-16,Sarath City-Hyderabad,48.0,7.0,55.0
2026-08-16,Select City,11.0,6.0,17.0
2026-08-16,Shakespearesarani,6.0,8.0,14.0
2026-08-16,Sindhu Bhavan Marg,7.0,12.0,19.0
2026-08-16,South Ex.,2.0,6.0,8.0
2026-08-16,Vegas Dwarka,12.0,2.0,14.0
2026-08-16,Viviana Mall,37.0,5.0,42.0
2026-08-17,Ambience Vasant Kunj,7.0,5.0,12.0
2026-08-17,Andheri,1.0,2.0,3.0
2026-08-17,DLF Midtown - Moti Nagar,2.0,0.0,2.0
2026-08-17,Express Avenue,8.0,1.0,9.0
2026-08-17,Gurugram,4.0,4.0,8.0
2026-08-17,Indiranagar,4.0,1.0,5.0
2026-08-17,Inorbit Mall Malad West,10.0,0.0,10.0
2026-08-17,Inorbit mall Hyderabad,21.0,5.0,26.0
2026-08-17,Jaipur Store,3.0,5.0,8.0
2026-08-17,Jubilee Hills,5.0,16.0,21.0
2026-08-17,Juhu Store,3.0,2.0,5.0
2026-08-17,KNK Chennai,3.0,1.0,4.0
2026-08-17,"Kalaghoda, Fort",14.0,10.0,24.0
2026-08-17,Kemps Corner,6.0,10.0,16.0
2026-08-17,Khan Market,4.0,5.0,9.0
2026-08-17,Kochi Store,1.0,1.0,2.0
2026-08-17,Koregaon Park,2.0,7.0,9.0
2026-08-17,LakeShore Mall,4.0,2.0,6.0
2026-08-17,Lavelle Road,3.0,2.0,5.0
2026-08-17,"Mall of India, Noida",7.0,0.0,7.0
2026-08-17,Oberoi Mall Store,6.0,8.0,14.0
2026-08-17,Oberoi Sky City,7.0,3.0,10.0
2026-08-17,PMC Viman Nagar Pune,14.0,1.0,15.0
2026-08-17,Phoenix Marketcity Kurla,10.0,3.0,13.0
2026-08-17,"Phoenix Marketcity, Whitefield",3.0,2.0,5.0
2026-08-17,Phoenix Palassio,6.0,3.0,9.0
2026-08-17,R.K. Salai,0.0,1.0,1.0
2026-08-17,Sarath City-Hyderabad,19.0,5.0,24.0
2026-08-17,Select City,7.0,1.0,8.0
2026-08-17,Shakespearesarani,3.0,3.0,6.0
2026-08-17,Sindhu Bhavan Marg,5.0,6.0,11.0
2026-08-17,South Ex.,5.0,6.0,11.0
2026-08-17,Vegas Dwarka,7.0,2.0,9.0
2026-08-17,Viviana Mall,6.0,2.0,8.0
2026-08-18,Ambience Vasant Kunj,5.0,2.0,7.0
2026-08-18,Andheri,3.0,2.0,5.0
2026-08-18,DLF Midtown - Moti Nagar,1.0,,1.0
2026-08-18,Express Avenue,7.0,5.0,12.0
2026-08-18,Gurugram,3.0,2.0,5.0
2026-08-18,Indiranagar,6.0,1.0,7.0
2026-08-18,Inorbit Mall Malad West,12.0,2.0,14.0
2026-08-18,Inorbit mall Hyderabad,21.0,2.0,23.0
2026-08-18,Jaipur Store,2.0,5.0,7.0
2026-08-18,Jubilee Hills,7.0,14.0,21.0
2026-08-18,Juhu Store,3.0,3.0,6.0
2026-08-18,KNK Chennai,2.0,2.0,4.0
2026-08-18,"Kalaghoda, Fort",10.0,6.0,16.0
2026-08-18,Kemps Corner,0.0,10.0,10.0
2026-08-18,Khan Market,7.0,2.0,9.0
2026-08-18,Kochi Store,0.0,2.0,2.0
2026-08-18,Koregaon Park,-7.0,7.0,0.0
2026-08-18,LakeShore Mall,8.0,2.0,10.0
2026-08-18,Lavelle Road,1.0,3.0,4.0
2026-08-18,"Mall of India, Noida",8.0,5.0,13.0
2026-08-18,Oberoi Sky City,12.0,1.0,13.0
2026-08-18,PMC Viman Nagar Pune,5.0,,5.0
2026-08-18,Phoenix Marketcity Kurla,8.0,1.0,9.0
2026-08-18,"Phoenix Marketcity, Whitefield",10.0,3.0,13.0
2026-08-18,Phoenix Palassio,5.0,0.0,5.0
2026-08-18,R.K. Salai,1.0,3.0,4.0
2026-08-18,Sarath City-Hyderabad,15.0,2.0,17.0
2026-08-18,Select City,9.0,3.0,12.0
2026-08-18,Shakespearesarani,4.0,4.0,8.0
2026-08-18,Sindhu Bhavan Marg,13.0,9.0,22.0
2026-08-18,South Ex.,0.0,4.0,4.0
2026-08-18,Vegas Dwarka,3.0,1.0,4.0
2026-08-18,Viviana Mall,2.0,0.0,2.0
2026-08-19,Ambience Vasant Kunj,6.0,1.0,7.0
2026-08-19,Andheri,3.0,2.0,5.0
2026-08-19,DLF Midtown - Moti Nagar,0.0,1.0,1.0
2026-08-19,Express Avenue,14.0,1.0,15.0
2026-08-19,Gurugram,6.0,5.0,11.0
2026-08-19,Indiranagar,8.0,4.0,12.0
2026-08-19,Inorbit Mall Malad West,5.0,1.0,6.0
2026-08-19,Inorbit mall Hyderabad,15.0,1.0,16.0
2026-08-19,Jaipur Store,6.0,2.0,8.0
2026-08-19,Jubilee Hills,14.0,19.0,33.0
2026-08-19,Juhu Store,6.0,4.0,10.0
2026-08-19,KNK Chennai,4.0,3.0,7.0
2026-08-19,"Kalaghoda, Fort",15.0,6.0,21.0
2026-08-19,Kemps Corner,7.0,16.0,23.0
2026-08-19,Khan Market,5.0,4.0,9.0
2026-08-19,Kochi Store,2.0,1.0,3.0
2026-08-19,Koregaon Park,5.0,4.0,9.0
2026-08-19,LakeShore Mall,6.0,1.0,7.0
2026-08-19,Lavelle Road,1.0,3.0,4.0
2026-08-19,"Mall of India, Noida",6.0,1.0,7.0
2026-08-19,Oberoi Mall Store,6.0,4.0,10.0
2026-08-19,Oberoi Sky City,12.0,2.0,14.0
2026-08-19,PMC Viman Nagar Pune,6.0,0.0,6.0
2026-08-19,Phoenix Marketcity Kurla,3.0,5.0,8.0
2026-08-19,"Phoenix Marketcity, Whitefield",3.0,2.0,5.0
2026-08-19,Phoenix Palassio,10.0,5.0,15.0
2026-08-19,R.K. Salai,1.0,0.0,1.0
2026-08-19,Sarath City-Hyderabad,13.0,8.0,21.0
2026-08-19,Select City,11.0,3.0,14.0
2026-08-19,Shakespearesarani,7.0,3.0,10.0
2026-08-19,Sindhu Bhavan Marg,6.0,3.0,9.0
2026-08-19,South Ex.,3.0,4.0,7.0
2026-08-19,Vegas Dwarka,3.0,0.0,3.0
2026-08-19,Viviana Mall,12.0,2.0,14.0
2026-08-20,Ambience Vasant Kunj,6.0,3.0,9.0
2026-08-20,Andheri,1.0,4.0,5.0
2026-08-20,DLF Midtown - Moti Nagar,0.0,3.0,3.0
2026-08-20,Express Avenue,12.0,3.0,15.0
2026-08-20,Gurugram,5.0,2.0,7.0
2026-08-20,Indiranagar,4.0,1.0,5.0
2026-08-20,Inorbit Mall Malad West,9.0,2.0,11.0
2026-08-20,Inorbit mall Hyderabad,26.0,5.0,31.0
2026-08-20,Jaipur Store,3.0,2.0,5.0
2026-08-20,Jubilee Hills,7.0,9.0,16.0
2026-08-20,Juhu Store,7.0,6.0,13.0
2026-08-20,KNK Chennai,2.0,3.0,5.0
2026-08-20,"Kalaghoda, Fort",12.0,6.0,18.0
2026-08-20,Kemps Corner,3.0,7.0,10.0
2026-08-20,Khan Market,4.0,4.0,8.0
2026-08-20,Kochi Store,5.0,0.0,5.0
2026-08-20,Koregaon Park,5.0,2.0,7.0
2026-08-20,LakeShore Mall,6.0,1.0,7.0
2026-08-20,Lavelle Road,6.0,5.0,11.0
2026-08-20,"Mall of India, Noida",12.0,4.0,16.0
2026-08-20,Oberoi Mall Store,7.0,2.0,9.0
2026-08-20,Oberoi Sky City,14.0,1.0,15.0
2026-08-20,PMC Viman Nagar Pune,8.0,0.0,8.0
2026-08-20,Phoenix Marketcity Kurla,5.0,3.0,8.0
2026-08-20,"Phoenix Marketcity, Whitefield",3.0,3.0,6.0
2026-08-20,Phoenix Palassio,2.0,8.0,10.0
2026-08-20,R.K. Salai,0.0,3.0,3.0
2026-08-20,Sarath City-Hyderabad,14.0,3.0,17.0
2026-08-20,Select City,7.0,1.0,8.0
2026-08-20,Shakespearesarani,3.0,5.0,8.0
2026-08-20,Sindhu Bhavan Marg,7.0,7.0,14.0
2026-08-20,South Ex.,3.0,0.0,3.0
2026-08-20,Vegas Dwarka,4.0,1.0,5.0
2026-08-20,Viviana Mall,10.0,3.0,13.0
2026-08-21,Ambience Vasant Kunj,6.0,4.0,10.0
2026-08-21,Andheri,0.0,8.0,8.0
2026-08-21,DLF Midtown - Moti Nagar,2.0,1.0,3.0
2026-08-21,Express Avenue,6.0,3.0,9.0
2026-08-21,Gurugram,1.0,5.0,6.0
2026-08-21,Indiranagar,5.0,4.0,9.0
2026-08-21,Inorbit Mall Malad West,10.0,3.0,13.0
2026-08-21,Inorbit mall Hyderabad,23.0,3.0,26.0
2026-08-21,Jaipur Store,6.0,4.0,10.0
2026-08-21,Jubilee Hills,1.0,6.0,7.0
2026-08-21,Juhu Store,5.0,2.0,7.0
2026-08-21,KNK Chennai,4.0,3.0,7.0
2026-08-21,"Kalaghoda, Fort",15.0,12.0,27.0
2026-08-21,Kemps Corner,9.0,7.0,16.0
2026-08-21,Khan Market,9.0,3.0,12.0
2026-08-21,Kochi Store,2.0,0.0,2.0
2026-08-21,Koregaon Park,4.0,4.0,8.0
2026-08-21,LakeShore Mall,5.0,2.0,7.0
2026-08-21,Lavelle Road,2.0,5.0,7.0
2026-08-21,"Mall of India, Noida",8.0,2.0,10.0
2026-08-21,Oberoi Mall Store,4.0,4.0,8.0
2026-08-21,Oberoi Sky City,6.0,3.0,9.0
2026-08-21,PMC Viman Nagar Pune,26.0,1.0,27.0
2026-08-21,Phoenix Marketcity Kurla,5.0,0.0,5.0
2026-08-21,"Phoenix Marketcity, Whitefield",3.0,3.0,6.0
2026-08-21,Phoenix Palassio,4.0,1.0,5.0
2026-08-21,R.K. Salai,0.0,3.0,3.0
2026-08-21,Sarath City-Hyderabad,22.0,2.0,24.0
2026-08-21,Select City,5.0,4.0,9.0
2026-08-21,Shakespearesarani,2.0,5.0,7.0
2026-08-21,Sindhu Bhavan Marg,13.0,7.0,20.0
2026-08-21,South Ex.,1.0,2.0,3.0
2026-08-21,Vegas Dwarka,6.0,2.0,8.0
2026-08-21,Viviana Mall,14.0,1.0,15.0
2026-08-22,Ambience Vasant Kunj,18.0,3.0,21.0
2026-08-22,Andheri,5.0,7.0,12.0
2026-08-22,DLF Midtown - Moti Nagar,5.0,1.0,6.0
2026-08-22,Express Avenue,14.0,6.0,20.0
2026-08-22,Gurugram,7.0,13.0,20.0
2026-08-22,Indiranagar,19.0,6.0,25.0
2026-08-22,Inorbit Mall Malad West,9.0,4.0,13.0
2026-08-22,Inorbit mall Hyderabad,39.0,7.0,46.0
2026-08-22,Jaipur Store,4.0,6.0,10.0
2026-08-22,Jubilee Hills,5.0,14.0,19.0
2026-08-22,Juhu Store,6.0,5.0,11.0
2026-08-22,KNK Chennai,5.0,4.0,9.0
2026-08-22,"Kalaghoda, Fort",42.0,20.0,62.0
2026-08-22,Kemps Corner,8.0,15.0,23.0
2026-08-22,Khan Market,6.0,3.0,9.0
2026-08-22,Kochi Store,3.0,2.0,5.0
2026-08-22,Koregaon Park,9.0,5.0,14.0
2026-08-22,LakeShore Mall,25.0,1.0,26.0
2026-08-22,Lavelle Road,0.0,5.0,5.0
2026-08-22,"Mall of India, Noida",16.0,6.0,22.0
2026-08-22,Oberoi Mall Store,5.0,10.0,15.0
2026-08-22,Oberoi Sky City,33.0,7.0,40.0
2026-08-22,PMC Viman Nagar Pune,16.0,3.0,19.0
2026-08-22,Phoenix Marketcity Kurla,16.0,5.0,21.0
2026-08-22,"Phoenix Marketcity, Whitefield",0.0,0.0,0.0
2026-08-22,Phoenix Palassio,9.0,6.0,15.0
2026-08-22,R.K. Salai,1.0,8.0,9.0
2026-08-22,Sarath City-Hyderabad,39.0,10.0,49.0
2026-08-22,Select City,12.0,9.0,21.0
2026-08-22,Shakespearesarani,4.0,12.0,16.0
2026-08-22,Sindhu Bhavan Marg,13.0,12.0,25.0
2026-08-22,South Ex.,4.0,9.0,13.0
2026-08-22,Vegas Dwarka,12.0,4.0,16.0
2026-08-22,Viviana Mall,25.0,5.0,30.0
2026-08-23,Ambience Vasant Kunj,26.0,9.0,35.0
2026-08-23,Andheri,4.0,5.0,9.0
2026-08-23,DLF Midtown - Moti Nagar,8.0,1.0,9.0
2026-08-23,Express Avenue,15.0,3.0,18.0
2026-08-23,Gurugram,13.0,11.0,24.0
2026-08-23,Indiranagar,13.0,5.0,18.0
2026-08-23,Inorbit Mall Malad West,18.0,4.0,22.0
2026-08-23,Inorbit mall Hyderabad,41.0,11.0,52.0
2026-08-23,Jaipur Store,12.0,8.0,20.0
2026-08-23,Jubilee Hills,13.0,32.0,45.0
2026-08-23,Juhu Store,11.0,7.0,18.0
2026-08-23,KNK Chennai,4.0,0.0,4.0
2026-08-23,"Kalaghoda, Fort",23.0,16.0,39.0
2026-08-23,Kemps Corner,4.0,26.0,30.0
2026-08-23,Khan Market,5.0,3.0,8.0
2026-08-23,Kochi Store,5.0,1.0,6.0
2026-08-23,Koregaon Park,9.0,7.0,16.0
2026-08-23,LakeShore Mall,28.0,1.0,29.0
2026-08-23,Lavelle Road,2.0,5.0,7.0
2026-08-23,"Mall of India, Noida",7.0,4.0,11.0
2026-08-23,Oberoi Mall Store,7.0,8.0,15.0
2026-08-23,Oberoi Sky City,32.0,4.0,36.0
2026-08-23,PMC Viman Nagar Pune,8.0,6.0,14.0
2026-08-23,Phoenix Marketcity Kurla,26.0,9.0,35.0
2026-08-23,"Phoenix Marketcity, Whitefield",0.0,0.0,0.0
2026-08-23,Phoenix Palassio,6.0,2.0,8.0
2026-08-23,R.K. Salai,0.0,3.0,3.0
2026-08-23,Sarath City-Hyderabad,39.0,4.0,43.0
2026-08-23,Select City,13.0,12.0,25.0
2026-08-23,Shakespearesarani,5.0,9.0,14.0
2026-08-23,Sindhu Bhavan Marg,15.0,13.0,28.0
2026-08-23,South Ex.,6.0,2.0,8.0
2026-08-23,Vegas Dwarka,13.0,4.0,17.0
2026-08-23,Viviana Mall,27.0,11.0,38.0
2026-08-24,Ambience Vasant Kunj,7.0,4.0,11.0
2026-08-24,Andheri,1.0,3.0,4.0
2026-08-24,DLF Midtown - Moti Nagar,1.0,2.0,3.0
2026-08-24,Express Avenue,11.0,2.0,13.0
2026-08-24,Gurugram,3.0,2.0,5.0
2026-08-24,Indiranagar,6.0,5.0,11.0
2026-08-24,Inorbit Mall Malad West,8.0,3.0,11.0
2026-08-24,Inorbit mall Hyderabad,15.0,1.0,16.0
2026-08-24,Jaipur Store,2.0,1.0,3.0
2026-08-24,Jubilee Hills,8.0,13.0,21.0
2026-08-24,Juhu Store,5.0,4.0,9.0
2026-08-24,KNK Chennai,2.0,0.0,2.0
2026-08-24,"Kalaghoda, Fort",9.0,6.0,15.0
2026-08-24,Kemps Corner,5.0,7.0,12.0
2026-08-24,Khan Market,2.0,4.0,6.0
2026-08-24,Kochi Store,3.0,2.0,5.0
2026-08-24,Koregaon Park,2.0,6.0,8.0
2026-08-24,LakeShore Mall,8.0,2.0,10.0
2026-08-24,Lavelle Road,1.0,1.0,2.0
2026-08-24,"Mall of India, Noida",10.0,5.0,15.0
2026-08-24,Oberoi Mall Store,5.0,3.0,8.0
2026-08-24,Oberoi Sky City,5.0,3.0,8.0
2026-08-24,PMC Viman Nagar Pune,9.0,3.0,12.0
2026-08-24,Phoenix Marketcity Kurla,11.0,3.0,14.0
2026-08-24,"Phoenix Marketcity, Whitefield",4.0,0.0,4.0
2026-08-24,Phoenix Palassio,4.0,2.0,6.0
2026-08-24,R.K. Salai,1.0,0.0,1.0
2026-08-24,Sarath City-Hyderabad,11.0,2.0,13.0
2026-08-24,Select City,8.0,1.0,9.0
2026-08-24,Shakespearesarani,3.0,5.0,8.0
2026-08-24,Sindhu Bhavan Marg,8.0,6.0,14.0
2026-08-24,South Ex.,3.0,3.0,6.0
2026-08-24,Vegas Dwarka,4.0,1.0,5.0
2026-08-24,Viviana Mall,9.0,3.0,12.0
2026-08-25,Ambience Vasant Kunj,9.0,4.0,13.0
2026-08-25,Andheri,6.0,2.0,8.0
2026-08-25,DLF Midtown - Moti Nagar,1.0,0.0,1.0
2026-08-25,Express Avenue,4.0,5.0,9.0
2026-08-25,Gurugram,3.0,5.0,8.0
2026-08-25,Indiranagar,9.0,1.0,10.0
2026-08-25,Inorbit Mall Malad West,5.0,1.0,6.0
2026-08-25,Inorbit mall Hyderabad,17.0,1.0,18.0
2026-08-25,Jaipur Store,5.0,4.0,9.0
2026-08-25,Jubilee Hills,4.0,10.0,14.0
2026-08-25,Juhu Store,10.0,4.0,14.0
2026-08-25,KNK Chennai,3.0,2.0,5.0
2026-08-25,"Kalaghoda, Fort",15.0,12.0,27.0
2026-08-25,Kemps Corner,4.0,13.0,17.0
2026-08-25,Khan Market,5.0,3.0,8.0
2026-08-25,Kochi Store,2.0,2.0,4.0
2026-08-25,Koregaon Park,4.0,5.0,9.0
2026-08-25,LakeShore Mall,6.0,0.0,6.0
2026-08-25,Lavelle Road,2.0,1.0,3.0
2026-08-25,"Mall of India, Noida",9.0,2.0,11.0
2026-08-25,Oberoi Mall Store,8.0,1.0,9.0
2026-08-25,Oberoi Sky City,8.0,2.0,10.0
2026-08-25,PMC Viman Nagar Pune,14.0,3.0,17.0
2026-08-25,Phoenix Marketcity Kurla,4.0,4.0,8.0
2026-08-25,"Phoenix Marketcity, Whitefield",4.0,3.0,7.0
2026-08-25,Phoenix Palassio,5.0,1.0,6.0
2026-08-25,R.K. Salai,3.0,1.0,4.0
2026-08-25,Sarath City-Hyderabad,8.0,6.0,14.0
2026-08-25,Select City,7.0,0.0,7.0
2026-08-25,Shakespearesarani,4.0,4.0,8.0
2026-08-25,Sindhu Bhavan Marg,6.0,12.0,18.0
2026-08-25,South Ex.,4.0,3.0,7.0
2026-08-25,Vegas Dwarka,6.0,0.0,6.0
2026-08-25,Viviana Mall,13.0,2.0,15.0
2026-08-26,Ambience Vasant Kunj,6.0,3.0,9.0
2026-08-26,Andheri,3.0,5.0,8.0
2026-08-26,DLF Midtown - Moti Nagar,2.0,0.0,2.0
2026-08-26,Express Avenue,13.0,2.0,15.0
2026-08-26,Gurugram,4.0,3.0,7.0
2026-08-26,Indiranagar,4.0,2.0,6.0
2026-08-26,Inorbit Mall Malad West,8.0,1.0,9.0
2026-08-26,Inorbit mall Hyderabad,18.0,7.0,25.0
2026-08-26,Jaipur Store,6.0,6.0,12.0
2026-08-26,Jubilee Hills,9.0,14.0,23.0
2026-08-26,Juhu Store,9.0,2.0,11.0
2026-08-26,KNK Chennai,2.0,1.0,3.0
2026-08-26,"Kalaghoda, Fort",8.0,10.0,18.0
2026-08-26,Kemps Corner,8.0,5.0,13.0
2026-08-26,Khan Market,3.0,4.0,7.0
2026-08-26,Kochi Store,0.0,4.0,4.0
2026-08-26,Koregaon Park,3.0,5.0,8.0
2026-08-26,LakeShore Mall,11.0,3.0,14.0
2026-08-26,Lavelle Road,0.0,3.0,3.0
2026-08-26,"Mall of India, Noida",9.0,6.0,15.0
2026-08-26,Oberoi Mall Store,7.0,5.0,12.0
2026-08-26,Oberoi Sky City,13.0,2.0,15.0
2026-08-26,PMC Viman Nagar Pune,10.0,2.0,12.0
2026-08-26,Phoenix Marketcity Kurla,9.0,0.0,9.0
2026-08-26,"Phoenix Marketcity, Whitefield",3.0,2.0,5.0
2026-08-26,Phoenix Palassio,6.0,4.0,10.0
2026-08-26,R.K. Salai,1.0,5.0,6.0
2026-08-26,Sarath City-Hyderabad,14.0,6.0,20.0
2026-08-26,Select City,12.0,4.0,16.0
2026-08-26,Shakespearesarani,3.0,2.0,5.0
2026-08-26,Sindhu Bhavan Marg,7.0,6.0,13.0
2026-08-26,South Ex.,3.0,4.0,7.0
2026-08-26,Vegas Dwarka,8.0,0.0,8.0
2026-08-26,Viviana Mall,14.0,1.0,15.0
2026-08-27,Ambience Vasant Kunj,5.0,5.0,10.0
2026-08-27,Andheri,1.0,4.0,5.0
2026-08-27,DLF Midtown - Moti Nagar,2.0,1.0,3.0
2026-08-27,Express Avenue,7.0,2.0,9.0
2026-08-27,Gurugram,2.0,5.0,7.0
2026-08-27,Indiranagar,4.0,4.0,8.0
2026-08-27,Inorbit Mall Malad West,3.0,1.0,4.0
2026-08-27,Inorbit mall Hyderabad,20.0,6.0,26.0
2026-08-27,Jaipur Store,4.0,1.0,5.0
2026-08-27,Jubilee Hills,9.0,16.0,25.0
2026-08-27,Juhu Store,8.0,5.0,13.0
2026-08-27,KNK Chennai,3.0,3.0,6.0
2026-08-27,"Kalaghoda, Fort",10.0,9.0,19.0
2026-08-27,Kemps Corner,7.0,15.0,22.0
2026-08-27,Khan Market,7.0,5.0,12.0
2026-08-27,Kochi Store,2.0,4.0,6.0
2026-08-27,Koregaon Park,2.0,4.0,6.0
2026-08-27,LakeShore Mall,10.0,0.0,10.0
2026-08-27,Lavelle Road,0.0,3.0,3.0
2026-08-27,"Mall of India, Noida",6.0,3.0,9.0
2026-08-27,Oberoi Mall Store,5.0,4.0,9.0
2026-08-27,Oberoi Sky City,13.0,2.0,15.0
2026-08-27,PMC Viman Nagar Pune,10.0,2.0,12.0
2026-08-27,Phoenix Marketcity Kurla,11.0,4.0,15.0
2026-08-27,"Phoenix Marketcity, Whitefield",1.0,3.0,4.0
2026-08-27,Phoenix Palassio,13.0,1.0,14.0
2026-08-27,R.K. Salai,0.0,2.0,2.0
2026-08-27,Sarath City-Hyderabad,12.0,4.0,16.0
2026-08-27,Select City,7.0,0.0,7.0
2026-08-27,Shakespearesarani,4.0,6.0,10.0
2026-08-27,Sindhu Bhavan Marg,11.0,3.0,14.0
2026-08-27,South Ex.,2.0,2.0,4.0
2026-08-27,Vegas Dwarka,4.0,2.0,6.0
2026-08-27,Viviana Mall,14.0,0.0,14.0
2026-08-28,Ambience Vasant Kunj,5.0,4.0,9.0
2026-08-28,Andheri,4.0,4.0,8.0
2026-08-28,DLF Midtown - Moti Nagar,4.0,1.0,5.0
2026-08-28,Express Avenue,11.0,3.0,14.0
2026-08-28,Gurugram,3.0,2.0,5.0
2026-08-28,Indiranagar,4.0,6.0,10.0
2026-08-28,Inorbit Mall Malad West,7.0,2.0,9.0
2026-08-28,Inorbit mall Hyderabad,1.0,2.0,3.0
2026-08-28,Jaipur Store,0.0,2.0,2.0
2026-08-28,Jubilee Hills,6.0,14.0,20.0
2026-08-28,Juhu Store,10.0,4.0,14.0
2026-08-28,KNK Chennai,5.0,1.0,6.0
2026-08-28,"Kalaghoda, Fort",17.0,8.0,25.0
2026-08-28,Kemps Corner,11.0,24.0,35.0
2026-08-28,Khan Market,8.0,6.0,14.0
2026-08-28,Kochi Store,1.0,2.0,3.0
2026-08-28,Koregaon Park,4.0,2.0,6.0
2026-08-28,LakeShore Mall,12.0,1.0,13.0
2026-08-28,Lavelle Road,2.0,4.0,6.0
2026-08-28,"Mall of India, Noida",6.0,4.0,10.0
2026-08-28,Oberoi Mall Store,5.0,3.0,8.0
2026-08-28,Oberoi Sky City,19.0,4.0,23.0
2026-08-28,PMC Viman Nagar Pune,10.0,0.0,10.0
2026-08-28,Phoenix Marketcity Kurla,8.0,4.0,12.0
2026-08-28,"Phoenix Marketcity, Whitefield",4.0,3.0,7.0
2026-08-28,Phoenix Palassio,6.0,0.0,6.0
2026-08-28,R.K. Salai,2.0,5.0,7.0
2026-08-28,Sarath City-Hyderabad,13.0,4.0,17.0
2026-08-28,Select City,11.0,4.0,15.0
2026-08-28,Shakespearesarani,5.0,3.0,8.0
2026-08-28,Sindhu Bhavan Marg,9.0,9.0,18.0
2026-08-28,South Ex.,3.0,3.0,6.0
2026-08-28,Vegas Dwarka,9.0,4.0,13.0
2026-08-28,Viviana Mall,18.0,1.0,19.0
2026-08-29,Ambience Vasant Kunj,14.0,2.0,16.0
2026-08-29,Andheri,7.0,8.0,15.0
2026-08-29,DLF Midtown - Moti Nagar,5.0,2.0,7.0
2026-08-29,Express Avenue,13.0,5.0,18.0
2026-08-29,Gurugram,6.0,3.0,9.0
2026-08-29,Indiranagar,14.0,9.0,23.0
2026-08-29,Inorbit Mall Malad West,14.0,4.0,18.0
2026-08-29,Inorbit mall Hyderabad,32.0,12.0,44.0
2026-08-29,Jaipur Store,2.0,4.0,6.0
2026-08-29,Jubilee Hills,5.0,13.0,18.0
2026-08-29,Juhu Store,12.0,2.0,14.0
2026-08-29,KNK Chennai,8.0,2.0,10.0
2026-08-29,"Kalaghoda, Fort",15.0,6.0,21.0
2026-08-29,Kemps Corner,7.0,16.0,23.0
2026-08-29,Khan Market,3.0,4.0,7.0
2026-08-29,Koregaon Park,8.0,9.0,17.0
2026-08-29,LakeShore Mall,20.0,2.0,22.0
2026-08-29,Lavelle Road,2.0,8.0,10.0
2026-08-29,"Mall of India, Noida",15.0,7.0,22.0
2026-08-29,Oberoi Mall Store,13.0,7.0,20.0
2026-08-29,Oberoi Sky City,16.0,3.0,19.0
2026-08-29,PMC Viman Nagar Pune,10.0,7.0,17.0
2026-08-29,Phoenix Marketcity Kurla,14.0,3.0,17.0
2026-08-29,"Phoenix Marketcity, Whitefield",24.0,5.0,29.0
2026-08-29,Phoenix Palassio,6.0,1.0,7.0
2026-08-29,R.K. Salai,4.0,4.0,8.0
2026-08-29,Sarath City-Hyderabad,30.0,2.0,32.0
2026-08-29,Select City,15.0,9.0,24.0
2026-08-29,Shakespearesarani,6.0,12.0,18.0
2026-08-29,Sindhu Bhavan Marg,12.0,5.0,17.0
2026-08-29,South Ex.,2.0,3.0,5.0
2026-08-29,Vegas Dwarka,14.0,2.0,16.0
2026-08-29,Viviana Mall,29.0,3.0,32.0
2026-08-30,Ambience Vasant Kunj,9.0,7.0,16.0
2026-08-30,Andheri,5.0,12.0,17.0
2026-08-30,DLF Midtown - Moti Nagar,4.0,4.0,8.0
2026-08-30,Express Avenue,12.0,4.0,16.0
2026-08-30,Gurugram,13.0,7.0,20.0
2026-08-30,Indiranagar,15.0,10.0,25.0
2026-08-30,Inorbit Mall Malad West,16.0,10.0,26.0
2026-08-30,Inorbit mall Hyderabad,39.0,7.0,46.0
2026-08-30,Jaipur Store,6.0,4.0,10.0
2026-08-30,Jubilee Hills,9.0,20.0,29.0
2026-08-30,Juhu Store,8.0,6.0,14.0
2026-08-30,KNK Chennai,1.0,2.0,3.0
2026-08-30,"Kalaghoda, Fort",16.0,23.0,39.0
2026-08-30,Kemps Corner,9.0,11.0,20.0
2026-08-30,Khan Market,9.0,4.0,13.0
2026-08-30,Koregaon Park,6.0,8.0,14.0
2026-08-30,LakeShore Mall,18.0,2.0,20.0
2026-08-30,Lavelle Road,0.0,5.0,5.0
2026-08-30,"Mall of India, Noida",13.0,13.0,26.0
2026-08-30,Oberoi Mall Store,11.0,9.0,20.0
2026-08-30,Oberoi Sky City,26.0,8.0,34.0
2026-08-30,PMC Viman Nagar Pune,28.0,6.0,34.0
2026-08-30,Phoenix Marketcity Kurla,27.0,9.0,36.0
2026-08-30,"Phoenix Marketcity, Whitefield",15.0,7.0,22.0
2026-08-30,Phoenix Palassio,7.0,1.0,8.0
2026-08-30,R.K. Salai,0.0,1.0,1.0
2026-08-30,Sarath City-Hyderabad,38.0,5.0,43.0
2026-08-30,Select City,5.0,10.0,15.0
2026-08-30,Shakespearesarani,5.0,7.0,12.0
2026-08-30,Sindhu Bhavan Marg,12.0,10.0,22.0
2026-08-30,South Ex.,2.0,4.0,6.0
2026-08-30,Vegas Dwarka,12.0,2.0,14.0
2026-08-30,Viviana Mall,39.0,2.0,41.0
2026-08-31,Ambience Vasant Kunj,8.0,0.0,8.0
2026-08-31,Andheri,5.0,9.0,14.0
2026-08-31,DLF Midtown - Moti Nagar,4.0,0.0,4.0
2026-08-31,Express Avenue,7.0,2.0,9.0
2026-08-31,Gurugram,0.0,,0.0
2026-08-31,Indiranagar,8.0,3.0,11.0
2026-08-31,Inorbit Mall Malad West,7.0,1.0,8.0
2026-08-31,Inorbit mall Hyderabad,9.0,3.0,12.0
2026-08-31,Jaipur Store,2.0,4.0,6.0
2026-08-31,Jubilee Hills,10.0,19.0,29.0
2026-08-31,Juhu Store,8.0,3.0,11.0
2026-08-31,KNK Chennai,2.0,4.0,6.0
2026-08-31,Kemps Corner,0.0,7.0,7.0
2026-08-31,Khan Market,3.0,1.0,4.0
2026-08-31,Koregaon Park,5.0,5.0,10.0
2026-08-31,LakeShore Mall,7.0,1.0,8.0
2026-08-31,Lavelle Road,3.0,3.0,6.0
2026-08-31,"Mall of India, Noida",7.0,5.0,12.0
2026-08-31,Oberoi Mall Store,2.0,1.0,3.0
2026-08-31,Oberoi Sky City,10.0,4.0,14.0
2026-08-31,Phoenix Marketcity Kurla,6.0,2.0,8.0
2026-08-31,"Phoenix Marketcity, Whitefield",3.0,0.0,3.0
2026-08-31,Phoenix Palassio,7.0,1.0,8.0
2026-08-31,R.K. Salai,0.0,1.0,1.0
2026-08-31,Sarath City-Hyderabad,7.0,0.0,7.0
2026-08-31,Select City,5.0,4.0,9.0
2026-08-31,Shakespearesarani,0.0,3.0,3.0
2026-08-31,Sindhu Bhavan Marg,3.0,5.0,8.0
2026-08-31,South Ex.,0.0,1.0,1.0
2026-08-31,Vegas Dwarka,4.0,2.0,6.0
2026-08-31,Viviana Mall,18.0,2.0,20.0
2026-09-01,Ambience Vasant Kunj,6.0,0.0,6.0
2026-09-01,Andheri,3.0,3.0,6.0
2026-09-01,DLF Midtown - Moti Nagar,2.0,1.0,3.0
2026-09-01,Express Avenue,5.0,2.0,7.0
2026-09-01,Gurugram,3.0,6.0,9.0
2026-09-01,Indiranagar,5.0,3.0,8.0
2026-09-01,Inorbit Mall Malad West,6.0,1.0,7.0
2026-09-01,Inorbit mall Hyderabad,17.0,2.0,19.0
2026-09-01,Jaipur Store,2.0,2.0,4.0
2026-09-01,Jubilee Hills,4.0,6.0,10.0
2026-09-01,Juhu Store,2.0,1.0,3.0
2026-09-01,KNK Chennai,3.0,1.0,4.0
2026-09-01,"Kalaghoda, Fort",8.0,9.0,17.0
2026-09-01,Kemps Corner,3.0,15.0,18.0
2026-09-01,Khan Market,4.0,7.0,11.0
2026-09-01,Kochi Store,3.0,3.0,6.0
2026-09-01,Koregaon Park,5.0,5.0,10.0
2026-09-01,LakeShore Mall,5.0,0.0,5.0
2026-09-01,Lavelle Road,2.0,2.0,4.0
2026-09-01,"Mall of India, Noida",7.0,5.0,12.0
2026-09-01,Oberoi Mall Store,3.0,3.0,6.0
2026-09-01,Oberoi Sky City,17.0,2.0,19.0
2026-09-01,PMC Viman Nagar Pune,5.0,3.0,8.0
2026-09-01,"Pali Hill, Bandra",5.0,7.0,12.0
2026-09-01,Phoenix Marketcity Kurla,8.0,1.0,9.0
2026-09-01,"Phoenix Marketcity, Whitefield",3.0,0.0,3.0
2026-09-01,Phoenix Palassio,5.0,2.0,7.0
2026-09-01,R.K. Salai,,1.0,1.0
2026-09-01,Sarath City-Hyderabad,20.0,2.0,22.0
2026-09-01,Select City,9.0,4.0,13.0
2026-09-01,Shakespearesarani,4.0,3.0,7.0
2026-09-01,Sindhu Bhavan Marg,3.0,5.0,8.0
2026-09-01,South Ex.,2.0,2.0,4.0
2026-09-01,Vegas Dwarka,4.0,1.0,5.0
2026-09-01,Viviana Mall,10.0,5.0,15.0
2026-09-02,Ambience Vasant Kunj,5.0,1.0,6.0
2026-09-02,Andheri,3.0,2.0,5.0
2026-09-02,DLF Midtown - Moti Nagar,1.0,1.0,2.0
2026-09-02,Express Avenue,8.0,8.0,16.0
2026-09-02,Gurugram,0.0,6.0,6.0
2026-09-02,Indiranagar,0.0,0.0,0.0
2026-09-02,Inorbit Mall Malad West,5.0,2.0,7.0
2026-09-02,Inorbit mall Hyderabad,20.0,6.0,26.0
2026-09-02,Jaipur Store,3.0,2.0,5.0
2026-09-02,Jubilee Hills,4.0,7.0,11.0
2026-09-02,Juhu Store,3.0,1.0,4.0
2026-09-02,KNK Chennai,3.0,2.0,5.0
2026-09-02,"Kalaghoda, Fort",5.0,2.0,7.0
2026-09-02,Kemps Corner,3.0,4.0,7.0
2026-09-02,Khan Market,2.0,3.0,5.0
2026-09-02,Kochi Store,3.0,2.0,5.0
2026-09-02,Koregaon Park,5.0,7.0,12.0
2026-09-02,LakeShore Mall,6.0,0.0,6.0
2026-09-02,Lavelle Road,3.0,0.0,3.0
2026-09-02,"Mall of India, Noida",5.0,0.0,5.0
2026-09-02,Oberoi Mall Store,2.0,4.0,6.0
2026-09-02,Oberoi Sky City,23.0,5.0,28.0
2026-09-02,PMC Viman Nagar Pune,6.0,2.0,8.0
2026-09-02,"Pali Hill, Bandra",7.0,7.0,14.0
2026-09-02,Phoenix Marketcity Kurla,9.0,0.0,9.0
2026-09-02,"Phoenix Marketcity, Whitefield",3.0,3.0,6.0
2026-09-02,Phoenix Palassio,5.0,6.0,11.0
2026-09-02,R.K. Salai,,1.0,1.0
2026-09-02,Sarath City-Hyderabad,14.0,3.0,17.0
2026-09-02,Select City,9.0,3.0,12.0
2026-09-02,Shakespearesarani,2.0,3.0,5.0
2026-09-02,Sindhu Bhavan Marg,4.0,8.0,12.0
2026-09-02,South Ex.,2.0,1.0,3.0
2026-09-02,Vegas Dwarka,3.0,0.0,3.0
2026-09-02,Viviana Mall,10.0,3.0,13.0
2026-09-03,Ambience Vasant Kunj,3.0,1.0,4.0
2026-09-03,Andheri,1.0,3.0,4.0
2026-09-03,DLF Midtown - Moti Nagar,1.0,1.0,2.0
2026-09-03,Express Avenue,8.0,9.0,17.0
2026-09-03,Gurugram,5.0,6.0,11.0
2026-09-03,Indiranagar,4.0,4.0,8.0
2026-09-03,Inorbit Mall Malad West,6.0,2.0,8.0
2026-09-03,Inorbit mall Hyderabad,18.0,4.0,22.0
2026-09-03,Jaipur Store,4.0,2.0,6.0
2026-09-03,Jubilee Hills,6.0,6.0,12.0
2026-09-03,Juhu Store,4.0,1.0,5.0
2026-09-03,KNK Chennai,2.0,5.0,7.0
2026-09-03,"Kalaghoda, Fort",7.0,10.0,17.0
2026-09-03,Kemps Corner,3.0,10.0,13.0
2026-09-03,Khan Market,5.0,0.0,5.0
2026-09-03,Kochi Store,1.0,1.0,2.0
2026-09-03,Koregaon Park,1.0,4.0,5.0
2026-09-03,LakeShore Mall,4.0,2.0,6.0
2026-09-03,Lavelle Road,1.0,6.0,7.0
2026-09-03,"Mall of India, Noida",3.0,1.0,4.0
2026-09-03,Oberoi Mall Store,4.0,2.0,6.0
2026-09-03,Oberoi Sky City,6.0,2.0,8.0
2026-09-03,PMC Viman Nagar Pune,7.0,2.0,9.0
2026-09-03,"Pali Hill, Bandra",5.0,4.0,9.0
2026-09-03,Phoenix Marketcity Kurla,6.0,1.0,7.0
2026-09-03,"Phoenix Marketcity, Whitefield",4.0,0.0,4.0
2026-09-03,Phoenix Palassio,2.0,1.0,3.0
2026-09-03,R.K. Salai,,1.0,1.0
2026-09-03,Sarath City-Hyderabad,9.0,3.0,12.0
2026-09-03,Select City,7.0,1.0,8.0
2026-09-03,Shakespearesarani,2.0,4.0,6.0
2026-09-03,Sindhu Bhavan Marg,5.0,5.0,10.0
2026-09-03,South Ex.,2.0,1.0,3.0
2026-09-03,Vegas Dwarka,3.0,0.0,3.0
2026-09-03,Viviana Mall,17.0,1.0,18.0
2026-09-04,Ambience Vasant Kunj,5.0,1.0,6.0
2026-09-04,Andheri,3.0,0.0,3.0
2026-09-04,DLF Midtown - Moti Nagar,3.0,1.0,4.0
2026-09-04,Express Avenue,6.0,9.0,15.0
2026-09-04,Gurugram,2.0,3.0,5.0
2026-09-04,Indiranagar,6.0,6.0,12.0
2026-09-04,Inorbit Mall Malad West,6.0,2.0,8.0
2026-09-04,Inorbit mall Hyderabad,25.0,4.0,29.0
2026-09-04,Jaipur Store,2.0,2.0,4.0
2026-09-04,Jubilee Hills,5.0,4.0,9.0
2026-09-04,Juhu Store,3.0,2.0,5.0
2026-09-04,KNK Chennai,3.0,5.0,8.0
2026-09-04,"Kalaghoda, Fort",8.0,10.0,18.0
2026-09-04,Kemps Corner,3.0,7.0,10.0
2026-09-04,Khan Market,6.0,0.0,6.0
2026-09-04,Kochi Store,0.0,3.0,3.0
2026-09-04,Koregaon Park,7.0,7.0,14.0
2026-09-04,LakeShore Mall,7.0,1.0,8.0
2026-09-04,Lavelle Road,2.0,5.0,7.0
2026-09-04,"Mall of India, Noida",9.0,9.0,18.0
2026-09-04,Oberoi Mall Store,4.0,1.0,5.0
2026-09-04,Oberoi Sky City,6.0,4.0,10.0
2026-09-04,PMC Viman Nagar Pune,6.0,3.0,9.0
2026-09-04,"Pali Hill, Bandra",3.0,11.0,14.0
2026-09-04,Phoenix Marketcity Kurla,4.0,2.0,6.0
2026-09-04,"Phoenix Marketcity, Whitefield",5.0,2.0,7.0
2026-09-04,Phoenix Palassio,7.0,3.0,10.0
2026-09-04,R.K. Salai,,1.0,1.0
2026-09-04,Sarath City-Hyderabad,11.0,1.0,12.0
2026-09-04,Select City,7.0,6.0,13.0
2026-09-04,Shakespearesarani,4.0,3.0,7.0
2026-09-04,Sindhu Bhavan Marg,16.0,8.0,24.0
2026-09-04,South Ex.,3.0,2.0,5.0
2026-09-04,Vegas Dwarka,7.0,2.0,9.0
2026-09-04,Viviana Mall,11.0,7.0,18.0
2026-09-05,Ambience Vasant Kunj,14.0,5.0,19.0
2026-09-05,Andheri,6.0,5.0,11.0
2026-09-05,DLF Midtown - Moti Nagar,3.0,1.0,4.0
2026-09-05,Express Avenue,11.0,5.0,16.0
2026-09-05,Gurugram,14.0,5.0,19.0
2026-09-05,Indiranagar,13.0,3.0,16.0
2026-09-05,Inorbit Mall Malad West,21.0,1.0,22.0
2026-09-05,Inorbit mall Hyderabad,29.0,5.0,34.0
2026-09-05,Jaipur Store,4.0,4.0,8.0
2026-09-05,Jubilee Hills,11.0,10.0,21.0
2026-09-05,Juhu Store,10.0,4.0,14.0
2026-09-05,KNK Chennai,4.0,0.0,4.0
2026-09-05,"Kalaghoda, Fort",18.0,9.0,27.0
2026-09-05,Kemps Corner,10.0,18.0,28.0
2026-09-05,Khan Market,8.0,4.0,12.0
2026-09-05,Kochi Store,1.0,0.0,1.0
2026-09-05,Koregaon Park,8.0,10.0,18.0
2026-09-05,LakeShore Mall,18.0,0.0,18.0
2026-09-05,Lavelle Road,2.0,4.0,6.0
2026-09-05,"Mall of India, Noida",12.0,3.0,15.0
2026-09-05,Oberoi Mall Store,8.0,13.0,21.0
2026-09-05,Oberoi Sky City,28.0,4.0,32.0
2026-09-05,PMC Viman Nagar Pune,13.0,4.0,17.0
2026-09-05,"Pali Hill, Bandra",7.0,16.0,23.0
2026-09-05,Phoenix Marketcity Kurla,23.0,4.0,27.0
2026-09-05,"Phoenix Marketcity, Whitefield",22.0,8.0,30.0
2026-09-05,Phoenix Palassio,5.0,5.0,10.0
2026-09-05,R.K. Salai,,1.0,1.0
2026-09-05,Sarath City-Hyderabad,28.0,7.0,35.0
2026-09-05,Select City,12.0,5.0,17.0
2026-09-05,Shakespearesarani,8.0,7.0,15.0
2026-09-05,Sindhu Bhavan Marg,7.0,7.0,14.0
2026-09-05,South Ex.,0.0,3.0,3.0
2026-09-05,Vegas Dwarka,8.0,2.0,10.0
2026-09-05,Viviana Mall,22.0,10.0,32.0
2026-09-06,Ambience Vasant Kunj,19.0,8.0,27.0
2026-09-06,Andheri,1.0,9.0,10.0
2026-09-06,DLF Midtown - Moti Nagar,4.0,3.0,7.0
2026-09-06,Express Avenue,15.0,10.0,25.0
2026-09-06,Gurugram,4.0,9.0,13.0
2026-09-06,Indiranagar,14.0,9.0,23.0
2026-09-06,Inorbit Mall Malad West,25.0,7.0,32.0
2026-09-06,Inorbit mall Hyderabad,28.0,8.0,36.0
2026-09-06,Jaipur Store,10.0,3.0,13.0
2026-09-06,Jubilee Hills,6.0,15.0,21.0
2026-09-06,Juhu Store,12.0,6.0,18.0
2026-09-06,KNK Chennai,7.0,3.0,10.0
2026-09-06,"Kalaghoda, Fort",25.0,10.0,35.0
2026-09-06,Kemps Corner,9.0,11.0,20.0
2026-09-06,Khan Market,5.0,2.0,7.0
2026-09-06,Kochi Store,4.0,2.0,6.0
2026-09-06,Koregaon Park,8.0,6.0,14.0
2026-09-06,LakeShore Mall,20.0,1.0,21.0
2026-09-06,Lavelle Road,6.0,7.0,13.0
2026-09-06,"Mall of India, Noida",15.0,6.0,21.0
2026-09-06,Oberoi Mall Store,13.0,14.0,27.0
2026-09-06,Oberoi Sky City,35.0,10.0,45.0
2026-09-06,PMC Viman Nagar Pune,15.0,5.0,20.0
2026-09-06,"Pali Hill, Bandra",6.0,11.0,17.0
2026-09-06,Phoenix Marketcity Kurla,21.0,10.0,31.0
2026-09-06,"Phoenix Marketcity, Whitefield",21.0,9.0,30.0
2026-09-06,Phoenix Palassio,10.0,7.0,17.0
2026-09-06,R.K. Salai,,1.0,1.0
2026-09-06,Sarath City-Hyderabad,31.0,1.0,32.0
2026-09-06,Select City,15.0,10.0,25.0
2026-09-06,Shakespearesarani,8.0,5.0,13.0
2026-09-06,Sindhu Bhavan Marg,16.0,14.0,30.0
2026-09-06,South Ex.,3.0,5.0,8.0
2026-09-06,Vegas Dwarka,10.0,5.0,15.0
2026-09-06,Viviana Mall,30.0,5.0,35.0
2026-09-07,Ambience Vasant Kunj,5.0,2.0,7.0
2026-09-07,Andheri,3.0,3.0,6.0
2026-09-07,DLF Midtown - Moti Nagar,2.0,1.0,3.0
2026-09-07,Express Avenue,6.0,0.0,6.0
2026-09-07,Gurugram,4.0,3.0,7.0
2026-09-07,Indiranagar,4.0,7.0,11.0
2026-09-07,Inorbit Mall Malad West,12.0,2.0,14.0
2026-09-07,Inorbit mall Hyderabad,15.0,3.0,18.0
2026-09-07,Jaipur Store,2.0,2.0,4.0
2026-09-07,Jubilee Hills,2.0,5.0,7.0
2026-09-07,Juhu Store,6.0,2.0,8.0
2026-09-07,KNK Chennai,1.0,3.0,4.0
2026-09-07,"Kalaghoda, Fort",8.0,7.0,15.0
2026-09-07,Kemps Corner,7.0,6.0,13.0
2026-09-07,Khan Market,6.0,4.0,10.0
2026-09-07,Kochi Store,0.0,2.0,2.0
2026-09-07,Koregaon Park,7.0,9.0,16.0
2026-09-07,LakeShore Mall,5.0,2.0,7.0
2026-09-07,Lavelle Road,2.0,4.0,6.0
2026-09-07,"Mall of India, Noida",3.0,2.0,5.0
2026-09-07,Oberoi Mall Store,8.0,1.0,9.0
2026-09-07,Oberoi Sky City,,3.0,3.0
2026-09-07,PMC Viman Nagar Pune,4.0,1.0,5.0
2026-09-07,"Pali Hill, Bandra",7.0,6.0,13.0
2026-09-07,Phoenix Marketcity Kurla,4.0,0.0,4.0
2026-09-07,"Phoenix Marketcity, Whitefield",8.0,0.0,8.0
2026-09-07,Phoenix Palassio,6.0,2.0,8.0
2026-09-07,R.K. Salai,,1.0,1.0
2026-09-07,Sarath City-Hyderabad,9.0,3.0,12.0
2026-09-07,Select City,7.0,4.0,11.0
2026-09-07,Shakespearesarani,5.0,3.0,8.0
2026-09-07,Sindhu Bhavan Marg,2.0,8.0,10.0
2026-09-07,South Ex.,0.0,2.0,2.0
2026-09-07,Vegas Dwarka,4.0,1.0,5.0
2026-09-07,Viviana Mall,15.0,3.0,18.0
2026-09-08,Ambience Vasant Kunj,3.0,3.0,6.0
2026-09-08,Andheri,1.0,8.0,9.0
2026-09-08,DLF Midtown - Moti Nagar,1.0,1.0,2.0
2026-09-08,Express Avenue,8.0,6.0,14.0
2026-09-08,Gurugram,6.0,6.0,12.0
2026-09-08,Indiranagar,4.0,1.0,5.0
2026-09-08,Inorbit Mall Malad West,6.0,0.0,6.0
2026-09-08,Inorbit mall Hyderabad,15.0,1.0,16.0
2026-09-08,Jaipur Store,,1.0,1.0
2026-09-08,Jubilee Hills,8.0,8.0,16.0
2026-09-08,Juhu Store,6.0,3.0,9.0
2026-09-08,KNK Chennai,2.0,1.0,3.0
2026-09-08,"Kalaghoda, Fort",9.0,5.0,14.0
2026-09-08,Kemps Corner,4.0,4.0,8.0
2026-09-08,Khan Market,12.0,4.0,16.0
2026-09-08,Kochi Store,4.0,2.0,6.0
2026-09-08,Koregaon Park,5.0,7.0,12.0
2026-09-08,LakeShore Mall,4.0,3.0,7.0
2026-09-08,Lavelle Road,0.0,3.0,3.0
2026-09-08,"Mall of India, Noida",11.0,2.0,13.0
2026-09-08,Oberoi Mall Store,4.0,2.0,6.0
2026-09-08,Oberoi Sky City,8.0,3.0,11.0
2026-09-08,PMC Viman Nagar Pune,3.0,1.0,4.0
2026-09-08,"Pali Hill, Bandra",2.0,10.0,12.0
2026-09-08,Phoenix Marketcity Kurla,10.0,1.0,11.0
2026-09-08,"Phoenix Marketcity, Whitefield",3.0,2.0,5.0
2026-09-08,Phoenix Palassio,5.0,4.0,9.0
2026-09-08,R.K. Salai,,1.0,1.0
2026-09-08,Sarath City-Hyderabad,9.0,3.0,12.0
2026-09-08,Select City,8.0,2.0,10.0
2026-09-08,Shakespearesarani,3.0,1.0,4.0
2026-09-08,Sindhu Bhavan Marg,10.0,4.0,14.0
2026-09-08,South Ex.,2.0,1.0,3.0
2026-09-08,Vegas Dwarka,2.0,1.0,3.0
2026-09-08,Viviana Mall,9.0,3.0,12.0
2026-09-09,Ambience Vasant Kunj,8.0,2.0,10.0
2026-09-09,Andheri,2.0,1.0,3.0
2026-09-09,DLF Midtown - Moti Nagar,1.0,1.0,2.0
2026-09-09,Express Avenue,6.0,3.0,9.0
2026-09-09,Gurugram,4.0,6.0,10.0
2026-09-09,Indiranagar,5.0,5.0,10.0
2026-09-09,Inorbit Mall Malad West,4.0,1.0,5.0
2026-09-09,Inorbit mall Hyderabad,15.0,3.0,18.0
2026-09-09,Jaipur Store,2.0,2.0,4.0
2026-09-09,Jubilee Hills,5.0,13.0,18.0
2026-09-09,Juhu Store,7.0,0.0,7.0
2026-09-09,KNK Chennai,0.0,1.0,1.0
2026-09-09,"Kalaghoda, Fort",4.0,11.0,15.0
2026-09-09,Kemps Corner,4.0,5.0,9.0
2026-09-09,Khan Market,4.0,5.0,9.0
2026-09-09,Kochi Store,1.0,4.0,5.0
2026-09-09,Koregaon Park,3.0,5.0,8.0
2026-09-09,LakeShore Mall,10.0,0.0,10.0
2026-09-09,Lavelle Road,0.0,2.0,2.0
2026-09-09,"Mall of India, Noida",5.0,6.0,11.0
2026-09-09,Oberoi Mall Store,2.0,1.0,3.0
2026-09-09,Oberoi Sky City,7.0,3.0,10.0
2026-09-09,PMC Viman Nagar Pune,4.0,1.0,5.0
2026-09-09,"Pali Hill, Bandra",8.0,5.0,13.0
2026-09-09,Phoenix Marketcity Kurla,12.0,3.0,15.0
2026-09-09,"Phoenix Marketcity, Whitefield",7.0,3.0,10.0
2026-09-09,Phoenix Palassio,10.0,2.0,12.0
2026-09-09,R.K. Salai,,1.0,1.0
2026-09-09,Sarath City-Hyderabad,8.0,1.0,9.0
2026-09-09,Select City,6.0,3.0,9.0
2026-09-09,Shakespearesarani,2.0,4.0,6.0
2026-09-09,Sindhu Bhavan Marg,2.0,12.0,14.0
2026-09-09,South Ex.,0.0,0.0,0.0
2026-09-09,Vegas Dwarka,3.0,2.0,5.0
2026-09-09,Viviana Mall,8.0,3.0,11.0
2026-09-10,Ambience Vasant Kunj,16.0,2.0,18.0
2026-09-10,Andheri,5.0,3.0,8.0
2026-09-10,DLF Midtown - Moti Nagar,1.0,,1.0
2026-09-10,Express Avenue,11.0,0.0,11.0
2026-09-10,Gurugram,4.0,6.0,10.0
2026-09-10,Indiranagar,5.0,4.0,9.0
2026-09-10,Inorbit Mall Malad West,6.0,1.0,7.0
2026-09-10,Inorbit mall Hyderabad,13.0,7.0,20.0
2026-09-10,Jaipur Store,8.0,4.0,12.0
2026-09-10,Jubilee Hills,10.0,13.0,23.0
2026-09-10,Juhu Store,8.0,3.0,11.0
2026-09-10,KNK Chennai,5.0,7.0,12.0
2026-09-10,"Kalaghoda, Fort",11.0,11.0,22.0
2026-09-10,Kemps Corner,6.0,9.0,15.0
2026-09-10,Khan Market,5.0,2.0,7.0
2026-09-10,Kochi Store,1.0,1.0,2.0
2026-09-10,Koregaon Park,6.0,4.0,10.0
2026-09-10,LakeShore Mall,7.0,0.0,7.0
2026-09-10,Lavelle Road,3.0,5.0,8.0
2026-09-10,"Mall of India, Noida",8.0,2.0,10.0
2026-09-10,Oberoi Mall Store,5.0,3.0,8.0
2026-09-10,Oberoi Sky City,5.0,7.0,12.0
2026-09-10,PMC Viman Nagar Pune,9.0,0.0,9.0
2026-09-10,"Pali Hill, Bandra",4.0,5.0,9.0
2026-09-10,Phoenix Marketcity Kurla,7.0,1.0,8.0
2026-09-10,"Phoenix Marketcity, Whitefield",5.0,3.0,8.0
2026-09-10,Phoenix Palassio,8.0,2.0,10.0
2026-09-10,R.K. Salai,,1.0,1.0
2026-09-10,Sarath City-Hyderabad,7.0,1.0,8.0
2026-09-10,Select City,9.0,0.0,9.0
2026-09-10,Shakespearesarani,3.0,5.0,8.0
2026-09-10,Sindhu Bhavan Marg,8.0,1.0,9.0
2026-09-10,South Ex.,3.0,0.0,3.0
2026-09-10,Vegas Dwarka,2.0,0.0,2.0
2026-09-10,Viviana Mall,3.0,2.0,5.0
2026-09-11,Ambience Vasant Kunj,8.0,2.0,10.0
2026-09-11,Andheri,1.0,6.0,7.0
2026-09-11,DLF Midtown - Moti Nagar,1.0,2.0,3.0
2026-09-11,Express Avenue,7.0,2.0,9.0
2026-09-11,Gurugram,4.0,1.0,5.0
2026-09-11,Indiranagar,2.0,3.0,5.0
2026-09-11,Inorbit Mall Malad West,8.0,0.0,8.0
2026-09-11,Inorbit mall Hyderabad,21.0,1.0,22.0
2026-09-11,Jaipur Store,5.0,8.0,13.0
2026-09-11,Jubilee Hills,6.0,5.0,11.0
2026-09-11,Juhu Store,14.0,2.0,16.0
2026-09-11,KNK Chennai,0.0,4.0,4.0
2026-09-11,"Kalaghoda, Fort",5.0,7.0,12.0
2026-09-11,Kemps Corner,3.0,7.0,10.0
2026-09-11,Khan Market,3.0,3.0,6.0
2026-09-11,Kochi Store,0.0,1.0,1.0
2026-09-11,Koregaon Park,2.0,9.0,11.0
2026-09-11,LakeShore Mall,5.0,2.0,7.0
2026-09-11,Lavelle Road,1.0,4.0,5.0
2026-09-11,"Mall of India, Noida",8.0,2.0,10.0
2026-09-11,Oberoi Mall Store,6.0,3.0,9.0
2026-09-11,Oberoi Sky City,11.0,2.0,13.0
2026-09-11,PMC Viman Nagar Pune,8.0,0.0,8.0
2026-09-11,"Pali Hill, Bandra",6.0,5.0,11.0
2026-09-11,Phoenix Marketcity Kurla,4.0,4.0,8.0
2026-09-11,"Phoenix Marketcity, Whitefield",1.0,2.0,3.0
2026-09-11,Phoenix Palassio,9.0,3.0,12.0
2026-09-11,R.K. Salai,,1.0,1.0
2026-09-11,Sarath City-Hyderabad,17.0,4.0,21.0
2026-09-11,Select City,6.0,5.0,11.0
2026-09-11,Shakespearesarani,5.0,9.0,14.0
2026-09-11,Sindhu Bhavan Marg,3.0,8.0,11.0
2026-09-11,South Ex.,4.0,1.0,5.0
2026-09-11,Vegas Dwarka,11.0,0.0,11.0
2026-09-11,Viviana Mall,21.0,4.0,25.0
2026-09-12,Ambience Vasant Kunj,8.0,4.0,12.0
2026-09-12,Andheri,1.0,6.0,7.0
2026-09-12,DLF Midtown - Moti Nagar,3.0,5.0,8.0
2026-09-12,Express Avenue,17.0,3.0,20.0
2026-09-12,Gurugram,7.0,9.0,16.0
2026-09-12,Indiranagar,12.0,12.0,24.0
2026-09-12,Inorbit Mall Malad West,24.0,6.0,30.0
2026-09-12,Inorbit mall Hyderabad,31.0,6.0,37.0
2026-09-12,Jaipur Store,4.0,6.0,10.0
2026-09-12,Jubilee Hills,12.0,11.0,23.0
2026-09-12,Juhu Store,11.0,9.0,20.0
2026-09-12,KNK Chennai,5.0,1.0,6.0
2026-09-12,"Kalaghoda, Fort",7.0,5.0,12.0
2026-09-12,Kemps Corner,10.0,20.0,30.0
2026-09-12,Khan Market,3.0,5.0,8.0
2026-09-12,Kochi Store,2.0,4.0,6.0
2026-09-12,Koregaon Park,6.0,8.0,14.0
2026-09-12,LakeShore Mall,22.0,0.0,22.0
2026-09-12,Lavelle Road,3.0,5.0,8.0
2026-09-12,"Mall of India, Noida",14.0,6.0,20.0
2026-09-12,Oberoi Mall Store,8.0,5.0,13.0
2026-09-12,Oberoi Sky City,19.0,7.0,26.0
2026-09-12,PMC Viman Nagar Pune,16.0,3.0,19.0
2026-09-12,"Pali Hill, Bandra",7.0,15.0,22.0
2026-09-12,Phoenix Marketcity Kurla,21.0,6.0,27.0
2026-09-12,"Phoenix Marketcity, Whitefield",20.0,5.0,25.0
2026-09-12,Phoenix Palassio,6.0,2.0,8.0
2026-09-12,R.K. Salai,,1.0,1.0
2026-09-12,Sarath City-Hyderabad,34.0,8.0,42.0
2026-09-12,Select City,10.0,4.0,14.0
2026-09-12,Shakespearesarani,3.0,3.0,6.0
2026-09-12,Sindhu Bhavan Marg,6.0,8.0,14.0
2026-09-12,South Ex.,4.0,5.0,9.0
2026-09-12,Vegas Dwarka,10.0,3.0,13.0
2026-09-12,Viviana Mall,22.0,10.0,32.0
2026-09-13,Ambience Vasant Kunj,18.0,10.0,28.0
2026-09-13,Andheri,3.0,5.0,8.0
2026-09-13,DLF Midtown - Moti Nagar,4.0,2.0,6.0
2026-09-13,Express Avenue,7.0,5.0,12.0
2026-09-13,Gurugram,10.0,13.0,23.0
2026-09-13,Indiranagar,11.0,9.0,20.0
2026-09-13,Inorbit Mall Malad West,28.0,3.0,31.0
2026-09-13,Inorbit mall Hyderabad,44.0,14.0,58.0
2026-09-13,Jaipur Store,5.0,6.0,11.0
2026-09-13,Jubilee Hills,16.0,14.0,30.0
2026-09-13,Juhu Store,5.0,5.0,10.0
2026-09-13,KNK Chennai,6.0,7.0,13.0
2026-09-13,"Kalaghoda, Fort",12.0,12.0,24.0
2026-09-13,Kemps Corner,13.0,10.0,23.0
2026-09-13,Khan Market,5.0,6.0,11.0
2026-09-13,Kochi Store,2.0,0.0,2.0
2026-09-13,Koregaon Park,3.0,10.0,13.0
2026-09-13,LakeShore Mall,25.0,1.0,26.0
2026-09-13,Lavelle Road,2.0,4.0,6.0
2026-09-13,"Mall of India, Noida",17.0,5.0,22.0
2026-09-13,Oberoi Mall Store,11.0,8.0,19.0
2026-09-13,Oberoi Sky City,25.0,6.0,31.0
2026-09-13,PMC Viman Nagar Pune,14.0,5.0,19.0
2026-09-13,"Pali Hill, Bandra",8.0,13.0,21.0
2026-09-13,Phoenix Marketcity Kurla,14.0,5.0,19.0
2026-09-13,"Phoenix Marketcity, Whitefield",27.0,3.0,30.0
2026-09-13,Phoenix Palassio,5.0,6.0,11.0
2026-09-13,R.K. Salai,,1.0,1.0
2026-09-13,Sarath City-Hyderabad,33.0,6.0,39.0
2026-09-13,Select City,12.0,7.0,19.0
2026-09-13,Shakespearesarani,7.0,10.0,17.0
2026-09-13,Sindhu Bhavan Marg,13.0,11.0,24.0
2026-09-13,South Ex.,2.0,7.0,9.0
2026-09-13,Vegas Dwarka,8.0,3.0,11.0
2026-09-13,Viviana Mall,28.0,7.0,35.0
2026-09-14,Ambience Vasant Kunj,11.0,3.0,14.0
2026-09-14,Andheri,3.0,5.0,8.0
2026-09-14,DLF Midtown - Moti Nagar,3.0,0.0,3.0
2026-09-14,Express Avenue,11.0,5.0,16.0
2026-09-14,Gurugram,0.0,9.0,9.0
2026-09-14,Indiranagar,5.0,4.0,9.0
2026-09-14,Inorbit Mall Malad West,14.0,2.0,16.0
2026-09-14,Inorbit mall Hyderabad,19.0,6.0,25.0
2026-09-14,Jaipur Store,4.0,6.0,10.0
2026-09-14,Jubilee Hills,2.0,13.0,15.0
2026-09-14,Juhu Store,5.0,2.0,7.0
2026-09-14,KNK Chennai,4.0,2.0,6.0
2026-09-14,"Kalaghoda, Fort",3.0,2.0,5.0
2026-09-14,Kemps Corner,5.0,9.0,14.0
2026-09-14,Khan Market,7.0,5.0,12.0
2026-09-14,Kochi Store,2.0,4.0,6.0
2026-09-14,Koregaon Park,3.0,6.0,9.0
2026-09-14,LakeShore Mall,13.0,1.0,14.0
2026-09-14,Lavelle Road,1.0,3.0,4.0
2026-09-14,"Mall of India, Noida",8.0,1.0,9.0
2026-09-14,Oberoi Mall Store,4.0,3.0,7.0
2026-09-14,Oberoi Sky City,12.0,3.0,15.0
2026-09-14,PMC Viman Nagar Pune,14.0,1.0,15.0
2026-09-14,"Pali Hill, Bandra",12.0,11.0,23.0
2026-09-14,Phoenix Marketcity Kurla,7.0,3.0,10.0
2026-09-14,"Phoenix Marketcity, Whitefield",17.0,3.0,20.0
2026-09-14,Phoenix Palassio,8.0,2.0,10.0
2026-09-14,R.K. Salai,,1.0,1.0
2026-09-14,Sarath City-Hyderabad,13.0,3.0,16.0
2026-09-14,Select City,5.0,3.0,8.0
2026-09-14,Shakespearesarani,4.0,7.0,11.0
2026-09-14,Sindhu Bhavan Marg,2.0,0.0,2.0
2026-09-14,South Ex.,3.0,4.0,7.0
2026-09-14,Vegas Dwarka,2.0,2.0,4.0
2026-09-14,Viviana Mall,13.0,0.0,13.0
2026-09-15,Ambience Vasant Kunj,14.0,2.0,16.0
2026-09-15,Andheri,3.0,2.0,5.0
2026-09-15,DLF Midtown - Moti Nagar,2.0,0.0,2.0
2026-09-15,Express Avenue,6.0,2.0,8.0
2026-09-15,Gurugram,4.0,7.0,11.0
2026-09-15,Indiranagar,2.0,2.0,4.0
2026-09-15,Inorbit Mall Malad West,4.0,0.0,4.0
2026-09-15,Inorbit mall Hyderabad,15.0,1.0,16.0
2026-09-15,Jaipur Store,3.0,9.0,12.0
2026-09-15,Jubilee Hills,5.0,7.0,12.0
2026-09-15,Juhu Store,3.0,2.0,5.0
2026-09-15,KNK Chennai,3.0,1.0,4.0
2026-09-15,"Kalaghoda, Fort",3.0,7.0,10.0
2026-09-15,Kemps Corner,1.0,7.0,8.0
2026-09-15,Khan Market,9.0,6.0,15.0
2026-09-15,Kochi Store,2.0,1.0,3.0
2026-09-15,Koregaon Park,5.0,2.0,7.0
2026-09-15,LakeShore Mall,7.0,0.0,7.0
2026-09-15,Lavelle Road,1.0,1.0,2.0
2026-09-15,"Mall of India, Noida",14.0,3.0,17.0
2026-09-15,Oberoi Mall Store,3.0,3.0,6.0
2026-09-15,Oberoi Sky City,11.0,4.0,15.0
2026-09-15,PMC Viman Nagar Pune,5.0,2.0,7.0
2026-09-15,"Pali Hill, Bandra",6.0,1.0,7.0
2026-09-15,Phoenix Marketcity Kurla,5.0,1.0,6.0
2026-09-15,"Phoenix Marketcity, Whitefield",2.0,2.0,4.0
2026-09-15,Phoenix Palassio,10.0,1.0,11.0
2026-09-15,Sarath City-Hyderabad,14.0,3.0,17.0
2026-09-15,Select City,7.0,2.0,9.0
2026-09-15,Shakespearesarani,4.0,3.0,7.0
2026-09-15,Sindhu Bhavan Marg,2.0,4.0,6.0
2026-09-15,South Ex.,6.0,2.0,8.0
2026-09-15,Vegas Dwarka,3.0,3.0,6.0
2026-09-15,Viviana Mall,14.0,1.0,15.0
2026-09-16,Ambience Vasant Kunj,9.0,2.0,11.0
2026-09-16,Andheri,1.0,1.0,2.0
2026-09-16,DLF Midtown - Moti Nagar,1.0,0.0,1.0
2026-09-16,Express Avenue,6.0,4.0,10.0
2026-09-16,Gurugram,1.0,6.0,7.0
2026-09-16,Indiranagar,3.0,0.0,3.0
2026-09-16,Inorbit Mall Malad West,4.0,2.0,6.0
2026-09-16,Inorbit mall Hyderabad,17.0,2.0,19.0
2026-09-16,Jaipur Store,6.0,3.0,9.0
2026-09-16,Jubilee Hills,5.0,5.0,10.0
2026-09-16,Juhu Store,2.0,4.0,6.0
2026-09-16,KNK Chennai,2.0,1.0,3.0
2026-09-16,"Kalaghoda, Fort",9.0,5.0,14.0
2026-09-16,Kemps Corner,5.0,12.0,17.0
2026-09-16,Khan Market,5.0,8.0,13.0
2026-09-16,Kochi Store,1.0,1.0,2.0
2026-09-16,Koregaon Park,6.0,2.0,8.0
2026-09-16,LakeShore Mall,5.0,2.0,7.0
2026-09-16,Lavelle Road,4.0,1.0,5.0
2026-09-16,"Mall of India, Noida",8.0,5.0,13.0
2026-09-16,Oberoi Mall Store,5.0,0.0,5.0
2026-09-16,Oberoi Sky City,12.0,1.0,13.0
2026-09-16,PMC Viman Nagar Pune,8.0,0.0,8.0
2026-09-16,"Pali Hill, Bandra",2.0,13.0,15.0
2026-09-16,Phoenix Marketcity Kurla,5.0,1.0,6.0
2026-09-16,"Phoenix Marketcity, Whitefield",2.0,3.0,5.0
2026-09-16,Phoenix Palassio,4.0,2.0,6.0
2026-09-16,Sarath City-Hyderabad,14.0,2.0,16.0
2026-09-16,Select City,4.0,4.0,8.0
2026-09-16,Shakespearesarani,1.0,6.0,7.0
2026-09-16,Sindhu Bhavan Marg,4.0,10.0,14.0
2026-09-16,South Ex.,1.0,3.0,4.0
2026-09-16,Vegas Dwarka,5.0,1.0,6.0
2026-09-16,Viviana Mall,10.0,0.0,10.0
2026-09-17,Ambience Vasant Kunj,8.0,2.0,10.0
2026-09-17,Andheri,2.0,4.0,6.0
2026-09-17,DLF Midtown - Moti Nagar,2.0,0.0,2.0
2026-09-17,Express Avenue,7.0,11.0,18.0
2026-09-17,Gurugram,7.0,1.0,8.0
2026-09-17,Indiranagar,3.0,3.0,6.0
2026-09-17,Inorbit Mall Malad West,7.0,0.0,7.0
2026-09-17,Inorbit mall Hyderabad,26.0,6.0,32.0
2026-09-17,Jaipur Store,2.0,2.0,4.0
2026-09-17,Jubilee Hills,7.0,10.0,17.0
2026-09-17,Juhu Store,3.0,1.0,4.0
2026-09-17,KNK Chennai,4.0,1.0,5.0
2026-09-17,"Kalaghoda, Fort",14.0,9.0,23.0
2026-09-17,Kemps Corner,4.0,6.0,10.0
2026-09-17,Khan Market,5.0,4.0,9.0
2026-09-17,Kochi Store,0.0,2.0,2.0
2026-09-17,Koregaon Park,3.0,6.0,9.0
2026-09-17,LakeShore Mall,11.0,1.0,12.0
2026-09-17,Lavelle Road,3.0,2.0,5.0
2026-09-17,"Mall of India, Noida",7.0,6.0,13.0
2026-09-17,Oberoi Mall Store,3.0,2.0,5.0
2026-09-17,Oberoi Sky City,16.0,5.0,21.0
2026-09-17,PMC Viman Nagar Pune,7.0,1.0,8.0
2026-09-17,"Pali Hill, Bandra",3.0,4.0,7.0
2026-09-17,Phoenix Marketcity Kurla,5.0,3.0,8.0
2026-09-17,"Phoenix Marketcity, Whitefield",2.0,2.0,4.0
2026-09-17,Phoenix Palassio,5.0,2.0,7.0
2026-09-17,Sarath City-Hyderabad,12.0,1.0,13.0
2026-09-17,Select City,8.0,9.0,17.0
2026-09-17,Shakespearesarani,4.0,2.0,6.0
2026-09-17,Sindhu Bhavan Marg,4.0,4.0,8.0
2026-09-17,South Ex.,3.0,5.0,8.0
2026-09-17,Vegas Dwarka,5.0,4.0,9.0
2026-09-17,Viviana Mall,12.0,6.0,18.0
2026-09-18,Ambience Vasant Kunj,8.0,8.0,16.0
2026-09-18,Andheri,3.0,3.0,6.0
2026-09-18,DLF Midtown - Moti Nagar,2.0,0.0,2.0
2026-09-18,Express Avenue,3.0,3.0,6.0
2026-09-18,Gurugram,1.0,3.0,4.0
2026-09-18,Indiranagar,0.0,0.0,0.0
2026-09-18,Inorbit Mall Malad West,18.0,0.0,18.0
2026-09-18,Inorbit mall Hyderabad,19.0,1.0,20.0
2026-09-18,Jaipur Store,4.0,2.0,6.0
2026-09-18,Jubilee Hills,6.0,8.0,14.0
2026-09-18,Juhu Store,1.0,6.0,7.0
2026-09-18,KNK Chennai,5.0,2.0,7.0
2026-09-18,"Kalaghoda, Fort",16.0,7.0,23.0
2026-09-18,Kemps Corner,3.0,12.0,15.0
2026-09-18,Khan Market,5.0,5.0,10.0
2026-09-18,Kochi Store,0.0,3.0,3.0
2026-09-18,Koregaon Park,7.0,6.0,13.0
2026-09-18,LakeShore Mall,5.0,0.0,5.0
2026-09-18,Lavelle Road,0.0,0.0,0.0
2026-09-18,"Mall of India, Noida",12.0,2.0,14.0
2026-09-18,Oberoi Mall Store,6.0,1.0,7.0
2026-09-18,Oberoi Sky City,11.0,0.0,11.0
2026-09-18,PMC Viman Nagar Pune,12.0,1.0,13.0
2026-09-18,"Pali Hill, Bandra",3.0,4.0,7.0
2026-09-18,Phoenix Marketcity Kurla,9.0,1.0,10.0
2026-09-18,"Phoenix Marketcity, Whitefield",3.0,1.0,4.0
2026-09-18,Phoenix Palassio,4.0,5.0,9.0
2026-09-18,Sarath City-Hyderabad,11.0,0.0,11.0
2026-09-18,Select City,3.0,5.0,8.0
2026-09-18,Shakespearesarani,7.0,3.0,10.0
2026-09-18,Sindhu Bhavan Marg,3.0,7.0,10.0
2026-09-18,South Ex.,1.0,2.0,3.0
2026-09-18,Vegas Dwarka,6.0,2.0,8.0
2026-09-18,Viviana Mall,10.0,2.0,12.0
2026-09-19,Ambience Vasant Kunj,14.0,8.0,22.0
2026-09-19,Andheri,1.0,3.0,4.0
2026-09-19,DLF Midtown - Moti Nagar,5.0,0.0,5.0
2026-09-19,Express Avenue,11.0,10.0,21.0
2026-09-19,Gurugram,2.0,15.0,17.0
2026-09-19,Indiranagar,23.0,10.0,33.0
2026-09-19,Inorbit Mall Malad West,21.0,2.0,23.0
2026-09-19,Inorbit mall Hyderabad,29.0,3.0,32.0
2026-09-19,Jaipur Store,5.0,4.0,9.0
2026-09-19,Jubilee Hills,11.0,9.0,20.0
2026-09-19,Juhu Store,11.0,2.0,13.0
2026-09-19,KNK Chennai,5.0,4.0,9.0
2026-09-19,"Kalaghoda, Fort",18.0,18.0,36.0
2026-09-19,Kemps Corner,6.0,24.0,30.0
2026-09-19,Khan Market,9.0,9.0,18.0
2026-09-19,Kochi Store,0.0,4.0,4.0
2026-09-19,Koregaon Park,7.0,8.0,15.0
2026-09-19,LakeShore Mall,16.0,2.0,18.0
2026-09-19,Lavelle Road,4.0,4.0,8.0
2026-09-19,"Mall of India, Noida",12.0,7.0,19.0
2026-09-19,Oberoi Mall Store,14.0,6.0,20.0
2026-09-19,Oberoi Sky City,28.0,3.0,31.0
2026-09-19,PMC Viman Nagar Pune,30.0,4.0,34.0
2026-09-19,"Pali Hill, Bandra",11.0,19.0,30.0
2026-09-19,Phoenix Marketcity Kurla,11.0,10.0,21.0
2026-09-19,"Phoenix Marketcity, Whitefield",15.0,7.0,22.0
2026-09-19,Phoenix Palassio,4.0,6.0,10.0
2026-09-19,Sarath City-Hyderabad,24.0,7.0,31.0
2026-09-19,Select City,12.0,6.0,18.0
2026-09-19,Shakespearesarani,6.0,3.0,9.0
2026-09-19,Sindhu Bhavan Marg,12.0,9.0,21.0
2026-09-19,South Ex.,4.0,9.0,13.0
2026-09-19,Vegas Dwarka,12.0,5.0,17.0
2026-09-19,Viviana Mall,30.0,5.0,35.0
2026-09-20,Ambience Vasant Kunj,24.0,8.0,32.0
2026-09-20,Andheri,2.0,9.0,11.0
2026-09-20,DLF Midtown - Moti Nagar,8.0,2.0,10.0
2026-09-20,Express Avenue,15.0,5.0,20.0
2026-09-20,Gurugram,8.0,13.0,21.0
2026-09-20,Indiranagar,14.0,8.0,22.0
2026-09-20,Inorbit Mall Malad West,9.0,6.0,15.0
2026-09-20,Inorbit mall Hyderabad,36.0,11.0,47.0
2026-09-20,Jaipur Store,6.0,7.0,13.0
2026-09-20,Jubilee Hills,7.0,8.0,15.0
2026-09-20,Juhu Store,6.0,6.0,12.0
2026-09-20,KNK Chennai,6.0,5.0,11.0
2026-09-20,"Kalaghoda, Fort",25.0,20.0,45.0
2026-09-20,Kemps Corner,2.0,17.0,19.0
2026-09-20,Khan Market,7.0,8.0,15.0
2026-09-20,Kochi Store,3.0,1.0,4.0
2026-09-20,Koregaon Park,7.0,9.0,16.0
2026-09-20,LakeShore Mall,15.0,2.0,17.0
2026-09-20,Lavelle Road,4.0,1.0,5.0
2026-09-20,"Mall of India, Noida",16.0,9.0,25.0
2026-09-20,Oberoi Mall Store,12.0,7.0,19.0
2026-09-20,Oberoi Sky City,24.0,7.0,31.0
2026-09-20,PMC Viman Nagar Pune,8.0,6.0,14.0
2026-09-20,"Pali Hill, Bandra",13.0,14.0,27.0
2026-09-20,Phoenix Marketcity Kurla,23.0,8.0,31.0
2026-09-20,"Phoenix Marketcity, Whitefield",20.0,4.0,24.0
2026-09-20,Phoenix Palassio,12.0,3.0,15.0
2026-09-20,Sarath City-Hyderabad,34.0,8.0,42.0
2026-09-20,Select City,15.0,11.0,26.0
2026-09-20,Shakespearesarani,8.0,6.0,14.0
2026-09-20,Sindhu Bhavan Marg,20.0,10.0,30.0
2026-09-20,South Ex.,6.0,3.0,9.0
2026-09-20,Vegas Dwarka,8.0,3.0,11.0
2026-09-20,Viviana Mall,29.0,6.0,35.0
2026-09-21,Ambience Vasant Kunj,,6.0,6.0
2026-09-21,Andheri,1.0,2.0,3.0
2026-09-21,DLF Midtown - Moti Nagar,2.0,2.0,4.0
2026-09-21,Express Avenue,4.0,2.0,6.0
2026-09-21,Gurugram,5.0,10.0,15.0
2026-09-21,Indiranagar,3.0,0.0,3.0
2026-09-21,Inorbit Mall Malad West,3.0,2.0,5.0
2026-09-21,Inorbit mall Hyderabad,14.0,4.0,18.0
2026-09-21,Jaipur Store,5.0,3.0,8.0
2026-09-21,Jubilee Hills,5.0,5.0,10.0
2026-09-21,Juhu Store,3.0,5.0,8.0
2026-09-21,KNK Chennai,4.0,2.0,6.0
2026-09-21,"Kalaghoda, Fort",6.0,5.0,11.0
2026-09-21,Kemps Corner,10.0,10.0,20.0
2026-09-21,Khan Market,4.0,1.0,5.0
2026-09-21,Kochi Store,0.0,0.0,0.0
2026-09-21,Koregaon Park,5.0,5.0,10.0
2026-09-21,LakeShore Mall,4.0,0.0,4.0
2026-09-21,Lavelle Road,1.0,1.0,2.0
2026-09-21,"Mall of India, Noida",5.0,3.0,8.0
2026-09-21,Oberoi Mall Store,3.0,2.0,5.0
2026-09-21,Oberoi Sky City,19.0,2.0,21.0
2026-09-21,PMC Viman Nagar Pune,8.0,0.0,8.0
2026-09-21,"Pali Hill, Bandra",3.0,8.0,11.0
2026-09-21,Phoenix Marketcity Kurla,7.0,1.0,8.0
2026-09-21,"Phoenix Marketcity, Whitefield",2.0,2.0,4.0
2026-09-21,Phoenix Palassio,8.0,1.0,9.0
2026-09-21,Sarath City-Hyderabad,13.0,3.0,16.0
2026-09-21,Select City,4.0,3.0,7.0
2026-09-21,Shakespearesarani,6.0,1.0,7.0
2026-09-21,Sindhu Bhavan Marg,5.0,6.0,11.0
2026-09-21,South Ex.,5.0,0.0,5.0
2026-09-21,Vegas Dwarka,3.0,1.0,4.0
2026-09-21,Viviana Mall,14.0,4.0,18.0
2026-09-22,Ambience Vasant Kunj,11.0,0.0,11.0
2026-09-22,Andheri,5.0,3.0,8.0
2026-09-22,Express Avenue,10.0,3.0,13.0
2026-09-22,Gurugram,1.0,6.0,7.0
2026-09-22,Indiranagar,7.0,1.0,8.0
2026-09-22,Inorbit Mall Malad West,9.0,2.0,11.0
2026-09-22,Inorbit mall Hyderabad,14.0,3.0,17.0
2026-09-22,Jaipur Store,2.0,4.0,6.0
2026-09-22,Jubilee Hills,6.0,8.0,14.0
2026-09-22,Juhu Store,6.0,5.0,11.0
2026-09-22,KNK Chennai,4.0,1.0,5.0
2026-09-22,"Kalaghoda, Fort",6.0,5.0,11.0
2026-09-22,Kemps Corner,5.0,10.0,15.0
2026-09-22,Khan Market,5.0,0.0,5.0
2026-09-22,Kochi Store,0.0,2.0,2.0
2026-09-22,Koregaon Park,4.0,4.0,8.0
2026-09-22,LakeShore Mall,4.0,1.0,5.0
2026-09-22,Lavelle Road,2.0,1.0,3.0
2026-09-22,"Mall of India, Noida",7.0,2.0,9.0
2026-09-22,Oberoi Mall Store,5.0,5.0,10.0
2026-09-22,Oberoi Sky City,8.0,2.0,10.0
2026-09-22,PMC Viman Nagar Pune,6.0,2.0,8.0
2026-09-22,"Pali Hill, Bandra",4.0,11.0,15.0
2026-09-22,Phoenix Marketcity Kurla,5.0,2.0,7.0
2026-09-22,"Phoenix Marketcity, Whitefield",4.0,3.0,7.0
2026-09-22,Phoenix Palassio,9.0,1.0,10.0
2026-09-22,Sarath City-Hyderabad,12.0,2.0,14.0
2026-09-22,Select City,4.0,6.0,10.0
2026-09-22,Shakespearesarani,5.0,2.0,7.0
2026-09-22,Sindhu Bhavan Marg,5.0,5.0,10.0
2026-09-22,South Ex.,2.0,2.0,4.0
2026-09-22,Vegas Dwarka,7.0,2.0,9.0
2026-09-22,Viviana Mall,13.0,2.0,15.0
2026-09-23,Ambience Vasant Kunj,6.0,2.0,8.0
2026-09-23,Andheri,0.0,3.0,3.0
2026-09-23,DLF Midtown - Moti Nagar,4.0,1.0,5.0
2026-09-23,Express Avenue,4.0,3.0,7.0
2026-09-23,Gurugram,2.0,4.0,6.0
2026-09-23,Indiranagar,8.0,3.0,11.0
2026-09-23,Inorbit Mall Malad West,13.0,1.0,14.0
2026-09-23,Inorbit mall Hyderabad,12.0,0.0,12.0
2026-09-23,Jaipur Store,2.0,2.0,4.0
2026-09-23,Jubilee Hills,8.0,12.0,20.0
2026-09-23,Juhu Store,4.0,6.0,10.0
2026-09-23,KNK Chennai,3.0,2.0,5.0
2026-09-23,"Kalaghoda, Fort",10.0,7.0,17.0
2026-09-23,Kemps Corner,4.0,0.0,4.0
2026-09-23,Khan Market,4.0,3.0,7.0
2026-09-23,Kochi Store,0.0,2.0,2.0
2026-09-23,Koregaon Park,4.0,4.0,8.0
2026-09-23,LakeShore Mall,3.0,1.0,4.0
2026-09-23,Lavelle Road,2.0,4.0,6.0
2026-09-23,"Mall of India, Noida",5.0,2.0,7.0
2026-09-23,Oberoi Mall Store,3.0,0.0,3.0
2026-09-23,Oberoi Sky City,4.0,2.0,6.0
2026-09-23,PMC Viman Nagar Pune,0.0,1.0,1.0
2026-09-23,"Pali Hill, Bandra",4.0,2.0,6.0
2026-09-23,Phoenix Marketcity Kurla,4.0,3.0,7.0
2026-09-23,"Phoenix Marketcity, Whitefield",2.0,1.0,3.0
2026-09-23,Phoenix Palassio,4.0,2.0,6.0
2026-09-23,Sarath City-Hyderabad,10.0,0.0,10.0
2026-09-23,Select City,6.0,2.0,8.0
2026-09-23,Shakespearesarani,4.0,3.0,7.0
2026-09-23,Sindhu Bhavan Marg,6.0,12.0,18.0
2026-09-23,South Ex.,2.0,1.0,3.0
2026-09-23,Vegas Dwarka,4.0,1.0,5.0
2026-09-23,Viviana Mall,13.0,2.0,15.0
2026-09-24,Ambience Vasant Kunj,6.0,5.0,11.0
2026-09-24,Andheri,0.0,2.0,2.0
2026-09-24,DLF Midtown - Moti Nagar,1.0,0.0,1.0
2026-09-24,Express Avenue,2.0,2.0,4.0
2026-09-24,Gurugram,2.0,4.0,6.0
2026-09-24,Indiranagar,1.0,9.0,10.0
2026-09-24,Inorbit Mall Malad West,3.0,3.0,6.0
2026-09-24,Inorbit mall Hyderabad,13.0,1.0,14.0
2026-09-24,Jaipur Store,4.0,2.0,6.0
2026-09-24,Jubilee Hills,8.0,7.0,15.0
2026-09-24,Juhu Store,5.0,1.0,6.0
2026-09-24,KNK Chennai,4.0,1.0,5.0
2026-09-24,"Kalaghoda, Fort",12.0,14.0,26.0
2026-09-24,Kemps Corner,1.0,5.0,6.0
2026-09-24,Khan Market,3.0,3.0,6.0
2026-09-24,Kochi Store,0.0,2.0,2.0
2026-09-24,Koregaon Park,4.0,2.0,6.0
2026-09-24,LakeShore Mall,5.0,0.0,5.0
2026-09-24,Lavelle Road,2.0,1.0,3.0
2026-09-24,"Mall of India, Noida",6.0,3.0,9.0
2026-09-24,Oberoi Mall Store,4.0,3.0,7.0
2026-09-24,Oberoi Sky City,5.0,2.0,7.0
2026-09-24,PMC Viman Nagar Pune,4.0,6.0,10.0
2026-09-24,"Pali Hill, Bandra",5.0,4.0,9.0
2026-09-24,Phoenix Marketcity Kurla,13.0,3.0,16.0
2026-09-24,"Phoenix Marketcity, Whitefield",3.0,2.0,5.0
2026-09-24,Phoenix Palassio,6.0,1.0,7.0
2026-09-24,Sarath City-Hyderabad,11.0,2.0,13.0
2026-09-24,Select City,9.0,2.0,11.0
2026-09-24,Shakespearesarani,2.0,1.0,3.0
2026-09-24,Sindhu Bhavan Marg,5.0,6.0,11.0
2026-09-24,South Ex.,1.0,1.0,2.0
2026-09-24,Vegas Dwarka,5.0,2.0,7.0
2026-09-24,Viviana Mall,11.0,5.0,16.0
2026-09-25,Ambience Vasant Kunj,8.0,4.0,12.0
2026-09-25,Andheri,3.0,4.0,7.0
2026-09-25,DLF Midtown - Moti Nagar,2.0,1.0,3.0
2026-09-25,Express Avenue,9.0,0.0,9.0
2026-09-25,Gurugram,3.0,2.0,5.0
2026-09-25,Indiranagar,3.0,7.0,10.0
2026-09-25,Inorbit Mall Malad West,4.0,1.0,5.0
2026-09-25,Inorbit mall Hyderabad,20.0,4.0,24.0
2026-09-25,Jaipur Store,3.0,3.0,6.0
2026-09-25,Jubilee Hills,5.0,11.0,16.0
2026-09-25,Juhu Store,3.0,1.0,4.0
2026-09-25,KNK Chennai,3.0,3.0,6.0
2026-09-25,"Kalaghoda, Fort",5.0,7.0,12.0
2026-09-25,Kemps Corner,2.0,7.0,9.0
2026-09-25,Khan Market,5.0,4.0,9.0
2026-09-25,Kochi Store,0.0,0.0,0.0
2026-09-25,Koregaon Park,8.0,7.0,15.0
2026-09-25,LakeShore Mall,5.0,2.0,7.0
2026-09-25,Lavelle Road,1.0,6.0,7.0
2026-09-25,"Mall of India, Noida",12.0,4.0,16.0
2026-09-25,Oberoi Mall Store,6.0,6.0,12.0
2026-09-25,Oberoi Sky City,26.0,5.0,31.0
2026-09-25,PMC Viman Nagar Pune,17.0,3.0,20.0
2026-09-25,"Pali Hill, Bandra",6.0,11.0,17.0
2026-09-25,Phoenix Marketcity Kurla,5.0,3.0,8.0
2026-09-25,"Phoenix Marketcity, Whitefield",2.0,4.0,6.0
2026-09-25,Phoenix Palassio,6.0,4.0,10.0
2026-09-25,Sarath City-Hyderabad,18.0,4.0,22.0
2026-09-25,Select City,5.0,3.0,8.0
2026-09-25,Shakespearesarani,2.0,6.0,8.0
2026-09-25,Sindhu Bhavan Marg,6.0,4.0,10.0
2026-09-25,South Ex.,7.0,6.0,13.0
2026-09-25,Vegas Dwarka,2.0,1.0,3.0
2026-09-25,Viviana Mall,17.0,6.0,23.0
2026-09-26,Ambience Vasant Kunj,17.0,11.0,28.0
2026-09-26,Andheri,7.0,6.0,13.0
2026-09-26,DLF Midtown - Moti Nagar,4.0,1.0,5.0
2026-09-26,Express Avenue,21.0,2.0,23.0
2026-09-26,Gurugram,9.0,6.0,15.0
2026-09-26,Indiranagar,8.0,11.0,19.0
2026-09-26,Inorbit Mall Malad West,9.0,2.0,11.0
2026-09-26,Inorbit mall Hyderabad,34.0,5.0,39.0
2026-09-26,Jaipur Store,4.0,5.0,9.0
2026-09-26,Jubilee Hills,6.0,6.0,12.0
2026-09-26,Juhu Store,6.0,6.0,12.0
2026-09-26,KNK Chennai,4.0,6.0,10.0
2026-09-26,"Kalaghoda, Fort",25.0,23.0,48.0
2026-09-26,Kemps Corner,6.0,18.0,24.0
2026-09-26,Khan Market,7.0,4.0,11.0
2026-09-26,Kochi Store,0.0,2.0,2.0
2026-09-26,Koregaon Park,6.0,11.0,17.0
2026-09-26,LakeShore Mall,12.0,4.0,16.0
2026-09-26,Lavelle Road,1.0,1.0,2.0
2026-09-26,"Mall of India, Noida",6.0,4.0,10.0
2026-09-26,Oberoi Mall Store,9.0,10.0,19.0
2026-09-26,Oberoi Sky City,26.0,7.0,33.0
2026-09-26,PMC Viman Nagar Pune,19.0,1.0,20.0
2026-09-26,"Pali Hill, Bandra",8.0,20.0,28.0
2026-09-26,Phoenix Marketcity Kurla,24.0,10.0,34.0
2026-09-26,"Phoenix Marketcity, Whitefield",14.0,4.0,18.0
2026-09-26,Phoenix Palassio,5.0,7.0,12.0
2026-09-26,Sarath City-Hyderabad,29.0,9.0,38.0
2026-09-26,Select City,10.0,5.0,15.0
2026-09-26,Shakespearesarani,6.0,7.0,13.0
2026-09-26,Sindhu Bhavan Marg,11.0,8.0,19.0
2026-09-26,South Ex.,1.0,4.0,5.0
2026-09-26,Vegas Dwarka,5.0,5.0,10.0
2026-09-26,Viviana Mall,25.0,5.0,30.0
2026-09-27,Ambience Vasant Kunj,12.0,12.0,24.0
2026-09-27,Andheri,3.0,5.0,8.0
2026-09-27,DLF Midtown - Moti Nagar,4.0,0.0,4.0
2026-09-27,Express Avenue,9.0,8.0,17.0
2026-09-27,Gurugram,7.0,7.0,14.0
2026-09-27,Indiranagar,9.0,11.0,20.0
2026-09-27,Inorbit Mall Malad West,14.0,3.0,17.0
2026-09-27,Inorbit mall Hyderabad,37.0,8.0,45.0
2026-09-27,Jaipur Store,6.0,5.0,11.0
2026-09-27,Jubilee Hills,10.0,14.0,24.0
2026-09-27,Juhu Store,9.0,5.0,14.0
2026-09-27,KNK Chennai,6.0,2.0,8.0
2026-09-27,"Kalaghoda, Fort",30.0,14.0,44.0
2026-09-27,Kemps Corner,6.0,17.0,23.0
2026-09-27,Khan Market,9.0,6.0,15.0
2026-09-27,Kochi Store,1.0,3.0,4.0
2026-09-27,Koregaon Park,10.0,9.0,19.0
2026-09-27,LakeShore Mall,16.0,1.0,17.0
2026-09-27,Lavelle Road,1.0,3.0,4.0
2026-09-27,"Mall of India, Noida",13.0,6.0,19.0
2026-09-27,Oberoi Mall Store,12.0,9.0,21.0
2026-09-27,Oberoi Sky City,26.0,12.0,38.0
2026-09-27,PMC Viman Nagar Pune,19.0,5.0,24.0
2026-09-27,"Pali Hill, Bandra",8.0,17.0,25.0
2026-09-27,Phoenix Marketcity Kurla,21.0,5.0,26.0
2026-09-27,"Phoenix Marketcity, Whitefield",13.0,7.0,20.0
2026-09-27,Phoenix Palassio,4.0,10.0,14.0
2026-09-27,Sarath City-Hyderabad,34.0,9.0,43.0
2026-09-27,Select City,11.0,7.0,18.0
2026-09-27,Shakespearesarani,9.0,17.0,26.0
2026-09-27,Sindhu Bhavan Marg,15.0,10.0,25.0
2026-09-27,South Ex.,3.0,5.0,8.0
2026-09-27,Vegas Dwarka,11.0,0.0,11.0
2026-09-27,Viviana Mall,31.0,9.0,40.0
2026-09-28,Ambience Vasant Kunj,6.0,3.0,9.0
2026-09-28,Andheri,0.0,0.0,0.0
2026-09-28,DLF Midtown - Moti Nagar,3.0,2.0,5.0
2026-09-28,Express Avenue,3.0,5.0,8.0
2026-09-28,Gurugram,5.0,4.0,9.0
2026-09-28,Indiranagar,0.0,2.0,2.0
2026-09-28,Inorbit Mall Malad West,4.0,4.0,8.0
2026-09-28,Inorbit mall Hyderabad,16.0,3.0,19.0
2026-09-28,Jaipur Store,2.0,2.0,4.0
2026-09-28,Jubilee Hills,11.0,5.0,16.0
2026-09-28,Juhu Store,3.0,4.0,7.0
2026-09-28,KNK Chennai,2.0,4.0,6.0
2026-09-28,"Kalaghoda, Fort",11.0,14.0,25.0
2026-09-28,Kemps Corner,3.0,5.0,8.0
2026-09-28,Khan Market,10.0,2.0,12.0
2026-09-28,Kochi Store,3.0,0.0,3.0
2026-09-28,Koregaon Park,7.0,2.0,9.0
2026-09-28,LakeShore Mall,3.0,2.0,5.0
2026-09-28,Lavelle Road,1.0,2.0,3.0
2026-09-28,"Mall of India, Noida",5.0,2.0,7.0
2026-09-28,Oberoi Mall Store,2.0,3.0,5.0
2026-09-28,Oberoi Sky City,6.0,2.0,8.0
2026-09-28,PMC Viman Nagar Pune,6.0,1.0,7.0
2026-09-28,"Pali Hill, Bandra",8.0,7.0,15.0
2026-09-28,Phoenix Marketcity Kurla,5.0,0.0,5.0
2026-09-28,"Phoenix Marketcity, Whitefield",3.0,0.0,3.0
2026-09-28,Phoenix Palassio,4.0,3.0,7.0
2026-09-28,Sarath City-Hyderabad,11.0,3.0,14.0
2026-09-28,Select City,3.0,2.0,5.0
2026-09-28,Shakespearesarani,1.0,3.0,4.0
2026-09-28,Sindhu Bhavan Marg,4.0,5.0,9.0
2026-09-28,South Ex.,0.0,2.0,2.0
2026-09-28,Vegas Dwarka,4.0,0.0,4.0
2026-09-28,Viviana Mall,7.0,1.0,8.0
2026-09-29,Ambience Vasant Kunj,8.0,4.0,12.0
2026-09-29,Andheri,0.0,4.0,4.0
2026-09-29,DLF Midtown - Moti Nagar,1.0,1.0,2.0
2026-09-29,Express Avenue,6.0,1.0,7.0
2026-09-29,Gurugram,3.0,5.0,8.0
2026-09-29,Indiranagar,2.0,4.0,6.0
2026-09-29,Inorbit Mall Malad West,5.0,1.0,6.0
2026-09-29,Inorbit mall Hyderabad,8.0,3.0,11.0
2026-09-29,Jaipur Store,3.0,2.0,5.0
2026-09-29,Jubilee Hills,6.0,7.0,13.0
2026-09-29,Juhu Store,5.0,3.0,8.0
2026-09-29,"Kalaghoda, Fort",5.0,11.0,16.0
2026-09-29,Kemps Corner,3.0,18.0,21.0
2026-09-29,Khan Market,6.0,2.0,8.0
2026-09-29,Kochi Store,0.0,2.0,2.0
2026-09-29,Koregaon Park,,2.0,2.0
2026-09-29,LakeShore Mall,3.0,2.0,5.0
2026-09-29,Lavelle Road,0.0,1.0,1.0
2026-09-29,"Mall of India, Noida",4.0,3.0,7.0
2026-09-29,Oberoi Mall Store,3.0,4.0,7.0
2026-09-29,Oberoi Sky City,6.0,0.0,6.0
2026-09-29,PMC Viman Nagar Pune,3.0,1.0,4.0
2026-09-29,"Pali Hill, Bandra",5.0,6.0,11.0
2026-09-29,Phoenix Marketcity Kurla,10.0,1.0,11.0
2026-09-29,"Phoenix Marketcity, Whitefield",5.0,1.0,6.0
2026-09-29,Phoenix Palassio,3.0,5.0,8.0
2026-09-29,Sarath City-Hyderabad,16.0,0.0,16.0
2026-09-29,Select City,6.0,2.0,8.0
2026-09-29,Shakespearesarani,2.0,6.0,8.0
2026-09-29,Sindhu Bhavan Marg,5.0,8.0,13.0
2026-09-29,South Ex.,1.0,3.0,4.0
2026-09-29,Vegas Dwarka,3.0,0.0,3.0
2026-09-29,Viviana Mall,12.0,2.0,14.0
2026-09-30,Ambience Vasant Kunj,7.0,2.0,9.0
2026-09-30,Andheri,0.0,2.0,2.0
2026-09-30,Express Avenue,7.0,2.0,9.0
2026-09-30,Gurugram,1.0,4.0,5.0
2026-09-30,Indiranagar,2.0,0.0,2.0
2026-09-30,Inorbit Mall Malad West,7.0,3.0,10.0
2026-09-30,Inorbit mall Hyderabad,10.0,6.0,16.0
2026-09-30,Jaipur Store,3.0,1.0,4.0
2026-09-30,Jubilee Hills,4.0,8.0,12.0
2026-09-30,Juhu Store,5.0,2.0,7.0
2026-09-30,KNK Chennai,0.0,,0.0
2026-09-30,"Kalaghoda, Fort",12.0,10.0,22.0
2026-09-30,Kemps Corner,5.0,4.0,9.0
2026-09-30,Khan Market,6.0,1.0,7.0
2026-09-30,Kochi Store,1.0,0.0,1.0
2026-09-30,Koregaon Park,5.0,2.0,7.0
2026-09-30,LakeShore Mall,4.0,2.0,6.0
2026-09-30,Lavelle Road,1.0,2.0,3.0
2026-09-30,"Mall of India, Noida",6.0,3.0,9.0
2026-09-30,Oberoi Mall Store,5.0,3.0,8.0
2026-09-30,Oberoi Sky City,5.0,1.0,6.0
2026-09-30,PMC Viman Nagar Pune,7.0,1.0,8.0
2026-09-30,"Pali Hill, Bandra",6.0,5.0,11.0
2026-09-30,Phoenix Marketcity Kurla,4.0,2.0,6.0
2026-09-30,"Phoenix Marketcity, Whitefield",1.0,0.0,1.0
2026-09-30,Phoenix Palassio,3.0,3.0,6.0
2026-09-30,Sarath City-Hyderabad,10.0,1.0,11.0
2026-09-30,Select City,9.0,0.0,9.0
2026-09-30,Shakespearesarani,2.0,5.0,7.0
2026-09-30,Sindhu Bhavan Marg,5.0,10.0,15.0
2026-09-30,South Ex.,2.0,1.0,3.0
2026-09-30,Vegas Dwarka,2.0,2.0,4.0
2026-09-30,Viviana Mall,4.0,5.0,9.0
2026-10-01,Ambience Vasant Kunj,10.0,3.0,13.0
2026-10-01,Andheri,1.0,2.0,3.0
2026-10-01,DLF Midtown - Moti Nagar,2.0,0.0,2.0
2026-10-01,Express Avenue,7.0,3.0,10.0
2026-10-01,Gurugram,4.0,0.0,4.0
2026-10-01,Indiranagar,4.0,4.0,8.0
2026-10-01,Inorbit Mall Malad West,9.0,4.0,13.0
2026-10-01,Inorbit mall Hyderabad,10.0,4.0,14.0
2026-10-01,Jaipur Store,3.0,2.0,5.0
2026-10-01,Jubilee Hills,6.0,4.0,10.0
2026-10-01,Juhu Store,2.0,5.0,7.0
2026-10-01,KNK Chennai,0.0,2.0,2.0
2026-10-01,"Kalaghoda, Fort",6.0,5.0,11.0
2026-10-01,Kemps Corner,6.0,10.0,16.0
2026-10-01,Khan Market,5.0,1.0,6.0
2026-10-01,Kochi Store,0.0,0.0,0.0
2026-10-01,Koregaon Park,5.0,6.0,11.0
2026-10-01,LakeShore Mall,5.0,0.0,5.0
2026-10-01,Lavelle Road,1.0,2.0,3.0
2026-10-01,"Mall of India, Noida",6.0,1.0,7.0
2026-10-01,Oberoi Mall Store,4.0,2.0,6.0
2026-10-01,Oberoi Sky City,6.0,2.0,8.0
2026-10-01,PMC Viman Nagar Pune,3.0,3.0,6.0
2026-10-01,"Pali Hill, Bandra",8.0,6.0,14.0
2026-10-01,Phoenix Marketcity Kurla,8.0,0.0,8.0
2026-10-01,"Phoenix Marketcity, Whitefield",3.0,1.0,4.0
2026-10-01,Phoenix Palassio,7.0,0.0,7.0
2026-10-01,Sarath City-Hyderabad,12.0,4.0,16.0
2026-10-01,Select City,11.0,3.0,14.0
2026-10-01,Shakespearesarani,4.0,5.0,9.0
2026-10-01,Sindhu Bhavan Marg,2.0,6.0,8.0
2026-10-01,South Ex.,1.0,1.0,2.0
2026-10-01,Vegas Dwarka,3.0,0.0,3.0
2026-10-01,Viviana Mall,6.0,4.0,10.0
2026-10-02,Ambience Vasant Kunj,16.0,5.0,21.0
2026-10-02,Andheri,6.0,9.0,15.0
2026-10-02,DLF Midtown - Moti Nagar,4.0,2.0,6.0
2026-10-02,Express Avenue,18.0,6.0,24.0
2026-10-02,Indiranagar,5.0,9.0,14.0
2026-10-02,Inorbit Mall Malad West,16.0,5.0,21.0
2026-10-02,Inorbit mall Hyderabad,37.0,7.0,44.0
2026-10-02,Jaipur Store,4.0,4.0,8.0
2026-10-02,Jubilee Hills,8.0,10.0,18.0
2026-10-02,Juhu Store,15.0,7.0,22.0
2026-10-02,KNK Chennai,7.0,1.0,8.0
2026-10-02,"Kalaghoda, Fort",14.0,9.0,23.0
2026-10-02,Kemps Corner,3.0,22.0,25.0
2026-10-02,Khan Market,7.0,3.0,10.0
2026-10-02,Kochi Store,3.0,3.0,6.0
2026-10-02,Koregaon Park,10.0,9.0,19.0
2026-10-02,LakeShore Mall,28.0,2.0,30.0
2026-10-02,Lavelle Road,0.0,9.0,9.0
2026-10-02,"Mall of India, Noida",5.0,3.0,8.0
2026-10-02,Oberoi Mall Store,13.0,3.0,16.0
2026-10-02,Oberoi Sky City,23.0,10.0,33.0
2026-10-02,PMC Viman Nagar Pune,11.0,,11.0
2026-10-02,"Pali Hill, Bandra",10.0,24.0,34.0
2026-10-02,Phoenix Marketcity Kurla,23.0,6.0,29.0
2026-10-02,"Phoenix Marketcity, Whitefield",24.0,4.0,28.0
2026-10-02,Phoenix Palassio,9.0,4.0,13.0
2026-10-02,Sarath City-Hyderabad,21.0,5.0,26.0
2026-10-02,Select City,18.0,9.0,27.0
2026-10-02,Shakespearesarani,15.0,12.0,27.0
2026-10-02,Sindhu Bhavan Marg,11.0,9.0,20.0
2026-10-02,South Ex.,2.0,3.0,5.0
2026-10-02,Vegas Dwarka,7.0,4.0,11.0
2026-10-02,Viviana Mall,38.0,5.0,43.0
2026-10-03,Ambience Vasant Kunj,10.0,8.0,18.0
2026-10-03,Andheri,4.0,2.0,6.0
2026-10-03,DLF Midtown - Moti Nagar,3.0,2.0,5.0
2026-10-03,Express Avenue,16.0,6.0,22.0
2026-10-03,Gurugram,2.0,12.0,14.0
2026-10-03,Indiranagar,0.0,0.0,0.0
2026-10-03,Inorbit Mall Malad West,10.0,5.0,15.0
2026-10-03,Inorbit mall Hyderabad,38.0,7.0,45.0
2026-10-03,Jaipur Store,4.0,9.0,13.0
2026-10-03,Jubilee Hills,8.0,10.0,18.0
2026-10-03,Juhu Store,9.0,8.0,17.0
2026-10-03,KNK Chennai,7.0,2.0,9.0
2026-10-03,"Kalaghoda, Fort",18.0,7.0,25.0
2026-10-03,Kemps Corner,7.0,11.0,18.0
2026-10-03,Khan Market,8.0,2.0,10.0
2026-10-03,Kochi Store,2.0,5.0,7.0
2026-10-03,Koregaon Park,8.0,9.0,17.0
2026-10-03,LakeShore Mall,20.0,1.0,21.0
2026-10-03,Lavelle Road,0.0,3.0,3.0
2026-10-03,"Mall of India, Noida",12.0,3.0,15.0
2026-10-03,Oberoi Mall Store,14.0,5.0,19.0
2026-10-03,Oberoi Sky City,18.0,9.0,27.0
2026-10-03,PMC Viman Nagar Pune,13.0,,13.0
2026-10-03,"Pali Hill, Bandra",8.0,13.0,21.0
2026-10-03,Phoenix Marketcity Kurla,18.0,7.0,25.0
2026-10-03,"Phoenix Marketcity, Whitefield",15.0,5.0,20.0
2026-10-03,Phoenix Palassio,13.0,0.0,13.0
2026-10-03,Sarath City-Hyderabad,33.0,8.0,41.0
2026-10-03,Select City,14.0,7.0,21.0
2026-10-03,Shakespearesarani,9.0,6.0,15.0
2026-10-03,Sindhu Bhavan Marg,6.0,6.0,12.0
2026-10-03,South Ex.,2.0,2.0,4.0
2026-10-03,Vegas Dwarka,10.0,3.0,13.0
2026-10-03,Viviana Mall,22.0,4.0,26.0
2026-10-04,Ambience Vasant Kunj,21.0,8.0,29.0
2026-10-04,Andheri,0.0,5.0,5.0
2026-10-04,DLF Midtown - Moti Nagar,3.0,3.0,6.0
2026-10-04,Express Avenue,20.0,8.0,28.0
2026-10-04,Gurugram,7.0,6.0,13.0
2026-10-04,Indiranagar,0.0,0.0,0.0
2026-10-04,Inorbit Mall Malad West,29.0,3.0,32.0
2026-10-04,Inorbit mall Hyderabad,37.0,7.0,44.0
2026-10-04,Jaipur Store,12.0,8.0,20.0
2026-10-04,Jubilee Hills,9.0,20.0,29.0
2026-10-04,Juhu Store,6.0,9.0,15.0
2026-10-04,KNK Chennai,4.0,4.0,8.0
2026-10-04,"Kalaghoda, Fort",19.0,8.0,27.0
2026-10-04,Kemps Corner,14.0,11.0,25.0
2026-10-04,Khan Market,9.0,5.0,14.0
2026-10-04,Kochi Store,2.0,5.0,7.0
2026-10-04,Koregaon Park,6.0,11.0,17.0
2026-10-04,LakeShore Mall,27.0,3.0,30.0
2026-10-04,Lavelle Road,1.0,4.0,5.0
2026-10-04,"Mall of India, Noida",11.0,5.0,16.0
2026-10-04,Oberoi Mall Store,17.0,12.0,29.0
2026-10-04,Oberoi Sky City,26.0,8.0,34.0
2026-10-04,PMC Viman Nagar Pune,12.0,8.0,20.0
2026-10-04,"Pali Hill, Bandra",11.0,22.0,33.0
2026-10-04,Phoenix Marketcity Kurla,17.0,9.0,26.0
2026-10-04,"Phoenix Marketcity, Whitefield",16.0,6.0,22.0
2026-10-04,Phoenix Palassio,9.0,2.0,11.0
2026-10-04,Sarath City-Hyderabad,21.0,9.0,30.0
2026-10-04,Select City,16.0,5.0,21.0
2026-10-04,Shakespearesarani,5.0,16.0,21.0
2026-10-04,Sindhu Bhavan Marg,24.0,18.0,42.0
2026-10-04,South Ex.,4.0,3.0,7.0
2026-10-04,Vegas Dwarka,12.0,2.0,14.0
2026-10-04,Viviana Mall,27.0,2.0,29.0
2026-10-05,Ambience Vasant Kunj,8.0,0.0,8.0
2026-10-05,Andheri,0.0,3.0,3.0
2026-10-05,DLF Midtown - Moti Nagar,2.0,1.0,3.0
2026-10-05,Gurugram,3.0,1.0,4.0
2026-10-05,Indiranagar,3.0,2.0,5.0
2026-10-05,Inorbit Mall Malad West,5.0,1.0,6.0
2026-10-05,Inorbit mall Hyderabad,11.0,1.0,12.0
2026-10-05,Jaipur Store,2.0,3.0,5.0
2026-10-05,Juhu Store,4.0,2.0,6.0
2026-10-05,KNK Chennai,2.0,0.0,2.0
2026-10-05,"Kalaghoda, Fort",9.0,8.0,17.0
2026-10-05,Kemps Corner,6.0,12.0,18.0
2026-10-05,Khan Market,6.0,4.0,10.0
2026-10-05,Koregaon Park,2.0,7.0,9.0
2026-10-05,LakeShore Mall,8.0,2.0,10.0
2026-10-05,Lavelle Road,0.0,2.0,2.0
2026-10-05,"Mall of India, Noida",5.0,1.0,6.0
2026-10-05,Oberoi Mall Store,4.0,1.0,5.0
2026-10-05,Oberoi Sky City,6.0,2.0,8.0
2026-10-05,PMC Viman Nagar Pune,7.0,1.0,8.0
2026-10-05,"Pali Hill, Bandra",3.0,4.0,7.0
2026-10-05,Phoenix Marketcity Kurla,10.0,0.0,10.0
2026-10-05,"Phoenix Marketcity, Whitefield",3.0,0.0,3.0
2026-10-05,Phoenix Palassio,4.0,1.0,5.0
2026-10-05,Sarath City-Hyderabad,11.0,4.0,15.0
2026-10-05,Select City,4.0,6.0,10.0
2026-10-05,Shakespearesarani,6.0,13.0,19.0
2026-10-05,Sindhu Bhavan Marg,4.0,9.0,13.0
2026-10-05,South Ex.,1.0,3.0,4.0
2026-10-05,Vegas Dwarka,2.0,0.0,2.0
2026-10-05,Viviana Mall,12.0,3.0,15.0
2026-10-06,Ambience Vasant Kunj,6.0,2.0,8.0
2026-10-06,Andheri,0.0,5.0,5.0
2026-10-06,DLF Midtown - Moti Nagar,2.0,2.0,4.0
2026-10-06,Express Avenue,6.0,1.0,7.0
2026-10-06,Gurugram,3.0,3.0,6.0
2026-10-06,Indiranagar,2.0,0.0,2.0
2026-10-06,Inorbit Mall Malad West,10.0,0.0,10.0
2026-10-06,Inorbit mall Hyderabad,17.0,3.0,20.0
2026-10-06,Jaipur Store,2.0,3.0,5.0
2026-10-06,Jubilee Hills,9.0,5.0,14.0
2026-10-06,Juhu Store,6.0,1.0,7.0
2026-10-06,KNK Chennai,0.0,2.0,2.0
2026-10-06,"Kalaghoda, Fort",10.0,7.0,17.0
2026-10-06,Khan Market,4.0,4.0,8.0
2026-10-06,Kochi Store,0.0,1.0,1.0
2026-10-06,Koregaon Park,4.0,8.0,12.0
2026-10-06,LakeShore Mall,4.0,4.0,8.0
2026-10-06,Lavelle Road,0.0,0.0,0.0
2026-10-06,"Mall of India, Noida",10.0,0.0,10.0
2026-10-06,Oberoi Mall Store,5.0,3.0,8.0
2026-10-06,Oberoi Sky City,6.0,1.0,7.0
2026-10-06,PMC Viman Nagar Pune,6.0,1.0,7.0
2026-10-06,"Pali Hill, Bandra",7.0,5.0,12.0
2026-10-06,Phoenix Marketcity Kurla,8.0,4.0,12.0
2026-10-06,"Phoenix Marketcity, Whitefield",2.0,2.0,4.0
2026-10-06,Phoenix Palassio,2.0,5.0,7.0
2026-10-06,Sarath City-Hyderabad,18.0,2.0,20.0
2026-10-06,Select City,8.0,4.0,12.0
2026-10-06,Shakespearesarani,5.0,4.0,9.0
2026-10-06,Sindhu Bhavan Marg,9.0,11.0,20.0
2026-10-06,South Ex.,1.0,3.0,4.0
2026-10-06,Vegas Dwarka,2.0,0.0,2.0
2026-10-06,Viviana Mall,11.0,3.0,14.0
2026-10-07,Ambience Vasant Kunj,8.0,3.0,11.0
2026-10-07,Andheri,4.0,1.0,5.0
2026-10-07,DLF Midtown - Moti Nagar,1.0,0.0,1.0
2026-10-07,Express Avenue,9.0,3.0,12.0
2026-10-07,Gurugram,1.0,4.0,5.0
2026-10-07,Indiranagar,4.0,1.0,5.0
2026-10-07,Inorbit Mall Malad West,5.0,1.0,6.0
2026-10-07,Inorbit mall Hyderabad,14.0,2.0,16.0
2026-10-07,Jaipur Store,0.0,5.0,5.0
2026-10-07,Jubilee Hills,9.0,11.0,20.0
2026-10-07,Juhu Store,4.0,4.0,8.0
2026-10-07,KNK Chennai,2.0,3.0,5.0
2026-10-07,"Kalaghoda, Fort",8.0,6.0,14.0
2026-10-07,Kemps Corner,3.0,7.0,10.0
2026-10-07,Khan Market,7.0,3.0,10.0
2026-10-07,Kochi Store,0.0,0.0,0.0
2026-10-07,Koregaon Park,5.0,4.0,9.0
2026-10-07,LakeShore Mall,6.0,1.0,7.0
2026-10-07,Lavelle Road,0.0,2.0,2.0
2026-10-07,"Mall of India, Noida",4.0,2.0,6.0
2026-10-07,Oberoi Mall Store,3.0,2.0,5.0
2026-10-07,Oberoi Sky City,5.0,1.0,6.0
2026-10-07,PMC Viman Nagar Pune,7.0,3.0,10.0
2026-10-07,Phoenix Marketcity Kurla,6.0,1.0,7.0
2026-10-07,"Phoenix Marketcity, Whitefield",1.0,1.0,2.0
2026-10-07,Phoenix Palassio,5.0,0.0,5.0
2026-10-07,Sarath City-Hyderabad,18.0,1.0,19.0
2026-10-07,Select City,9.0,3.0,12.0
2026-10-07,Shakespearesarani,1.0,0.0,1.0
2026-10-07,Sindhu Bhavan Marg,6.0,4.0,10.0
2026-10-07,South Ex.,1.0,4.0,5.0
2026-10-07,Vegas Dwarka,5.0,0.0,5.0
2026-10-07,Viviana Mall,10.0,3.0,13.0
2026-10-08,Ambience Vasant Kunj,9.0,2.0,11.0
2026-10-08,Andheri,0.0,1.0,1.0
2026-10-08,DLF Midtown - Moti Nagar,1.0,1.0,2.0
2026-10-08,Express Avenue,9.0,2.0,11.0
2026-10-08,Gurugram,4.0,6.0,10.0
2026-10-08,Indiranagar,5.0,4.0,9.0
2026-10-08,Inorbit Mall Malad West,8.0,1.0,9.0
2026-10-08,Inorbit mall Hyderabad,17.0,1.0,18.0
2026-10-08,Jaipur Store,4.0,3.0,7.0
2026-10-08,Jubilee Hills,5.0,15.0,20.0
2026-10-08,Juhu Store,5.0,4.0,9.0
2026-10-08,KNK Chennai,1.0,1.0,2.0
2026-10-08,"Kalaghoda, Fort",11.0,7.0,18.0
2026-10-08,Kemps Corner,8.0,13.0,21.0
2026-10-08,Khan Market,7.0,5.0,12.0
2026-10-08,Kochi Store,0.0,3.0,3.0
2026-10-08,Koregaon Park,9.0,6.0,15.0
2026-10-08,LakeShore Mall,4.0,1.0,5.0
2026-10-08,Lavelle Road,0.0,4.0,4.0
2026-10-08,"Mall of India, Noida",4.0,5.0,9.0
2026-10-08,Oberoi Mall Store,5.0,4.0,9.0
2026-10-08,Oberoi Sky City,7.0,1.0,8.0
2026-10-08,PMC Viman Nagar Pune,5.0,1.0,6.0
2026-10-08,"Pali Hill, Bandra",17.0,19.0,36.0
2026-10-08,Phoenix Marketcity Kurla,3.0,2.0,5.0
2026-10-08,"Phoenix Marketcity, Whitefield",5.0,2.0,7.0
2026-10-08,Phoenix Palassio,6.0,3.0,9.0
2026-10-08,Sarath City-Hyderabad,11.0,2.0,13.0
2026-10-08,Select City,6.0,1.0,7.0
2026-10-08,Shakespearesarani,5.0,3.0,8.0
2026-10-08,Sindhu Bhavan Marg,6.0,12.0,18.0
2026-10-08,South Ex.,0.0,5.0,5.0
2026-10-08,Vegas Dwarka,2.0,0.0,2.0
2026-10-08,Viviana Mall,12.0,0.0,12.0
2026-10-09,Ambience Vasant Kunj,5.0,1.0,6.0
2026-10-09,Andheri,1.0,0.0,1.0
2026-10-09,DLF Midtown - Moti Nagar,2.0,0.0,2.0
2026-10-09,Express Avenue,11.0,2.0,13.0
2026-10-09,Gurugram,4.0,0.0,4.0
2026-10-09,Indiranagar,4.0,4.0,8.0
2026-10-09,Inorbit Mall Malad West,3.0,1.0,4.0
2026-10-09,Inorbit mall Hyderabad,13.0,5.0,18.0
2026-10-09,Jaipur Store,3.0,4.0,7.0
2026-10-09,Jubilee Hills,10.0,0.0,10.0
2026-10-09,Juhu Store,5.0,1.0,6.0
2026-10-09,KNK Chennai,2.0,4.0,6.0
2026-10-09,"Kalaghoda, Fort",15.0,9.0,24.0
2026-10-09,Kemps Corner,3.0,9.0,12.0
2026-10-09,Khan Market,8.0,10.0,18.0
2026-10-09,Kochi Store,0.0,3.0,3.0
2026-10-09,Koregaon Park,10.0,6.0,16.0
2026-10-09,LakeShore Mall,3.0,2.0,5.0
2026-10-09,Lavelle Road,0.0,1.0,1.0
2026-10-09,"Mall of India, Noida",9.0,1.0,10.0
2026-10-09,Oberoi Mall Store,7.0,3.0,10.0
2026-10-09,Oberoi Sky City,16.0,1.0,17.0
2026-10-09,PMC Viman Nagar Pune,6.0,0.0,6.0
2026-10-09,"Pali Hill, Bandra",8.0,7.0,15.0
2026-10-09,Phoenix Marketcity Kurla,12.0,4.0,16.0
2026-10-09,"Phoenix Marketcity, Whitefield",3.0,6.0,9.0
2026-10-09,Phoenix Palassio,5.0,1.0,6.0
2026-10-09,Sarath City-Hyderabad,22.0,2.0,24.0
2026-10-09,Select City,4.0,0.0,4.0
2026-10-09,Shakespearesarani,2.0,5.0,7.0
2026-10-09,Sindhu Bhavan Marg,7.0,2.0,9.0
2026-10-09,South Ex.,0.0,3.0,3.0
2026-10-09,Vegas Dwarka,2.0,2.0,4.0
2026-10-09,Viviana Mall,12.0,3.0,15.0
2026-10-10,Ambience Vasant Kunj,14.0,4.0,18.0
2026-10-10,Andheri,1.0,3.0,4.0
2026-10-10,DLF Midtown - Moti Nagar,2.0,0.0,2.0
2026-10-10,Express Avenue,18.0,2.0,20.0
2026-10-10,Gurugram,5.0,9.0,14.0
2026-10-10,Indiranagar,11.0,7.0,18.0
2026-10-10,Inorbit Mall Malad West,9.0,4.0,13.0
2026-10-10,Inorbit mall Hyderabad,35.0,13.0,48.0
2026-10-10,Jaipur Store,6.0,7.0,13.0
2026-10-10,Jubilee Hills,5.0,8.0,13.0
2026-10-10,Juhu Store,12.0,4.0,16.0
2026-10-10,KNK Chennai,4.0,2.0,6.0
2026-10-10,"Kalaghoda, Fort",14.0,15.0,29.0
2026-10-10,Kemps Corner,11.0,13.0,24.0
2026-10-10,Khan Market,0.0,0.0,0.0
2026-10-10,Kochi Store,2.0,2.0,4.0
2026-10-10,Koregaon Park,7.0,7.0,14.0
2026-10-10,LakeShore Mall,25.0,4.0,29.0
2026-10-10,Lavelle Road,0.0,3.0,3.0
2026-10-10,"Mall of India, Noida",15.0,10.0,25.0
2026-10-10,Oberoi Mall Store,9.0,6.0,15.0
2026-10-10,Oberoi Sky City,14.0,5.0,19.0
2026-10-10,PMC Viman Nagar Pune,9.0,,9.0
2026-10-10,"Pali Hill, Bandra",12.0,13.0,25.0
2026-10-10,Phoenix Marketcity Kurla,15.0,5.0,20.0
2026-10-10,"Phoenix Marketcity, Whitefield",14.0,8.0,22.0
2026-10-10,Phoenix Palassio,10.0,3.0,13.0
2026-10-10,Sarath City-Hyderabad,36.0,1.0,37.0
2026-10-10,Select City,9.0,4.0,13.0
2026-10-10,Shakespearesarani,2.0,8.0,10.0
2026-10-10,Sindhu Bhavan Marg,14.0,2.0,16.0
2026-10-10,South Ex.,0.0,3.0,3.0
2026-10-10,Vegas Dwarka,4.0,2.0,6.0
2026-10-10,Viviana Mall,22.0,8.0,30.0
2026-10-11,Andheri,0.0,0.0,0.0
2026-10-11,Indiranagar,0.0,0.0,0.0
2026-10-11,Inorbit Mall Malad West,0.0,0.0,0.0
2026-10-11,Jaipur Store,0.0,0.0,0.0
2026-10-11,Koregaon Park,0.0,,0.0
2026-10-11,Lavelle Road,0.0,0.0,0.0
2026-10-11,PMC Viman Nagar Pune,8.0,,8.0
2026-10-11,Phoenix Palassio,0.0,0.0,0.0
2026-10-11,Viviana Mall,0.0,0.0,0.0
2026-10-12,Andheri,0.0,0.0,0.0
2026-10-12,Indiranagar,0.0,0.0,0.0
2026-10-12,Inorbit Mall Malad West,0.0,0.0,0.0
2026-10-12,Jaipur Store,0.0,0.0,0.0
2026-10-12,Koregaon Park,6.0,,6.0
2026-10-12,Lavelle Road,0.0,0.0,0.0
2026-10-12,PMC Viman Nagar Pune,0.0,,0.0
2026-10-12,Viviana Mall,0.0,0.0,0.0
