sku,category,sub_category_1
BOM-BUN-28185-DARK 36,Jackets,Bundi
BOM-BUN-28186-DARK 38,Jackets,Bundi
BOM-BUN-28187-DARK 40,Jackets,Bundi
BOM-BUN-28188-DARK 42,Jackets,Bundi
BOM-BUN-28189-DARK 44,Jackets,Bundi
BOM-BUN-28190-DARK 46,Jackets,Bundi
BOM-BUN-28201-BLACK36,Jackets,Bundi
BOM-BUN-28202-BLACK38,Jackets,Bundi
BOM-BUN-28203-BLACK40,Jackets,Bundi
BOM-BUN-28204-BLACK42,Jackets,Bundi
BOM-BUN-28205-BLACK44,Jackets,Bundi
BOM-BUN-28206-BLACK46,Jackets,Bundi
BOM-BUN-28207-BLACK48,Jackets,Bundi
BOM-BUN-28209-BEIGE36,Jackets,Bundi
BOM-BUN-28210-BEIGE38,Jackets,Bundi
BOM-BUN-28211-BEIGE40,Jackets,Bundi
BOM-BUN-28212-BEIGE42,Jackets,Bundi
BOM-BUN-28213-BEIGE44,Jackets,Bundi
BOM-BUN-28217-BLACK36,Jackets,Bundi
BOM-BUN-28218-BLACK38,Jackets,Bundi
BOM-BUN-28219-BLACK40,Jackets,Bundi
BOM-BUN-28220-BLACK42,Jackets,Bundi
BOM-BUN-28221-BLACK44,Jackets,Bundi
BOM-BUN-28222-BLACK46,Jackets,Bundi
BOM-BUN-28223-BLACK48,Jackets,Bundi
BOM-BUN-28225-NAVY36,Jackets,Bundi
BOM-BUN-28226-NAVY38,Jackets,Bundi
BOM-BUN-28227-NAVY40,Jackets,Bundi
BOM-BUN-28228-NAVY42,Jackets,Bundi
BOM-BUN-29359-LIGHT36,Jackets,Bundi
BOM-BUN-29360-LIGHT38,Jackets,Bundi
BOM-BUN-29361-LIGHT40,Jackets,Bundi
BOM-BUN-29362-LIGHT42,Jackets,Bundi
BOM-BUN-29363-LIGHT44,Jackets,Bundi
BOM-BUN-29364-LIGHT46,Jackets,Bundi
BOM-BUN-29365-LIGHT48,Jackets,Bundi
BOM-BUN-29367-NAVY36,Jackets,Bundi
BOM-BUN-29368-NAVY38,Jackets,Bundi
BOM-BUN-29369-NAVY40,Jackets,Bundi
BOM-BUN-29370-NAVY42,Jackets,Bundi
BOM-BUN-29371-NAVY44,Jackets,Bundi
BOM-BUN-29372-NAVY46,Jackets,Bundi
BOM-BUN-29373-NAVY48,Jackets,Bundi
BOM-BUN-29375-GREY36,Jackets,Bundi
BOM-BUN-29376-GREY38,Jackets,Bundi
BOM-BUN-29377-GREY40,Jackets,Bundi
BOM-BUN-29378-GREY42,Jackets,Bundi
BOM-BUN-29379-GREY44,Jackets,Bundi
BOM-BUN-29380-GREY46,Jackets,Bundi
BOM-BUN-29381-GREY48,Jackets,Bundi
BOM-BUN-29383-BEIGE36,Jackets,Bundi
BOM-BUN-29384-BEIGE38,Jackets,Bundi
BOM-BUN-29385-BEIGE40,Jackets,Bundi
BOM-BUN-29386-BEIGE42,Jackets,Bundi
BOM-BUN-29387-BEIGE44,Jackets,Bundi
BOM-BUN-29388-BEIGE46,Jackets,Bundi
BOM-BUN-29389-BEIGE48,Jackets,Bundi
BOM-BUN-30603-DARK 36,Jackets,Bundi
BOM-BUN-30604-DARK 38,Jackets,Bundi
BOM-BUN-30605-DARK 40,Jackets,Bundi
BOM-BUN-30606-DARK 42,Jackets,Bundi
BOM-BUN-30607-DARK 44,Jackets,Bundi
BOM-BUN-30608-DARK 46,Jackets,Bundi
BOM-BUN-30611-BEIGE36,Jackets,Bundi
BOM-BUN-30612-BEIGE38,Jackets,Bundi
BOM-BUN-30613-BEIGE40,Jackets,Bundi
BOM-BUN-30614-BEIGE42,Jackets,Bundi
BOM-BUN-30615-BEIGE44,Jackets,Bundi
BOM-BUN-30616-BEIGE46,Jackets,Bundi
BOM-BUN-30617-BEIGE48,Jackets,Bundi
BOM-BUN-32657-BLACK36,Jackets,Bundi
BOM-BUN-32658-BLACK38,Jackets,Bundi
BOM-BUN-32659-BLACK40,Jackets,Bundi
BOM-BUN-32660-BLACK42,Jackets,Bundi
BOM-BUN-32661-BLACK44,Jackets,Bundi
BOM-BUN-32662-BLACK46,Jackets,Bundi
BOM-BUN-32663-BLACK48,Jackets,Bundi
BOM-BUN-32665-DARK 36,Jackets,Bundi
BOM-BUN-32666-DARK 38,Jackets,Bundi
BOM-BUN-32667-DARK 40,Jackets,Bundi
BOM-BUN-32668-DARK 42,Jackets,Bundi
BOM-BUN-32669-DARK 44,Jackets,Bundi
BOM-BUN-32670-DARK 46,Jackets,Bundi
BOM-BUN-32671-DARK 48,Jackets,Bundi
BOM-BUN-32673-NAVY36,Jackets,Bundi
BOM-BUN-32674-NAVY38,Jackets,Bundi
BOM-BUN-32675-NAVY40,Jackets,Bundi
BOM-BUN-32676-NAVY42,Jackets,Bundi
BOM-BUN-32677-NAVY44,Jackets,Bundi
BOM-BUN-32678-NAVY46,Jackets,Bundi
BOM-BUN-32679-NAVY48,Jackets,Bundi
BOM-BUN-32681-NAVY36,Jackets,Bundi
BOM-BUN-32682-NAVY38,Jackets,Bundi
BOM-BUN-32683-NAVY40,Jackets,Bundi
BOM-BUN-32684-NAVY42,Jackets,Bundi
BOM-BUN-32685-NAVY44,Jackets,Bundi
BOM-BUN-32686-NAVY46,Jackets,Bundi
BOM-BUN-32687-NAVY48,Jackets,Bundi
BOM-BUN-32689-BEIGE36,Jackets,Bundi
BOM-BUN-32690-BEIGE38,Jackets,Bundi
BOM-BUN-32691-BEIGE40,Jackets,Bundi
BOM-BUN-32692-BEIGE42,Jackets,Bundi
BOM-BUN-32693-BEIGE44,Jackets,Bundi
BOM-BUN-32694-BEIGE46,Jackets,Bundi
BOM-BUN-32695-BEIGE48,Jackets,Bundi
BOM-BUN-SE-2017-NAVY-36,Jackets,Bundi
BOM-BUN-SE-2018-NAVY-38,Jackets,Bundi
BOM-BUN-SE-2019-NAVY-40,Jackets,Bundi
BOM-BUN-SE-2020-NAVY-42,Jackets,Bundi
BOM-BUN-SE-2021-NAVY-44,Jackets,Bundi
BOM-BUN-SE-2022-NAVY-46,Jackets,Bundi
BOM-BUN-SE-2023-NAVY-48,Jackets,Bundi
BOM-BUN-SE-2025-DARK GREY-36,Jackets,Bundi
BOM-BUN-SE-2026-DARK GREY-38,Jackets,Bundi
BOM-BUN-SE-2027-DARK GREY-40,Jackets,Bundi
BOM-BUN-SE-2028-DARK GREY-42,Jackets,Bundi
BOM-BUN-SE-2029-DARK GREY-44,Jackets,Bundi
BOM-BUN-SE-2030-DARK GREY-46,Jackets,Bundi
BOM-BUN-SE-2031-DARK GREY-48,Jackets,Bundi
BOM-BUN-SE-2033-RUST BROWN-36,Jackets,Bundi
BOM-BUN-SE-2034-RUST BROWN-38,Jackets,Bundi
BOM-BUN-SE-2035-RUST BROWN-40,Jackets,Bundi
BOM-BUN-SE-2036-RUST BROWN-42,Jackets,Bundi
BOM-BUN-SE-2037-RUST BROWN-44,Jackets,Bundi
BOM-BUN-SE-2038-RUST BROWN-46,Jackets,Bundi
BOM-BUN-SE-2039-RUST BROWN-48,Jackets,Bundi
BOM-BUN-SE-2162-BLACK-36,Jackets,Bundi
BOM-BUN-SE-2163-BLACK-38,Jackets,Bundi
BOM-BUN-SE-2164-BLACK-40,Jackets,Bundi
BOM-BUN-SE-2165-BLACK-42,Jackets,Bundi
BOM-BUN-SE-2166-BLACK-44,Jackets,Bundi
BOM-BUN-SE-2167-BLACK-46,Jackets,Bundi
BOM-BUN-SE-2168-BLACK-48,Jackets,Bundi
BOM-BUN-SE-2170-DARK BLUE-36,Jackets,Bundi
BOM-BUN-SE-2171-DARK BLUE-38,Jackets,Bundi
BOM-BUN-SE-2172-DARK BLUE-40,Jackets,Bundi
BOM-BUN-SE-2173-DARK BLUE-42,Jackets,Bundi
BOM-BUN-SE-2174-DARK BLUE-44,Jackets,Bundi
BOM-BUN-SE-2175-DARK BLUE-46,Jackets,Bundi
BOM-BUN-SE-2176-DARK BLUE-48,Jackets,Bundi
BOM-BUN-SE-7751-GREY-36,Jackets,Bundi
BOM-BUN-SE-7752-GREY-38,Jackets,Bundi
BOM-BUN-SE-7753-GREY-40,Jackets,Bundi
BOM-BUN-SE-7754-GREY-42,Jackets,Bundi
BOM-BUN-SE-7755-GREY-44,Jackets,Bundi
BOM-BUN-SE-7756-GREY-46,Jackets,Bundi
BOM-BUN-SE-7757-GREY-48,Jackets,Bundi
BOM-BUN-SE-7759-BROWN-36,Jackets,Bundi
BOM-BUN-SE-7760-BROWN-38,Jackets,Bundi
BOM-BUN-SE-7761-BROWN-40,Jackets,Bundi
BOM-BUN-SE-7762-BROWN-42,Jackets,Bundi
BOM-BUN-SE-7763-BROWN-44,Jackets,Bundi
BOM-BUN-SE-7764-BROWN-46,Jackets,Bundi
BOM-BUN-SE-7765-BROWN-48,Jackets,Bundi
BOM-BUN-SE-7767-BEIGE-36,Jackets,Bundi
BOM-BUN-SE-7768-BEIGE-38,Jackets,Bundi
BOM-BUN-SE-7769-BEIGE-40,Jackets,Bundi
BOM-BUN-SE-7770-BEIGE-42,Jackets,Bundi
BOM-BUN-SE-7771-BEIGE-44,Jackets,Bundi
BOM-BUN-SE-7772-BEIGE-46,Jackets,Bundi
BOM-BUN-SE-7773-BEIGE-48,Jackets,Bundi
BOM-CAS-23620-MAROO28,Casual Pants,Washed Chinos
BOM-CAS-23622-MAROO32,Casual Pants,Washed Chinos
BOM-CAS-23623-MAROO34,Casual Pants,Washed Chinos
BOM-CAS-23624-MAROO36,Casual Pants,Washed Chinos
BOM-CAS-23625-MAROO38,Casual Pants,Washed Chinos
BOM-CAS-23635-OCHRE34,Casual Pants,Washed Chinos
BOM-CAS-23646-NAVY32,Casual Pants,Washed Chinos
BOM-CAS-23648-NAVY36,Casual Pants,Washed Chinos
BOM-CAS-23650-NAVY40,Casual Pants,Washed Chinos
BOM-CAS-23651-NAVY42,Casual Pants,Washed Chinos
BOM-CAS-23658-GREY32,Casual Pants,Washed Chinos
BOM-CAS-23660-GREY36,Casual Pants,Washed Chinos
BOM-CAS-23670-PINK32,Casual Pants,Washed Chinos
BOM-CAS-23675-PINK42,Casual Pants,Washed Chinos
BOM-CAS-23681-PINK30,Casual Pants,Washed Chinos
BOM-CAS-23706-OLIVE32,Casual Pants,Washed Chinos
BOM-CAS-23707-OLIVE34,Casual Pants,Washed Chinos
BOM-CAS-23708-OLIVE36,Casual Pants,Washed Chinos
BOM-CAS-23710-OLIVE40,Casual Pants,Washed Chinos
BOM-CAS-23717-BROWN30,Casual Pants,Washed Chinos
BOM-CAS-23718-BROWN32,Casual Pants,Washed Chinos
BOM-CAS-23719-BROWN34,Casual Pants,Washed Chinos
BOM-CAS-23730-PURPL32,Casual Pants,Washed Chinos
BOM-CAS-23735-PURPL42,Casual Pants,Washed Chinos
BOM-CAS-23742-KHAKI32,Casual Pants,Washed Chinos
BOM-CAS-23746-KHAKI40,Casual Pants,Washed Chinos
BOM-CAS-27691-CHARC28,Casual Pants,Washed Chinos
BOM-CAS-27692-CHARC30,Casual Pants,Washed Chinos
BOM-CAS-27693-CHARC32,Casual Pants,Washed Chinos
BOM-CAS-27694-CHARC34,Casual Pants,Washed Chinos
BOM-CAS-27695-CHARC36,Casual Pants,Washed Chinos
BOM-CAS-27696-CHARC38,Casual Pants,Washed Chinos
BOM-CAS-27697-CHARC40,Casual Pants,Washed Chinos
BOM-CAS-27698-CHARC42,Casual Pants,Washed Chinos
BOM-CAS-27699-CHARC44,Casual Pants,Washed Chinos
BOM-CAS-27700-CHARC46,Casual Pants,Washed Chinos
BOM-CAS-27701-CHARC48,Casual Pants,Washed Chinos
BOM-CAS-27702-CHARC50,Casual Pants,Washed Chinos
BOM-CAS-27732-BEIGE30,Casual Pants,Washed Chinos
BOM-CAS-27733-BEIGE32,Casual Pants,Washed Chinos
BOM-CAS-27734-BEIGE34,Casual Pants,Washed Chinos
BOM-CAS-27735-BEIGE36,Casual Pants,Washed Chinos
BOM-CAS-27736-BEIGE38,Casual Pants,Washed Chinos
BOM-CAS-27737-BEIGE40,Casual Pants,Washed Chinos
BOM-CAS-27738-BEIGE42,Casual Pants,Washed Chinos
BOM-CAS-27739-BEIGE44,Casual Pants,Washed Chinos
BOM-CAS-27740-BEIGE46,Casual Pants,Washed Chinos
BOM-CAS-27741-BEIGE48,Casual Pants,Washed Chinos
BOM-CAS-27742-BEIGE50,Casual Pants,Washed Chinos
BOM-CAS-27743-STEEL28,Casual Pants,Washed Chinos
BOM-CAS-27744-STEEL30,Casual Pants,Washed Chinos
BOM-CAS-27745-STEEL32,Casual Pants,Washed Chinos
BOM-CAS-27746-STEEL34,Casual Pants,Washed Chinos
BOM-CAS-27747-STEEL36,Casual Pants,Washed Chinos
BOM-CAS-27748-STEEL38,Casual Pants,Washed Chinos
BOM-CAS-27749-STEEL40,Casual Pants,Washed Chinos
BOM-CAS-27750-STEEL42,Casual Pants,Washed Chinos
BOM-CAS-27751-STEEL44,Casual Pants,Washed Chinos
BOM-CAS-27752-STEEL46,Casual Pants,Washed Chinos
BOM-CAS-27753-STEEL48,Casual Pants,Washed Chinos
BOM-CAS-27754-STEEL50,Casual Pants,Washed Chinos
BOM-CAS-27755-NAVY28,Casual Pants,Washed Chinos
BOM-CAS-27756-NAVY30,Casual Pants,Washed Chinos
BOM-CAS-27757-NAVY32,Casual Pants,Washed Chinos
BOM-CAS-27758-NAVY34,Casual Pants,Washed Chinos
BOM-CAS-27759-NAVY36,Casual Pants,Washed Chinos
BOM-CAS-27760-NAVY38,Casual Pants,Washed Chinos
BOM-CAS-27761-NAVY40,Casual Pants,Washed Chinos
BOM-CAS-27762-NAVY42,Casual Pants,Washed Chinos
BOM-CAS-27763-NAVY44,Casual Pants,Washed Chinos
BOM-CAS-27764-NAVY46,Casual Pants,Washed Chinos
BOM-CAS-29707-GREEN28,Casual Pants,Washed Chinos
BOM-CAS-29708-GREEN30,Casual Pants,Washed Chinos
BOM-CAS-29709-GREEN32,Casual Pants,Washed Chinos
BOM-CAS-29710-GREEN34,Casual Pants,Washed Chinos
BOM-CAS-29711-GREEN36,Casual Pants,Washed Chinos
BOM-CAS-29712-GREEN38,Casual Pants,Washed Chinos
BOM-CAS-29713-GREEN40,Casual Pants,Washed Chinos
BOM-CAS-29714-GREEN42,Casual Pants,Washed Chinos
BOM-CAS-29715-GREEN44,Casual Pants,Washed Chinos
BOM-CAS-29716-GREEN46,Casual Pants,Washed Chinos
BOM-CAS-29717-GREEN48,Casual Pants,Washed Chinos
BOM-CAS-29718-GREEN50,Casual Pants,Washed Chinos
BOM-CHI-17653-BLACK28,Casual Pants,Formal Chinos
BOM-CHI-17654-BLACK30,Casual Pants,Formal Chinos
BOM-CHI-17655-BLACK32,Casual Pants,Formal Chinos
BOM-CHI-17656-BLACK34,Casual Pants,Formal Chinos
BOM-CHI-17657-BLACK36,Casual Pants,Formal Chinos
BOM-CHI-17658-BLACK38,Casual Pants,Formal Chinos
BOM-CHI-17659-BLACK40,Casual Pants,Formal Chinos
BOM-CHI-17660-BLACK42,Casual Pants,Formal Chinos
BOM-CHI-17661-BLACK44,Casual Pants,Formal Chinos
BOM-CHI-17662-BLACK46,Casual Pants,Formal Chinos
BOM-CHI-17663-BLACK48,Casual Pants,Formal Chinos
BOM-CHI-17664-BLACK50,Casual Pants,Formal Chinos
BOM-CHI-17665-KHAKI28,Casual Pants,Formal Chinos
BOM-CHI-17666-KHAKI30,Casual Pants,Formal Chinos
BOM-CHI-17667-KHAKI32,Casual Pants,Formal Chinos
BOM-CHI-17668-KHAKI34,Casual Pants,Formal Chinos
BOM-CHI-17669-KHAKI36,Casual Pants,Formal Chinos
BOM-CHI-17670-KHAKI38,Casual Pants,Formal Chinos
BOM-CHI-17671-KHAKI40,Casual Pants,Formal Chinos
BOM-CHI-17672-KHAKI42,Casual Pants,Formal Chinos
BOM-CHI-17673-KHAKI44,Casual Pants,Formal Chinos
BOM-CHI-17674-KHAKI46,Casual Pants,Formal Chinos
BOM-CHI-17675-KHAKI48,Casual Pants,Formal Chinos
BOM-CHI-17676-KHAKI50,Casual Pants,Formal Chinos
BOM-CHI-17677-DARK 28,Casual Pants,Formal Chinos
BOM-CHI-17678-DARK 30,Casual Pants,Formal Chinos
BOM-CHI-17679-DARK 32,Casual Pants,Formal Chinos
BOM-CHI-17680-DARK 34,Casual Pants,Formal Chinos
BOM-CHI-17681-DARK 36,Casual Pants,Formal Chinos
BOM-CHI-17682-DARK 38,Casual Pants,Formal Chinos
BOM-CHI-17683-DARK 40,Casual Pants,Formal Chinos
BOM-CHI-17684-DARK 42,Casual Pants,Formal Chinos
BOM-CHI-17685-DARK 44,Casual Pants,Formal Chinos
BOM-CHI-17686-DARK 46,Casual Pants,Formal Chinos
BOM-CHI-17687-DARK 48,Casual Pants,Formal Chinos
BOM-CHI-17688-DARK 50,Casual Pants,Formal Chinos
BOM-CHI-17689-WHITE28,Casual Pants,Formal Chinos
BOM-CHI-17690-WHITE30,Casual Pants,Formal Chinos
BOM-CHI-17691-WHITE32,Casual Pants,Formal Chinos
BOM-CHI-17692-WHITE34,Casual Pants,Formal Chinos
BOM-CHI-17693-WHITE36,Casual Pants,Formal Chinos
BOM-CHI-17694-WHITE38,Casual Pants,Formal Chinos
BOM-CHI-17695-WHITE40,Casual Pants,Formal Chinos
BOM-CHI-17696-WHITE42,Casual Pants,Formal Chinos
BOM-CHI-17697-WHITE44,Casual Pants,Formal Chinos
BOM-CHI-17698-WHITE46,Casual Pants,Formal Chinos
BOM-CHI-17699-WHITE48,Casual Pants,Formal Chinos
BOM-CHI-17700-WHITE50,Casual Pants,Formal Chinos
BOM-CHI-17701-BLUE28,Casual Pants,Formal Chinos
BOM-CHI-17702-BLUE30,Casual Pants,Formal Chinos
BOM-CHI-17704-BLUE34,Casual Pants,Formal Chinos
BOM-CHI-17705-BLUE36,Casual Pants,Formal Chinos
BOM-CHI-17706-BLUE38,Casual Pants,Formal Chinos
BOM-CHI-17707-BLUE40,Casual Pants,Formal Chinos
BOM-CHI-17709-BLUE44,Casual Pants,Formal Chinos
BOM-CHI-17714-OCHRE30,Casual Pants,Formal Chinos
BOM-CHI-17717-OCHRE36,Casual Pants,Formal Chinos
BOM-CHI-17720-OCHRE42,Casual Pants,Formal Chinos
BOM-CHI-17810-NAVY28,Casual Pants,Formal Chinos
BOM-CHI-17811-NAVY30,Casual Pants,Formal Chinos
BOM-CHI-17812-NAVY32,Casual Pants,Formal Chinos
BOM-CHI-17813-NAVY34,Casual Pants,Formal Chinos
BOM-CHI-17814-NAVY36,Casual Pants,Formal Chinos
BOM-CHI-17815-NAVY38,Casual Pants,Formal Chinos
BOM-CHI-17816-NAVY40,Casual Pants,Formal Chinos
BOM-CHI-17817-NAVY42,Casual Pants,Formal Chinos
BOM-CHI-17818-NAVY44,Casual Pants,Formal Chinos
BOM-CHI-17819-NAVY46,Casual Pants,Formal Chinos
BOM-CHI-17820-NAVY48,Casual Pants,Formal Chinos
BOM-CHI-17821-NAVY50,Casual Pants,Formal Chinos
BOM-CHI-17822-BEIGE28,Casual Pants,Formal Chinos
BOM-CHI-17823-BEIGE30,Casual Pants,Formal Chinos
BOM-CHI-17824-BEIGE32,Casual Pants,Formal Chinos
BOM-CHI-17825-BEIGE34,Casual Pants,Formal Chinos
BOM-CHI-17826-BEIGE36,Casual Pants,Formal Chinos
BOM-CHI-17827-BEIGE38,Casual Pants,Formal Chinos
BOM-CHI-17828-BEIGE40,Casual Pants,Formal Chinos
BOM-CHI-17829-BEIGE42,Casual Pants,Formal Chinos
BOM-CHI-17830-BEIGE44,Casual Pants,Formal Chinos
BOM-CHI-17831-BEIGE46,Casual Pants,Formal Chinos
BOM-CHI-17832-BEIGE48,Casual Pants,Formal Chinos
BOM-CHI-17833-BEIGE50,Casual Pants,Formal Chinos
BOM-CHI-17942-LIGHT28,Casual Pants,Formal Chinos
BOM-CHI-17943-LIGHT30,Casual Pants,Formal Chinos
BOM-CHI-17944-LIGHT32,Casual Pants,Formal Chinos
BOM-CHI-17945-LIGHT34,Casual Pants,Formal Chinos
BOM-CHI-17946-LIGHT36,Casual Pants,Formal Chinos
BOM-CHI-17947-LIGHT38,Casual Pants,Formal Chinos
BOM-CHI-17948-LIGHT40,Casual Pants,Formal Chinos
BOM-CHI-17949-LIGHT42,Casual Pants,Formal Chinos
BOM-CHI-17950-LIGHT44,Casual Pants,Formal Chinos
BOM-CHI-17951-LIGHT46,Casual Pants,Formal Chinos
BOM-CHI-17952-LIGHT48,Casual Pants,Formal Chinos
BOM-CHI-17953-LIGHT50,Casual Pants,Formal Chinos
BOM-CHI-18002-LIGHT28,Casual Pants,Formal Chinos
BOM-CHI-18003-LIGHT30,Casual Pants,Formal Chinos
BOM-CHI-18004-LIGHT32,Casual Pants,Formal Chinos
BOM-CHI-18005-LIGHT34,Casual Pants,Formal Chinos
BOM-CHI-18006-LIGHT36,Casual Pants,Formal Chinos
BOM-CHI-18007-LIGHT38,Casual Pants,Formal Chinos
BOM-CHI-18008-LIGHT40,Casual Pants,Formal Chinos
BOM-CHI-18009-LIGHT42,Casual Pants,Formal Chinos
BOM-CHI-18010-LIGHT44,Casual Pants,Formal Chinos
BOM-CHI-18011-LIGHT46,Casual Pants,Formal Chinos
BOM-CHI-18012-LIGHT48,Casual Pants,Formal Chinos
BOM-CHI-18013-LIGHT50,Casual Pants,Formal Chinos
BOM-CHI-18027-KHAKI30,Casual Pants,Corduroy
BOM-CHI-18031-KHAKI38,Casual Pants,Corduroy
BOM-CHI-18036-KHAKI48,Casual Pants,Corduroy
BOM-CHI-18052-OCHRE32,Casual Pants,Corduroy
BOM-CHI-18053-OCHRE34,Casual Pants,Corduroy
BOM-CHI-18054-OCHRE36,Casual Pants,Corduroy
BOM-CHI-18055-OCHRE38,Casual Pants,Corduroy
BOM-CHI-18148-MAROO30,Casual Pants,Formal Chinos
BOM-CHI-18150-MAROO34,Casual Pants,Formal Chinos
BOM-CHI-18151-MAROO36,Casual Pants,Formal Chinos
BOM-CHI-18155-MAROO44,Casual Pants,Formal Chinos
BOM-CHI-18157-MAROO48,Casual Pants,Formal Chinos
BOM-CHI-18184-OLIVE30,Casual Pants,Corduroy
BOM-CHI-18187-OLIVE36,Casual Pants,Corduroy
BOM-CHI-18332-GREY28,Casual Pants,Formal Chinos
BOM-CHI-18333-GREY30,Casual Pants,Formal Chinos
BOM-CHI-18334-GREY32,Casual Pants,Formal Chinos
BOM-CHI-18335-GREY34,Casual Pants,Formal Chinos
BOM-CHI-18336-GREY36,Casual Pants,Formal Chinos
BOM-CHI-18337-GREY38,Casual Pants,Formal Chinos
BOM-CHI-18338-GREY40,Casual Pants,Formal Chinos
BOM-CHI-18339-GREY42,Casual Pants,Formal Chinos
BOM-CHI-18340-GREY44,Casual Pants,Formal Chinos
BOM-CHI-18341-GREY46,Casual Pants,Formal Chinos
BOM-CHI-18342-GREY48,Casual Pants,Formal Chinos
BOM-CHI-18343-GREY50,Casual Pants,Formal Chinos
BOM-CHI-19940-DARK 28,Casual Pants,Formal Chinos
BOM-CHI-19941-DARK 30,Casual Pants,Formal Chinos
BOM-CHI-19942-DARK 32,Casual Pants,Formal Chinos
BOM-CHI-19943-DARK 34,Casual Pants,Formal Chinos
BOM-CHI-19944-DARK 36,Casual Pants,Formal Chinos
BOM-CHI-19945-DARK 38,Casual Pants,Formal Chinos
BOM-CHI-19946-DARK 40,Casual Pants,Formal Chinos
BOM-CHI-19947-DARK 42,Casual Pants,Formal Chinos
BOM-CHI-19948-DARK 44,Casual Pants,Formal Chinos
BOM-CHI-19949-DARK 46,Casual Pants,Formal Chinos
BOM-CHI-19950-DARK 48,Casual Pants,Formal Chinos
BOM-CHI-19951-DARK 50,Casual Pants,Formal Chinos
BOM-CHI-20490-LAVEN30,Casual Pants,Formal Chinos
BOM-CHI-20491-LAVEN32,Casual Pants,Formal Chinos
BOM-CHI-20492-LAVEN34,Casual Pants,Formal Chinos
BOM-CHI-20493-LAVEN36,Casual Pants,Formal Chinos
BOM-CHI-20494-LAVEN38,Casual Pants,Formal Chinos
BOM-CHI-20495-LAVEN40,Casual Pants,Formal Chinos
BOM-CHI-20496-LAVEN42,Casual Pants,Formal Chinos
BOM-CHI-20497-LAVEN44,Casual Pants,Formal Chinos
BOM-CHI-20498-LAVEN46,Casual Pants,Formal Chinos
BOM-CHI-20499-LAVEN48,Casual Pants,Formal Chinos
BOM-CHI-20501-LIGHT28,Casual Pants,Formal Chinos
BOM-CHI-20502-LIGHT30,Casual Pants,Formal Chinos
BOM-CHI-20504-LIGHT34,Casual Pants,Formal Chinos
BOM-CHI-20505-LIGHT36,Casual Pants,Formal Chinos
BOM-CHI-20506-LIGHT38,Casual Pants,Formal Chinos
BOM-CHI-20507-LIGHT40,Casual Pants,Formal Chinos
BOM-CHI-20508-LIGHT42,Casual Pants,Formal Chinos
BOM-CHI-20509-LIGHT44,Casual Pants,Formal Chinos
BOM-CHI-22975-BEIGE28,Casual Pants,Corduroy
BOM-CHI-22976-BEIGE30,Casual Pants,Corduroy
BOM-CHI-22978-BEIGE34,Casual Pants,Corduroy
BOM-CHI-22979-BEIGE36,Casual Pants,Corduroy
BOM-CHI-22982-BEIGE42,Casual Pants,Corduroy
BOM-CHI-22984-BEIGE46,Casual Pants,Corduroy
BOM-CHI-22990-GREEN34,Casual Pants,Corduroy
BOM-CHI-22991-GREEN36,Casual Pants,Corduroy
BOM-CHI-22993-GREEN40,Casual Pants,Corduroy
BOM-CHI-22999-BLUE28,Casual Pants,Corduroy
BOM-CHI-23000-BLUE30,Casual Pants,Corduroy
BOM-CHI-23002-BLUE34,Casual Pants,Corduroy
BOM-CHI-23003-BLUE36,Casual Pants,Corduroy
BOM-CHI-23004-BLUE38,Casual Pants,Corduroy
BOM-CHI-23005-BLUE40,Casual Pants,Corduroy
BOM-CHI-23011-BROWN28,Casual Pants,Corduroy
BOM-CHI-23012-BROWN30,Casual Pants,Corduroy
BOM-CHI-23013-BROWN32,Casual Pants,Corduroy
BOM-CHI-23014-BROWN34,Casual Pants,Corduroy
BOM-CHI-23015-BROWN36,Casual Pants,Corduroy
BOM-CHI-23016-BROWN38,Casual Pants,Corduroy
BOM-CHI-23017-BROWN40,Casual Pants,Corduroy
BOM-CHI-23018-BROWN42,Casual Pants,Corduroy
BOM-CHI-23019-BROWN44,Casual Pants,Corduroy
BOM-CHI-23020-BROWN46,Casual Pants,Corduroy
BOM-CHI-23021-BROWN48,Casual Pants,Corduroy
BOM-CHI-23022-BROWN50,Casual Pants,Corduroy
BOM-CHI-26631-KHAKI28,Casual Pants,Corduroy
BOM-CHI-26632-KHAKI30,Casual Pants,Corduroy
BOM-CHI-26633-KHAKI32,Casual Pants,Corduroy
BOM-CHI-26635-KHAKI36,Casual Pants,Corduroy
BOM-CHI-26636-KHAKI38,Casual Pants,Corduroy
BOM-CHI-26637-KHAKI40,Casual Pants,Corduroy
BOM-CHI-26639-KHAKI44,Casual Pants,Corduroy
BOM-CHI-26640-KHAKI46,Casual Pants,Corduroy
BOM-CHI-26645-OLIVE32,Casual Pants,Corduroy
BOM-CHI-26647-OLIVE36,Casual Pants,Corduroy
BOM-CHI-26649-OLIVE40,Casual Pants,Corduroy
BOM-CHI-26655-NAVY28,Casual Pants,Corduroy
BOM-CHI-26656-NAVY30,Casual Pants,Corduroy
BOM-CHI-26657-NAVY32,Casual Pants,Corduroy
BOM-CHI-26658-NAVY34,Casual Pants,Corduroy
BOM-CHI-26659-NAVY36,Casual Pants,Corduroy
BOM-CHI-26660-NAVY38,Casual Pants,Corduroy
BOM-CHI-26661-NAVY40,Casual Pants,Corduroy
BOM-CHI-26662-NAVY42,Casual Pants,Corduroy
BOM-CHI-26663-NAVY44,Casual Pants,Corduroy
BOM-CHI-26664-NAVY46,Casual Pants,Corduroy
BOM-CHI-26665-NAVY48,Casual Pants,Corduroy
BOM-CHI-26667-BLACK28,Casual Pants,Corduroy
BOM-CHI-26668-BLACK30,Casual Pants,Corduroy
BOM-CHI-26669-BLACK32,Casual Pants,Corduroy
BOM-CHI-26670-BLACK34,Casual Pants,Corduroy
BOM-CHI-26671-BLACK36,Casual Pants,Corduroy
BOM-CHI-26672-BLACK38,Casual Pants,Corduroy
BOM-CHI-26673-BLACK40,Casual Pants,Corduroy
BOM-CHI-26674-BLACK42,Casual Pants,Corduroy
BOM-CHI-30085-DARK 28,Casual Pants,Formal Chinos
BOM-CHI-30086-DARK 30,Casual Pants,Formal Chinos
BOM-CHI-30087-DARK 32,Casual Pants,Formal Chinos
BOM-CHI-30088-DARK 34,Casual Pants,Formal Chinos
BOM-CHI-30089-DARK 36,Casual Pants,Formal Chinos
BOM-CHI-30090-DARK 38,Casual Pants,Formal Chinos
BOM-CHI-30091-DARK 40,Casual Pants,Formal Chinos
BOM-CHI-30092-DARK 42,Casual Pants,Formal Chinos
BOM-CHI-30093-DARK 44,Casual Pants,Formal Chinos
BOM-CHI-30094-DARK 46,Casual Pants,Formal Chinos
BOM-CHI-30095-DARK 48,Casual Pants,Formal Chinos
BOM-CHI-30096-DARK 50,Casual Pants,Formal Chinos
BOM-CHI-30097-LIGHT28,Casual Pants,Formal Chinos
BOM-CHI-30098-LIGHT30,Casual Pants,Formal Chinos
BOM-CHI-30099-LIGHT32,Casual Pants,Formal Chinos
BOM-CHI-30100-LIGHT34,Casual Pants,Formal Chinos
BOM-CHI-30101-LIGHT36,Casual Pants,Formal Chinos
BOM-CHI-30102-LIGHT38,Casual Pants,Formal Chinos
BOM-CHI-30103-LIGHT40,Casual Pants,Formal Chinos
BOM-CHI-30104-LIGHT42,Casual Pants,Formal Chinos
BOM-CHI-30105-LIGHT44,Casual Pants,Formal Chinos
BOM-CHI-30106-LIGHT46,Casual Pants,Formal Chinos
BOM-CHI-30107-LIGHT48,Casual Pants,Formal Chinos
BOM-CHI-30108-LIGHT50,Casual Pants,Formal Chinos
BOM-CHI-30109-BROWN28,Casual Pants,Formal Chinos
BOM-CHI-30110-BROWN30,Casual Pants,Formal Chinos
BOM-CHI-30111-BROWN32,Casual Pants,Formal Chinos
BOM-CHI-30112-BROWN34,Casual Pants,Formal Chinos
BOM-CHI-30113-BROWN36,Casual Pants,Formal Chinos
BOM-CHI-30114-BROWN38,Casual Pants,Formal Chinos
BOM-CHI-30115-BROWN40,Casual Pants,Formal Chinos
BOM-CHI-30116-BROWN42,Casual Pants,Formal Chinos
BOM-CHI-30117-BROWN44,Casual Pants,Formal Chinos
BOM-CHI-30118-BROWN46,Casual Pants,Formal Chinos
BOM-CHI-30119-BROWN48,Casual Pants,Formal Chinos
BOM-CHI-30120-BROWN50,Casual Pants,Formal Chinos
BOM-CHI-30754-DARK 28,Casual Pants,Formal Chinos
BOM-CHI-30755-DARK 30,Casual Pants,Formal Chinos
BOM-CHI-30756-DARK 32,Casual Pants,Formal Chinos
BOM-CHI-30757-DARK 34,Casual Pants,Formal Chinos
BOM-CHI-30758-DARK 36,Casual Pants,Formal Chinos
BOM-CHI-30759-DARK 38,Casual Pants,Formal Chinos
BOM-CHI-30760-DARK 40,Casual Pants,Formal Chinos
BOM-CHI-30761-DARK 42,Casual Pants,Formal Chinos
BOM-CHI-30762-DARK 44,Casual Pants,Formal Chinos
BOM-CHI-30763-DARK 46,Casual Pants,Formal Chinos
BOM-CHI-30764-DARK 48,Casual Pants,Formal Chinos
BOM-CHI-30765-DARK 50,Casual Pants,Formal Chinos
BOM-CHI-33566-DARK 28,Casual Pants,Corduroy
BOM-CHI-33567-DARK 30,Casual Pants,Corduroy
BOM-CHI-33568-DARK 32,Casual Pants,Corduroy
BOM-CHI-33569-DARK 34,Casual Pants,Corduroy
BOM-CHI-33570-DARK 36,Casual Pants,Corduroy
BOM-CHI-33571-DARK 38,Casual Pants,Corduroy
BOM-CHI-33572-DARK 40,Casual Pants,Corduroy
BOM-CHI-33573-DARK 42,Casual Pants,Corduroy
BOM-CHI-HE-5498-NAVY-30,Casual Pants,Chinos
BOM-CHI-HE-5499-NAVY-32,Casual Pants,Chinos
BOM-CHI-HE-5500-NAVY-34,Casual Pants,Chinos
BOM-CHI-HE-5501-NAVY-36,Casual Pants,Chinos
BOM-CHI-HE-5502-NAVY-38,Casual Pants,Chinos
BOM-CHI-HE-5503-NAVY-40,Casual Pants,Chinos
BOM-CHI-HE-5504-NAVY-42,Casual Pants,Chinos
BOM-CHI-HE-5510-BROWN-30,Casual Pants,Chinos
BOM-CHI-HE-5511-BROWN-32,Casual Pants,Chinos
BOM-CHI-HE-5512-BROWN-34,Casual Pants,Chinos
BOM-CHI-HE-5513-BROWN-36,Casual Pants,Chinos
BOM-CHI-HE-5514-BROWN-38,Casual Pants,Chinos
BOM-CHI-HE-5515-BROWN-40,Casual Pants,Chinos
BOM-CHI-HE-5516-BROWN-42,Casual Pants,Chinos
BOM-CHI-HE-5522-STEEL BLUE-30,Casual Pants,Chinos
BOM-CHI-HE-5523-STEEL BLUE-32,Casual Pants,Chinos
BOM-CHI-HE-5524-STEEL BLUE-34,Casual Pants,Chinos
BOM-CHI-HE-5525-STEEL BLUE-36,Casual Pants,Chinos
BOM-CHI-HE-5526-STEEL BLUE-38,Casual Pants,Chinos
BOM-CHI-HE-5527-STEEL BLUE-40,Casual Pants,Chinos
BOM-CHI-HE-5528-STEEL BLUE-42,Casual Pants,Chinos
BOM-CHI-HE-5534-FAWN-30,Casual Pants,Chinos
BOM-CHI-HE-5535-FAWN-32,Casual Pants,Chinos
BOM-CHI-HE-5536-FAWN-34,Casual Pants,Chinos
BOM-CHI-HE-5537-FAWN-36,Casual Pants,Chinos
BOM-CHI-HE-5538-FAWN-38,Casual Pants,Chinos
BOM-CHI-HE-5539-FAWN-40,Casual Pants,Chinos
BOM-CHI-HE-5540-FAWN-42,Casual Pants,Chinos
BOM-CHI-HE-5546-BLACK-30,Casual Pants,Chinos
BOM-CHI-HE-5547-BLACK-32,Casual Pants,Chinos
BOM-CHI-HE-5548-BLACK-34,Casual Pants,Chinos
BOM-CHI-HE-5549-BLACK-36,Casual Pants,Chinos
BOM-CHI-HE-5550-BLACK-38,Casual Pants,Chinos
BOM-CHI-HE-5551-BLACK-40,Casual Pants,Chinos
BOM-CHI-HE-5552-BLACK-42,Casual Pants,Chinos
BOM-CHI-HE-5558-DARK OLIVE-30,Casual Pants,Chinos
BOM-CHI-HE-5559-DARK OLIVE-32,Casual Pants,Chinos
BOM-CHI-HE-5560-DARK OLIVE-34,Casual Pants,Chinos
BOM-CHI-HE-5561-DARK OLIVE-36,Casual Pants,Chinos
BOM-CHI-HE-5562-DARK OLIVE-38,Casual Pants,Chinos
BOM-CHI-HE-5563-DARK OLIVE-40,Casual Pants,Chinos
BOM-CHI-HE-5564-DARK OLIVE-42,Casual Pants,Chinos
BOM-CHI-HE-5570-BEIGE-30,Casual Pants,Chinos
BOM-CHI-HE-5571-BEIGE-32,Casual Pants,Chinos
BOM-CHI-HE-5572-BEIGE-34,Casual Pants,Chinos
BOM-CHI-HE-5573-BEIGE-36,Casual Pants,Chinos
BOM-CHI-HE-5574-BEIGE-38,Casual Pants,Chinos
BOM-CHI-HE-5575-BEIGE-40,Casual Pants,Chinos
BOM-CHI-HE-5576-BEIGE-42,Casual Pants,Chinos
BOM-CHI-HE-5582-LIGHT GREEN-30,Casual Pants,Chinos
BOM-CHI-HE-5583-LIGHT GREEN-32,Casual Pants,Chinos
BOM-CHI-HE-5584-LIGHT GREEN-34,Casual Pants,Chinos
BOM-CHI-HE-5585-LIGHT GREEN-36,Casual Pants,Chinos
BOM-CHI-HE-5586-LIGHT GREEN-38,Casual Pants,Chinos
BOM-CHI-HE-5587-LIGHT GREEN-40,Casual Pants,Chinos
BOM-CHI-HE-5588-LIGHT GREEN-42,Casual Pants,Chinos
BOM-CHI-HE-5594-BROWN-30,Casual Pants,Chinos
BOM-CHI-HE-5595-BROWN-32,Casual Pants,Chinos
BOM-CHI-HE-5596-BROWN-34,Casual Pants,Chinos
BOM-CHI-HE-5597-BROWN-36,Casual Pants,Chinos
BOM-CHI-HE-5598-BROWN-38,Casual Pants,Chinos
BOM-CHI-HE-5599-BROWN-40,Casual Pants,Chinos
BOM-CHI-HE-5600-BROWN-42,Casual Pants,Chinos
BOM-CHI-HE-5606-STEEL BLUE-30,Casual Pants,Chinos
BOM-CHI-HE-5607-STEEL BLUE-32,Casual Pants,Chinos
BOM-CHI-HE-5608-STEEL BLUE-34,Casual Pants,Chinos
BOM-CHI-HE-5609-STEEL BLUE-36,Casual Pants,Chinos
BOM-CHI-HE-5610-STEEL BLUE-38,Casual Pants,Chinos
BOM-CHI-HE-5611-STEEL BLUE-40,Casual Pants,Chinos
BOM-CHI-HE-5612-STEEL BLUE-42,Casual Pants,Chinos
BOM-CHI-HE-7673-IVORY-28,Casual Pants,Corduroy
BOM-CHI-HE-7674-IVORY-30,Casual Pants,Corduroy
BOM-CHI-HE-7675-IVORY-32,Casual Pants,Corduroy
BOM-CHI-HE-7676-IVORY-34,Casual Pants,Corduroy
BOM-CHI-HE-7677-IVORY-36,Casual Pants,Corduroy
BOM-CHI-HE-7678-IVORY-38,Casual Pants,Corduroy
BOM-CHI-HE-7679-IVORY-40,Casual Pants,Corduroy
BOM-CHI-HE-7681-IVORY-44,Casual Pants,Corduroy
BOM-CHI-HE-7685-NAVY-28,Casual Pants,Corduroy
BOM-CHI-HE-7686-NAVY-30,Casual Pants,Corduroy
BOM-CHI-HE-7687-NAVY-32,Casual Pants,Corduroy
BOM-CHI-HE-7688-NAVY-34,Casual Pants,Corduroy
BOM-CHI-HE-7689-NAVY-36,Casual Pants,Corduroy
BOM-CHI-HE-7690-NAVY-38,Casual Pants,Corduroy
BOM-CHI-HE-7691-NAVY-40,Casual Pants,Corduroy
BOM-CHI-HE-7692-NAVY-42,Casual Pants,Corduroy
BOM-CHI-HE-7693-NAVY-44,Casual Pants,Corduroy
BOM-CHI-HE-7697-CAMEL-28,Casual Pants,Corduroy
BOM-CHI-HE-7698-CAMEL-30,Casual Pants,Corduroy
BOM-CHI-HE-7699-CAMEL-32,Casual Pants,Corduroy
BOM-CHI-HE-7700-CAMEL-34,Casual Pants,Corduroy
BOM-CHI-HE-7701-CAMEL-36,Casual Pants,Corduroy
BOM-CHI-HE-7702-CAMEL-38,Casual Pants,Corduroy
BOM-CHI-HE-7703-CAMEL-40,Casual Pants,Corduroy
BOM-CHI-HE-7704-CAMEL-42,Casual Pants,Corduroy
BOM-CHI-HE-7705-CAMEL-44,Casual Pants,Corduroy
BOM-CHI-HE-7709-OLIVE-28,Casual Pants,Corduroy
BOM-CHI-HE-7710-OLIVE-30,Casual Pants,Corduroy
BOM-CHI-HE-7711-OLIVE-32,Casual Pants,Corduroy
BOM-CHI-HE-7712-OLIVE-34,Casual Pants,Corduroy
BOM-CHI-HE-7713-OLIVE-36,Casual Pants,Corduroy
BOM-CHI-HE-7714-OLIVE-38,Casual Pants,Corduroy
BOM-CHI-HE-7715-OLIVE-40,Casual Pants,Corduroy
BOM-CHI-HE-7716-OLIVE-42,Casual Pants,Corduroy
BOM-CHI-HE-7717-OLIVE-44,Casual Pants,Corduroy
BOM-CHI-HE-7721-COFFEE-28,Casual Pants,Corduroy
BOM-CHI-HE-7722-COFFEE-30,Casual Pants,Corduroy
BOM-CHI-HE-7723-COFFEE-32,Casual Pants,Corduroy
BOM-CHI-HE-7724-COFFEE-34,Casual Pants,Corduroy
BOM-CHI-HE-7725-COFFEE-36,Casual Pants,Corduroy
BOM-CHI-HE-7726-COFFEE-38,Casual Pants,Corduroy
BOM-CHI-HE-7727-COFFEE-40,Casual Pants,Corduroy
BOM-CHI-HE-7728-COFFEE-42,Casual Pants,Corduroy
BOM-CHI-HE-7729-COFFEE-44,Casual Pants,Corduroy
BOM-CHI-HE-7733-FAWN-28,Casual Pants,Corduroy
BOM-CHI-HE-7734-FAWN-30,Casual Pants,Corduroy
BOM-CHI-HE-7735-FAWN-32,Casual Pants,Corduroy
BOM-CHI-HE-7736-FAWN-34,Casual Pants,Corduroy
BOM-CHI-HE-7737-FAWN-36,Casual Pants,Corduroy
BOM-CHI-HE-7738-FAWN-38,Casual Pants,Corduroy
BOM-CHI-HE-7739-FAWN-40,Casual Pants,Corduroy
BOM-CHI-HE-7740-FAWN-42,Casual Pants,Corduroy
BOM-CHI-HE-7741-FAWN-44,Casual Pants,Corduroy
BOM-CHI-SE-5418-COFFEE-28,Casual Pants,Formal Chinos
BOM-CHI-SE-5419-COFFEE-30,Casual Pants,Formal Chinos
BOM-CHI-SE-5420-COFFEE-32,Casual Pants,Formal Chinos
BOM-CHI-SE-5421-COFFEE-34,Casual Pants,Formal Chinos
BOM-CHI-SE-5422-COFFEE-36,Casual Pants,Formal Chinos
BOM-CHI-SE-5423-COFFEE-38,Casual Pants,Formal Chinos
BOM-CHI-SE-5424-COFFEE-40,Casual Pants,Formal Chinos
BOM-CHI-SE-5425-COFFEE-42,Casual Pants,Formal Chinos
BOM-CHI-SE-5426-COFFEE-44,Casual Pants,Formal Chinos
BOM-CHI-SE-5427-COFFEE-46,Casual Pants,Formal Chinos
BOM-CHI-SE-5428-COFFEE-48,Casual Pants,Formal Chinos
BOM-CHI-SE-5429-COFFEE-50,Casual Pants,Formal Chinos
BOM-CHI-SE-5430-PEARL GREY-28,Casual Pants,Formal Chinos
BOM-CHI-SE-5431-PEARL GREY-30,Casual Pants,Formal Chinos
BOM-CHI-SE-5432-PEARL GREY-32,Casual Pants,Formal Chinos
BOM-CHI-SE-5433-PEARL GREY-34,Casual Pants,Formal Chinos
BOM-CHI-SE-5434-PEARL GREY-36,Casual Pants,Formal Chinos
BOM-CHI-SE-5435-PEARL GREY-38,Casual Pants,Formal Chinos
BOM-CHI-SE-5436-PEARL GREY-40,Casual Pants,Formal Chinos
BOM-CHI-SE-5437-PEARL GREY-42,Casual Pants,Formal Chinos
BOM-CHI-SE-5438-PEARL GREY-44,Casual Pants,Formal Chinos
BOM-CHI-SE-5439-PEARL GREY-46,Casual Pants,Formal Chinos
BOM-CHI-SE-5440-PEARL GREY-48,Casual Pants,Formal Chinos
BOM-CHI-SE-5441-PEARL GREY-50,Casual Pants,Formal Chinos
BOM-CHI-SE-5442-DARK KHAKHI-28,Casual Pants,Formal Chinos
BOM-CHI-SE-5443-DARK KHAKHI-30,Casual Pants,Formal Chinos
BOM-CHI-SE-5444-DARK KHAKHI-32,Casual Pants,Formal Chinos
BOM-CHI-SE-5445-DARK KHAKHI-34,Casual Pants,Formal Chinos
BOM-CHI-SE-5446-DARK KHAKHI-36,Casual Pants,Formal Chinos
BOM-CHI-SE-5447-DARK KHAKHI-38,Casual Pants,Formal Chinos
BOM-CHI-SE-5448-DARK KHAKHI-40,Casual Pants,Formal Chinos
BOM-CHI-SE-5449-DARK KHAKHI-42,Casual Pants,Formal Chinos
BOM-CHI-SE-5450-DARK KHAKHI-44,Casual Pants,Formal Chinos
BOM-CHI-SE-5451-DARK KHAKHI-46,Casual Pants,Formal Chinos
BOM-CHI-SE-5452-DARK KHAKHI-48,Casual Pants,Formal Chinos
BOM-CHI-SE-5453-DARK KHAKHI-50,Casual Pants,Formal Chinos
BOM-CHI-SE-5454-GREEN-28,Casual Pants,Formal Chinos
BOM-CHI-SE-5455-GREEN-30,Casual Pants,Formal Chinos
BOM-CHI-SE-5456-GREEN-32,Casual Pants,Formal Chinos
BOM-CHI-SE-5457-GREEN-34,Casual Pants,Formal Chinos
BOM-CHI-SE-5458-GREEN-36,Casual Pants,Formal Chinos
BOM-CHI-SE-5459-GREEN-38,Casual Pants,Formal Chinos
BOM-CHI-SE-5460-GREEN-40,Casual Pants,Formal Chinos
BOM-CHI-SE-5461-GREEN-42,Casual Pants,Formal Chinos
BOM-CHI-SE-5462-GREEN-44,Casual Pants,Formal Chinos
BOM-CHI-SE-5463-GREEN-46,Casual Pants,Formal Chinos
BOM-CHI-SE-5464-GREEN-48,Casual Pants,Formal Chinos
BOM-CHI-SE-5465-GREEN-50,Casual Pants,Formal Chinos
BOM-CHI-SE-5466-OLIVE-28,Casual Pants,Formal Chinos
BOM-CHI-SE-5467-OLIVE-30,Casual Pants,Formal Chinos
BOM-CHI-SE-5468-OLIVE-32,Casual Pants,Formal Chinos
BOM-CHI-SE-5469-OLIVE-34,Casual Pants,Formal Chinos
BOM-CHI-SE-5470-OLIVE-36,Casual Pants,Formal Chinos
BOM-CHI-SE-5471-OLIVE-38,Casual Pants,Formal Chinos
BOM-CHI-SE-5472-OLIVE-40,Casual Pants,Formal Chinos
BOM-CHI-SE-5473-OLIVE-42,Casual Pants,Formal Chinos
BOM-CHI-SE-5474-OLIVE-44,Casual Pants,Formal Chinos
BOM-CHI-SE-5475-OLIVE-46,Casual Pants,Formal Chinos
BOM-CHI-SE-5476-OLIVE-48,Casual Pants,Formal Chinos
BOM-CHI-SE-5477-OLIVE-50,Casual Pants,Formal Chinos
BOM-CHI-SE-5478-DARK BLUE-28,Casual Pants,Formal Chinos
BOM-CHI-SE-5479-DARK BLUE-30,Casual Pants,Formal Chinos
BOM-CHI-SE-5480-DARK BLUE-32,Casual Pants,Formal Chinos
BOM-CHI-SE-5481-DARK BLUE-34,Casual Pants,Formal Chinos
BOM-CHI-SE-5482-DARK BLUE-36,Casual Pants,Formal Chinos
BOM-CHI-SE-5483-DARK BLUE-38,Casual Pants,Formal Chinos
BOM-CHI-SE-5484-DARK BLUE-40,Casual Pants,Formal Chinos
BOM-CHI-SE-5485-DARK BLUE-42,Casual Pants,Formal Chinos
BOM-CHI-SE-5486-DARK BLUE-44,Casual Pants,Formal Chinos
BOM-CHI-SE-5487-DARK BLUE-46,Casual Pants,Formal Chinos
BOM-CHI-SE-5488-DARK BLUE-48,Casual Pants,Formal Chinos
BOM-CHI-SE-5489-DARK BLUE-50,Casual Pants,Formal Chinos
BOM-COL-AC-4154,Accessories,Collar Pin
BOM-DRE-19123-GREY42,Formal Pants,Dress Pants
BOM-DRE-19243-NAVY42,Formal Pants,Dress Pants
BOM-DRE-19345-ROYAL30,Formal Pants,Dress Pants
BOM-DRE-19346-ROYAL32,Formal Pants,Dress Pants
BOM-DRE-19347-ROYAL34,Formal Pants,Dress Pants
BOM-DRE-19348-ROYAL36,Formal Pants,Dress Pants
BOM-DRE-19349-ROYAL38,Formal Pants,Dress Pants
BOM-DRE-19350-ROYAL40,Formal Pants,Dress Pants
BOM-DRE-19368-GREY28,Formal Pants,Dress Pants
BOM-DRE-19405-NAVY30,Formal Pants,Dress Pants
BOM-DRE-19407-NAVY34,Formal Pants,Dress Pants
BOM-DRE-19428-BLACK28,Formal Pants,Dress Pants
BOM-DRE-19476-BROWN28,Formal Pants,Dress Pants
BOM-DRE-19479-BROWN34,Formal Pants,Dress Pants
BOM-DRE-19483-BROWN42,Formal Pants,Dress Pants
BOM-DRE-19524-BLACK28,Formal Pants,Dress Pants
BOM-DRE-19525-BLACK30,Formal Pants,Dress Pants
BOM-DRE-19526-BLACK32,Formal Pants,Dress Pants
BOM-DRE-19527-BLACK34,Formal Pants,Dress Pants
BOM-DRE-19528-BLACK36,Formal Pants,Dress Pants
BOM-DRE-19529-BLACK38,Formal Pants,Dress Pants
BOM-DRE-19530-BLACK40,Formal Pants,Dress Pants
BOM-DRE-19531-BLACK42,Formal Pants,Dress Pants
BOM-DRE-19532-BLACK44,Formal Pants,Dress Pants
BOM-DRE-19533-BLACK46,Formal Pants,Dress Pants
BOM-DRE-19534-BLACK48,Formal Pants,Dress Pants
BOM-DRE-19535-BLACK50,Formal Pants,Dress Pants
BOM-DRE-19536-DARK 28,Formal Pants,Dress Pants
BOM-DRE-19537-DARK 30,Formal Pants,Dress Pants
BOM-DRE-19538-DARK 32,Formal Pants,Dress Pants
BOM-DRE-19539-DARK 34,Formal Pants,Dress Pants
BOM-DRE-19540-DARK 36,Formal Pants,Dress Pants
BOM-DRE-19541-DARK 38,Formal Pants,Dress Pants
BOM-DRE-19542-DARK 40,Formal Pants,Dress Pants
BOM-DRE-19543-DARK 42,Formal Pants,Dress Pants
BOM-DRE-19544-DARK 44,Formal Pants,Dress Pants
BOM-DRE-19545-DARK 46,Formal Pants,Dress Pants
BOM-DRE-19546-DARK 48,Formal Pants,Dress Pants
BOM-DRE-19547-DARK 50,Formal Pants,Dress Pants
BOM-DRE-19548-GREY28,Formal Pants,Dress Pants
BOM-DRE-19549-GREY30,Formal Pants,Dress Pants
BOM-DRE-19550-GREY32,Formal Pants,Dress Pants
BOM-DRE-19551-GREY34,Formal Pants,Dress Pants
BOM-DRE-19552-GREY36,Formal Pants,Dress Pants
BOM-DRE-19553-GREY38,Formal Pants,Dress Pants
BOM-DRE-19554-GREY40,Formal Pants,Dress Pants
BOM-DRE-19555-GREY42,Formal Pants,Dress Pants
BOM-DRE-19556-GREY44,Formal Pants,Dress Pants
BOM-DRE-19557-GREY46,Formal Pants,Dress Pants
BOM-DRE-19558-GREY48,Formal Pants,Dress Pants
BOM-DRE-19559-GREY50,Formal Pants,Dress Pants
BOM-DRE-19560-LIGHT28,Formal Pants,Dress Pants
BOM-DRE-19561-LIGHT30,Formal Pants,Dress Pants
BOM-DRE-19562-LIGHT32,Formal Pants,Dress Pants
BOM-DRE-19563-LIGHT34,Formal Pants,Dress Pants
BOM-DRE-19564-LIGHT36,Formal Pants,Dress Pants
BOM-DRE-19565-LIGHT38,Formal Pants,Dress Pants
BOM-DRE-19566-LIGHT40,Formal Pants,Dress Pants
BOM-DRE-19567-LIGHT42,Formal Pants,Dress Pants
BOM-DRE-19568-LIGHT44,Formal Pants,Dress Pants
BOM-DRE-19569-LIGHT46,Formal Pants,Dress Pants
BOM-DRE-19570-LIGHT48,Formal Pants,Dress Pants
BOM-DRE-19571-LIGHT50,Formal Pants,Dress Pants
BOM-DRE-19572-NAVY28,Formal Pants,Dress Pants
BOM-DRE-19573-NAVY30,Formal Pants,Dress Pants
BOM-DRE-19574-NAVY32,Formal Pants,Dress Pants
BOM-DRE-19575-NAVY34,Formal Pants,Dress Pants
BOM-DRE-19576-NAVY36,Formal Pants,Dress Pants
BOM-DRE-19577-NAVY38,Formal Pants,Dress Pants
BOM-DRE-19578-NAVY40,Formal Pants,Dress Pants
BOM-DRE-19579-NAVY42,Formal Pants,Dress Pants
BOM-DRE-19580-NAVY44,Formal Pants,Dress Pants
BOM-DRE-19581-NAVY46,Formal Pants,Dress Pants
BOM-DRE-19582-NAVY48,Formal Pants,Dress Pants
BOM-DRE-19583-NAVY50,Formal Pants,Dress Pants
BOM-DRE-19589-NAVY38,Formal Pants,Dress Pants
BOM-DRE-19594-NAVY48,Formal Pants,Dress Pants
BOM-DRE-19598-DARK 32,Formal Pants,Dress Pants
BOM-DRE-19610-DARK 32,Formal Pants,Dress Pants
BOM-DRE-19619-DARK 50,Formal Pants,Dress Pants
BOM-DRE-19622-NAVY32,Formal Pants,Dress Pants
BOM-DRE-19630-NAVY48,Formal Pants,Dress Pants
BOM-DRE-19631-NAVY50,Formal Pants,Dress Pants
BOM-DRE-19633-NAVY30,Formal Pants,Dress Pants
BOM-DRE-19642-NAVY48,Formal Pants,Dress Pants
BOM-DRE-19649-DARK 38,Formal Pants,Dress Pants
BOM-DRE-19654-DARK 48,Formal Pants,Dress Pants
BOM-DRE-19655-DARK 50,Formal Pants,Dress Pants
BOM-DRE-19656-DARK 28,Formal Pants,Dress Pants
BOM-DRE-19658-DARK 32,Formal Pants,Dress Pants
BOM-DRE-19660-DARK 36,Formal Pants,Dress Pants
BOM-DRE-19665-DARK 46,Formal Pants,Dress Pants
BOM-DRE-19666-DARK 48,Formal Pants,Dress Pants
BOM-DRE-19667-DARK 50,Formal Pants,Dress Pants
BOM-DRE-19668-NAVY28,Formal Pants,Dress Pants
BOM-DRE-19669-NAVY30,Formal Pants,Dress Pants
BOM-DRE-19670-NAVY32,Formal Pants,Dress Pants
BOM-DRE-19671-NAVY34,Formal Pants,Dress Pants
BOM-DRE-19672-NAVY36,Formal Pants,Dress Pants
BOM-DRE-19673-NAVY38,Formal Pants,Dress Pants
BOM-DRE-19676-NAVY44,Formal Pants,Dress Pants
BOM-DRE-19677-NAVY46,Formal Pants,Dress Pants
BOM-DRE-19681-GREY30,Formal Pants,Dress Pants
BOM-DRE-19682-GREY32,Formal Pants,Dress Pants
BOM-DRE-19683-GREY34,Formal Pants,Dress Pants
BOM-DRE-19684-GREY36,Formal Pants,Dress Pants
BOM-DRE-19685-GREY38,Formal Pants,Dress Pants
BOM-DRE-19686-GREY40,Formal Pants,Dress Pants
BOM-DRE-19687-GREY42,Formal Pants,Dress Pants
BOM-DRE-19689-GREY46,Formal Pants,Dress Pants
BOM-DRE-19691-GREY50,Formal Pants,Dress Pants
BOM-DRE-19694-BLACK32,Formal Pants,Dress Pants
BOM-DRE-19696-BLACK36,Formal Pants,Dress Pants
BOM-DRE-19697-BLACK38,Formal Pants,Dress Pants
BOM-DRE-19714-NAVY48,Formal Pants,Dress Pants
BOM-DRE-19981-BLUE36,Formal Pants,Dress Pants
BOM-DRE-19982-BLUE38,Formal Pants,Dress Pants
BOM-DRE-19986-BLUE46,Formal Pants,Dress Pants
BOM-DRE-19989-DARK 28,Formal Pants,Dress Pants
BOM-DRE-19990-DARK 30,Formal Pants,Dress Pants
BOM-DRE-19993-DARK 36,Formal Pants,Dress Pants
BOM-DRE-19994-DARK 38,Formal Pants,Dress Pants
BOM-DRE-19997-DARK 44,Formal Pants,Dress Pants
BOM-DRE-19998-DARK 46,Formal Pants,Dress Pants
BOM-DRE-20000-DARK 50,Formal Pants,Dress Pants
BOM-DRE-20003-BROWN32,Formal Pants,Dress Pants
BOM-DRE-20004-BROWN34,Formal Pants,Dress Pants
BOM-DRE-20006-BROWN38,Formal Pants,Dress Pants
BOM-DRE-20008-BROWN42,Formal Pants,Dress Pants
BOM-DRE-20009-BROWN44,Formal Pants,Dress Pants
BOM-DRE-20010-BROWN46,Formal Pants,Dress Pants
BOM-DRE-20011-BROWN48,Formal Pants,Dress Pants
BOM-DRE-20012-BROWN50,Formal Pants,Dress Pants
BOM-DRE-20553-LIGHT30,Formal Pants,Dress Pants
BOM-DRE-20555-LIGHT34,Formal Pants,Dress Pants
BOM-DRE-20557-LIGHT38,Formal Pants,Dress Pants
BOM-DRE-20561-LIGHT46,Formal Pants,Dress Pants
BOM-DRE-20562-LIGHT48,Formal Pants,Dress Pants
BOM-DRE-20563-LIGHT50,Formal Pants,Dress Pants
BOM-DRE-20564-DARK 28,Formal Pants,Dress Pants
BOM-DRE-20566-DARK 32,Formal Pants,Dress Pants
BOM-DRE-20567-DARK 34,Formal Pants,Dress Pants
BOM-DRE-20568-DARK 36,Formal Pants,Dress Pants
BOM-DRE-20571-DARK 42,Formal Pants,Dress Pants
BOM-DRE-20573-DARK 46,Formal Pants,Dress Pants
BOM-DRE-20575-DARK 50,Formal Pants,Dress Pants
BOM-DRE-20579-NAVY34,Formal Pants,Dress Pants
BOM-DRE-20581-NAVY38,Formal Pants,Dress Pants
BOM-DRE-20583-NAVY42,Formal Pants,Dress Pants
BOM-DRE-20584-NAVY44,Formal Pants,Dress Pants
BOM-DRE-20586-NAVY48,Formal Pants,Dress Pants
BOM-DRE-20587-NAVY50,Formal Pants,Dress Pants
BOM-DRE-20609-DARK 42,Formal Pants,Dress Pants
BOM-DRE-20610-DARK 44,Formal Pants,Dress Pants
BOM-DRE-20612-DARK 48,Formal Pants,Dress Pants
BOM-DRE-20616-NAVY32,Formal Pants,Dress Pants
BOM-DRE-20619-NAVY38,Formal Pants,Dress Pants
BOM-DRE-20623-NAVY46,Formal Pants,Dress Pants
BOM-DRE-20625-NAVY50,Formal Pants,Dress Pants
BOM-DRE-20631-GREY38,Formal Pants,Dress Pants
BOM-DRE-20633-GREY42,Formal Pants,Dress Pants
BOM-DRE-20748-NAVY28,Formal Pants,Dress Pants
BOM-DRE-20749-NAVY30,Formal Pants,Dress Pants
BOM-DRE-20750-NAVY32,Formal Pants,Dress Pants
BOM-DRE-20754-NAVY40,Formal Pants,Dress Pants
BOM-DRE-20755-NAVY42,Formal Pants,Dress Pants
BOM-DRE-21062-NAVY28,Formal Pants,Dress Pants
BOM-DRE-21063-NAVY30,Formal Pants,Dress Pants
BOM-DRE-21064-NAVY32,Formal Pants,Dress Pants
BOM-DRE-21065-NAVY34,Formal Pants,Dress Pants
BOM-DRE-21066-NAVY36,Formal Pants,Dress Pants
BOM-DRE-21067-NAVY38,Formal Pants,Dress Pants
BOM-DRE-21068-NAVY40,Formal Pants,Dress Pants
BOM-DRE-21069-NAVY42,Formal Pants,Dress Pants
BOM-DRE-21070-NAVY44,Formal Pants,Dress Pants
BOM-DRE-21071-NAVY46,Formal Pants,Dress Pants
BOM-DRE-21072-NAVY48,Formal Pants,Dress Pants
BOM-DRE-21073-NAVY50,Formal Pants,Dress Pants
BOM-DRE-21551-BEIGE30,Formal Pants,Dress Pants
BOM-DRE-21552-BEIGE32,Formal Pants,Dress Pants
BOM-DRE-21553-BEIGE34,Formal Pants,Dress Pants
BOM-DRE-21554-BEIGE36,Formal Pants,Dress Pants
BOM-DRE-21555-BEIGE38,Formal Pants,Dress Pants
BOM-DRE-21556-BEIGE40,Formal Pants,Dress Pants
BOM-DRE-21557-BEIGE42,Formal Pants,Dress Pants
BOM-DRE-21558-BEIGE44,Formal Pants,Dress Pants
BOM-DRE-21559-BEIGE46,Formal Pants,Dress Pants
BOM-DRE-21560-BEIGE48,Formal Pants,Dress Pants
BOM-DRE-21561-BEIGE50,Formal Pants,Dress Pants
BOM-DRE-21693-GREY28,Formal Pants,Dress Pants
BOM-DRE-21694-GREY30,Formal Pants,Dress Pants
BOM-DRE-21695-GREY32,Formal Pants,Dress Pants
BOM-DRE-21696-GREY34,Formal Pants,Dress Pants
BOM-DRE-21697-GREY36,Formal Pants,Dress Pants
BOM-DRE-21698-GREY38,Formal Pants,Dress Pants
BOM-DRE-21699-GREY40,Formal Pants,Dress Pants
BOM-DRE-21700-GREY42,Formal Pants,Dress Pants
BOM-DRE-21701-GREY44,Formal Pants,Dress Pants
BOM-DRE-21702-GREY46,Formal Pants,Dress Pants
BOM-DRE-21703-GREY48,Formal Pants,Dress Pants
BOM-DRE-21704-GREY50,Formal Pants,Dress Pants
BOM-DRE-22861-DARK 28,Formal Pants,Dress Pants
BOM-DRE-22862-DARK 30,Formal Pants,Dress Pants
BOM-DRE-22863-DARK 32,Formal Pants,Dress Pants
BOM-DRE-22864-DARK 34,Formal Pants,Dress Pants
BOM-DRE-22865-DARK 36,Formal Pants,Dress Pants
BOM-DRE-22866-DARK 38,Formal Pants,Dress Pants
BOM-DRE-22867-DARK 40,Formal Pants,Dress Pants
BOM-DRE-22868-DARK 42,Formal Pants,Dress Pants
BOM-DRE-22869-DARK 44,Formal Pants,Dress Pants
BOM-DRE-22870-DARK 46,Formal Pants,Dress Pants
BOM-DRE-22871-DARK 48,Formal Pants,Dress Pants
BOM-DRE-22872-DARK 50,Formal Pants,Dress Pants
BOM-DRE-22873-BLACK28,Formal Pants,Dress Pants
BOM-DRE-22874-BLACK30,Formal Pants,Dress Pants
BOM-DRE-22875-BLACK32,Formal Pants,Dress Pants
BOM-DRE-22876-BLACK34,Formal Pants,Dress Pants
BOM-DRE-22877-BLACK36,Formal Pants,Dress Pants
BOM-DRE-22878-BLACK38,Formal Pants,Dress Pants
BOM-DRE-22879-BLACK40,Formal Pants,Dress Pants
BOM-DRE-22880-BLACK42,Formal Pants,Dress Pants
BOM-DRE-22881-BLACK44,Formal Pants,Dress Pants
BOM-DRE-22882-BLACK46,Formal Pants,Dress Pants
BOM-DRE-22883-BLACK48,Formal Pants,Dress Pants
BOM-DRE-22884-BLACK50,Formal Pants,Dress Pants
BOM-DRE-22907-GREY36,Formal Pants,Dress Pants
BOM-DRE-22908-GREY38,Formal Pants,Dress Pants
BOM-DRE-22909-GREY40,Formal Pants,Dress Pants
BOM-DRE-22916-NAVY30,Formal Pants,Dress Pants
BOM-DRE-22917-NAVY32,Formal Pants,Dress Pants
BOM-DRE-22918-NAVY34,Formal Pants,Dress Pants
BOM-DRE-22919-NAVY36,Formal Pants,Dress Pants
BOM-DRE-22920-NAVY38,Formal Pants,Dress Pants
BOM-DRE-22921-NAVY40,Formal Pants,Dress Pants
BOM-DRE-22923-NAVY44,Formal Pants,Dress Pants
BOM-DRE-22924-NAVY46,Formal Pants,Dress Pants
BOM-DRE-22925-NAVY48,Formal Pants,Dress Pants
BOM-DRE-22926-NAVY50,Formal Pants,Dress Pants
BOM-DRE-22927-BROWN28,Formal Pants,Dress Pants
BOM-DRE-22930-BROWN34,Formal Pants,Dress Pants
BOM-DRE-22931-BROWN36,Formal Pants,Dress Pants
BOM-DRE-22934-BROWN42,Formal Pants,Dress Pants
BOM-DRE-22937-BROWN48,Formal Pants,Dress Pants
BOM-DRE-22942-NAVY34,Formal Pants,Dress Pants
BOM-DRE-22943-NAVY36,Formal Pants,Dress Pants
BOM-DRE-22944-NAVY38,Formal Pants,Dress Pants
BOM-DRE-22945-NAVY40,Formal Pants,Dress Pants
BOM-DRE-22947-NAVY44,Formal Pants,Dress Pants
BOM-DRE-22948-NAVY46,Formal Pants,Dress Pants
BOM-DRE-22950-NAVY50,Formal Pants,Dress Pants
BOM-DRE-23494-LIGHT32,Formal Pants,Dress Pants
BOM-DRE-23495-LIGHT34,Formal Pants,Dress Pants
BOM-DRE-23496-LIGHT36,Formal Pants,Dress Pants
BOM-DRE-23498-LIGHT40,Formal Pants,Dress Pants
BOM-DRE-23499-LIGHT42,Formal Pants,Dress Pants
BOM-DRE-23500-LIGHT44,Formal Pants,Dress Pants
BOM-DRE-23501-LIGHT46,Formal Pants,Dress Pants
BOM-DRE-23503-LIGHT50,Formal Pants,Dress Pants
BOM-DRE-23504-BLUE28,Formal Pants,Dress Pants
BOM-DRE-23505-BLUE30,Formal Pants,Dress Pants
BOM-DRE-23506-BLUE32,Formal Pants,Dress Pants
BOM-DRE-23507-BLUE34,Formal Pants,Dress Pants
BOM-DRE-23508-BLUE36,Formal Pants,Dress Pants
BOM-DRE-23509-BLUE38,Formal Pants,Dress Pants
BOM-DRE-23510-BLUE40,Formal Pants,Dress Pants
BOM-DRE-23511-BLUE42,Formal Pants,Dress Pants
BOM-DRE-23512-BLUE44,Formal Pants,Dress Pants
BOM-DRE-23513-BLUE46,Formal Pants,Dress Pants
BOM-DRE-23514-BLUE48,Formal Pants,Dress Pants
BOM-DRE-23515-BLUE50,Formal Pants,Dress Pants
BOM-DRE-23753-LIGHT30,Formal Pants,Dress Pants
BOM-DRE-23754-LIGHT32,Formal Pants,Dress Pants
BOM-DRE-23755-LIGHT34,Formal Pants,Dress Pants
BOM-DRE-23756-LIGHT36,Formal Pants,Dress Pants
BOM-DRE-23757-LIGHT38,Formal Pants,Dress Pants
BOM-DRE-23758-LIGHT40,Formal Pants,Dress Pants
BOM-DRE-23760-LIGHT44,Formal Pants,Dress Pants
BOM-DRE-23761-LIGHT46,Formal Pants,Dress Pants
BOM-DRE-23763-LIGHT50,Formal Pants,Dress Pants
BOM-DRE-23765-DARK 30,Formal Pants,Dress Pants
BOM-DRE-23766-DARK 32,Formal Pants,Dress Pants
BOM-DRE-23767-DARK 34,Formal Pants,Dress Pants
BOM-DRE-23768-DARK 36,Formal Pants,Dress Pants
BOM-DRE-23769-DARK 38,Formal Pants,Dress Pants
BOM-DRE-23770-DARK 40,Formal Pants,Dress Pants
BOM-DRE-23771-DARK 42,Formal Pants,Dress Pants
BOM-DRE-23772-DARK 44,Formal Pants,Dress Pants
BOM-DRE-23773-DARK 46,Formal Pants,Dress Pants
BOM-DRE-24434-DARK 28,Formal Pants,Dress Pants
BOM-DRE-24435-DARK 30,Formal Pants,Dress Pants
BOM-DRE-24436-DARK 32,Formal Pants,Dress Pants
BOM-DRE-24437-DARK 34,Formal Pants,Dress Pants
BOM-DRE-24438-DARK 36,Formal Pants,Dress Pants
BOM-DRE-24441-DARK 42,Formal Pants,Dress Pants
BOM-DRE-24442-DARK 44,Formal Pants,Dress Pants
BOM-DRE-24444-DARK 48,Formal Pants,Dress Pants
BOM-DRE-24446-DARK 28,Formal Pants,Dress Pants
BOM-DRE-24447-DARK 30,Formal Pants,Dress Pants
BOM-DRE-24449-DARK 34,Formal Pants,Dress Pants
BOM-DRE-24450-DARK 36,Formal Pants,Dress Pants
BOM-DRE-24451-DARK 38,Formal Pants,Dress Pants
BOM-DRE-24452-DARK 40,Formal Pants,Dress Pants
BOM-DRE-24453-DARK 42,Formal Pants,Dress Pants
BOM-DRE-24454-DARK 44,Formal Pants,Dress Pants
BOM-DRE-24455-DARK 46,Formal Pants,Dress Pants
BOM-DRE-24456-DARK 48,Formal Pants,Dress Pants
BOM-DRE-24459-KHAKI30,Formal Pants,Dress Pants
BOM-DRE-24460-KHAKI32,Formal Pants,Dress Pants
BOM-DRE-24461-KHAKI34,Formal Pants,Dress Pants
BOM-DRE-24462-KHAKI36,Formal Pants,Dress Pants
BOM-DRE-24463-KHAKI38,Formal Pants,Dress Pants
BOM-DRE-24464-KHAKI40,Formal Pants,Dress Pants
BOM-DRE-24465-KHAKI42,Formal Pants,Dress Pants
BOM-DRE-24466-KHAKI44,Formal Pants,Dress Pants
BOM-DRE-24467-KHAKI46,Formal Pants,Dress Pants
BOM-DRE-24468-KHAKI48,Formal Pants,Dress Pants
BOM-DRE-24474-BROWN36,Formal Pants,Dress Pants
BOM-DRE-24478-BROWN44,Formal Pants,Dress Pants
BOM-DRE-24479-BROWN46,Formal Pants,Dress Pants
BOM-DRE-24480-BROWN48,Formal Pants,Dress Pants
BOM-DRE-24482-BLACK28,Formal Pants,Dress Pants
BOM-DRE-24483-BLACK30,Formal Pants,Dress Pants
BOM-DRE-24484-BLACK32,Formal Pants,Dress Pants
BOM-DRE-24485-BLACK34,Formal Pants,Dress Pants
BOM-DRE-24486-BLACK36,Formal Pants,Dress Pants
BOM-DRE-24487-BLACK38,Formal Pants,Dress Pants
BOM-DRE-24490-BLACK44,Formal Pants,Dress Pants
BOM-DRE-24491-BLACK46,Formal Pants,Dress Pants
BOM-DRE-24492-BLACK48,Formal Pants,Dress Pants
BOM-DRE-24493-BLACK50,Formal Pants,Dress Pants
BOM-DRE-24494-NAVY28,Formal Pants,Dress Pants
BOM-DRE-24495-NAVY30,Formal Pants,Dress Pants
BOM-DRE-24496-NAVY32,Formal Pants,Dress Pants
BOM-DRE-24498-NAVY36,Formal Pants,Dress Pants
BOM-DRE-24499-NAVY38,Formal Pants,Dress Pants
BOM-DRE-24501-NAVY42,Formal Pants,Dress Pants
BOM-DRE-24502-NAVY44,Formal Pants,Dress Pants
BOM-DRE-24503-NAVY46,Formal Pants,Dress Pants
BOM-DRE-24505-NAVY50,Formal Pants,Dress Pants
BOM-DRE-24506-GREY28,Formal Pants,Dress Pants
BOM-DRE-24507-GREY30,Formal Pants,Dress Pants
BOM-DRE-24508-GREY32,Formal Pants,Dress Pants
BOM-DRE-24509-GREY34,Formal Pants,Dress Pants
BOM-DRE-24510-GREY36,Formal Pants,Dress Pants
BOM-DRE-24511-GREY38,Formal Pants,Dress Pants
BOM-DRE-24512-GREY40,Formal Pants,Dress Pants
BOM-DRE-24517-GREY50,Formal Pants,Dress Pants
BOM-DRE-25303-BLACK28,Formal Pants,Dress Pants
BOM-DRE-25304-BLACK30,Formal Pants,Dress Pants
BOM-DRE-25305-BLACK32,Formal Pants,Dress Pants
BOM-DRE-25306-BLACK34,Formal Pants,Dress Pants
BOM-DRE-25307-BLACK36,Formal Pants,Dress Pants
BOM-DRE-25308-BLACK38,Formal Pants,Dress Pants
BOM-DRE-25309-BLACK40,Formal Pants,Dress Pants
BOM-DRE-25310-BLACK42,Formal Pants,Dress Pants
BOM-DRE-25311-BLACK44,Formal Pants,Dress Pants
BOM-DRE-25313-BLACK48,Formal Pants,Dress Pants
BOM-DRE-25662-GREY28,Formal Pants,Dress Pants
BOM-DRE-25663-GREY30,Formal Pants,Dress Pants
BOM-DRE-25664-GREY32,Formal Pants,Dress Pants
BOM-DRE-25665-GREY34,Formal Pants,Dress Pants
BOM-DRE-25666-GREY36,Formal Pants,Dress Pants
BOM-DRE-25667-GREY38,Formal Pants,Dress Pants
BOM-DRE-25668-GREY40,Formal Pants,Dress Pants
BOM-DRE-25669-GREY42,Formal Pants,Dress Pants
BOM-DRE-25670-GREY44,Formal Pants,Dress Pants
BOM-DRE-25671-GREY46,Formal Pants,Dress Pants
BOM-DRE-25672-GREY48,Formal Pants,Dress Pants
BOM-DRE-25673-GREY50,Formal Pants,Dress Pants
BOM-DRE-25674-GREY28,Formal Pants,Dress Pants
BOM-DRE-25675-GREY30,Formal Pants,Dress Pants
BOM-DRE-25676-GREY32,Formal Pants,Dress Pants
BOM-DRE-25677-GREY34,Formal Pants,Dress Pants
BOM-DRE-25678-GREY36,Formal Pants,Dress Pants
BOM-DRE-25679-GREY38,Formal Pants,Dress Pants
BOM-DRE-25680-GREY40,Formal Pants,Dress Pants
BOM-DRE-25681-GREY42,Formal Pants,Dress Pants
BOM-DRE-25682-GREY44,Formal Pants,Dress Pants
BOM-DRE-25683-GREY46,Formal Pants,Dress Pants
BOM-DRE-25684-GREY48,Formal Pants,Dress Pants
BOM-DRE-25685-GREY50,Formal Pants,Dress Pants
BOM-DRE-25698-JET B28,Formal Pants,Dress Pants
BOM-DRE-25699-JET B30,Formal Pants,Dress Pants
BOM-DRE-25700-JET B32,Formal Pants,Dress Pants
BOM-DRE-25701-JET B34,Formal Pants,Dress Pants
BOM-DRE-25702-JET B36,Formal Pants,Dress Pants
BOM-DRE-25703-JET B38,Formal Pants,Dress Pants
BOM-DRE-25704-JET B40,Formal Pants,Dress Pants
BOM-DRE-25705-JET B42,Formal Pants,Dress Pants
BOM-DRE-25706-JET B44,Formal Pants,Dress Pants
BOM-DRE-25707-JET B46,Formal Pants,Dress Pants
BOM-DRE-25708-JET B48,Formal Pants,Dress Pants
BOM-DRE-25709-JET B50,Formal Pants,Dress Pants
BOM-DRE-25710-NAVY28,Formal Pants,Dress Pants
BOM-DRE-25711-NAVY30,Formal Pants,Dress Pants
BOM-DRE-25712-NAVY32,Formal Pants,Dress Pants
BOM-DRE-25713-NAVY34,Formal Pants,Dress Pants
BOM-DRE-25714-NAVY36,Formal Pants,Dress Pants
BOM-DRE-25715-NAVY38,Formal Pants,Dress Pants
BOM-DRE-25716-NAVY40,Formal Pants,Dress Pants
BOM-DRE-25717-NAVY42,Formal Pants,Dress Pants
BOM-DRE-25718-NAVY44,Formal Pants,Dress Pants
BOM-DRE-25719-NAVY46,Formal Pants,Dress Pants
BOM-DRE-25720-NAVY48,Formal Pants,Dress Pants
BOM-DRE-25721-NAVY50,Formal Pants,Dress Pants
BOM-DRE-25722-NAVY28,Formal Pants,Dress Pants
BOM-DRE-25723-NAVY30,Formal Pants,Dress Pants
BOM-DRE-25724-NAVY32,Formal Pants,Dress Pants
BOM-DRE-25725-NAVY34,Formal Pants,Dress Pants
BOM-DRE-25726-NAVY36,Formal Pants,Dress Pants
BOM-DRE-25727-NAVY38,Formal Pants,Dress Pants
BOM-DRE-25728-NAVY40,Formal Pants,Dress Pants
BOM-DRE-25729-NAVY42,Formal Pants,Dress Pants
BOM-DRE-25730-NAVY44,Formal Pants,Dress Pants
BOM-DRE-25731-NAVY46,Formal Pants,Dress Pants
BOM-DRE-25732-NAVY48,Formal Pants,Dress Pants
BOM-DRE-25733-NAVY50,Formal Pants,Dress Pants
BOM-DRE-25734-BLACK28,Formal Pants,Dress Pants
BOM-DRE-25735-BLACK30,Formal Pants,Dress Pants
BOM-DRE-25736-BLACK32,Formal Pants,Dress Pants
BOM-DRE-25737-BLACK34,Formal Pants,Dress Pants
BOM-DRE-25738-BLACK36,Formal Pants,Dress Pants
BOM-DRE-25739-BLACK38,Formal Pants,Dress Pants
BOM-DRE-25740-BLACK40,Formal Pants,Dress Pants
BOM-DRE-25741-BLACK42,Formal Pants,Dress Pants
BOM-DRE-25742-BLACK44,Formal Pants,Dress Pants
BOM-DRE-25743-BLACK46,Formal Pants,Dress Pants
BOM-DRE-25744-BLACK48,Formal Pants,Dress Pants
BOM-DRE-25745-BLACK50,Formal Pants,Dress Pants
BOM-DRE-25770-BLUE28,Formal Pants,Dress Pants
BOM-DRE-25771-BLUE30,Formal Pants,Dress Pants
BOM-DRE-25772-BLUE32,Formal Pants,Dress Pants
BOM-DRE-25773-BLUE34,Formal Pants,Dress Pants
BOM-DRE-25774-BLUE36,Formal Pants,Dress Pants
BOM-DRE-25775-BLUE38,Formal Pants,Dress Pants
BOM-DRE-25776-BLUE40,Formal Pants,Dress Pants
BOM-DRE-25777-BLUE42,Formal Pants,Dress Pants
BOM-DRE-25778-BLUE44,Formal Pants,Dress Pants
BOM-DRE-25779-BLUE46,Formal Pants,Dress Pants
BOM-DRE-25780-BLUE48,Formal Pants,Dress Pants
BOM-DRE-25781-BLUE50,Formal Pants,Dress Pants
BOM-DRE-25782-BLACK28,Formal Pants,Dress Pants
BOM-DRE-25784-BLACK32,Formal Pants,Dress Pants
BOM-DRE-25785-BLACK34,Formal Pants,Dress Pants
BOM-DRE-25786-BLACK36,Formal Pants,Dress Pants
BOM-DRE-25787-BLACK38,Formal Pants,Dress Pants
BOM-DRE-25788-BLACK40,Formal Pants,Dress Pants
BOM-DRE-25789-BLACK42,Formal Pants,Dress Pants
BOM-DRE-25794-NAVY28,Formal Pants,Dress Pants
BOM-DRE-25796-NAVY32,Formal Pants,Dress Pants
BOM-DRE-25797-NAVY34,Formal Pants,Dress Pants
BOM-DRE-25798-NAVY36,Formal Pants,Dress Pants
BOM-DRE-25799-NAVY38,Formal Pants,Dress Pants
BOM-DRE-25800-NAVY40,Formal Pants,Dress Pants
BOM-DRE-25801-NAVY42,Formal Pants,Dress Pants
BOM-DRE-25818-DARK 28,Formal Pants,Dress Pants
BOM-DRE-25819-DARK 30,Formal Pants,Dress Pants
BOM-DRE-25820-DARK 32,Formal Pants,Dress Pants
BOM-DRE-25821-DARK 34,Formal Pants,Dress Pants
BOM-DRE-25822-DARK 36,Formal Pants,Dress Pants
BOM-DRE-25823-DARK 38,Formal Pants,Dress Pants
BOM-DRE-25824-DARK 40,Formal Pants,Dress Pants
BOM-DRE-25825-DARK 42,Formal Pants,Dress Pants
BOM-DRE-25826-DARK 44,Formal Pants,Dress Pants
BOM-DRE-25827-DARK 46,Formal Pants,Dress Pants
BOM-DRE-25828-DARK 48,Formal Pants,Dress Pants
BOM-DRE-25829-DARK 50,Formal Pants,Dress Pants
BOM-DRE-27541-DARK 28,Formal Pants,Dress Pants
BOM-DRE-27542-DARK 30,Formal Pants,Dress Pants
BOM-DRE-27543-DARK 32,Formal Pants,Dress Pants
BOM-DRE-27544-DARK 34,Formal Pants,Dress Pants
BOM-DRE-27545-DARK 36,Formal Pants,Dress Pants
BOM-DRE-27546-DARK 38,Formal Pants,Dress Pants
BOM-DRE-27547-DARK 40,Formal Pants,Dress Pants
BOM-DRE-27548-DARK 42,Formal Pants,Dress Pants
BOM-DRE-27553-CHARC28,Formal Pants,Dress Pants
BOM-DRE-27554-CHARC30,Formal Pants,Dress Pants
BOM-DRE-27555-CHARC32,Formal Pants,Dress Pants
BOM-DRE-27556-CHARC34,Formal Pants,Dress Pants
BOM-DRE-27557-CHARC36,Formal Pants,Dress Pants
BOM-DRE-27558-CHARC38,Formal Pants,Dress Pants
BOM-DRE-27559-CHARC40,Formal Pants,Dress Pants
BOM-DRE-27560-CHARC42,Formal Pants,Dress Pants
BOM-DRE-27561-CHARC44,Formal Pants,Dress Pants
BOM-DRE-27562-CHARC46,Formal Pants,Dress Pants
BOM-DRE-27563-CHARC48,Formal Pants,Dress Pants
BOM-DRE-27564-CHARC50,Formal Pants,Dress Pants
BOM-DRE-27779-OLIVE28,Formal Pants,Dress Pants
BOM-DRE-27780-OLIVE30,Formal Pants,Dress Pants
BOM-DRE-27781-OLIVE32,Formal Pants,Dress Pants
BOM-DRE-27782-OLIVE34,Formal Pants,Dress Pants
BOM-DRE-27783-OLIVE36,Formal Pants,Dress Pants
BOM-DRE-27784-OLIVE38,Formal Pants,Dress Pants
BOM-DRE-27785-OLIVE40,Formal Pants,Dress Pants
BOM-DRE-27786-OLIVE42,Formal Pants,Dress Pants
BOM-DRE-27787-OLIVE44,Formal Pants,Dress Pants
BOM-DRE-27788-OLIVE46,Formal Pants,Dress Pants
BOM-DRE-27789-OLIVE48,Formal Pants,Dress Pants
BOM-DRE-27790-OLIVE50,Formal Pants,Dress Pants
BOM-DRE-27791-BEIGE28,Formal Pants,Dress Pants
BOM-DRE-27792-BEIGE30,Formal Pants,Dress Pants
BOM-DRE-27793-BEIGE32,Formal Pants,Dress Pants
BOM-DRE-27794-BEIGE34,Formal Pants,Dress Pants
BOM-DRE-27795-BEIGE36,Formal Pants,Dress Pants
BOM-DRE-27796-BEIGE38,Formal Pants,Dress Pants
BOM-DRE-27797-BEIGE40,Formal Pants,Dress Pants
BOM-DRE-27799-BEIGE44,Formal Pants,Dress Pants
BOM-DRE-27800-BEIGE46,Formal Pants,Dress Pants
BOM-DRE-27802-BEIGE50,Formal Pants,Dress Pants
BOM-DRE-27803-NAVY28,Formal Pants,Dress Pants
BOM-DRE-27805-NAVY32,Formal Pants,Dress Pants
BOM-DRE-27806-NAVY34,Formal Pants,Dress Pants
BOM-DRE-27807-NAVY36,Formal Pants,Dress Pants
BOM-DRE-27808-NAVY38,Formal Pants,Dress Pants
BOM-DRE-27809-NAVY40,Formal Pants,Dress Pants
BOM-DRE-27810-NAVY42,Formal Pants,Dress Pants
BOM-DRE-27812-NAVY46,Formal Pants,Dress Pants
BOM-DRE-27813-NAVY48,Formal Pants,Dress Pants
BOM-DRE-27814-NAVY50,Formal Pants,Dress Pants
BOM-DRE-27815-GREY28,Formal Pants,Dress Pants
BOM-DRE-27816-GREY30,Formal Pants,Dress Pants
BOM-DRE-27817-GREY32,Formal Pants,Dress Pants
BOM-DRE-27818-GREY34,Formal Pants,Dress Pants
BOM-DRE-27819-GREY36,Formal Pants,Dress Pants
BOM-DRE-27820-GREY38,Formal Pants,Dress Pants
BOM-DRE-27821-GREY40,Formal Pants,Dress Pants
BOM-DRE-27822-GREY42,Formal Pants,Dress Pants
BOM-DRE-27823-GREY44,Formal Pants,Dress Pants
BOM-DRE-27824-GREY46,Formal Pants,Dress Pants
BOM-DRE-27825-GREY48,Formal Pants,Dress Pants
BOM-DRE-27826-GREY50,Formal Pants,Dress Pants
BOM-DRE-27827-GREY28,Formal Pants,Dress Pants
BOM-DRE-27828-GREY30,Formal Pants,Dress Pants
BOM-DRE-27829-GREY32,Formal Pants,Dress Pants
BOM-DRE-27830-GREY34,Formal Pants,Dress Pants
BOM-DRE-27831-GREY36,Formal Pants,Dress Pants
BOM-DRE-27832-GREY38,Formal Pants,Dress Pants
BOM-DRE-27833-GREY40,Formal Pants,Dress Pants
BOM-DRE-27834-GREY42,Formal Pants,Dress Pants
BOM-DRE-27835-GREY44,Formal Pants,Dress Pants
BOM-DRE-27836-GREY46,Formal Pants,Dress Pants
BOM-DRE-27837-GREY48,Formal Pants,Dress Pants
BOM-DRE-27838-GREY50,Formal Pants,Dress Pants
BOM-DRE-28053-NAVY28,Formal Pants,Dress Pants
BOM-DRE-28054-NAVY30,Formal Pants,Dress Pants
BOM-DRE-28055-NAVY32,Formal Pants,Dress Pants
BOM-DRE-28056-NAVY34,Formal Pants,Dress Pants
BOM-DRE-28057-NAVY36,Formal Pants,Dress Pants
BOM-DRE-28058-NAVY38,Formal Pants,Dress Pants
BOM-DRE-28059-NAVY40,Formal Pants,Dress Pants
BOM-DRE-28060-NAVY42,Formal Pants,Dress Pants
BOM-DRE-28061-NAVY44,Formal Pants,Dress Pants
BOM-DRE-28062-NAVY46,Formal Pants,Dress Pants
BOM-DRE-28063-NAVY48,Formal Pants,Dress Pants
BOM-DRE-28064-NAVY50,Formal Pants,Dress Pants
BOM-DRE-28065-BLACK28,Formal Pants,Dress Pants
BOM-DRE-28066-BLACK30,Formal Pants,Dress Pants
BOM-DRE-28067-BLACK32,Formal Pants,Dress Pants
BOM-DRE-28068-BLACK34,Formal Pants,Dress Pants
BOM-DRE-28069-BLACK36,Formal Pants,Dress Pants
BOM-DRE-28070-BLACK38,Formal Pants,Dress Pants
BOM-DRE-28071-BLACK40,Formal Pants,Dress Pants
BOM-DRE-28072-BLACK42,Formal Pants,Dress Pants
BOM-DRE-28073-BLACK44,Formal Pants,Dress Pants
BOM-DRE-28074-BLACK46,Formal Pants,Dress Pants
BOM-DRE-28075-BLACK48,Formal Pants,Dress Pants
BOM-DRE-28076-BLACK50,Formal Pants,Dress Pants
BOM-DRE-28077-DARK 28,Formal Pants,Dress Pants
BOM-DRE-28078-DARK 30,Formal Pants,Dress Pants
BOM-DRE-28079-DARK 32,Formal Pants,Dress Pants
BOM-DRE-28080-DARK 34,Formal Pants,Dress Pants
BOM-DRE-28081-DARK 36,Formal Pants,Dress Pants
BOM-DRE-28082-DARK 38,Formal Pants,Dress Pants
BOM-DRE-28083-DARK 40,Formal Pants,Dress Pants
BOM-DRE-28084-DARK 42,Formal Pants,Dress Pants
BOM-DRE-28085-DARK 44,Formal Pants,Dress Pants
BOM-DRE-28086-DARK 46,Formal Pants,Dress Pants
BOM-DRE-28087-DARK 48,Formal Pants,Dress Pants
BOM-DRE-28088-DARK 50,Formal Pants,Dress Pants
BOM-DRE-28257-BEIGE28,Formal Pants,Dress Pants
BOM-DRE-28258-BEIGE30,Formal Pants,Dress Pants
BOM-DRE-28259-BEIGE32,Formal Pants,Dress Pants
BOM-DRE-28260-BEIGE34,Formal Pants,Dress Pants
BOM-DRE-28261-BEIGE36,Formal Pants,Dress Pants
BOM-DRE-28262-BEIGE38,Formal Pants,Dress Pants
BOM-DRE-28263-BEIGE40,Formal Pants,Dress Pants
BOM-DRE-28264-BEIGE42,Formal Pants,Dress Pants
BOM-DRE-28265-BEIGE44,Formal Pants,Dress Pants
BOM-DRE-28266-BEIGE46,Formal Pants,Dress Pants
BOM-DRE-28267-BEIGE48,Formal Pants,Dress Pants
BOM-DRE-29103-BEIGE28,Formal Pants,Dress Pants
BOM-DRE-29104-BEIGE30,Formal Pants,Dress Pants
BOM-DRE-29105-BEIGE32,Formal Pants,Dress Pants
BOM-DRE-29106-BEIGE34,Formal Pants,Dress Pants
BOM-DRE-29107-BEIGE36,Formal Pants,Dress Pants
BOM-DRE-29108-BEIGE38,Formal Pants,Dress Pants
BOM-DRE-29109-BEIGE40,Formal Pants,Dress Pants
BOM-DRE-29110-BEIGE42,Formal Pants,Dress Pants
BOM-DRE-29111-BEIGE44,Formal Pants,Dress Pants
BOM-DRE-29112-BEIGE46,Formal Pants,Dress Pants
BOM-DRE-29113-BEIGE48,Formal Pants,Dress Pants
BOM-DRE-29114-BEIGE50,Formal Pants,Dress Pants
BOM-DRE-29115-GREY28,Formal Pants,Dress Pants
BOM-DRE-29116-GREY30,Formal Pants,Dress Pants
BOM-DRE-29117-GREY32,Formal Pants,Dress Pants
BOM-DRE-29118-GREY34,Formal Pants,Dress Pants
BOM-DRE-29119-GREY36,Formal Pants,Dress Pants
BOM-DRE-29120-GREY38,Formal Pants,Dress Pants
BOM-DRE-29121-GREY40,Formal Pants,Dress Pants
BOM-DRE-29122-GREY42,Formal Pants,Dress Pants
BOM-DRE-29123-GREY44,Formal Pants,Dress Pants
BOM-DRE-29124-GREY46,Formal Pants,Dress Pants
BOM-DRE-29125-GREY48,Formal Pants,Dress Pants
BOM-DRE-29126-GREY50,Formal Pants,Dress Pants
BOM-DRE-29455-GREY28,Formal Pants,Dress Pants
BOM-DRE-29456-GREY30,Formal Pants,Dress Pants
BOM-DRE-29457-GREY32,Formal Pants,Dress Pants
BOM-DRE-29458-GREY34,Formal Pants,Dress Pants
BOM-DRE-29459-GREY36,Formal Pants,Dress Pants
BOM-DRE-29460-GREY38,Formal Pants,Dress Pants
BOM-DRE-29461-GREY40,Formal Pants,Dress Pants
BOM-DRE-29462-GREY42,Formal Pants,Dress Pants
BOM-DRE-29463-GREY44,Formal Pants,Dress Pants
BOM-DRE-29464-GREY46,Formal Pants,Dress Pants
BOM-DRE-29465-GREY48,Formal Pants,Dress Pants
BOM-DRE-29466-GREY50,Formal Pants,Dress Pants
BOM-DRE-29467-GREY28,Formal Pants,Dress Pants
BOM-DRE-29468-GREY30,Formal Pants,Dress Pants
BOM-DRE-29469-GREY32,Formal Pants,Dress Pants
BOM-DRE-29470-GREY34,Formal Pants,Dress Pants
BOM-DRE-29471-GREY36,Formal Pants,Dress Pants
BOM-DRE-29472-GREY38,Formal Pants,Dress Pants
BOM-DRE-29473-GREY40,Formal Pants,Dress Pants
BOM-DRE-29474-GREY42,Formal Pants,Dress Pants
BOM-DRE-29475-GREY44,Formal Pants,Dress Pants
BOM-DRE-29476-GREY46,Formal Pants,Dress Pants
BOM-DRE-29477-GREY48,Formal Pants,Dress Pants
BOM-DRE-29478-GREY50,Formal Pants,Dress Pants
BOM-DRE-29479-NAVY28,Formal Pants,Dress Pants
BOM-DRE-29480-NAVY30,Formal Pants,Dress Pants
BOM-DRE-29481-NAVY32,Formal Pants,Dress Pants
BOM-DRE-29482-NAVY34,Formal Pants,Dress Pants
BOM-DRE-29483-NAVY36,Formal Pants,Dress Pants
BOM-DRE-29484-NAVY38,Formal Pants,Dress Pants
BOM-DRE-29485-NAVY40,Formal Pants,Dress Pants
BOM-DRE-29486-NAVY42,Formal Pants,Dress Pants
BOM-DRE-29487-NAVY44,Formal Pants,Dress Pants
BOM-DRE-29488-NAVY46,Formal Pants,Dress Pants
BOM-DRE-29489-NAVY48,Formal Pants,Dress Pants
BOM-DRE-29490-NAVY50,Formal Pants,Dress Pants
BOM-DRE-29491-BEIGE28,Formal Pants,Dress Pants
BOM-DRE-29492-BEIGE30,Formal Pants,Dress Pants
BOM-DRE-29493-BEIGE32,Formal Pants,Dress Pants
BOM-DRE-29494-BEIGE34,Formal Pants,Dress Pants
BOM-DRE-29495-BEIGE36,Formal Pants,Dress Pants
BOM-DRE-29496-BEIGE38,Formal Pants,Dress Pants
BOM-DRE-29497-BEIGE40,Formal Pants,Dress Pants
BOM-DRE-29498-BEIGE42,Formal Pants,Dress Pants
BOM-DRE-29499-BEIGE44,Formal Pants,Dress Pants
BOM-DRE-29500-BEIGE46,Formal Pants,Dress Pants
BOM-DRE-29501-BEIGE48,Formal Pants,Dress Pants
BOM-DRE-29502-BEIGE50,Formal Pants,Dress Pants
BOM-DRE-29503-GREY28,Formal Pants,Dress Pants
BOM-DRE-29504-GREY30,Formal Pants,Dress Pants
BOM-DRE-29505-GREY32,Formal Pants,Dress Pants
BOM-DRE-29506-GREY34,Formal Pants,Dress Pants
BOM-DRE-29507-GREY36,Formal Pants,Dress Pants
BOM-DRE-29508-GREY38,Formal Pants,Dress Pants
BOM-DRE-29509-GREY40,Formal Pants,Dress Pants
BOM-DRE-29510-GREY42,Formal Pants,Dress Pants
BOM-DRE-29511-GREY44,Formal Pants,Dress Pants
BOM-DRE-29512-GREY46,Formal Pants,Dress Pants
BOM-DRE-29513-GREY48,Formal Pants,Dress Pants
BOM-DRE-29514-GREY50,Formal Pants,Dress Pants
BOM-DRE-29516-BLUE30,Formal Pants,Dress Pants
BOM-DRE-29517-BLUE32,Formal Pants,Dress Pants
BOM-DRE-29518-BLUE34,Formal Pants,Dress Pants
BOM-DRE-29519-BLUE36,Formal Pants,Dress Pants
BOM-DRE-29520-BLUE38,Formal Pants,Dress Pants
BOM-DRE-29521-BLUE40,Formal Pants,Dress Pants
BOM-DRE-29522-BLUE42,Formal Pants,Dress Pants
BOM-DRE-29523-BLUE44,Formal Pants,Dress Pants
BOM-DRE-29528-DARK 30,Formal Pants,Dress Pants
BOM-DRE-29529-DARK 32,Formal Pants,Dress Pants
BOM-DRE-29530-DARK 34,Formal Pants,Dress Pants
BOM-DRE-29531-DARK 36,Formal Pants,Dress Pants
BOM-DRE-29532-DARK 38,Formal Pants,Dress Pants
BOM-DRE-29533-DARK 40,Formal Pants,Dress Pants
BOM-DRE-29534-DARK 42,Formal Pants,Dress Pants
BOM-DRE-29535-DARK 44,Formal Pants,Dress Pants
BOM-DRE-29540-NAVY30,Formal Pants,Dress Pants
BOM-DRE-29541-NAVY32,Formal Pants,Dress Pants
BOM-DRE-29542-NAVY34,Formal Pants,Dress Pants
BOM-DRE-29543-NAVY36,Formal Pants,Dress Pants
BOM-DRE-29544-NAVY38,Formal Pants,Dress Pants
BOM-DRE-29545-NAVY40,Formal Pants,Dress Pants
BOM-DRE-29546-NAVY42,Formal Pants,Dress Pants
BOM-DRE-29547-NAVY44,Formal Pants,Dress Pants
BOM-DRE-29552-BLACK30,Formal Pants,Dress Pants
BOM-DRE-29553-BLACK32,Formal Pants,Dress Pants
BOM-DRE-29554-BLACK34,Formal Pants,Dress Pants
BOM-DRE-29555-BLACK36,Formal Pants,Dress Pants
BOM-DRE-29556-BLACK38,Formal Pants,Dress Pants
BOM-DRE-29557-BLACK40,Formal Pants,Dress Pants
BOM-DRE-29558-BLACK42,Formal Pants,Dress Pants
BOM-DRE-29559-BLACK44,Formal Pants,Dress Pants
BOM-DRE-29564-DARK 30,Formal Pants,Dress Pants
BOM-DRE-29565-DARK 32,Formal Pants,Dress Pants
BOM-DRE-29566-DARK 34,Formal Pants,Dress Pants
BOM-DRE-29567-DARK 36,Formal Pants,Dress Pants
BOM-DRE-29568-DARK 38,Formal Pants,Dress Pants
BOM-DRE-29569-DARK 40,Formal Pants,Dress Pants
BOM-DRE-29570-DARK 42,Formal Pants,Dress Pants
BOM-DRE-29571-DARK 44,Formal Pants,Dress Pants
BOM-DRE-29576-CHARC30,Formal Pants,Dress Pants
BOM-DRE-29577-CHARC32,Formal Pants,Dress Pants
BOM-DRE-29578-CHARC34,Formal Pants,Dress Pants
BOM-DRE-29579-CHARC36,Formal Pants,Dress Pants
BOM-DRE-29580-CHARC38,Formal Pants,Dress Pants
BOM-DRE-29581-CHARC40,Formal Pants,Dress Pants
BOM-DRE-29582-CHARC42,Formal Pants,Dress Pants
BOM-DRE-29583-CHARC44,Formal Pants,Dress Pants
BOM-DRE-29587-DARK 28,Formal Pants,Dress Pants
BOM-DRE-29588-DARK 30,Formal Pants,Dress Pants
BOM-DRE-29589-DARK 32,Formal Pants,Dress Pants
BOM-DRE-29590-DARK 34,Formal Pants,Dress Pants
BOM-DRE-29591-DARK 36,Formal Pants,Dress Pants
BOM-DRE-29592-DARK 38,Formal Pants,Dress Pants
BOM-DRE-29593-DARK 40,Formal Pants,Dress Pants
BOM-DRE-29594-DARK 42,Formal Pants,Dress Pants
BOM-DRE-29595-DARK 44,Formal Pants,Dress Pants
BOM-DRE-29599-LIGHT28,Formal Pants,Dress Pants
BOM-DRE-29600-LIGHT30,Formal Pants,Dress Pants
BOM-DRE-29601-LIGHT32,Formal Pants,Dress Pants
BOM-DRE-29602-LIGHT34,Formal Pants,Dress Pants
BOM-DRE-29603-LIGHT36,Formal Pants,Dress Pants
BOM-DRE-29604-LIGHT38,Formal Pants,Dress Pants
BOM-DRE-29605-LIGHT40,Formal Pants,Dress Pants
BOM-DRE-29606-LIGHT42,Formal Pants,Dress Pants
BOM-DRE-29607-LIGHT44,Formal Pants,Dress Pants
BOM-DRE-29815-BLACK28,Formal Pants,Dress Pants
BOM-DRE-29816-BLACK30,Formal Pants,Dress Pants
BOM-DRE-29817-BLACK32,Formal Pants,Dress Pants
BOM-DRE-29818-BLACK34,Formal Pants,Dress Pants
BOM-DRE-29819-BLACK36,Formal Pants,Dress Pants
BOM-DRE-29820-BLACK38,Formal Pants,Dress Pants
BOM-DRE-29821-BLACK40,Formal Pants,Dress Pants
BOM-DRE-29822-BLACK42,Formal Pants,Dress Pants
BOM-DRE-29823-BLACK44,Formal Pants,Dress Pants
BOM-DRE-29824-BLACK46,Formal Pants,Dress Pants
BOM-DRE-29825-BLACK48,Formal Pants,Dress Pants
BOM-DRE-29826-BLACK50,Formal Pants,Dress Pants
BOM-DRE-29827-NAVY28,Formal Pants,Dress Pants
BOM-DRE-29828-NAVY30,Formal Pants,Dress Pants
BOM-DRE-29829-NAVY32,Formal Pants,Dress Pants
BOM-DRE-29830-NAVY34,Formal Pants,Dress Pants
BOM-DRE-29831-NAVY36,Formal Pants,Dress Pants
BOM-DRE-29832-NAVY38,Formal Pants,Dress Pants
BOM-DRE-29833-NAVY40,Formal Pants,Dress Pants
BOM-DRE-29834-NAVY42,Formal Pants,Dress Pants
BOM-DRE-29835-NAVY44,Formal Pants,Dress Pants
BOM-DRE-29836-NAVY46,Formal Pants,Dress Pants
BOM-DRE-29837-NAVY48,Formal Pants,Dress Pants
BOM-DRE-29838-NAVY50,Formal Pants,Dress Pants
BOM-DRE-29839-NAVY28,Formal Pants,Dress Pants
BOM-DRE-29840-NAVY30,Formal Pants,Dress Pants
BOM-DRE-29841-NAVY32,Formal Pants,Dress Pants
BOM-DRE-29842-NAVY34,Formal Pants,Dress Pants
BOM-DRE-29843-NAVY36,Formal Pants,Dress Pants
BOM-DRE-29844-NAVY38,Formal Pants,Dress Pants
BOM-DRE-29845-NAVY40,Formal Pants,Dress Pants
BOM-DRE-29846-NAVY42,Formal Pants,Dress Pants
BOM-DRE-29847-NAVY44,Formal Pants,Dress Pants
BOM-DRE-29848-NAVY46,Formal Pants,Dress Pants
BOM-DRE-29849-NAVY48,Formal Pants,Dress Pants
BOM-DRE-29850-NAVY50,Formal Pants,Dress Pants
BOM-DRE-30193-NAVY28,Formal Pants,Dress Pants
BOM-DRE-30194-NAVY30,Formal Pants,Dress Pants
BOM-DRE-30195-NAVY32,Formal Pants,Dress Pants
BOM-DRE-30196-NAVY34,Formal Pants,Dress Pants
BOM-DRE-30197-NAVY36,Formal Pants,Dress Pants
BOM-DRE-30198-NAVY38,Formal Pants,Dress Pants
BOM-DRE-30199-NAVY40,Formal Pants,Dress Pants
BOM-DRE-30200-NAVY42,Formal Pants,Dress Pants
BOM-DRE-30201-NAVY44,Formal Pants,Dress Pants
BOM-DRE-30202-NAVY46,Formal Pants,Dress Pants
BOM-DRE-30204-NAVY50,Formal Pants,Dress Pants
BOM-DRE-30766-LIGHT28,Formal Pants,Dress Pants
BOM-DRE-30767-LIGHT30,Formal Pants,Dress Pants
BOM-DRE-30768-LIGHT32,Formal Pants,Dress Pants
BOM-DRE-30769-LIGHT34,Formal Pants,Dress Pants
BOM-DRE-30770-LIGHT36,Formal Pants,Dress Pants
BOM-DRE-30771-LIGHT38,Formal Pants,Dress Pants
BOM-DRE-30772-LIGHT40,Formal Pants,Dress Pants
BOM-DRE-30773-LIGHT42,Formal Pants,Dress Pants
BOM-DRE-30774-LIGHT44,Formal Pants,Dress Pants
BOM-DRE-30775-LIGHT46,Formal Pants,Dress Pants
BOM-DRE-30778-BLACK28,Formal Pants,Dress Pants
BOM-DRE-30779-BLACK30,Formal Pants,Dress Pants
BOM-DRE-30780-BLACK32,Formal Pants,Dress Pants
BOM-DRE-30781-BLACK34,Formal Pants,Dress Pants
BOM-DRE-30782-BLACK36,Formal Pants,Dress Pants
BOM-DRE-30783-BLACK38,Formal Pants,Dress Pants
BOM-DRE-30784-BLACK40,Formal Pants,Dress Pants
BOM-DRE-30785-BLACK42,Formal Pants,Dress Pants
BOM-DRE-30786-BLACK44,Formal Pants,Dress Pants
BOM-DRE-30787-BLACK46,Formal Pants,Dress Pants
BOM-DRE-30802-BLACK28,Formal Pants,Dress Pants
BOM-DRE-30803-BLACK30,Formal Pants,Dress Pants
BOM-DRE-30804-BLACK32,Formal Pants,Dress Pants
BOM-DRE-30805-BLACK34,Formal Pants,Dress Pants
BOM-DRE-30806-BLACK36,Formal Pants,Dress Pants
BOM-DRE-30807-BLACK38,Formal Pants,Dress Pants
BOM-DRE-30808-BLACK40,Formal Pants,Dress Pants
BOM-DRE-30809-BLACK42,Formal Pants,Dress Pants
BOM-DRE-30810-BLACK44,Formal Pants,Dress Pants
BOM-DRE-30811-BLACK46,Formal Pants,Dress Pants
BOM-DRE-30821-GREY30,Formal Pants,Dress Pants
BOM-DRE-30822-GREY32,Formal Pants,Dress Pants
BOM-DRE-30823-GREY34,Formal Pants,Dress Pants
BOM-DRE-30824-GREY36,Formal Pants,Dress Pants
BOM-DRE-30825-GREY38,Formal Pants,Dress Pants
BOM-DRE-30826-GREY40,Formal Pants,Dress Pants
BOM-DRE-30827-GREY42,Formal Pants,Dress Pants
BOM-DRE-30828-GREY44,Formal Pants,Dress Pants
BOM-DRE-30829-GREY46,Formal Pants,Dress Pants
BOM-DRE-30832-NAVY28,Formal Pants,Dress Pants
BOM-DRE-30833-NAVY30,Formal Pants,Dress Pants
BOM-DRE-30834-NAVY32,Formal Pants,Dress Pants
BOM-DRE-30835-NAVY34,Formal Pants,Dress Pants
BOM-DRE-30836-NAVY36,Formal Pants,Dress Pants
BOM-DRE-30837-NAVY38,Formal Pants,Dress Pants
BOM-DRE-30838-NAVY40,Formal Pants,Dress Pants
BOM-DRE-30839-NAVY42,Formal Pants,Dress Pants
BOM-DRE-30840-NAVY44,Formal Pants,Dress Pants
BOM-DRE-30841-NAVY46,Formal Pants,Dress Pants
BOM-DRE-30844-NAVY28,Formal Pants,Dress Pants
BOM-DRE-30845-NAVY30,Formal Pants,Dress Pants
BOM-DRE-30846-NAVY32,Formal Pants,Dress Pants
BOM-DRE-30847-NAVY34,Formal Pants,Dress Pants
BOM-DRE-30848-NAVY36,Formal Pants,Dress Pants
BOM-DRE-30849-NAVY38,Formal Pants,Dress Pants
BOM-DRE-30850-NAVY40,Formal Pants,Dress Pants
BOM-DRE-30851-NAVY42,Formal Pants,Dress Pants
BOM-DRE-30852-NAVY44,Formal Pants,Dress Pants
BOM-DRE-30853-NAVY46,Formal Pants,Dress Pants
BOM-DRE-30856-BLACK28,Formal Pants,Dress Pants
BOM-DRE-30857-BLACK30,Formal Pants,Dress Pants
BOM-DRE-30858-BLACK32,Formal Pants,Dress Pants
BOM-DRE-30859-BLACK34,Formal Pants,Dress Pants
BOM-DRE-30860-BLACK36,Formal Pants,Dress Pants
BOM-DRE-30861-BLACK38,Formal Pants,Dress Pants
BOM-DRE-30862-BLACK40,Formal Pants,Dress Pants
BOM-DRE-30863-BLACK42,Formal Pants,Dress Pants
BOM-DRE-30864-BLACK44,Formal Pants,Dress Pants
BOM-DRE-30865-BLACK46,Formal Pants,Dress Pants
BOM-DRE-30868-NAVY28,Formal Pants,Dress Pants
BOM-DRE-30869-NAVY30,Formal Pants,Dress Pants
BOM-DRE-30870-NAVY32,Formal Pants,Dress Pants
BOM-DRE-30871-NAVY34,Formal Pants,Dress Pants
BOM-DRE-30873-NAVY38,Formal Pants,Dress Pants
BOM-DRE-30874-NAVY40,Formal Pants,Dress Pants
BOM-DRE-30875-NAVY42,Formal Pants,Dress Pants
BOM-DRE-30876-NAVY44,Formal Pants,Dress Pants
BOM-DRE-30877-NAVY46,Formal Pants,Dress Pants
BOM-DRE-30878-NAVY48,Formal Pants,Dress Pants
BOM-DRE-30879-NAVY50,Formal Pants,Dress Pants
BOM-DRE-30880-BLACK28,Formal Pants,Dress Pants
BOM-DRE-30881-BLACK30,Formal Pants,Dress Pants
BOM-DRE-30882-BLACK32,Formal Pants,Dress Pants
BOM-DRE-30883-BLACK34,Formal Pants,Dress Pants
BOM-DRE-30884-BLACK36,Formal Pants,Dress Pants
BOM-DRE-30885-BLACK38,Formal Pants,Dress Pants
BOM-DRE-30886-BLACK40,Formal Pants,Dress Pants
BOM-DRE-30887-BLACK42,Formal Pants,Dress Pants
BOM-DRE-30888-BLACK44,Formal Pants,Dress Pants
BOM-DRE-30889-BLACK46,Formal Pants,Dress Pants
BOM-DRE-30890-BLACK48,Formal Pants,Dress Pants
BOM-DRE-30891-BLACK50,Formal Pants,Dress Pants
BOM-DRE-30990-BEIGE28,Formal Pants,Dress Pants
BOM-DRE-30991-BEIGE30,Formal Pants,Dress Pants
BOM-DRE-30992-BEIGE32,Formal Pants,Dress Pants
BOM-DRE-30993-BEIGE34,Formal Pants,Dress Pants
BOM-DRE-30994-BEIGE36,Formal Pants,Dress Pants
BOM-DRE-30995-BEIGE38,Formal Pants,Dress Pants
BOM-DRE-30996-BEIGE40,Formal Pants,Dress Pants
BOM-DRE-30997-BEIGE42,Formal Pants,Dress Pants
BOM-DRE-30998-BEIGE44,Formal Pants,Dress Pants
BOM-DRE-30999-BEIGE46,Formal Pants,Dress Pants
BOM-DRE-31000-BEIGE48,Formal Pants,Dress Pants
BOM-DRE-31001-BEIGE50,Formal Pants,Dress Pants
BOM-DRE-31334-GREY28,Formal Pants,Dress Pants
BOM-DRE-31335-GREY30,Formal Pants,Dress Pants
BOM-DRE-31336-GREY32,Formal Pants,Dress Pants
BOM-DRE-31337-GREY34,Formal Pants,Dress Pants
BOM-DRE-31338-GREY36,Formal Pants,Dress Pants
BOM-DRE-31339-GREY38,Formal Pants,Dress Pants
BOM-DRE-31340-GREY40,Formal Pants,Dress Pants
BOM-DRE-31341-GREY42,Formal Pants,Dress Pants
BOM-DRE-31342-GREY44,Formal Pants,Dress Pants
BOM-DRE-31343-GREY46,Formal Pants,Dress Pants
BOM-DRE-31344-GREY48,Formal Pants,Dress Pants
BOM-DRE-31345-GREY50,Formal Pants,Dress Pants
BOM-DRE-31358-NAVY28,Formal Pants,Dress Pants
BOM-DRE-31359-NAVY30,Formal Pants,Dress Pants
BOM-DRE-31360-NAVY32,Formal Pants,Dress Pants
BOM-DRE-31361-NAVY34,Formal Pants,Dress Pants
BOM-DRE-31362-NAVY36,Formal Pants,Dress Pants
BOM-DRE-31363-NAVY38,Formal Pants,Dress Pants
BOM-DRE-31364-NAVY40,Formal Pants,Dress Pants
BOM-DRE-31365-NAVY42,Formal Pants,Dress Pants
BOM-DRE-31366-NAVY44,Formal Pants,Dress Pants
BOM-DRE-31367-NAVY46,Formal Pants,Dress Pants
BOM-DRE-31368-NAVY48,Formal Pants,Dress Pants
BOM-DRE-31369-NAVY50,Formal Pants,Dress Pants
BOM-DRE-31371-GREY30,Formal Pants,Dress Pants
BOM-DRE-31373-GREY34,Formal Pants,Dress Pants
BOM-DRE-31376-GREY40,Formal Pants,Dress Pants
BOM-DRE-31377-GREY42,Formal Pants,Dress Pants
BOM-DRE-31378-GREY44,Formal Pants,Dress Pants
BOM-DRE-31379-GREY46,Formal Pants,Dress Pants
BOM-DRE-31380-GREY48,Formal Pants,Dress Pants
BOM-DRE-31381-GREY50,Formal Pants,Dress Pants
BOM-DRE-31382-GREY28,Formal Pants,Dress Pants
BOM-DRE-31383-GREY30,Formal Pants,Dress Pants
BOM-DRE-31384-GREY32,Formal Pants,Dress Pants
BOM-DRE-31385-GREY34,Formal Pants,Dress Pants
BOM-DRE-31386-GREY36,Formal Pants,Dress Pants
BOM-DRE-31387-GREY38,Formal Pants,Dress Pants
BOM-DRE-31388-GREY40,Formal Pants,Dress Pants
BOM-DRE-31389-GREY42,Formal Pants,Dress Pants
BOM-DRE-31390-GREY44,Formal Pants,Dress Pants
BOM-DRE-31391-GREY46,Formal Pants,Dress Pants
BOM-DRE-31394-NAVY28,Formal Pants,Dress Pants
BOM-DRE-31395-NAVY30,Formal Pants,Dress Pants
BOM-DRE-31396-NAVY32,Formal Pants,Dress Pants
BOM-DRE-31397-NAVY34,Formal Pants,Dress Pants
BOM-DRE-31398-NAVY36,Formal Pants,Dress Pants
BOM-DRE-31399-NAVY38,Formal Pants,Dress Pants
BOM-DRE-31400-NAVY40,Formal Pants,Dress Pants
BOM-DRE-31401-NAVY42,Formal Pants,Dress Pants
BOM-DRE-31402-NAVY44,Formal Pants,Dress Pants
BOM-DRE-31403-NAVY46,Formal Pants,Dress Pants
BOM-DRE-31406-LIGHT28,Formal Pants,Dress Pants
BOM-DRE-31407-LIGHT30,Formal Pants,Dress Pants
BOM-DRE-31408-LIGHT32,Formal Pants,Dress Pants
BOM-DRE-31409-LIGHT34,Formal Pants,Dress Pants
BOM-DRE-31410-LIGHT36,Formal Pants,Dress Pants
BOM-DRE-31411-LIGHT38,Formal Pants,Dress Pants
BOM-DRE-31412-LIGHT40,Formal Pants,Dress Pants
BOM-DRE-31413-LIGHT42,Formal Pants,Dress Pants
BOM-DRE-31414-LIGHT44,Formal Pants,Dress Pants
BOM-DRE-31415-LIGHT46,Formal Pants,Dress Pants
BOM-DRE-31418-BLACK28,Formal Pants,Dress Pants
BOM-DRE-31419-BLACK30,Formal Pants,Dress Pants
BOM-DRE-31420-BLACK32,Formal Pants,Dress Pants
BOM-DRE-31421-BLACK34,Formal Pants,Dress Pants
BOM-DRE-31422-BLACK36,Formal Pants,Dress Pants
BOM-DRE-31423-BLACK38,Formal Pants,Dress Pants
BOM-DRE-31425-BLACK42,Formal Pants,Dress Pants
BOM-DRE-31426-BLACK44,Formal Pants,Dress Pants
BOM-DRE-31427-BLACK46,Formal Pants,Dress Pants
BOM-DRE-31430-NAVY28,Formal Pants,Dress Pants
BOM-DRE-31431-NAVY30,Formal Pants,Dress Pants
BOM-DRE-31432-NAVY32,Formal Pants,Dress Pants
BOM-DRE-31433-NAVY34,Formal Pants,Dress Pants
BOM-DRE-31434-NAVY36,Formal Pants,Dress Pants
BOM-DRE-31435-NAVY38,Formal Pants,Dress Pants
BOM-DRE-31436-NAVY40,Formal Pants,Dress Pants
BOM-DRE-31437-NAVY42,Formal Pants,Dress Pants
BOM-DRE-31438-NAVY44,Formal Pants,Dress Pants
BOM-DRE-31439-NAVY46,Formal Pants,Dress Pants
BOM-DRE-32531-BLUE30,Formal Pants,Dress Pants
BOM-DRE-32532-BLUE32,Formal Pants,Dress Pants
BOM-DRE-32533-BLUE34,Formal Pants,Dress Pants
BOM-DRE-32534-BLUE36,Formal Pants,Dress Pants
BOM-DRE-32535-BLUE38,Formal Pants,Dress Pants
BOM-DRE-32536-BLUE40,Formal Pants,Dress Pants
BOM-DRE-32537-BLUE42,Formal Pants,Dress Pants
BOM-DRE-32538-BLUE44,Formal Pants,Dress Pants
BOM-DRE-32543-DARK 30,Formal Pants,Dress Pants
BOM-DRE-32544-DARK 32,Formal Pants,Dress Pants
BOM-DRE-32545-DARK 34,Formal Pants,Dress Pants
BOM-DRE-32546-DARK 36,Formal Pants,Dress Pants
BOM-DRE-32547-DARK 38,Formal Pants,Dress Pants
BOM-DRE-32548-DARK 40,Formal Pants,Dress Pants
BOM-DRE-32549-DARK 42,Formal Pants,Dress Pants
BOM-DRE-32550-DARK 44,Formal Pants,Dress Pants
BOM-DRE-32555-BEIGE30,Formal Pants,Dress Pants
BOM-DRE-32556-BEIGE32,Formal Pants,Dress Pants
BOM-DRE-32557-BEIGE34,Formal Pants,Dress Pants
BOM-DRE-32558-BEIGE36,Formal Pants,Dress Pants
BOM-DRE-32559-BEIGE38,Formal Pants,Dress Pants
BOM-DRE-32560-BEIGE40,Formal Pants,Dress Pants
BOM-DRE-32561-BEIGE42,Formal Pants,Dress Pants
BOM-DRE-32562-BEIGE44,Formal Pants,Dress Pants
BOM-DRE-32567-BLUE30,Formal Pants,Dress Pants
BOM-DRE-32568-BLUE32,Formal Pants,Dress Pants
BOM-DRE-32569-BLUE34,Formal Pants,Dress Pants
BOM-DRE-32570-BLUE36,Formal Pants,Dress Pants
BOM-DRE-32571-BLUE38,Formal Pants,Dress Pants
BOM-DRE-32572-BLUE40,Formal Pants,Dress Pants
BOM-DRE-32573-BLUE42,Formal Pants,Dress Pants
BOM-DRE-32574-BLUE44,Formal Pants,Dress Pants
BOM-DRE-32579-BLACK30,Formal Pants,Dress Pants
BOM-DRE-32580-BLACK32,Formal Pants,Dress Pants
BOM-DRE-32581-BLACK34,Formal Pants,Dress Pants
BOM-DRE-32582-BLACK36,Formal Pants,Dress Pants
BOM-DRE-32583-BLACK38,Formal Pants,Dress Pants
BOM-DRE-32584-BLACK40,Formal Pants,Dress Pants
BOM-DRE-32585-BLACK42,Formal Pants,Dress Pants
BOM-DRE-32586-BLACK44,Formal Pants,Dress Pants
BOM-DRE-32591-BLUE30,Formal Pants,Dress Pants
BOM-DRE-32592-BLUE32,Formal Pants,Dress Pants
BOM-DRE-32593-BLUE34,Formal Pants,Dress Pants
BOM-DRE-32594-BLUE36,Formal Pants,Dress Pants
BOM-DRE-32595-BLUE38,Formal Pants,Dress Pants
BOM-DRE-32596-BLUE40,Formal Pants,Dress Pants
BOM-DRE-32597-BLUE42,Formal Pants,Dress Pants
BOM-DRE-32598-BLUE44,Formal Pants,Dress Pants
BOM-DRE-32759-BEIGE28,Formal Pants,Dress Pants
BOM-DRE-32760-BEIGE30,Formal Pants,Dress Pants
BOM-DRE-32761-BEIGE32,Formal Pants,Dress Pants
BOM-DRE-32762-BEIGE34,Formal Pants,Dress Pants
BOM-DRE-32763-BEIGE36,Formal Pants,Dress Pants
BOM-DRE-32764-BEIGE38,Formal Pants,Dress Pants
BOM-DRE-32765-BEIGE40,Formal Pants,Dress Pants
BOM-DRE-32766-BEIGE42,Formal Pants,Dress Pants
BOM-DRE-32767-BEIGE44,Formal Pants,Dress Pants
BOM-DRE-32768-BEIGE46,Formal Pants,Dress Pants
BOM-DRE-32769-BEIGE48,Formal Pants,Dress Pants
BOM-DRE-32770-BEIGE50,Formal Pants,Dress Pants
BOM-DRE-32801-DARK 28,Formal Pants,Dress Pants
BOM-DRE-32802-DARK 30,Formal Pants,Dress Pants
BOM-DRE-32803-DARK 32,Formal Pants,Dress Pants
BOM-DRE-32804-DARK 34,Formal Pants,Dress Pants
BOM-DRE-32805-DARK 36,Formal Pants,Dress Pants
BOM-DRE-32806-DARK 38,Formal Pants,Dress Pants
BOM-DRE-32807-DARK 40,Formal Pants,Dress Pants
BOM-DRE-32808-DARK 42,Formal Pants,Dress Pants
BOM-DRE-32809-DARK 44,Formal Pants,Dress Pants
BOM-DRE-33057-BEIGE28,Formal Pants,Dress Pants
BOM-DRE-33058-BEIGE30,Formal Pants,Dress Pants
BOM-DRE-33059-BEIGE32,Formal Pants,Dress Pants
BOM-DRE-33060-BEIGE34,Formal Pants,Dress Pants
BOM-DRE-33061-BEIGE36,Formal Pants,Dress Pants
BOM-DRE-33062-BEIGE38,Formal Pants,Dress Pants
BOM-DRE-33063-BEIGE40,Formal Pants,Dress Pants
BOM-DRE-33064-BEIGE42,Formal Pants,Dress Pants
BOM-DRE-33065-BEIGE44,Formal Pants,Dress Pants
BOM-DRE-33066-BEIGE46,Formal Pants,Dress Pants
BOM-DRE-33069-NAVY28,Formal Pants,Dress Pants
BOM-DRE-33070-NAVY30,Formal Pants,Dress Pants
BOM-DRE-33071-NAVY32,Formal Pants,Dress Pants
BOM-DRE-33072-NAVY34,Formal Pants,Dress Pants
BOM-DRE-33073-NAVY36,Formal Pants,Dress Pants
BOM-DRE-33075-NAVY38,Formal Pants,Dress Pants
BOM-DRE-33076-NAVY40,Formal Pants,Dress Pants
BOM-DRE-33077-NAVY42,Formal Pants,Dress Pants
BOM-DRE-33078-NAVY44,Formal Pants,Dress Pants
BOM-DRE-33079-NAVY46,Formal Pants,Dress Pants
BOM-DRE-33094-NAVY28,Formal Pants,Dress Pants
BOM-DRE-33095-NAVY30,Formal Pants,Dress Pants
BOM-DRE-33096-NAVY32,Formal Pants,Dress Pants
BOM-DRE-33097-NAVY34,Formal Pants,Dress Pants
BOM-DRE-33098-NAVY36,Formal Pants,Dress Pants
BOM-DRE-33099-NAVY38,Formal Pants,Dress Pants
BOM-DRE-33100-NAVY40,Formal Pants,Dress Pants
BOM-DRE-33101-NAVY42,Formal Pants,Dress Pants
BOM-DRE-33102-NAVY44,Formal Pants,Dress Pants
BOM-DRE-33103-NAVY46,Formal Pants,Dress Pants
BOM-DRE-33106-BLACK28,Formal Pants,Dress Pants
BOM-DRE-33107-BLACK30,Formal Pants,Dress Pants
BOM-DRE-33108-BLACK32,Formal Pants,Dress Pants
BOM-DRE-33109-BLACK34,Formal Pants,Dress Pants
BOM-DRE-33110-BLACK36,Formal Pants,Dress Pants
BOM-DRE-33111-BLACK38,Formal Pants,Dress Pants
BOM-DRE-33112-BLACK40,Formal Pants,Dress Pants
BOM-DRE-33113-BLACK42,Formal Pants,Dress Pants
BOM-DRE-33114-BLACK44,Formal Pants,Dress Pants
BOM-DRE-33115-BLACK46,Formal Pants,Dress Pants
BOM-DRE-33118-BROWN28,Formal Pants,Dress Pants
BOM-DRE-33119-BROWN30,Formal Pants,Dress Pants
BOM-DRE-33120-BROWN32,Formal Pants,Dress Pants
BOM-DRE-33121-BROWN34,Formal Pants,Dress Pants
BOM-DRE-33122-BROWN36,Formal Pants,Dress Pants
BOM-DRE-33123-BROWN38,Formal Pants,Dress Pants
BOM-DRE-33124-BROWN40,Formal Pants,Dress Pants
BOM-DRE-33125-BROWN42,Formal Pants,Dress Pants
BOM-DRE-33126-BROWN44,Formal Pants,Dress Pants
BOM-DRE-33127-BROWN46,Formal Pants,Dress Pants
BOM-DRE-33130-GREY28,Formal Pants,Dress Pants
BOM-DRE-33131-GREY30,Formal Pants,Dress Pants
BOM-DRE-33132-GREY32,Formal Pants,Dress Pants
BOM-DRE-33133-GREY36,Formal Pants,Dress Pants
BOM-DRE-33134-GREY38,Formal Pants,Dress Pants
BOM-DRE-33135-GREY40,Formal Pants,Dress Pants
BOM-DRE-33136-GREY42,Formal Pants,Dress Pants
BOM-DRE-33137-GREY44,Formal Pants,Dress Pants
BOM-DRE-33138-GREY46,Formal Pants,Dress Pants
BOM-DRE-33141-BROWN28,Formal Pants,Dress Pants
BOM-DRE-33142-BROWN30,Formal Pants,Dress Pants
BOM-DRE-33143-BROWN32,Formal Pants,Dress Pants
BOM-DRE-33144-BROWN34,Formal Pants,Dress Pants
BOM-DRE-33145-BROWN36,Formal Pants,Dress Pants
BOM-DRE-33146-BROWN38,Formal Pants,Dress Pants
BOM-DRE-33147-BROWN40,Formal Pants,Dress Pants
BOM-DRE-33148-BROWN42,Formal Pants,Dress Pants
BOM-DRE-33149-BROWN44,Formal Pants,Dress Pants
BOM-DRE-33150-BROWN46,Formal Pants,Dress Pants
BOM-DRE-33153-CHARC28,Formal Pants,Dress Pants
BOM-DRE-33154-CHARC30,Formal Pants,Dress Pants
BOM-DRE-33155-CHARC32,Formal Pants,Dress Pants
BOM-DRE-33156-CHARC34,Formal Pants,Dress Pants
BOM-DRE-33157-CHARC36,Formal Pants,Dress Pants
BOM-DRE-33158-CHARC38,Formal Pants,Dress Pants
BOM-DRE-33159-CHARC40,Formal Pants,Dress Pants
BOM-DRE-33160-CHARC42,Formal Pants,Dress Pants
BOM-DRE-33161-CHARC44,Formal Pants,Dress Pants
BOM-DRE-33162-CHARC46,Formal Pants,Dress Pants
BOM-DRE-33190-BLUE30,Formal Pants,Dress Pants
BOM-DRE-33191-BLUE32,Formal Pants,Dress Pants
BOM-DRE-33192-BLUE34,Formal Pants,Dress Pants
BOM-DRE-33193-BLUE36,Formal Pants,Dress Pants
BOM-DRE-33194-BLUE38,Formal Pants,Dress Pants
BOM-DRE-33195-BLUE40,Formal Pants,Dress Pants
BOM-DRE-33196-BLUE42,Formal Pants,Dress Pants
BOM-DRE-33197-BLUE44,Formal Pants,Dress Pants
BOM-DRE-33213-GREY34,Formal Pants,Dress Pants
BOM-DRE-33804-KHAKI28,Formal Pants,Dress Pants
BOM-DRE-33805-KHAKI30,Formal Pants,Dress Pants
BOM-DRE-33806-KHAKI32,Formal Pants,Dress Pants
BOM-DRE-33807-KHAKI34,Formal Pants,Dress Pants
BOM-DRE-33808-KHAKI36,Formal Pants,Dress Pants
BOM-DRE-33809-KHAKI38,Formal Pants,Dress Pants
BOM-DRE-33810-KHAKI40,Formal Pants,Dress Pants
BOM-DRE-33811-KHAKI42,Formal Pants,Dress Pants
BOM-DRE-33812-KHAKI44,Formal Pants,Dress Pants
BOM-DRE-33813-KHAKI46,Formal Pants,Dress Pants
BOM-DRE-34177-BLACK28,Formal Pants,Dress Pants
BOM-DRE-34178-BLACK30,Formal Pants,Dress Pants
BOM-DRE-34179-BLACK32,Formal Pants,Dress Pants
BOM-DRE-34180-BLACK34,Formal Pants,Dress Pants
BOM-DRE-34181-BLACK36,Formal Pants,Dress Pants
BOM-DRE-34182-BLACK38,Formal Pants,Dress Pants
BOM-DRE-34183-BLACK40,Formal Pants,Dress Pants
BOM-DRE-34184-BLACK42,Formal Pants,Dress Pants
BOM-DRE-34185-BLACK44,Formal Pants,Dress Pants
BOM-DRE-34186-BLACK46,Formal Pants,Dress Pants
BOM-DRE-34189-BLUE28,Formal Pants,Dress Pants
BOM-DRE-34190-BLUE30,Formal Pants,Dress Pants
BOM-DRE-34191-BLUE32,Formal Pants,Dress Pants
BOM-DRE-34192-BLUE34,Formal Pants,Dress Pants
BOM-DRE-34193-BLUE36,Formal Pants,Dress Pants
BOM-DRE-34194-BLUE38,Formal Pants,Dress Pants
BOM-DRE-34195-BLUE40,Formal Pants,Dress Pants
BOM-DRE-34196-BLUE42,Formal Pants,Dress Pants
BOM-DRE-34197-BLUE44,Formal Pants,Dress Pants
BOM-DRE-34198-BLUE46,Formal Pants,Dress Pants
BOM-DRE-34201-BLACK28,Formal Pants,Dress Pants
BOM-DRE-34202-BLACK30,Formal Pants,Dress Pants
BOM-DRE-34203-BLACK32,Formal Pants,Dress Pants
BOM-DRE-34204-BLACK34,Formal Pants,Dress Pants
BOM-DRE-34205-BLACK36,Formal Pants,Dress Pants
BOM-DRE-34206-BLACK38,Formal Pants,Dress Pants
BOM-DRE-34207-BLACK40,Formal Pants,Dress Pants
BOM-DRE-34208-BLACK42,Formal Pants,Dress Pants
BOM-DRE-34209-BLACK44,Formal Pants,Dress Pants
BOM-DRE-34210-BLACK46,Formal Pants,Dress Pants
BOM-DRE-34213-NAVY28,Formal Pants,Dress Pants
BOM-DRE-34214-NAVY30,Formal Pants,Dress Pants
BOM-DRE-34215-NAVY32,Formal Pants,Dress Pants
BOM-DRE-34216-NAVY34,Formal Pants,Dress Pants
BOM-DRE-34217-NAVY36,Formal Pants,Dress Pants
BOM-DRE-34218-NAVY38,Formal Pants,Dress Pants
BOM-DRE-34219-NAVY40,Formal Pants,Dress Pants
BOM-DRE-34220-NAVY42,Formal Pants,Dress Pants
BOM-DRE-34221-NAVY44,Formal Pants,Dress Pants
BOM-DRE-34222-NAVY46,Formal Pants,Dress Pants
BOM-DRE-34225-BLACK28,Formal Pants,Dress Pants
BOM-DRE-34226-BLACK30,Formal Pants,Dress Pants
BOM-DRE-34227-BLACK32,Formal Pants,Dress Pants
BOM-DRE-34228-BLACK34,Formal Pants,Dress Pants
BOM-DRE-34229-BLACK36,Formal Pants,Dress Pants
BOM-DRE-34230-BLACK38,Formal Pants,Dress Pants
BOM-DRE-34231-BLACK40,Formal Pants,Dress Pants
BOM-DRE-34232-BLACK42,Formal Pants,Dress Pants
BOM-DRE-34233-BLACK44,Formal Pants,Dress Pants
BOM-DRE-34234-BLACK46,Formal Pants,Dress Pants
BOM-DRE-34237-NAVY28,Formal Pants,Dress Pants
BOM-DRE-34238-NAVY30,Formal Pants,Dress Pants
BOM-DRE-34239-NAVY32,Formal Pants,Dress Pants
BOM-DRE-34240-NAVY34,Formal Pants,Dress Pants
BOM-DRE-34241-NAVY36,Formal Pants,Dress Pants
BOM-DRE-34242-NAVY38,Formal Pants,Dress Pants
BOM-DRE-34243-NAVY40,Formal Pants,Dress Pants
BOM-DRE-34244-NAVY42,Formal Pants,Dress Pants
BOM-DRE-34245-NAVY44,Formal Pants,Dress Pants
BOM-DRE-34246-NAVY46,Formal Pants,Dress Pants
BOM-DRE-34249-BROWN28,Formal Pants,Dress Pants
BOM-DRE-34250-BROWN30,Formal Pants,Dress Pants
BOM-DRE-34251-BROWN32,Formal Pants,Dress Pants
BOM-DRE-34252-BROWN34,Formal Pants,Dress Pants
BOM-DRE-34253-BROWN36,Formal Pants,Dress Pants
BOM-DRE-34254-BROWN38,Formal Pants,Dress Pants
BOM-DRE-34255-BROWN40,Formal Pants,Dress Pants
BOM-DRE-34256-BROWN42,Formal Pants,Dress Pants
BOM-DRE-34257-BROWN44,Formal Pants,Dress Pants
BOM-DRE-34258-BROWN46,Formal Pants,Dress Pants
BOM-DRE-34261-BLACK28,Formal Pants,Dress Pants
BOM-DRE-34262-BLACK30,Formal Pants,Dress Pants
BOM-DRE-34263-BLACK32,Formal Pants,Dress Pants
BOM-DRE-34264-BLACK34,Formal Pants,Dress Pants
BOM-DRE-34265-BLACK36,Formal Pants,Dress Pants
BOM-DRE-34266-BLACK38,Formal Pants,Dress Pants
BOM-DRE-34267-BLACK40,Formal Pants,Dress Pants
BOM-DRE-34268-BLACK42,Formal Pants,Dress Pants
BOM-DRE-34269-BLACK44,Formal Pants,Dress Pants
BOM-DRE-34270-BLACK46,Formal Pants,Dress Pants
BOM-DRE-34273-NAVY28,Formal Pants,Dress Pants
BOM-DRE-34274-NAVY30,Formal Pants,Dress Pants
BOM-DRE-34275-NAVY32,Formal Pants,Dress Pants
BOM-DRE-34276-NAVY34,Formal Pants,Dress Pants
BOM-DRE-34277-NAVY36,Formal Pants,Dress Pants
BOM-DRE-34278-NAVY38,Formal Pants,Dress Pants
BOM-DRE-34279-NAVY40,Formal Pants,Dress Pants
BOM-DRE-34280-NAVY42,Formal Pants,Dress Pants
BOM-DRE-34281-NAVY44,Formal Pants,Dress Pants
BOM-DRE-34282-NAVY46,Formal Pants,Dress Pants
BOM-DRE-34305-BLACK28,Formal Pants,Dress Pants
BOM-DRE-34306-BLACK30,Formal Pants,Dress Pants
BOM-DRE-34307-BLACK32,Formal Pants,Dress Pants
BOM-DRE-34308-BLACK34,Formal Pants,Dress Pants
BOM-DRE-34309-BLACK36,Formal Pants,Dress Pants
BOM-DRE-34310-BLACK38,Formal Pants,Dress Pants
BOM-DRE-34311-BLACK40,Formal Pants,Dress Pants
BOM-DRE-34312-BLACK42,Formal Pants,Dress Pants
BOM-DRE-34313-BLACK44,Formal Pants,Dress Pants
BOM-DRE-34314-BLACK46,Formal Pants,Dress Pants
BOM-DRE-HE-4401-LIGHT GREY-30,Formal Pants,Dress Pants
BOM-DRE-HE-4402-LIGHT GREY-32,Formal Pants,Dress Pants
BOM-DRE-HE-4403-LIGHT GREY-34,Formal Pants,Dress Pants
BOM-DRE-HE-4404-LIGHT GREY-36,Formal Pants,Dress Pants
BOM-DRE-HE-4405-LIGHT GREY-40,Formal Pants,Dress Pants
BOM-DRE-HE-4406-LIGHT GREY-42,Formal Pants,Dress Pants
BOM-DRE-HE-4623-BLACK-30,Formal Pants,Dress Pants
BOM-DRE-HE-4624-BLACK-32,Formal Pants,Dress Pants
BOM-DRE-HE-4625-BLACK-34,Formal Pants,Dress Pants
BOM-DRE-HE-4626-BLACK-36,Formal Pants,Dress Pants
BOM-DRE-HE-4627-BLACK-40,Formal Pants,Dress Pants
BOM-DRE-HE-4628-BLACK-42,Formal Pants,Dress Pants
BOM-DRE-HE-4634-DARK BROWN-30,Formal Pants,Dress Pants
BOM-DRE-HE-4635-DARK BROWN-32,Formal Pants,Dress Pants
BOM-DRE-HE-4636-DARK BROWN-34,Formal Pants,Dress Pants
BOM-DRE-HE-4637-DARK BROWN-36,Formal Pants,Dress Pants
BOM-DRE-HE-4638-DARK BROWN-40,Formal Pants,Dress Pants
BOM-DRE-HE-4639-DARK BROWN-42,Formal Pants,Dress Pants
BOM-DRE-HE-4645-GREY-30,Formal Pants,Dress Pants
BOM-DRE-HE-4646-GREY-32,Formal Pants,Dress Pants
BOM-DRE-HE-4647-GREY-34,Formal Pants,Dress Pants
BOM-DRE-HE-4648-GREY-36,Formal Pants,Dress Pants
BOM-DRE-HE-4649-GREY-40,Formal Pants,Dress Pants
BOM-DRE-HE-4650-GREY-42,Formal Pants,Dress Pants
BOM-DRE-HE-4656-BROWN-30,Formal Pants,Dress Pants
BOM-DRE-HE-4657-BROWN-32,Formal Pants,Dress Pants
BOM-DRE-HE-4658-BROWN-34,Formal Pants,Dress Pants
BOM-DRE-HE-4659-BROWN-36,Formal Pants,Dress Pants
BOM-DRE-HE-4660-BROWN-38,Formal Pants,Dress Pants
BOM-DRE-HE-4661-BROWN-40,Formal Pants,Dress Pants
BOM-DRE-HE-4662-BROWN-42,Formal Pants,Dress Pants
BOM-DRE-HE-4667-BLACK-28,Formal Pants,Dress Pants
BOM-DRE-HE-4668-BLACK-30,Formal Pants,Dress Pants
BOM-DRE-HE-4669-BLACK-32,Formal Pants,Dress Pants
BOM-DRE-HE-4670-BLACK-34,Formal Pants,Dress Pants
BOM-DRE-HE-4671-BLACK-36,Formal Pants,Dress Pants
BOM-DRE-HE-4672-BLACK-40,Formal Pants,Dress Pants
BOM-DRE-HE-4673-BLACK-42,Formal Pants,Dress Pants
BOM-DRE-HE-4678-NAVY-28,Formal Pants,Dress Pants
BOM-DRE-HE-4679-NAVY-30,Formal Pants,Dress Pants
BOM-DRE-HE-4680-NAVY-32,Formal Pants,Dress Pants
BOM-DRE-HE-4681-NAVY-34,Formal Pants,Dress Pants
BOM-DRE-HE-4682-NAVY-36,Formal Pants,Dress Pants
BOM-DRE-HE-4683-NAVY-40,Formal Pants,Dress Pants
BOM-DRE-HE-4684-NAVY-42,Formal Pants,Dress Pants
BOM-DRE-HE-4690-NAVY-30,Formal Pants,Dress Pants
BOM-DRE-HE-4691-NAVY-32,Formal Pants,Dress Pants
BOM-DRE-HE-4692-NAVY-34,Formal Pants,Dress Pants
BOM-DRE-HE-4693-NAVY-36,Formal Pants,Dress Pants
BOM-DRE-HE-4694-NAVY-40,Formal Pants,Dress Pants
BOM-DRE-HE-4695-NAVY-42,Formal Pants,Dress Pants
BOM-DRE-HE-4701-BEIGE-30,Formal Pants,Dress Pants
BOM-DRE-HE-4702-BEIGE-32,Formal Pants,Dress Pants
BOM-DRE-HE-4703-BEIGE-34,Formal Pants,Dress Pants
BOM-DRE-HE-4704-BEIGE-36,Formal Pants,Dress Pants
BOM-DRE-HE-4705-BEIGE-40,Formal Pants,Dress Pants
BOM-DRE-HE-4706-BEIGE-42,Formal Pants,Dress Pants
BOM-DRE-HE-4742-BEIGE-38,Formal Pants,Dress Pants
BOM-DRE-HE-4749-NAVY-38,Formal Pants,Dress Pants
BOM-DRE-HE-4751-BLACK-38,Formal Pants,Dress Pants
BOM-DRE-HE-4752-NAVY-38,Formal Pants,Dress Pants
BOM-DRE-HE-4753-DARK BROWN-38,Formal Pants,Dress Pants
BOM-DRE-HE-4754-BLACK-38,Formal Pants,Dress Pants
BOM-DRE-HE-4755-GREY-38,Formal Pants,Dress Pants
BOM-DRE-HE-4756-LIGHT GREY-38,Formal Pants,Dress Pants
BOM-DRE-HE-4758-NAVY-30,Formal Pants,Dress Pants
BOM-DRE-HE-4759-NAVY-32,Formal Pants,Dress Pants
BOM-DRE-HE-4760-NAVY-34,Formal Pants,Dress Pants
BOM-DRE-HE-4761-NAVY-36,Formal Pants,Dress Pants
BOM-DRE-HE-4762-NAVY-38,Formal Pants,Dress Pants
BOM-DRE-HE-4763-NAVY-40,Formal Pants,Dress Pants
BOM-DRE-HE-4764-NAVY-42,Formal Pants,Dress Pants
BOM-DRE-SE-1164-BLACK-28,Formal Pants,Dress Pants
BOM-DRE-SE-1165-BLACK-30,Formal Pants,Dress Pants
BOM-DRE-SE-1166-BLACK-32,Formal Pants,Dress Pants
BOM-DRE-SE-1167-BLACK-34,Formal Pants,Dress Pants
BOM-DRE-SE-1168-BLACK-36,Formal Pants,Dress Pants
BOM-DRE-SE-1169-BLACK-38,Formal Pants,Dress Pants
BOM-DRE-SE-1170-BLACK-40,Formal Pants,Dress Pants
BOM-DRE-SE-1171-BLACK-42,Formal Pants,Dress Pants
BOM-DRE-SE-1172-BLACK-44,Formal Pants,Dress Pants
BOM-DRE-SE-1227-BROWN-28,Formal Pants,Dress Pants
BOM-DRE-SE-1228-BROWN-30,Formal Pants,Dress Pants
BOM-DRE-SE-1229-BROWN-32,Formal Pants,Dress Pants
BOM-DRE-SE-1230-BROWN-34,Formal Pants,Dress Pants
BOM-DRE-SE-1231-BROWN-36,Formal Pants,Dress Pants
BOM-DRE-SE-1232-BROWN-38,Formal Pants,Dress Pants
BOM-DRE-SE-1233-BROWN-40,Formal Pants,Dress Pants
BOM-DRE-SE-1234-BROWN-42,Formal Pants,Dress Pants
BOM-DRE-SE-1235-BROWN-44,Formal Pants,Dress Pants
BOM-DRE-SE-1271-KHAKHI-28,Formal Pants,Dress Pants
BOM-DRE-SE-1272-KHAKHI-30,Formal Pants,Dress Pants
BOM-DRE-SE-1273-KHAKHI-32,Formal Pants,Dress Pants
BOM-DRE-SE-1274-KHAKHI-34,Formal Pants,Dress Pants
BOM-DRE-SE-1275-KHAKHI-36,Formal Pants,Dress Pants
BOM-DRE-SE-1276-KHAKHI-38,Formal Pants,Dress Pants
BOM-DRE-SE-1277-KHAKHI-40,Formal Pants,Dress Pants
BOM-DRE-SE-1278-KHAKHI-42,Formal Pants,Dress Pants
BOM-DRE-SE-1279-KHAKHI-44,Formal Pants,Dress Pants
BOM-DRE-SE-1292-CHARCOAL-28,Formal Pants,Dress Pants
BOM-DRE-SE-1293-CHARCOAL-30,Formal Pants,Dress Pants
BOM-DRE-SE-1294-CHARCOAL-32,Formal Pants,Dress Pants
BOM-DRE-SE-1295-CHARCOAL-34,Formal Pants,Dress Pants
BOM-DRE-SE-1296-CHARCOAL-36,Formal Pants,Dress Pants
BOM-DRE-SE-1297-CHARCOAL-38,Formal Pants,Dress Pants
BOM-DRE-SE-1298-CHARCOAL-40,Formal Pants,Dress Pants
BOM-DRE-SE-1299-CHARCOAL-42,Formal Pants,Dress Pants
BOM-DRE-SE-1300-CHARCOAL-44,Formal Pants,Dress Pants
BOM-DRE-SE-2534-GREY-28,Formal Pants,Dress Pants
BOM-DRE-SE-2535-GREY-30,Formal Pants,Dress Pants
BOM-DRE-SE-2536-GREY-32,Formal Pants,Dress Pants
BOM-DRE-SE-2537-GREY-34,Formal Pants,Dress Pants
BOM-DRE-SE-2538-GREY-36,Formal Pants,Dress Pants
BOM-DRE-SE-2539-GREY-38,Formal Pants,Dress Pants
BOM-DRE-SE-2540-GREY-40,Formal Pants,Dress Pants
BOM-DRE-SE-2541-GREY-42,Formal Pants,Dress Pants
BOM-DRE-SE-2542-GREY-44,Formal Pants,Dress Pants
BOM-DRE-SE-2543-GREY-46,Formal Pants,Dress Pants
BOM-DRE-SE-2544-BLACK-28,Formal Pants,Dress Pants
BOM-DRE-SE-2545-BLACK-30,Formal Pants,Dress Pants
BOM-DRE-SE-2546-BLACK-32,Formal Pants,Dress Pants
BOM-DRE-SE-2547-BLACK-34,Formal Pants,Dress Pants
BOM-DRE-SE-2548-BLACK-36,Formal Pants,Dress Pants
BOM-DRE-SE-2549-BLACK-38,Formal Pants,Dress Pants
BOM-DRE-SE-2550-BLACK-40,Formal Pants,Dress Pants
BOM-DRE-SE-2551-BLACK-42,Formal Pants,Dress Pants
BOM-DRE-SE-2552-BLACK-44,Formal Pants,Dress Pants
BOM-DRE-SE-2553-BLACK-46,Formal Pants,Dress Pants
BOM-DRE-SE-2554-DARK BLUE-28,Formal Pants,Dress Pants
BOM-DRE-SE-2555-DARK BLUE-30,Formal Pants,Dress Pants
BOM-DRE-SE-2556-DARK BLUE-32,Formal Pants,Dress Pants
BOM-DRE-SE-2557-DARK BLUE-34,Formal Pants,Dress Pants
BOM-DRE-SE-2558-DARK BLUE-36,Formal Pants,Dress Pants
BOM-DRE-SE-2559-DARK BLUE-38,Formal Pants,Dress Pants
BOM-DRE-SE-2560-DARK BLUE-40,Formal Pants,Dress Pants
BOM-DRE-SE-2561-DARK BLUE-42,Formal Pants,Dress Pants
BOM-DRE-SE-2562-DARK BLUE-44,Formal Pants,Dress Pants
BOM-DRE-SE-2563-DARK BLUE-46,Formal Pants,Dress Pants
BOM-DRE-SE-2564-BLACK-28,Formal Pants,Dress Pants
BOM-DRE-SE-2565-BLACK-30,Formal Pants,Dress Pants
BOM-DRE-SE-2566-BLACK-32,Formal Pants,Dress Pants
BOM-DRE-SE-2567-BLACK-34,Formal Pants,Dress Pants
BOM-DRE-SE-2568-BLACK-36,Formal Pants,Dress Pants
BOM-DRE-SE-2569-BLACK-38,Formal Pants,Dress Pants
BOM-DRE-SE-2570-BLACK-40,Formal Pants,Dress Pants
BOM-DRE-SE-2571-BLACK-42,Formal Pants,Dress Pants
BOM-DRE-SE-2575-GREY-30,Formal Pants,Dress Pants
BOM-DRE-SE-2576-GREY-32,Formal Pants,Dress Pants
BOM-DRE-SE-2577-GREY-34,Formal Pants,Dress Pants
BOM-DRE-SE-2578-GREY-36,Formal Pants,Dress Pants
BOM-DRE-SE-2579-GREY-38,Formal Pants,Dress Pants
BOM-DRE-SE-2580-GREY-40,Formal Pants,Dress Pants
BOM-DRE-SE-2581-GREY-42,Formal Pants,Dress Pants
BOM-DRE-SE-3505-KHAKI-28,Formal Pants,Dress Pants
BOM-DRE-SE-3506-KHAKI-30,Formal Pants,Dress Pants
BOM-DRE-SE-3507-KHAKI-32,Formal Pants,Dress Pants
BOM-DRE-SE-3508-KHAKI-34,Formal Pants,Dress Pants
BOM-DRE-SE-3509-KHAKI-36,Formal Pants,Dress Pants
BOM-DRE-SE-3510-KHAKI-38,Formal Pants,Dress Pants
BOM-DRE-SE-3511-KHAKI-40,Formal Pants,Dress Pants
BOM-DRE-SE-3512-KHAKI-42,Formal Pants,Dress Pants
BOM-DRE-SE-3513-KHAKI-44,Formal Pants,Dress Pants
BOM-DRE-SE-3514-KHAKI-46,Formal Pants,Dress Pants
BOM-DRE-SE-3526-BROWN-30,Formal Pants,Dress Pants
BOM-DRE-SE-3527-BROWN-32,Formal Pants,Dress Pants
BOM-DRE-SE-3528-BROWN-34,Formal Pants,Dress Pants
BOM-DRE-SE-3529-BROWN-36,Formal Pants,Dress Pants
BOM-DRE-SE-3530-BROWN-38,Formal Pants,Dress Pants
BOM-DRE-SE-3531-BROWN-40,Formal Pants,Dress Pants
BOM-DRE-SE-3532-BROWN-42,Formal Pants,Dress Pants
BOM-DRE-SE-3537-NAVY-28,Formal Pants,Dress Pants
BOM-DRE-SE-3538-NAVY-30,Formal Pants,Dress Pants
BOM-DRE-SE-3539-NAVY-32,Formal Pants,Dress Pants
BOM-DRE-SE-3540-NAVY-34,Formal Pants,Dress Pants
BOM-DRE-SE-3541-NAVY-36,Formal Pants,Dress Pants
BOM-DRE-SE-3542-NAVY-38,Formal Pants,Dress Pants
BOM-DRE-SE-3543-NAVY-40,Formal Pants,Dress Pants
BOM-DRE-SE-3544-NAVY-42,Formal Pants,Dress Pants
BOM-DRE-SE-3545-NAVY-44,Formal Pants,Dress Pants
BOM-DRE-SE-3546-NAVY-46,Formal Pants,Dress Pants
BOM-DRE-SE-3562-BLUE -30,Formal Pants,Dress Pants
BOM-DRE-SE-3563-BLUE -32,Formal Pants,Dress Pants
BOM-DRE-SE-3564-BLUE -34,Formal Pants,Dress Pants
BOM-DRE-SE-3565-BLUE -36,Formal Pants,Dress Pants
BOM-DRE-SE-3566-BLUE -38,Formal Pants,Dress Pants
BOM-DRE-SE-3567-BLUE -40,Formal Pants,Dress Pants
BOM-DRE-SE-3568-BLUE -42,Formal Pants,Dress Pants
BOM-DRE-SE-3573-BROWN 1-28,Formal Pants,Dress Pants
BOM-DRE-SE-3574-BROWN 1-30,Formal Pants,Dress Pants
BOM-DRE-SE-3575-BROWN 1-32,Formal Pants,Dress Pants
BOM-DRE-SE-3576-BROWN 1-34,Formal Pants,Dress Pants
BOM-DRE-SE-3577-BROWN 1-36,Formal Pants,Dress Pants
BOM-DRE-SE-3578-BROWN 1-38,Formal Pants,Dress Pants
BOM-DRE-SE-3579-BROWN 1-40,Formal Pants,Dress Pants
BOM-DRE-SE-3580-BROWN 1-42,Formal Pants,Dress Pants
BOM-DRE-SE-3581-BROWN 1-44,Formal Pants,Dress Pants
BOM-DRE-SE-3582-BROWN 1-46,Formal Pants,Dress Pants
BOM-DRE-SE-3586-BROWN -30,Formal Pants,Dress Pants
BOM-DRE-SE-3587-BROWN -32,Formal Pants,Dress Pants
BOM-DRE-SE-3588-BROWN -34,Formal Pants,Dress Pants
BOM-DRE-SE-3589-BROWN -36,Formal Pants,Dress Pants
BOM-DRE-SE-3590-BROWN -38,Formal Pants,Dress Pants
BOM-DRE-SE-3591-BROWN -40,Formal Pants,Dress Pants
BOM-DRE-SE-3592-BROWN -42,Formal Pants,Dress Pants
BOM-DRE-SE-3598-NAVY-30,Formal Pants,Dress Pants
BOM-DRE-SE-3599-NAVY-32,Formal Pants,Dress Pants
BOM-DRE-SE-3600-NAVY-34,Formal Pants,Dress Pants
BOM-DRE-SE-3601-NAVY-36,Formal Pants,Dress Pants
BOM-DRE-SE-3602-NAVY-38,Formal Pants,Dress Pants
BOM-DRE-SE-3603-NAVY-40,Formal Pants,Dress Pants
BOM-DRE-SE-3604-NAVY-42,Formal Pants,Dress Pants
BOM-DRE-SE-3605-NAVY-44,Formal Pants,Dress Pants
BOM-DRE-SE-3621-NAVY-28,Formal Pants,Dress Pants
BOM-DRE-SE-3622-NAVY-30,Formal Pants,Dress Pants
BOM-DRE-SE-3623-NAVY-32,Formal Pants,Dress Pants
BOM-DRE-SE-3624-NAVY-34,Formal Pants,Dress Pants
BOM-DRE-SE-3625-NAVY-36,Formal Pants,Dress Pants
BOM-DRE-SE-3626-NAVY-38,Formal Pants,Dress Pants
BOM-DRE-SE-3627-NAVY-40,Formal Pants,Dress Pants
BOM-DRE-SE-3628-NAVY-42,Formal Pants,Dress Pants
BOM-DRE-SE-3629-NAVY-44,Formal Pants,Dress Pants
BOM-DRE-SE-3630-NAVY-46,Formal Pants,Dress Pants
BOM-DRE-SE-3634-BROWN -30,Formal Pants,Dress Pants
BOM-DRE-SE-3635-BROWN -32,Formal Pants,Dress Pants
BOM-DRE-SE-3636-BROWN -34,Formal Pants,Dress Pants
BOM-DRE-SE-3637-BROWN -36,Formal Pants,Dress Pants
BOM-DRE-SE-3638-BROWN -38,Formal Pants,Dress Pants
BOM-DRE-SE-3639-BROWN -40,Formal Pants,Dress Pants
BOM-DRE-SE-3646-JET BLACK-30,Formal Pants,Dress Pants
BOM-DRE-SE-3647-JET BLACK-32,Formal Pants,Dress Pants
BOM-DRE-SE-3648-JET BLACK-34,Formal Pants,Dress Pants
BOM-DRE-SE-3649-JET BLACK-36,Formal Pants,Dress Pants
BOM-DRE-SE-3650-JET BLACK-38,Formal Pants,Dress Pants
BOM-DRE-SE-3651-JET BLACK-40,Formal Pants,Dress Pants
BOM-DRE-SE-3658-NAVY-30,Formal Pants,Dress Pants
BOM-DRE-SE-3659-NAVY-32,Formal Pants,Dress Pants
BOM-DRE-SE-3660-NAVY-34,Formal Pants,Dress Pants
BOM-DRE-SE-3661-NAVY-36,Formal Pants,Dress Pants
BOM-DRE-SE-3662-NAVY-38,Formal Pants,Dress Pants
BOM-DRE-SE-3663-NAVY-40,Formal Pants,Dress Pants
BOM-DRE-SE-3670-BROWN -30,Formal Pants,Dress Pants
BOM-DRE-SE-3671-BROWN -32,Formal Pants,Dress Pants
BOM-DRE-SE-3672-BROWN -34,Formal Pants,Dress Pants
BOM-DRE-SE-3673-BROWN -36,Formal Pants,Dress Pants
BOM-DRE-SE-3674-BROWN -38,Formal Pants,Dress Pants
BOM-DRE-SE-3675-BROWN -40,Formal Pants,Dress Pants
BOM-DRE-SE-3682-NAVY-30,Formal Pants,Dress Pants
BOM-DRE-SE-3683-NAVY-32,Formal Pants,Dress Pants
BOM-DRE-SE-3684-NAVY-34,Formal Pants,Dress Pants
BOM-DRE-SE-3685-NAVY-36,Formal Pants,Dress Pants
BOM-DRE-SE-3686-NAVY-38,Formal Pants,Dress Pants
BOM-DRE-SE-3687-NAVY-40,Formal Pants,Dress Pants
BOM-DRE-SE-3694-BLUE -30,Formal Pants,Dress Pants
BOM-DRE-SE-3695-BLUE -32,Formal Pants,Dress Pants
BOM-DRE-SE-3696-BLUE -34,Formal Pants,Dress Pants
BOM-DRE-SE-3697-BLUE -36,Formal Pants,Dress Pants
BOM-DRE-SE-3698-BLUE -38,Formal Pants,Dress Pants
BOM-DRE-SE-3699-BLUE -40,Formal Pants,Dress Pants
BOM-DRE-SE-3706-NAVY-28,Formal Pants,Dress Pants
BOM-DRE-SE-3707-NAVY-30,Formal Pants,Dress Pants
BOM-DRE-SE-3708-NAVY-32,Formal Pants,Dress Pants
BOM-DRE-SE-3709-NAVY-34,Formal Pants,Dress Pants
BOM-DRE-SE-3710-NAVY-36,Formal Pants,Dress Pants
BOM-DRE-SE-3711-NAVY-38,Formal Pants,Dress Pants
BOM-DRE-SE-3712-NAVY-40,Formal Pants,Dress Pants
BOM-DRE-SE-3713-NAVY-42,Formal Pants,Dress Pants
BOM-DRE-SE-3714-NAVY-44,Formal Pants,Dress Pants
BOM-DRE-SE-4336-NAVY-28,Formal Pants,Dress Pants
BOM-DRE-SE-4337-NAVY-30,Formal Pants,Dress Pants
BOM-DRE-SE-4338-NAVY-32,Formal Pants,Dress Pants
BOM-DRE-SE-4339-NAVY-34,Formal Pants,Dress Pants
BOM-DRE-SE-4340-NAVY-36,Formal Pants,Dress Pants
BOM-DRE-SE-4341-NAVY-38,Formal Pants,Dress Pants
BOM-DRE-SE-4342-NAVY-40,Formal Pants,Dress Pants
BOM-DRE-SE-4343-NAVY-42,Formal Pants,Dress Pants
BOM-DRE-SE-4344-NAVY-44,Formal Pants,Dress Pants
BOM-DRE-SE-4345-NAVY-46,Formal Pants,Dress Pants
BOM-DRE-SE-5066-NAVY-30,Formal Pants,Dress Pants
BOM-DRE-SE-5067-NAVY-32,Formal Pants,Dress Pants
BOM-DRE-SE-5068-NAVY-34,Formal Pants,Dress Pants
BOM-DRE-SE-5069-NAVY-36,Formal Pants,Dress Pants
BOM-DRE-SE-5070-NAVY-38,Formal Pants,Dress Pants
BOM-DRE-SE-5071-NAVY-40,Formal Pants,Dress Pants
BOM-DRE-SE-5072-NAVY-42,Formal Pants,Dress Pants
BOM-DRE-SE-5073-NAVY-44,Formal Pants,Dress Pants
BOM-DRE-SE-5078-NAVY-30,Formal Pants,Dress Pants
BOM-DRE-SE-5079-NAVY-32,Formal Pants,Dress Pants
BOM-DRE-SE-5080-NAVY-34,Formal Pants,Dress Pants
BOM-DRE-SE-5081-NAVY-36,Formal Pants,Dress Pants
BOM-DRE-SE-5082-NAVY-38,Formal Pants,Dress Pants
BOM-DRE-SE-5083-NAVY-40,Formal Pants,Dress Pants
BOM-DRE-SE-5084-NAVY-42,Formal Pants,Dress Pants
BOM-DRE-SE-5085-NAVY-44,Formal Pants,Dress Pants
BOM-DRE-SE-5090-NAVY-30,Formal Pants,Dress Pants
BOM-DRE-SE-5091-NAVY-32,Formal Pants,Dress Pants
BOM-DRE-SE-5092-NAVY-34,Formal Pants,Dress Pants
BOM-DRE-SE-5093-NAVY-36,Formal Pants,Dress Pants
BOM-DRE-SE-5094-NAVY-38,Formal Pants,Dress Pants
BOM-DRE-SE-5095-NAVY-40,Formal Pants,Dress Pants
BOM-DRE-SE-5096-NAVY-42,Formal Pants,Dress Pants
BOM-DRE-SE-5097-NAVY-44,Formal Pants,Dress Pants
BOM-DRE-SE-5102-MID BLUE-30,Formal Pants,Dress Pants
BOM-DRE-SE-5103-MID BLUE-32,Formal Pants,Dress Pants
BOM-DRE-SE-5104-MID BLUE-34,Formal Pants,Dress Pants
BOM-DRE-SE-5105-MID BLUE-36,Formal Pants,Dress Pants
BOM-DRE-SE-5106-MID BLUE-38,Formal Pants,Dress Pants
BOM-DRE-SE-5107-MID BLUE-40,Formal Pants,Dress Pants
BOM-DRE-SE-5108-MID BLUE-42,Formal Pants,Dress Pants
BOM-DRE-SE-5109-MID BLUE-44,Formal Pants,Dress Pants
BOM-DRE-SE-5114-CHARCOAL-30,Formal Pants,Dress Pants
BOM-DRE-SE-5115-CHARCOAL-32,Formal Pants,Dress Pants
BOM-DRE-SE-5116-CHARCOAL-34,Formal Pants,Dress Pants
BOM-DRE-SE-5117-CHARCOAL-36,Formal Pants,Dress Pants
BOM-DRE-SE-5118-CHARCOAL-38,Formal Pants,Dress Pants
BOM-DRE-SE-5119-CHARCOAL-40,Formal Pants,Dress Pants
BOM-DRE-SE-5120-CHARCOAL-42,Formal Pants,Dress Pants
BOM-DRE-SE-5121-CHARCOAL-44,Formal Pants,Dress Pants
BOM-DRE-SE-5126-DARK GREY-30,Formal Pants,Dress Pants
BOM-DRE-SE-5127-DARK GREY-32,Formal Pants,Dress Pants
BOM-DRE-SE-5128-DARK GREY-34,Formal Pants,Dress Pants
BOM-DRE-SE-5129-DARK GREY-36,Formal Pants,Dress Pants
BOM-DRE-SE-5130-DARK GREY-38,Formal Pants,Dress Pants
BOM-DRE-SE-5131-DARK GREY-40,Formal Pants,Dress Pants
BOM-DRE-SE-5132-DARK GREY-42,Formal Pants,Dress Pants
BOM-DRE-SE-5133-DARK GREY-44,Formal Pants,Dress Pants
BOM-DRE-SE-5138-BLACK-30,Formal Pants,Dress Pants
BOM-DRE-SE-5139-BLACK-32,Formal Pants,Dress Pants
BOM-DRE-SE-5140-BLACK-34,Formal Pants,Dress Pants
BOM-DRE-SE-5141-BLACK-36,Formal Pants,Dress Pants
BOM-DRE-SE-5142-BLACK-38,Formal Pants,Dress Pants
BOM-DRE-SE-5143-BLACK-40,Formal Pants,Dress Pants
BOM-DRE-SE-5144-BLACK-42,Formal Pants,Dress Pants
BOM-DRE-SE-5145-BLACK-44,Formal Pants,Dress Pants
BOM-DRE-SE-5150-BEIGE-30,Formal Pants,Dress Pants
BOM-DRE-SE-5151-BEIGE-32,Formal Pants,Dress Pants
BOM-DRE-SE-5152-BEIGE-34,Formal Pants,Dress Pants
BOM-DRE-SE-5153-BEIGE-36,Formal Pants,Dress Pants
BOM-DRE-SE-5154-BEIGE-38,Formal Pants,Dress Pants
BOM-DRE-SE-5155-BEIGE-40,Formal Pants,Dress Pants
BOM-DRE-SE-5156-BEIGE-42,Formal Pants,Dress Pants
BOM-DRE-SE-5157-BEIGE-44,Formal Pants,Dress Pants
BOM-DRE-SE-5977-NAVY-28,Formal Pants,Dress Pants
BOM-DRE-SE-5978-NAVY-30,Formal Pants,Dress Pants
BOM-DRE-SE-5979-NAVY-32,Formal Pants,Dress Pants
BOM-DRE-SE-5980-NAVY-34,Formal Pants,Dress Pants
BOM-DRE-SE-5981-NAVY-36,Formal Pants,Dress Pants
BOM-DRE-SE-5982-NAVY-38,Formal Pants,Dress Pants
BOM-DRE-SE-5983-NAVY-40,Formal Pants,Dress Pants
BOM-DRE-SE-5984-NAVY-42,Formal Pants,Dress Pants
BOM-DRE-SE-5985-NAVY-44,Formal Pants,Dress Pants
BOM-DRE-SE-5986-NAVY-46,Formal Pants,Dress Pants
BOM-DRE-SE-5990-GREY-30,Formal Pants,Dress Pants
BOM-DRE-SE-5991-GREY-32,Formal Pants,Dress Pants
BOM-DRE-SE-5992-GREY-34,Formal Pants,Dress Pants
BOM-DRE-SE-5993-GREY-36,Formal Pants,Dress Pants
BOM-DRE-SE-5994-GREY-38,Formal Pants,Dress Pants
BOM-DRE-SE-5995-GREY-40,Formal Pants,Dress Pants
BOM-DRE-SE-5996-GREY-42,Formal Pants,Dress Pants
BOM-DRE-SE-613-NAVY-28,Formal Pants,Dress Pants
BOM-DRE-SE-614-NAVY-30,Formal Pants,Dress Pants
BOM-DRE-SE-615-NAVY-32,Formal Pants,Dress Pants
BOM-DRE-SE-616-NAVY-34,Formal Pants,Dress Pants
BOM-DRE-SE-617-NAVY-36,Formal Pants,Dress Pants
BOM-DRE-SE-618-NAVY-38,Formal Pants,Dress Pants
BOM-DRE-SE-619-NAVY-40,Formal Pants,Dress Pants
BOM-DRE-SE-620-NAVY-42,Formal Pants,Dress Pants
BOM-DRE-SE-621-NAVY-44,Formal Pants,Dress Pants
BOM-DRE-SE-622-NAVY-46,Formal Pants,Dress Pants
BOM-DRE-SE-628-CHARCOAL-30,Formal Pants,Dress Pants
BOM-DRE-SE-629-CHARCOAL-32,Formal Pants,Dress Pants
BOM-DRE-SE-630-CHARCOAL-34,Formal Pants,Dress Pants
BOM-DRE-SE-631-CHARCOAL-36,Formal Pants,Dress Pants
BOM-DRE-SE-632-CHARCOAL-38,Formal Pants,Dress Pants
BOM-DRE-SE-633-CHARCOAL-40,Formal Pants,Dress Pants
BOM-DRE-SE-634-CHARCOAL-42,Formal Pants,Dress Pants
BOM-DRE-SE-656-BROWN-28,Formal Pants,Dress Pants
BOM-DRE-SE-657-BROWN-30,Formal Pants,Dress Pants
BOM-DRE-SE-658-BROWN-32,Formal Pants,Dress Pants
BOM-DRE-SE-659-BROWN-34,Formal Pants,Dress Pants
BOM-DRE-SE-660-BROWN-36,Formal Pants,Dress Pants
BOM-DRE-SE-661-BROWN-38,Formal Pants,Dress Pants
BOM-DRE-SE-662-BROWN-40,Formal Pants,Dress Pants
BOM-DRE-SE-663-BROWN-42,Formal Pants,Dress Pants
BOM-DRE-SE-664-BROWN-44,Formal Pants,Dress Pants
BOM-DRE-SE-668-NAVY-28,Formal Pants,Dress Pants
BOM-DRE-SE-669-NAVY-30,Formal Pants,Dress Pants
BOM-DRE-SE-670-NAVY-32,Formal Pants,Dress Pants
BOM-DRE-SE-671-NAVY-34,Formal Pants,Dress Pants
BOM-DRE-SE-672-NAVY-36,Formal Pants,Dress Pants
BOM-DRE-SE-673-NAVY-38,Formal Pants,Dress Pants
BOM-DRE-SE-674-NAVY-40,Formal Pants,Dress Pants
BOM-DRE-SE-675-NAVY-42,Formal Pants,Dress Pants
BOM-DRE-SE-676-NAVY-44,Formal Pants,Dress Pants
BOM-DRE-SE-682-BLUE-28,Formal Pants,Dress Pants
BOM-DRE-SE-683-BLUE-30,Formal Pants,Dress Pants
BOM-DRE-SE-684-BLUE-32,Formal Pants,Dress Pants
BOM-DRE-SE-685-BLUE-34,Formal Pants,Dress Pants
BOM-DRE-SE-686-BLUE-36,Formal Pants,Dress Pants
BOM-DRE-SE-687-BLUE-38,Formal Pants,Dress Pants
BOM-DRE-SE-688-BLUE-40,Formal Pants,Dress Pants
BOM-DRE-SE-689-BLUE-42,Formal Pants,Dress Pants
BOM-DRE-SE-690-BLUE-44,Formal Pants,Dress Pants
BOM-DRE-SE-7284-DARK GREY-30,Formal Pants,Dress Pants
BOM-DRE-SE-7285-DARK GREY-32,Formal Pants,Dress Pants
BOM-DRE-SE-7286-DARK GREY-34,Formal Pants,Dress Pants
BOM-DRE-SE-7287-DARK GREY-36,Formal Pants,Dress Pants
BOM-DRE-SE-7288-DARK GREY-38,Formal Pants,Dress Pants
BOM-DRE-SE-7289-DARK GREY-40,Formal Pants,Dress Pants
BOM-DRE-SE-7290-DARK GREY-42,Formal Pants,Dress Pants
BOM-DRE-SE-7307-NAVY-28,Formal Pants,Dress Pants
BOM-DRE-SE-7308-NAVY-30,Formal Pants,Dress Pants
BOM-DRE-SE-7309-NAVY-32,Formal Pants,Dress Pants
BOM-DRE-SE-7310-NAVY-34,Formal Pants,Dress Pants
BOM-DRE-SE-7311-NAVY-36,Formal Pants,Dress Pants
BOM-DRE-SE-7312-NAVY-38,Formal Pants,Dress Pants
BOM-DRE-SE-7313-NAVY-40,Formal Pants,Dress Pants
BOM-DRE-SE-7314-NAVY-42,Formal Pants,Dress Pants
BOM-DRE-SE-7315-NAVY-44,Formal Pants,Dress Pants
BOM-DRE-SE-7319-DARK GREY-28,Formal Pants,Dress Pants
BOM-DRE-SE-7320-DARK GREY-30,Formal Pants,Dress Pants
BOM-DRE-SE-7321-DARK GREY-32,Formal Pants,Dress Pants
BOM-DRE-SE-7322-DARK GREY-34,Formal Pants,Dress Pants
BOM-DRE-SE-7323-DARK GREY-36,Formal Pants,Dress Pants
BOM-DRE-SE-7324-DARK GREY-38,Formal Pants,Dress Pants
BOM-DRE-SE-7325-DARK GREY-40,Formal Pants,Dress Pants
BOM-DRE-SE-7326-DARK GREY-42,Formal Pants,Dress Pants
BOM-DRE-SE-7327-DARK GREY-44,Formal Pants,Dress Pants
BOM-DRE-SE-7343-DARK OLIVE-28,Formal Pants,Dress Pants
BOM-DRE-SE-7344-DARK OLIVE-30,Formal Pants,Dress Pants
BOM-DRE-SE-7345-DARK OLIVE-32,Formal Pants,Dress Pants
BOM-DRE-SE-7346-DARK OLIVE-34,Formal Pants,Dress Pants
BOM-DRE-SE-7347-DARK OLIVE-36,Formal Pants,Dress Pants
BOM-DRE-SE-7348-DARK OLIVE-38,Formal Pants,Dress Pants
BOM-DRE-SE-7349-DARK OLIVE-40,Formal Pants,Dress Pants
BOM-DRE-SE-7350-DARK OLIVE-42,Formal Pants,Dress Pants
BOM-DRE-SE-7351-DARK OLIVE-44,Formal Pants,Dress Pants
BOM-DRE-SE-7367-DARK BROWN-28,Formal Pants,Dress Pants
BOM-DRE-SE-7368-DARK BROWN-30,Formal Pants,Dress Pants
BOM-DRE-SE-7369-DARK BROWN-32,Formal Pants,Dress Pants
BOM-DRE-SE-7370-DARK BROWN-34,Formal Pants,Dress Pants
BOM-DRE-SE-7371-DARK BROWN-36,Formal Pants,Dress Pants
BOM-DRE-SE-7372-DARK BROWN-38,Formal Pants,Dress Pants
BOM-DRE-SE-7373-DARK BROWN-40,Formal Pants,Dress Pants
BOM-DRE-SE-7374-DARK BROWN-42,Formal Pants,Dress Pants
BOM-DRE-SE-7375-DARK BROWN-44,Formal Pants,Dress Pants
BOM-DRE-SE-7379-LIGHT BROWN-28,Formal Pants,Dress Pants
BOM-DRE-SE-7380-LIGHT BROWN-30,Formal Pants,Dress Pants
BOM-DRE-SE-7381-LIGHT BROWN-32,Formal Pants,Dress Pants
BOM-DRE-SE-7382-LIGHT BROWN-34,Formal Pants,Dress Pants
BOM-DRE-SE-7383-LIGHT BROWN-36,Formal Pants,Dress Pants
BOM-DRE-SE-7384-LIGHT BROWN-38,Formal Pants,Dress Pants
BOM-DRE-SE-7385-LIGHT BROWN-40,Formal Pants,Dress Pants
BOM-DRE-SE-7386-LIGHT BROWN-42,Formal Pants,Dress Pants
BOM-DRE-SE-7387-LIGHT BROWN-44,Formal Pants,Dress Pants
BOM-DRE-SE-7391-MID GREY-28,Formal Pants,Dress Pants
BOM-DRE-SE-7392-MID GREY-30,Formal Pants,Dress Pants
BOM-DRE-SE-7393-MID GREY-32,Formal Pants,Dress Pants
BOM-DRE-SE-7394-MID GREY-34,Formal Pants,Dress Pants
BOM-DRE-SE-7395-MID GREY-36,Formal Pants,Dress Pants
BOM-DRE-SE-7396-MID GREY-38,Formal Pants,Dress Pants
BOM-DRE-SE-7397-MID GREY-40,Formal Pants,Dress Pants
BOM-DRE-SE-7398-MID GREY-42,Formal Pants,Dress Pants
BOM-DRE-SE-7399-MID GREY-44,Formal Pants,Dress Pants
BOM-DRE-SE-7403-NAVY-28,Formal Pants,Dress Pants
BOM-DRE-SE-7404-NAVY-30,Formal Pants,Dress Pants
BOM-DRE-SE-7405-NAVY-32,Formal Pants,Dress Pants
BOM-DRE-SE-7406-NAVY-34,Formal Pants,Dress Pants
BOM-DRE-SE-7407-NAVY-36,Formal Pants,Dress Pants
BOM-DRE-SE-7408-NAVY-38,Formal Pants,Dress Pants
BOM-DRE-SE-7409-NAVY-40,Formal Pants,Dress Pants
BOM-DRE-SE-7410-NAVY-42,Formal Pants,Dress Pants
BOM-DRE-SE-7411-NAVY-44,Formal Pants,Dress Pants
BOM-DRE-SE-7415-BLACK-28,Formal Pants,Dress Pants
BOM-DRE-SE-7416-BLACK-30,Formal Pants,Dress Pants
BOM-DRE-SE-7417-BLACK-32,Formal Pants,Dress Pants
BOM-DRE-SE-7418-BLACK-34,Formal Pants,Dress Pants
BOM-DRE-SE-7419-BLACK-36,Formal Pants,Dress Pants
BOM-DRE-SE-7420-BLACK-38,Formal Pants,Dress Pants
BOM-DRE-SE-7421-BLACK-40,Formal Pants,Dress Pants
BOM-DRE-SE-7422-BLACK-42,Formal Pants,Dress Pants
BOM-DRE-SE-7423-BLACK-44,Formal Pants,Dress Pants
BOM-DRE-SE-7428-BLACK-30,Formal Pants,Dress Pants
BOM-DRE-SE-7429-BLACK-32,Formal Pants,Dress Pants
BOM-DRE-SE-7430-BLACK-34,Formal Pants,Dress Pants
BOM-DRE-SE-7431-BLACK-36,Formal Pants,Dress Pants
BOM-DRE-SE-7432-BLACK-38,Formal Pants,Dress Pants
BOM-DRE-SE-7433-BLACK-40,Formal Pants,Dress Pants
BOM-DRE-SE-7434-BLACK-42,Formal Pants,Dress Pants
BOM-DRE-SE-7452-BLUISH GREY-30,Formal Pants,Dress Pants
BOM-DRE-SE-7453-BLUISH GREY-32,Formal Pants,Dress Pants
BOM-DRE-SE-7454-BLUISH GREY-34,Formal Pants,Dress Pants
BOM-DRE-SE-7455-BLUISH GREY-36,Formal Pants,Dress Pants
BOM-DRE-SE-7456-BLUISH GREY-38,Formal Pants,Dress Pants
BOM-DRE-SE-7457-BLUISH GREY-40,Formal Pants,Dress Pants
BOM-DRE-SE-7458-BLUISH GREY-42,Formal Pants,Dress Pants
BOM-DRE-SE-7475-NAVY-28,Formal Pants,Dress Pants
BOM-DRE-SE-7476-NAVY-30,Formal Pants,Dress Pants
BOM-DRE-SE-7477-NAVY-32,Formal Pants,Dress Pants
BOM-DRE-SE-7478-NAVY-34,Formal Pants,Dress Pants
BOM-DRE-SE-7479-NAVY-36,Formal Pants,Dress Pants
BOM-DRE-SE-7480-NAVY-38,Formal Pants,Dress Pants
BOM-DRE-SE-7481-NAVY-40,Formal Pants,Dress Pants
BOM-DRE-SE-7482-NAVY-42,Formal Pants,Dress Pants
BOM-DRE-SE-7483-NAVY-44,Formal Pants,Dress Pants
BOM-DRE-SE-7487-DARK GREY-28,Formal Pants,Dress Pants
BOM-DRE-SE-7488-DARK GREY-30,Formal Pants,Dress Pants
BOM-DRE-SE-7489-DARK GREY-32,Formal Pants,Dress Pants
BOM-DRE-SE-7490-DARK GREY-34,Formal Pants,Dress Pants
BOM-DRE-SE-7491-DARK GREY-36,Formal Pants,Dress Pants
BOM-DRE-SE-7492-DARK GREY-38,Formal Pants,Dress Pants
BOM-DRE-SE-7493-DARK GREY-40,Formal Pants,Dress Pants
BOM-DRE-SE-7494-DARK GREY-42,Formal Pants,Dress Pants
BOM-DRE-SE-7495-DARK GREY-44,Formal Pants,Dress Pants
BOM-DRE-SE-7499-BROWN-28,Formal Pants,Dress Pants
BOM-DRE-SE-7500-BROWN-30,Formal Pants,Dress Pants
BOM-DRE-SE-7501-BROWN-32,Formal Pants,Dress Pants
BOM-DRE-SE-7502-BROWN-34,Formal Pants,Dress Pants
BOM-DRE-SE-7503-BROWN-36,Formal Pants,Dress Pants
BOM-DRE-SE-7504-BROWN-38,Formal Pants,Dress Pants
BOM-DRE-SE-7505-BROWN-40,Formal Pants,Dress Pants
BOM-DRE-SE-7506-BROWN-42,Formal Pants,Dress Pants
BOM-DRE-SE-7507-BROWN-44,Formal Pants,Dress Pants
BOM-DRE-SE-7511-BEIGE-28,Formal Pants,Dress Pants
BOM-DRE-SE-7512-BEIGE-30,Formal Pants,Dress Pants
BOM-DRE-SE-7513-BEIGE-32,Formal Pants,Dress Pants
BOM-DRE-SE-7514-BEIGE-34,Formal Pants,Dress Pants
BOM-DRE-SE-7515-BEIGE-36,Formal Pants,Dress Pants
BOM-DRE-SE-7516-BEIGE-38,Formal Pants,Dress Pants
BOM-DRE-SE-7517-BEIGE-40,Formal Pants,Dress Pants
BOM-DRE-SE-7518-BEIGE-42,Formal Pants,Dress Pants
BOM-DRE-SE-7519-BEIGE-44,Formal Pants,Dress Pants
BOM-FAT-31324-GREEN28,Casual Pants,Fatigue Pants
BOM-FAT-31325-GREEN30,Casual Pants,Fatigue Pants
BOM-FAT-31326-GREEN32,Casual Pants,Fatigue Pants
BOM-FAT-31327-GREEN34,Casual Pants,Fatigue Pants
BOM-FAT-31328-GREEN36,Casual Pants,Fatigue Pants
BOM-FAT-31329-GREEN38,Casual Pants,Fatigue Pants
BOM-FAT-31330-GREEN40,Casual Pants,Fatigue Pants
BOM-FAT-31331-GREEN42,Casual Pants,Fatigue Pants
BOM-FAT-31332-GREEN44,Casual Pants,Fatigue Pants
BOM-FAT-31442-OLIVE28,Casual Pants,Fatigue Pants
BOM-FAT-31443-OLIVE30,Casual Pants,Fatigue Pants
BOM-FAT-31444-OLIVE32,Casual Pants,Fatigue Pants
BOM-FAT-31445-OLIVE34,Casual Pants,Fatigue Pants
BOM-FAT-31446-OLIVE36,Casual Pants,Fatigue Pants
BOM-FAT-31447-OLIVE38,Casual Pants,Fatigue Pants
BOM-FAT-31448-OLIVE40,Casual Pants,Fatigue Pants
BOM-FAT-31449-OLIVE42,Casual Pants,Fatigue Pants
BOM-FAT-31450-OLIVE44,Casual Pants,Fatigue Pants
BOM-FAT-31454-BEIGE28,Casual Pants,Fatigue Pants
BOM-FAT-31455-BEIGE30,Casual Pants,Fatigue Pants
BOM-FAT-31456-BEIGE32,Casual Pants,Fatigue Pants
BOM-FAT-31457-BEIGE34,Casual Pants,Fatigue Pants
BOM-FAT-31458-BEIGE36,Casual Pants,Fatigue Pants
BOM-FAT-31459-BEIGE38,Casual Pants,Fatigue Pants
BOM-FAT-31460-BEIGE40,Casual Pants,Fatigue Pants
BOM-FAT-31461-BEIGE42,Casual Pants,Fatigue Pants
BOM-FAT-31462-BEIGE44,Casual Pants,Fatigue Pants
BOM-FAT-31466-GREY28,Casual Pants,Fatigue Pants
BOM-FAT-31467-GREY30,Casual Pants,Fatigue Pants
BOM-FAT-31468-GREY32,Casual Pants,Fatigue Pants
BOM-FAT-31469-GREY34,Casual Pants,Fatigue Pants
BOM-FAT-31470-GREY36,Casual Pants,Fatigue Pants
BOM-FAT-31471-GREY38,Casual Pants,Fatigue Pants
BOM-FAT-31472-GREY40,Casual Pants,Fatigue Pants
BOM-FAT-31473-GREY42,Casual Pants,Fatigue Pants
BOM-FAT-31474-GREY44,Casual Pants,Fatigue Pants
BOM-JAC-20199-BLACK42,Jackets,Unspecified
BOM-JAC-20200-BLACK44,Jackets,Unspecified
BOM-JAC-20209-BEIGE46,Jackets,Unspecified
BOM-JAC-20213-OLIVE38,Jackets,Unstructured
BOM-JAC-20214-OLIVE40,Jackets,Unstructured
BOM-JAC-20215-OLIVE42,Jackets,Unstructured
BOM-JAC-20217-OLIVE46,Jackets,Unstructured
BOM-JAC-20218-OLIVE48,Jackets,Unstructured
BOM-JAC-20244-DARK 36,Jackets,Unspecified
BOM-JAC-20247-DARK 42,Jackets,Unspecified
BOM-JAC-20248-DARK 44,Jackets,Unspecified
BOM-JAC-20249-DARK 46,Jackets,Unspecified
BOM-JAC-21247-BLACK36,Jackets,Structured
BOM-JAC-21251-BLACK44,Jackets,Structured
BOM-JAC-21254-BLACK50,Jackets,Structured
BOM-JAC-21257-LIGHT40,Jackets,Structured
BOM-JAC-21258-LIGHT42,Jackets,Structured
BOM-JAC-21263-NAVY36,Jackets,Structured
BOM-JAC-21265-NAVY40,Jackets,Structured
BOM-JAC-21266-NAVY42,Jackets,Structured
BOM-JAC-21267-NAVY44,Jackets,Structured
BOM-JAC-21268-NAVY46,Jackets,Structured
BOM-JAC-21269-NAVY48,Jackets,Structured
BOM-JAC-21270-NAVY50,Jackets,Structured
BOM-JAC-21271-ECRU36,Jackets,Unspecified
BOM-JAC-21272-ECRU38,Jackets,Unspecified
BOM-JAC-21273-ECRU40,Jackets,Unspecified
BOM-JAC-21274-ECRU42,Jackets,Unspecified
BOM-JAC-22951-BLUE36,Jackets,Unspecified
BOM-JAC-22953-BLUE40,Jackets,Unspecified
BOM-JAC-22954-BLUE42,Jackets,Unspecified
BOM-JAC-22956-BLUE46,Jackets,Unspecified
BOM-JAC-22968-BLUE38,Jackets,Unspecified
BOM-JAC-22970-BLUE42,Jackets,Unspecified
BOM-JAC-22971-BLUE44,Jackets,Unspecified
BOM-JAC-23475-BEIGE36,Jackets,Unspecified
BOM-JAC-23476-BEIGE38,Jackets,Unspecified
BOM-JAC-23478-BEIGE42,Jackets,Unspecified
BOM-JAC-23482-BEIGE50,Jackets,Unspecified
BOM-JAC-24551-GREY38,Jackets,Structured
BOM-JAC-24552-GREY40,Jackets,Structured
BOM-JAC-24553-GREY42,Jackets,Structured
BOM-JAC-24555-GREY46,Jackets,Structured
BOM-JAC-25378-GREY36,Jackets,Structured
BOM-JAC-25379-GREY38,Jackets,Structured
BOM-JAC-25380-GREY40,Jackets,Structured
BOM-JAC-25381-GREY42,Jackets,Structured
BOM-JAC-25384-GREY48,Jackets,Structured
BOM-JAC-25385-GREY50,Jackets,Structured
BOM-JAC-25434-DARK 36,Jackets,Structured
BOM-JAC-25435-DARK 38,Jackets,Structured
BOM-JAC-25436-DARK 40,Jackets,Structured
BOM-JAC-25437-DARK 42,Jackets,Structured
BOM-JAC-25438-DARK 44,Jackets,Structured
BOM-JAC-25439-DARK 46,Jackets,Structured
BOM-JAC-25440-DARK 48,Jackets,Structured
BOM-JAC-25441-DARK 50,Jackets,Structured
BOM-JAC-26910-OLIVE42,Jackets,Shacket
BOM-JAC-26933-BEIGE40,Jackets,Shacket
BOM-JAC-26934-BEIGE42,Jackets,Shacket
BOM-JAC-26935-BEIGE44,Jackets,Shacket
BOM-JAC-26938-BEIGE50,Jackets,Shacket
BOM-JAC-27715-NAVY36,Jackets,Structured
BOM-JAC-27717-NAVY40,Jackets,Structured
BOM-JAC-27718-NAVY42,Jackets,Structured
BOM-JAC-27723-CHARC36,Jackets,Structured
BOM-JAC-27724-CHARC38,Jackets,Structured
BOM-JAC-27725-CHARC40,Jackets,Structured
BOM-JAC-27726-CHARC42,Jackets,Structured
BOM-JAC-27727-CHARC44,Jackets,Structured
BOM-JAC-27728-CHARC46,Jackets,Structured
BOM-JAC-27729-CHARC48,Jackets,Structured
BOM-JAC-27945-BLUE36,Jackets,Unstructured
BOM-JAC-27946-BLUE38,Jackets,Unstructured
BOM-JAC-27947-BLUE40,Jackets,Unstructured
BOM-JAC-27950-BLUE46,Jackets,Unstructured
BOM-JAC-27953-BEIGE36,Jackets,Unstructured
BOM-JAC-27954-BEIGE38,Jackets,Unstructured
BOM-JAC-27955-BEIGE40,Jackets,Unstructured
BOM-JAC-27956-BEIGE42,Jackets,Unstructured
BOM-JAC-27957-BEIGE44,Jackets,Unstructured
BOM-JAC-27958-BEIGE46,Jackets,Unstructured
BOM-JAC-27959-BEIGE48,Jackets,Unstructured
BOM-JAC-27961-BROWN36,Jackets,Unstructured
BOM-JAC-27962-BROWN38,Jackets,Unstructured
BOM-JAC-27963-BROWN40,Jackets,Unstructured
BOM-JAC-27964-BROWN42,Jackets,Unstructured
BOM-JAC-27965-BROWN44,Jackets,Unstructured
BOM-JAC-27966-BROWN46,Jackets,Unstructured
BOM-JAC-27967-BROWN48,Jackets,Unstructured
BOM-JAC-27969-KHAKI36,Jackets,Structured
BOM-JAC-27970-KHAKI38,Jackets,Structured
BOM-JAC-27971-KHAKI40,Jackets,Structured
BOM-JAC-27972-KHAKI42,Jackets,Structured
BOM-JAC-27973-KHAKI44,Jackets,Structured
BOM-JAC-27974-KHAKI46,Jackets,Structured
BOM-JAC-27975-KHAKI48,Jackets,Structured
BOM-JAC-27977-GREY36,Jackets,Structured
BOM-JAC-27978-GREY38,Jackets,Structured
BOM-JAC-27979-GREY40,Jackets,Structured
BOM-JAC-27980-GREY42,Jackets,Structured
BOM-JAC-27981-GREY44,Jackets,Structured
BOM-JAC-27983-GREY48,Jackets,Structured
BOM-JAC-28002-GREY38,Jackets,Unstructured
BOM-JAC-28003-GREY40,Jackets,Unstructured
BOM-JAC-28004-GREY42,Jackets,Unstructured
BOM-JAC-28005-GREY44,Jackets,Unstructured
BOM-JAC-28006-GREY46,Jackets,Unstructured
BOM-JAC-28007-GREY48,Jackets,Unstructured
BOM-JAC-28193-BEIGE36,Jackets,Unstructured
BOM-JAC-28194-BEIGE38,Jackets,Unstructured
BOM-JAC-28195-BEIGE40,Jackets,Unstructured
BOM-JAC-28196-BEIGE42,Jackets,Unstructured
BOM-JAC-28197-BEIGE44,Jackets,Unstructured
BOM-JAC-28198-BEIGE46,Jackets,Unstructured
BOM-JAC-28199-BEIGE48,Jackets,Unstructured
BOM-JAC-28249-NAVY36,Jackets,Structured
BOM-JAC-28250-NAVY38,Jackets,Structured
BOM-JAC-28251-NAVY40,Jackets,Structured
BOM-JAC-28252-NAVY42,Jackets,Structured
BOM-JAC-28254-NAVY46,Jackets,Structured
BOM-JAC-29062-NAVY36,Jackets,Structured
BOM-JAC-29063-NAVY38,Jackets,Structured
BOM-JAC-29064-NAVY40,Jackets,Structured
BOM-JAC-29065-NAVY42,Jackets,Structured
BOM-JAC-29066-NAVY44,Jackets,Structured
BOM-JAC-29067-NAVY46,Jackets,Structured
BOM-JAC-29068-NAVY48,Jackets,Structured
BOM-JAC-29095-BLACK36,Jackets,Structured
BOM-JAC-29096-BLACK38,Jackets,Structured
BOM-JAC-29097-BLACK40,Jackets,Structured
BOM-JAC-29098-BLACK42,Jackets,Structured
BOM-JAC-29099-BLACK44,Jackets,Structured
BOM-JAC-29100-BLACK46,Jackets,Structured
BOM-JAC-29101-BLACK48,Jackets,Structured
BOM-JAC-29391-NAVY36,Jackets,Formal
BOM-JAC-29392-NAVY38,Jackets,Formal
BOM-JAC-29393-NAVY40,Jackets,Formal
BOM-JAC-29394-NAVY42,Jackets,Formal
BOM-JAC-29395-NAVY44,Jackets,Formal
BOM-JAC-29396-NAVY46,Jackets,Formal
BOM-JAC-29397-NAVY48,Jackets,Formal
BOM-JAC-29399-LIGHT36,Jackets,Unstructured
BOM-JAC-29400-LIGHT38,Jackets,Unstructured
BOM-JAC-29401-LIGHT40,Jackets,Unstructured
BOM-JAC-29402-LIGHT42,Jackets,Unstructured
BOM-JAC-29403-LIGHT44,Jackets,Unstructured
BOM-JAC-29404-LIGHT46,Jackets,Unstructured
BOM-JAC-29405-LIGHT48,Jackets,Unstructured
BOM-JAC-29423-KHAKI36,Jackets,Unstructured
BOM-JAC-29424-KHAKI38,Jackets,Unstructured
BOM-JAC-29425-KHAKI40,Jackets,Unstructured
BOM-JAC-29426-KHAKI42,Jackets,Unstructured
BOM-JAC-29427-KHAKI44,Jackets,Unstructured
BOM-JAC-29428-KHAKI46,Jackets,Unstructured
BOM-JAC-29429-KHAKI48,Jackets,Unstructured
BOM-JAC-29431-GREY36,Jackets,Unstructured
BOM-JAC-29432-GREY38,Jackets,Unstructured
BOM-JAC-29433-GREY40,Jackets,Unstructured
BOM-JAC-29434-GREY42,Jackets,Unstructured
BOM-JAC-29435-GREY44,Jackets,Unstructured
BOM-JAC-29436-GREY46,Jackets,Unstructured
BOM-JAC-29437-GREY48,Jackets,Unstructured
BOM-JAC-29439-ECRU36,Jackets,Unstructured
BOM-JAC-29440-ECRU38,Jackets,Unstructured
BOM-JAC-29441-ECRU40,Jackets,Unstructured
BOM-JAC-29442-ECRU42,Jackets,Unstructured
BOM-JAC-29443-ECRU44,Jackets,Unstructured
BOM-JAC-29444-ECRU46,Jackets,Unstructured
BOM-JAC-29447-LIGHT36,Jackets,Unstructured
BOM-JAC-29448-LIGHT38,Jackets,Unstructured
BOM-JAC-29449-LIGHT40,Jackets,Unstructured
BOM-JAC-29450-LIGHT42,Jackets,Unstructured
BOM-JAC-29451-LIGHT44,Jackets,Unstructured
BOM-JAC-29452-LIGHT46,Jackets,Unstructured
BOM-JAC-29453-LIGHT48,Jackets,Unstructured
BOM-JAC-29887-GREY36,Jackets,Formal
BOM-JAC-29888-GREY38,Jackets,Formal
BOM-JAC-29889-GREY40,Jackets,Formal
BOM-JAC-29890-GREY42,Jackets,Formal
BOM-JAC-29891-GREY44,Jackets,Formal
BOM-JAC-29892-GREY46,Jackets,Formal
BOM-JAC-29893-GREY48,Jackets,Formal
BOM-JAC-29895-NAVY36,Jackets,Formal
BOM-JAC-29896-NAVY38,Jackets,Formal
BOM-JAC-29897-NAVY40,Jackets,Formal
BOM-JAC-29898-NAVY42,Jackets,Formal
BOM-JAC-29899-NAVY44,Jackets,Formal
BOM-JAC-29900-NAVY46,Jackets,Formal
BOM-JAC-29901-NAVY48,Jackets,Formal
BOM-JAC-30373-BLUE36,Jackets,Unstructured
BOM-JAC-30374-BLUE38,Jackets,Unstructured
BOM-JAC-30375-BLUE40,Jackets,Unstructured
BOM-JAC-30376-BLUE42,Jackets,Unstructured
BOM-JAC-30377-BLUE44,Jackets,Unstructured
BOM-JAC-30378-BLUE46,Jackets,Unstructured
BOM-JAC-31062-DARK 36,Jackets,Formal
BOM-JAC-31063-DARK 38,Jackets,Formal
BOM-JAC-31064-DARK 40,Jackets,Formal
BOM-JAC-31065-DARK 42,Jackets,Formal
BOM-JAC-31066-DARK 44,Jackets,Formal
BOM-JAC-31067-DARK 46,Jackets,Formal
BOM-JAC-31068-DARK 48,Jackets,Formal
BOM-JAC-31070-NAVY36,Jackets,Formal
BOM-JAC-31071-NAVY38,Jackets,Formal
BOM-JAC-31072-NAVY40,Jackets,Formal
BOM-JAC-31073-NAVY42,Jackets,Formal
BOM-JAC-31074-NAVY44,Jackets,Formal
BOM-JAC-31075-NAVY46,Jackets,Formal
BOM-JAC-31076-NAVY48,Jackets,Formal
BOM-JAC-31077-NAVY50,Jackets,Formal
BOM-JAC-31092-NAVY36,Jackets,Formal
BOM-JAC-31093-NAVY38,Jackets,Formal
BOM-JAC-31094-NAVY40,Jackets,Formal
BOM-JAC-31095-NAVY42,Jackets,Formal
BOM-JAC-31096-NAVY44,Jackets,Formal
BOM-JAC-31097-NAVY46,Jackets,Formal
BOM-JAC-31098-NAVY48,Jackets,Formal
BOM-JAC-31100-GREY36,Jackets,Formal
BOM-JAC-31101-GREY38,Jackets,Formal
BOM-JAC-31102-GREY40,Jackets,Formal
BOM-JAC-31103-GREY42,Jackets,Formal
BOM-JAC-31104-GREY44,Jackets,Formal
BOM-JAC-31105-GREY46,Jackets,Formal
BOM-JAC-31106-GREY48,Jackets,Formal
BOM-JAC-31108-BLACK36,Jackets,Formal
BOM-JAC-31109-BLACK38,Jackets,Formal
BOM-JAC-31110-BLACK40,Jackets,Formal
BOM-JAC-31111-BLACK42,Jackets,Formal
BOM-JAC-31112-BLACK44,Jackets,Formal
BOM-JAC-31113-BLACK46,Jackets,Formal
BOM-JAC-31114-BLACK48,Jackets,Formal
BOM-JAC-31200-GREY36,Jackets,Formal
BOM-JAC-31201-GREY38,Jackets,Formal
BOM-JAC-31202-GREY40,Jackets,Formal
BOM-JAC-31203-GREY42,Jackets,Formal
BOM-JAC-31204-GREY44,Jackets,Formal
BOM-JAC-31205-GREY46,Jackets,Formal
BOM-JAC-31206-GREY48,Jackets,Formal
BOM-JAC-31737-BLACK36,Jackets,Shacket
BOM-JAC-31738-BLACK38,Jackets,Shacket
BOM-JAC-31739-BLACK40,Jackets,Shacket
BOM-JAC-31740-BLACK42,Jackets,Shacket
BOM-JAC-31741-BLACK44,Jackets,Shacket
BOM-JAC-31742-BLACK46,Jackets,Shacket
BOM-JAC-31743-BLACK48,Jackets,Shacket
BOM-JAC-31745-NAVY36,Jackets,Shacket
BOM-JAC-31746-NAVY38,Jackets,Shacket
BOM-JAC-31747-NAVY40,Jackets,Shacket
BOM-JAC-31748-NAVY42,Jackets,Shacket
BOM-JAC-31749-NAVY44,Jackets,Shacket
BOM-JAC-31750-NAVY46,Jackets,Shacket
BOM-JAC-31751-NAVY48,Jackets,Shacket
BOM-JAC-31793-GREY36,Jackets,Unstructured
BOM-JAC-31794-GREY38,Jackets,Unstructured
BOM-JAC-31795-GREY40,Jackets,Unstructured
BOM-JAC-31796-GREY42,Jackets,Unstructured
BOM-JAC-31797-GREY44,Jackets,Unstructured
BOM-JAC-31798-GREY46,Jackets,Unstructured
BOM-JAC-31799-GREY48,Jackets,Unstructured
BOM-JAC-31801-BROWN36,Jackets,Unstructured
BOM-JAC-31802-BROWN38,Jackets,Unstructured
BOM-JAC-31803-BROWN40,Jackets,Unstructured
BOM-JAC-31804-BROWN42,Jackets,Unstructured
BOM-JAC-31805-BROWN44,Jackets,Unstructured
BOM-JAC-31806-BROWN46,Jackets,Unstructured
BOM-JAC-31807-BROWN48,Jackets,Unstructured
BOM-JAC-32290-DARK 38,Jackets,Structured
BOM-JAC-32291-DARK 40,Jackets,Structured
BOM-JAC-32292-DARK 42,Jackets,Structured
BOM-JAC-32293-DARK 44,Jackets,Structured
BOM-JAC-32294-DARK 46,Jackets,Structured
BOM-JAC-32295-DARK 48,Jackets,Structured
BOM-JAC-32297-NAVY36,Jackets,Structured
BOM-JAC-32298-NAVY38,Jackets,Structured
BOM-JAC-32299-NAVY40,Jackets,Structured
BOM-JAC-32300-NAVY42,Jackets,Structured
BOM-JAC-32301-NAVY44,Jackets,Structured
BOM-JAC-32302-NAVY46,Jackets,Structured
BOM-JAC-32303-NAVY48,Jackets,Structured
BOM-JAC-32305-BLACK36,Jackets,Structured
BOM-JAC-32306-BLACK38,Jackets,Structured
BOM-JAC-32307-BLACK40,Jackets,Structured
BOM-JAC-32308-BLACK42,Jackets,Structured
BOM-JAC-32309-BLACK44,Jackets,Structured
BOM-JAC-32310-BLACK46,Jackets,Structured
BOM-JAC-32311-BLACK48,Jackets,Structured
BOM-JAC-33351-NAVY36,Jackets,Formal
BOM-JAC-33352-NAVY38,Jackets,Formal
BOM-JAC-33353-NAVY40,Jackets,Formal
BOM-JAC-33354-NAVY42,Jackets,Formal
BOM-JAC-33355-NAVY44,Jackets,Formal
BOM-JAC-33356-NAVY46,Jackets,Formal
BOM-JAC-33357-NAVY48,Jackets,Formal
BOM-JAC-33359-BLACK36,Jackets,Formal
BOM-JAC-33360-BLACK38,Jackets,Formal
BOM-JAC-33361-BLACK42,Jackets,Formal
BOM-JAC-33362-BLACK44,Jackets,Formal
BOM-JAC-33363-BLACK46,Jackets,Formal
BOM-JAC-33364-BLACK48,Jackets,Formal
BOM-JAC-33366-BLACK40,Jackets,Formal
BOM-JAC-33367-CREAM36,Jackets,Unstructured
BOM-JAC-33368-CREAM38,Jackets,Unstructured
BOM-JAC-33369-CREAM40,Jackets,Unstructured
BOM-JAC-33370-CREAM42,Jackets,Unstructured
BOM-JAC-33371-CREAM44,Jackets,Unstructured
BOM-JAC-33372-CREAM46,Jackets,Unstructured
BOM-JAC-33373-CREAM48,Jackets,Unstructured
BOM-JAC-33375-BLACK36,Jackets,Formal
BOM-JAC-33376-BLACK38,Jackets,Formal
BOM-JAC-33377-BLACK40,Jackets,Formal
BOM-JAC-33378-BLACK42,Jackets,Formal
BOM-JAC-33379-BLACK44,Jackets,Formal
BOM-JAC-33380-BLACK46,Jackets,Formal
BOM-JAC-33381-BLACK48,Jackets,Formal
BOM-JAC-33383-GREEN36,Jackets,Formal
BOM-JAC-33384-GREEN38,Jackets,Formal
BOM-JAC-33385-GREEN40,Jackets,Formal
BOM-JAC-33386-GREEN42,Jackets,Formal
BOM-JAC-33387-GREEN44,Jackets,Formal
BOM-JAC-33388-GREEN46,Jackets,Formal
BOM-JAC-33389-GREEN48,Jackets,Formal
BOM-JAC-33391-BEIGE36,Jackets,Unstructured
BOM-JAC-33392-BEIGE38,Jackets,Unstructured
BOM-JAC-33393-BEIGE40,Jackets,Unstructured
BOM-JAC-33394-BEIGE42,Jackets,Unstructured
BOM-JAC-33395-BEIGE44,Jackets,Unstructured
BOM-JAC-33396-BEIGE46,Jackets,Unstructured
BOM-JAC-33397-BEIGE48,Jackets,Unstructured
BOM-JAC-33399-NAVY36,Jackets,Unstructured
BOM-JAC-33400-NAVY38,Jackets,Unstructured
BOM-JAC-33401-NAVY40,Jackets,Unstructured
BOM-JAC-33402-NAVY42,Jackets,Unstructured
BOM-JAC-33403-NAVY44,Jackets,Unstructured
BOM-JAC-33404-NAVY46,Jackets,Unstructured
BOM-JAC-33405-NAVY48,Jackets,Unstructured
BOM-JAC-33650-BLUE36,Jackets,Unstructured
BOM-JAC-33651-BLUE38,Jackets,Unstructured
BOM-JAC-33652-BLUE40,Jackets,Unstructured
BOM-JAC-33653-BLUE42,Jackets,Unstructured
BOM-JAC-33654-BLUE44,Jackets,Unstructured
BOM-JAC-33655-BLUE46,Jackets,Unstructured
BOM-JAC-33656-BLUE48,Jackets,Unstructured
BOM-JAC-SE-365-BLACK-36,Jackets,Formal
BOM-JAC-SE-366-BLACK-38,Jackets,Formal
BOM-JAC-SE-367-BLACK-40,Jackets,Formal
BOM-JAC-SE-368-BLACK-42,Jackets,Formal
BOM-JAC-SE-369-BLACK-44,Jackets,Formal
BOM-JAC-SE-370-BLACK-46,Jackets,Formal
BOM-JAC-SE-371-BLACK-48,Jackets,Formal
BOM-JAC-SE-372-BLACK-50,Jackets,Formal
BOM-JAC-SE-3775-BEIGE-36,Jackets,Unstructured
BOM-JAC-SE-3776-BEIGE-38,Jackets,Unstructured
BOM-JAC-SE-3777-BEIGE-40,Jackets,Unstructured
BOM-JAC-SE-3778-BEIGE-42,Jackets,Unstructured
BOM-JAC-SE-3779-BEIGE-44,Jackets,Unstructured
BOM-JAC-SE-3780-BEIGE-46,Jackets,Unstructured
BOM-JAC-SE-3781-BEIGE-48,Jackets,Unstructured
BOM-JAC-SE-3783-KHAKHI-36,Jackets,Unstructured
BOM-JAC-SE-3784-KHAKHI-38,Jackets,Unstructured
BOM-JAC-SE-3785-KHAKHI-40,Jackets,Unstructured
BOM-JAC-SE-3786-KHAKHI-42,Jackets,Unstructured
BOM-JAC-SE-3787-KHAKHI-44,Jackets,Unstructured
BOM-JAC-SE-3788-KHAKHI-46,Jackets,Unstructured
BOM-JAC-SE-3789-KHAKHI-48,Jackets,Unstructured
BOM-JAC-SE-3791-GREEN -36,Jackets,Unstructured
BOM-JAC-SE-3792-GREEN -38,Jackets,Unstructured
BOM-JAC-SE-3793-GREEN -40,Jackets,Unstructured
BOM-JAC-SE-3794-GREEN -42,Jackets,Unstructured
BOM-JAC-SE-3795-GREEN -44,Jackets,Unstructured
BOM-JAC-SE-3796-GREEN -46,Jackets,Unstructured
BOM-JAC-SE-3797-GREEN -48,Jackets,Unstructured
BOM-JAC-SE-53-GREY-36,Jackets,Unstructured
BOM-JAC-SE-54-GREY-38,Jackets,Unstructured
BOM-JAC-SE-55-GREY-40,Jackets,Unstructured
BOM-JAC-SE-56-GREY-42,Jackets,Unstructured
BOM-JAC-SE-57-GREY-44,Jackets,Unstructured
BOM-JAC-SE-58-GREY-46,Jackets,Unstructured
BOM-JAC-SE-59-GREY-48,Jackets,Unstructured
BOM-JAC-SE-81-BROWN-36,Jackets,Unstructured
BOM-JAC-SE-82-BROWN-38,Jackets,Unstructured
BOM-JAC-SE-83-BROWN-40,Jackets,Unstructured
BOM-JAC-SE-84-BROWN-42,Jackets,Unstructured
BOM-JAC-SE-849-DARK BLUE-36,Jackets,Unstructured
BOM-JAC-SE-85-BROWN-44,Jackets,Unstructured
BOM-JAC-SE-850-DARK BLUE-38,Jackets,Unstructured
BOM-JAC-SE-851-DARK BLUE-40,Jackets,Unstructured
BOM-JAC-SE-852-DARK BLUE-42,Jackets,Unstructured
BOM-JAC-SE-853-DARK BLUE-44,Jackets,Unstructured
BOM-JAC-SE-854-DARK BLUE-46,Jackets,Unstructured
BOM-JAC-SE-855-DARK BLUE-48,Jackets,Unstructured
BOM-JAC-SE-86-BROWN-46,Jackets,Unstructured
BOM-JAC-SE-861-LIGHT BLUE-36,Jackets,Unstructured
BOM-JAC-SE-862-LIGHT BLUE-38,Jackets,Unstructured
BOM-JAC-SE-863-LIGHT BLUE-40,Jackets,Unstructured
BOM-JAC-SE-864-LIGHT BLUE-42,Jackets,Unstructured
BOM-JAC-SE-865-LIGHT BLUE-44,Jackets,Unstructured
BOM-JAC-SE-866-LIGHT BLUE-46,Jackets,Unstructured
BOM-JAC-SE-867-LIGHT BLUE-48,Jackets,Unstructured
BOM-JAC-SE-87-BROWN-48,Jackets,Unstructured
BOM-JAC-SE-873-NAVY-36,Jackets,Unstructured
BOM-JAC-SE-874-NAVY-38,Jackets,Unstructured
BOM-JAC-SE-875-NAVY-40,Jackets,Unstructured
BOM-JAC-SE-876-NAVY-42,Jackets,Unstructured
BOM-JAC-SE-877-NAVY-44,Jackets,Unstructured
BOM-JAC-SE-878-NAVY-46,Jackets,Unstructured
BOM-JAC-SE-879-NAVY-48,Jackets,Unstructured
BOM-JAC-SE-885-KHAKHI-36,Jackets,Unstructured
BOM-JAC-SE-886-KHAKHI-38,Jackets,Unstructured
BOM-JAC-SE-887-KHAKHI-40,Jackets,Unstructured
BOM-JAC-SE-888-KHAKHI-42,Jackets,Unstructured
BOM-JAC-SE-889-KHAKHI-44,Jackets,Unstructured
BOM-JAC-SE-890-KHAKHI-46,Jackets,Unstructured
BOM-JAC-SE-891-KHAKHI-48,Jackets,Unstructured
BOM-JEA-17404-BLUE34,Jeans,Unspecified
BOM-JEA-17405-BLUE36,Jeans,Unspecified
BOM-JEA-17406-BLUE38,Jeans,Unspecified
BOM-JEA-17407-BLUE40,Jeans,Unspecified
BOM-JEA-17411-BLUE48,Jeans,Unspecified
BOM-JEA-17427-DARK 32,Jeans,Unspecified
BOM-JEA-17432-DARK 42,Jeans,Unspecified
BOM-JEA-17435-DARK 48,Jeans,Unspecified
BOM-JEA-17438-DARK 30,Jeans,Unspecified
BOM-JEA-17440-DARK 34,Jeans,Unspecified
BOM-JEA-17443-DARK 40,Jeans,Unspecified
BOM-JEA-17447-DARK 48,Jeans,Unspecified
BOM-JEA-17476-LIGHT34,Jeans,Unspecified
BOM-JEA-17477-LIGHT36,Jeans,Unspecified
BOM-JEA-17478-LIGHT38,Jeans,Unspecified
BOM-JEA-17479-LIGHT40,Jeans,Unspecified
BOM-JEA-17480-LIGHT42,Jeans,Unspecified
BOM-JEA-17487-OLIVE32,Jeans,Unspecified
BOM-JEA-17489-OLIVE36,Jeans,Unspecified
BOM-JEA-17495-OLIVE48,Jeans,Unspecified
BOM-JEA-17497-LIGHT28,Jeans,Unspecified
BOM-JEA-17554-BLACK46,Jeans,RTW Non-Stretch Jeans
BOM-JEA-17555-BLACK48,Jeans,RTW Non-Stretch Jeans
BOM-JEA-17556-BLACK50,Jeans,RTW Non-Stretch Jeans
BOM-JEA-17862-BROWN36,Jeans,Unspecified
BOM-JEA-17910-ECRU36,Jeans,Unspecified
BOM-JEA-18663-NAVY34,Jeans,Unspecified
BOM-JEA-18664-NAVY36,Jeans,Unspecified
BOM-JEA-18665-NAVY38,Jeans,Unspecified
BOM-JEA-18666-NAVY40,Jeans,Unspecified
BOM-JEA-18667-NAVY42,Jeans,Unspecified
BOM-JEA-18673-DARK 30,Jeans,Unspecified
BOM-JEA-18675-DARK 34,Jeans,Unspecified
BOM-JEA-18676-DARK 36,Jeans,Unspecified
BOM-JEA-18677-DARK 38,Jeans,Unspecified
BOM-JEA-18679-DARK 42,Jeans,Unspecified
BOM-JEA-19906-BLUE32,Jeans,Unspecified
BOM-JEA-19907-BLUE34,Jeans,Unspecified
BOM-JEA-19908-BLUE36,Jeans,Unspecified
BOM-JEA-19909-BLUE38,Jeans,Unspecified
BOM-JEA-20020-DARK 42,Jeans,RTW Stretch Jeans
BOM-JEA-20023-DARK 48,Jeans,RTW Stretch Jeans
BOM-JEA-20446-KHAKI42,Jeans,RTW Stretch Jeans
BOM-JEA-20454-PURPL34,Jeans,Unspecified
BOM-JEA-20481-DARK 40,Jeans,Unspecified
BOM-JOG-28279-ECRUS,Knitwear,Joggers
BOM-JOG-28280-ECRUM,Knitwear,Joggers
BOM-JOG-28281-ECRUL,Knitwear,Joggers
BOM-JOG-28282-ECRUXL,Knitwear,Joggers
BOM-JOG-28283-ECRU2XL,Knitwear,Joggers
BOM-JOG-28299-LIGHTS,Knitwear,Joggers
BOM-JOG-28300-LIGHTM,Knitwear,Joggers
BOM-JOG-28301-LIGHTL,Knitwear,Joggers
BOM-JOG-28302-LIGHTXL,Knitwear,Joggers
BOM-JOG-28303-LIGHT2XL,Knitwear,Joggers
BOM-JOG-28304-LIGHTS,Knitwear,Joggers
BOM-JOG-28305-LIGHTM,Knitwear,Joggers
BOM-JOG-28306-LIGHTL,Knitwear,Joggers
BOM-JOG-28307-LIGHTXL,Knitwear,Joggers
BOM-JOG-28308-LIGHT2XL,Knitwear,Joggers
BOM-JOG-28309-OLIVES,Knitwear,Joggers
BOM-JOG-28310-OLIVEM,Knitwear,Joggers
BOM-JOG-28311-OLIVEL,Knitwear,Joggers
BOM-JOG-28312-OLIVEXL,Knitwear,Joggers
BOM-JOG-28313-OLIVE2XL,Knitwear,Joggers
BOM-JOG-28651-DARK S,Knitwear,Joggers
BOM-JOG-28652-DARK M,Knitwear,Joggers
BOM-JOG-28653-DARK L,Knitwear,Joggers
BOM-JOG-28654-DARK XL,Knitwear,Joggers
BOM-JOG-28655-DARK 2XL,Knitwear,Joggers
BOM-JOG-33658-BEIGES,Knitwear,Joggers
BOM-JOG-33659-BEIGEM,Knitwear,Joggers
BOM-JOG-33660-BEIGEL,Knitwear,Joggers
BOM-JOG-33661-BEIGEXL,Knitwear,Joggers
BOM-JOG-33662-BEIGE2XL,Knitwear,Joggers
BOM-JOG-33668-DARK S,Knitwear,Joggers
BOM-JOG-33669-DARK M,Knitwear,Joggers
BOM-JOG-33670-DARK L,Knitwear,Joggers
BOM-JOG-33671-DARK XL,Knitwear,Joggers
BOM-JOG-33672-DARK 2XL,Knitwear,Joggers
BOM-JOG-33673-BLACKS,Knitwear,Joggers
BOM-JOG-33674-BLACKM,Knitwear,Joggers
BOM-JOG-33675-BLACKL,Knitwear,Joggers
BOM-JOG-33676-BLACKXL,Knitwear,Joggers
BOM-JOG-33677-BLACK2XL,Knitwear,Joggers
BOM-JOG-33678-GREENS,Knitwear,Joggers
BOM-JOG-33679-GREENM,Knitwear,Joggers
BOM-JOG-33680-GREENL,Knitwear,Joggers
BOM-JOG-33681-GREENXL,Knitwear,Joggers
BOM-JOG-33682-GREEN2XL,Knitwear,Joggers
BOM-JOG-33683-BROWNS,Knitwear,Joggers
BOM-JOG-33684-BROWNM,Knitwear,Joggers
BOM-JOG-33685-BROWNL,Knitwear,Joggers
BOM-JOG-33686-BROWNXL,Knitwear,Joggers
BOM-JOG-33687-BROWN2XL,Knitwear,Joggers
BOM-JOG-RE-2348-S-ECRU,Knitwear,Joggers
BOM-JOG-RE-2349-ECRU-M,Knitwear,Joggers
BOM-JOG-RE-2350-ECRU-L,Knitwear,Joggers
BOM-JOG-RE-2351-ECRU-XL,Knitwear,Joggers
BOM-JOG-RE-2352-ECRU-2XL,Knitwear,Joggers
BOM-KNI-18356-BEIGE28,Formal Pants,Knit Pants
BOM-KNI-18358-BEIGE32,Formal Pants,Knit Pants
BOM-KNI-18360-BEIGE36,Formal Pants,Knit Pants
BOM-KNI-18362-BEIGE40,Formal Pants,Knit Pants
BOM-KNI-18363-BEIGE42,Formal Pants,Knit Pants
BOM-KNI-18381-BLACK30,Formal Pants,Knit Pants
BOM-KNI-18382-BLACK32,Formal Pants,Knit Pants
BOM-KNI-18383-BLACK34,Formal Pants,Knit Pants
BOM-KNI-18384-BLACK36,Formal Pants,Knit Pants
BOM-KNI-18386-BLACK40,Formal Pants,Knit Pants
BOM-KNI-18389-BLACK46,Formal Pants,Knit Pants
BOM-KNI-18418-GREY32,Formal Pants,Knit Pants
BOM-KNI-18419-GREY34,Formal Pants,Knit Pants
BOM-KNI-18420-GREY36,Formal Pants,Knit Pants
BOM-KNI-18421-GREY38,Formal Pants,Knit Pants
BOM-KNI-18480-GREY36,Formal Pants,Knit Pants
BOM-KNI-18525-OLIVE30,Formal Pants,Knit Pants
BOM-KNI-18527-OLIVE34,Formal Pants,Knit Pants
BOM-KNI-18537-BROWN30,Formal Pants,Knit Pants
BOM-KNI-18538-BROWN32,Formal Pants,Knit Pants
BOM-KNI-18538-BROWN32_OLD,Formal Pants,Knit Pants
BOM-KNI-18539-BROWN34,Formal Pants,Knit Pants
BOM-KNI-18539-BROWN34_OLD,Formal Pants,Knit Pants
BOM-KNI-18540-BROWN36,Formal Pants,Knit Pants
BOM-KNI-18540-BROWN36_OLD,Formal Pants,Knit Pants
BOM-KNI-18541-BROWN38_OLD,Formal Pants,Knit Pants
BOM-KNI-18542-BROWN40,Formal Pants,Knit Pants
BOM-KNI-18545-BROWN46,Formal Pants,Knit Pants
BOM-KNI-18546-BROWN48,Formal Pants,Knit Pants
BOM-KNI-18547-BROWN50,Formal Pants,Knit Pants
BOM-KNI-18728-BEIGE36,Formal Pants,Knit Pants
BOM-KNI-18729-BEIGE38,Formal Pants,Knit Pants
BOM-KUR-RE-5289-BEIGE-36,Kurta,Short Length Kurta
BOM-KUR-RE-5290-BEIGE-38,Kurta,Short Length Kurta
BOM-KUR-RE-5291-BEIGE-40,Kurta,Short Length Kurta
BOM-KUR-RE-5292-BEIGE-42,Kurta,Short Length Kurta
BOM-KUR-RE-5293-BEIGE-44,Kurta,Short Length Kurta
BOM-KUR-RE-5294-BEIGE-46,Kurta,Short Length Kurta
BOM-KUR-RE-5325-GREY-36,Kurta,Short Length Kurta
BOM-KUR-RE-5326-GREY-38,Kurta,Short Length Kurta
BOM-KUR-RE-5327-GREY-40,Kurta,Short Length Kurta
BOM-KUR-RE-5328-GREY-42,Kurta,Short Length Kurta
BOM-KUR-RE-5329-GREY-44,Kurta,Short Length Kurta
BOM-KUR-RE-5330-GREY-46,Kurta,Short Length Kurta
BOM-KUR-RE-5331-RUST-36,Kurta,Short Length Kurta
BOM-KUR-RE-5332-RUST-38,Kurta,Short Length Kurta
BOM-KUR-RE-5333-RUST-40,Kurta,Short Length Kurta
BOM-KUR-RE-5334-RUST-42,Kurta,Short Length Kurta
BOM-KUR-RE-5335-RUST-44,Kurta,Short Length Kurta
BOM-KUR-RE-5336-RUST-46,Kurta,Short Length Kurta
BOM-KUR-RE-5337-ECRU-36,Kurta,Short Length Kurta
BOM-KUR-RE-5338-ECRU-38,Kurta,Short Length Kurta
BOM-KUR-RE-5339-ECRU-40,Kurta,Short Length Kurta
BOM-KUR-RE-5340-ECRU-42,Kurta,Short Length Kurta
BOM-KUR-RE-5341-ECRU-44,Kurta,Short Length Kurta
BOM-KUR-RE-5342-ECRU-46,Kurta,Short Length Kurta
BOM-KUR-RE-5343-BLUE-36,Kurta,Short Length Kurta
BOM-KUR-RE-5344-BLUE-38,Kurta,Short Length Kurta
BOM-KUR-RE-5345-BLUE-40,Kurta,Short Length Kurta
BOM-KUR-RE-5346-BLUE-42,Kurta,Short Length Kurta
BOM-KUR-RE-5347-BLUE-44,Kurta,Short Length Kurta
BOM-KUR-RE-5348-BLUE-46,Kurta,Short Length Kurta
BOM-KUR-RE-5349-PINK-36,Kurta,Short Length Kurta
BOM-KUR-RE-5350-PINK-38,Kurta,Short Length Kurta
BOM-KUR-RE-5351-PINK-40,Kurta,Short Length Kurta
BOM-KUR-RE-5352-PINK-42,Kurta,Short Length Kurta
BOM-KUR-RE-5353-PINK-44,Kurta,Short Length Kurta
BOM-KUR-RE-5354-PINK-46,Kurta,Short Length Kurta
BOM-KUR-RE-5355-NAVY-36,Kurta,Knee Length Kurta
BOM-KUR-RE-5356-NAVY-38,Kurta,Knee Length Kurta
BOM-KUR-RE-5357-NAVY-40,Kurta,Knee Length Kurta
BOM-KUR-RE-5358-NAVY-42,Kurta,Knee Length Kurta
BOM-KUR-RE-5359-NAVY-44,Kurta,Knee Length Kurta
BOM-KUR-RE-5360-NAVY-46,Kurta,Knee Length Kurta
BOM-KUR-RE-5361-DARK GREY-36,Kurta,Knee Length Kurta
BOM-KUR-RE-5362-DARK GREY-38,Kurta,Knee Length Kurta
BOM-KUR-RE-5363-DARK GREY-40,Kurta,Knee Length Kurta
BOM-KUR-RE-5364-DARK GREY-42,Kurta,Knee Length Kurta
BOM-KUR-RE-5365-DARK GREY-44,Kurta,Knee Length Kurta
BOM-KUR-RE-5366-DARK GREY-46,Kurta,Knee Length Kurta
BOM-KUR-RE-5367-BURGUNDY-36,Kurta,Knee Length Kurta
BOM-KUR-RE-5368-BURGUNDY-38,Kurta,Knee Length Kurta
BOM-KUR-RE-5369-BURGUNDY-40,Kurta,Knee Length Kurta
BOM-KUR-RE-5370-BURGUNDY-42,Kurta,Knee Length Kurta
BOM-KUR-RE-5371-BURGUNDY-44,Kurta,Knee Length Kurta
BOM-KUR-RE-5372-BURGUNDY-46,Kurta,Knee Length Kurta
BOM-KUR-RE-5373-ECRU-36,Kurta,Knee Length Kurta
BOM-KUR-RE-5374-ECRU-38,Kurta,Knee Length Kurta
BOM-KUR-RE-5375-ECRU-40,Kurta,Knee Length Kurta
BOM-KUR-RE-5376-ECRU-42,Kurta,Knee Length Kurta
BOM-KUR-RE-5377-ECRU-44,Kurta,Knee Length Kurta
BOM-KUR-RE-5378-ECRU-46,Kurta,Knee Length Kurta
BOM-LIN-20668-BLACK28,Casual Pants,Linen Pants
BOM-LIN-20669-BLACK30,Casual Pants,Linen Pants
BOM-LIN-20670-BLACK32,Casual Pants,Linen Pants
BOM-LIN-20671-BLACK34,Casual Pants,Linen Pants
BOM-LIN-20675-BLACK42,Casual Pants,Linen Pants
BOM-LIN-20676-BLACK44,Casual Pants,Linen Pants
BOM-LIN-20677-BLACK46,Casual Pants,Linen Pants
BOM-LIN-20678-BLACK48,Casual Pants,Linen Pants
BOM-LIN-20679-BLACK50,Casual Pants,Linen Pants
BOM-LIN-20680-NAVY28,Casual Pants,Linen Pants
BOM-LIN-20681-NAVY30,Casual Pants,Linen Pants
BOM-LIN-20683-NAVY34,Casual Pants,Linen Pants
BOM-LIN-20684-NAVY36,Casual Pants,Linen Pants
BOM-LIN-20687-NAVY42,Casual Pants,Linen Pants
BOM-LIN-20688-NAVY44,Casual Pants,Linen Pants
BOM-LIN-20689-NAVY46,Casual Pants,Linen Pants
BOM-LIN-20690-NAVY48,Casual Pants,Linen Pants
BOM-LIN-20691-NAVY50,Casual Pants,Linen Pants
BOM-LIN-20692-OLIVE28,Casual Pants,Linen Pants
BOM-LIN-20693-OLIVE30,Casual Pants,Linen Pants
BOM-LIN-20694-OLIVE32,Casual Pants,Linen Pants
BOM-LIN-20695-OLIVE34,Casual Pants,Linen Pants
BOM-LIN-20698-OLIVE40,Casual Pants,Linen Pants
BOM-LIN-20699-OLIVE42,Casual Pants,Linen Pants
BOM-LIN-20701-OLIVE46,Casual Pants,Linen Pants
BOM-LIN-20703-OLIVE50,Casual Pants,Linen Pants
BOM-LIN-20706-BEIGE32,Casual Pants,Linen Pants
BOM-LIN-20707-BEIGE34,Casual Pants,Linen Pants
BOM-LIN-20708-BEIGE36,Casual Pants,Linen Pants
BOM-LIN-20710-BEIGE40,Casual Pants,Linen Pants
BOM-LIN-20712-BEIGE44,Casual Pants,Linen Pants
BOM-LIN-20713-BEIGE46,Casual Pants,Linen Pants
BOM-LIN-20714-BEIGE48,Casual Pants,Linen Pants
BOM-LIN-23336-ECRU28,Casual Pants,Linen Pants
BOM-LIN-23337-ECRU30,Casual Pants,Linen Pants
BOM-LIN-23339-ECRU34,Casual Pants,Linen Pants
BOM-LIN-23340-ECRU36,Casual Pants,Linen Pants
BOM-LIN-23341-ECRU38,Casual Pants,Linen Pants
BOM-LIN-23342-ECRU40,Casual Pants,Linen Pants
BOM-LIN-23345-ECRU46,Casual Pants,Linen Pants
BOM-LIN-23356-BEIGE44,Casual Pants,Linen Pants
BOM-LIN-23357-BEIGE46,Casual Pants,Linen Pants
BOM-LIN-23358-BEIGE48,Casual Pants,Linen Pants
BOM-LIN-23359-BEIGE50,Casual Pants,Linen Pants
BOM-LIN-23373-BLUE28,Casual Pants,Linen Pants
BOM-LIN-23374-BLUE30,Casual Pants,Linen Pants
BOM-LIN-23375-BLUE32,Casual Pants,Linen Pants
BOM-LIN-23377-BLUE36,Casual Pants,Linen Pants
BOM-LIN-23379-BLUE40,Casual Pants,Linen Pants
BOM-LIN-23380-BLUE42,Casual Pants,Linen Pants
BOM-LIN-23381-BLUE44,Casual Pants,Linen Pants
BOM-LIN-23383-BLUE48,Casual Pants,Linen Pants
BOM-LIN-26740-WHITE28,Casual Pants,Linen Pants
BOM-LIN-26741-WHITE30,Casual Pants,Linen Pants
BOM-LIN-26742-WHITE32,Casual Pants,Linen Pants
BOM-LIN-26743-WHITE34,Casual Pants,Linen Pants
BOM-LIN-26744-WHITE36,Casual Pants,Linen Pants
BOM-LIN-26745-WHITE38,Casual Pants,Linen Pants
BOM-LIN-26746-WHITE40,Casual Pants,Linen Pants
BOM-LIN-26747-WHITE42,Casual Pants,Linen Pants
BOM-LIN-26748-WHITE44,Casual Pants,Linen Pants
BOM-LIN-26749-WHITE46,Casual Pants,Linen Pants
BOM-LIN-26751-WHITE50,Casual Pants,Linen Pants
BOM-LIN-26752-LIGHT28,Casual Pants,Linen Pants
BOM-LIN-26753-LIGHT30,Casual Pants,Linen Pants
BOM-LIN-26754-LIGHT32,Casual Pants,Linen Pants
BOM-LIN-26755-LIGHT34,Casual Pants,Linen Pants
BOM-LIN-26756-LIGHT36,Casual Pants,Linen Pants
BOM-LIN-26757-LIGHT38,Casual Pants,Linen Pants
BOM-LIN-26758-LIGHT40,Casual Pants,Linen Pants
BOM-LIN-26759-LIGHT42,Casual Pants,Linen Pants
BOM-LIN-26760-LIGHT44,Casual Pants,Linen Pants
BOM-LIN-26761-LIGHT46,Casual Pants,Linen Pants
BOM-LIN-26762-LIGHT48,Casual Pants,Linen Pants
BOM-LIN-26763-LIGHT50,Casual Pants,Linen Pants
BOM-LIN-26777-KHAKI30,Casual Pants,Linen Pants
BOM-LIN-26778-KHAKI32,Casual Pants,Linen Pants
BOM-LIN-26779-KHAKI34,Casual Pants,Linen Pants
BOM-LIN-26780-KHAKI36,Casual Pants,Linen Pants
BOM-LIN-26781-KHAKI38,Casual Pants,Linen Pants
BOM-LIN-26782-KHAKI40,Casual Pants,Linen Pants
BOM-LIN-26783-KHAKI42,Casual Pants,Linen Pants
BOM-LIN-26788-BLACK28,Casual Pants,Linen Pants
BOM-LIN-26790-BLACK32,Casual Pants,Linen Pants
BOM-LIN-26792-BLACK36,Casual Pants,Linen Pants
BOM-LIN-26793-BLACK38,Casual Pants,Linen Pants
BOM-LIN-26794-BLACK40,Casual Pants,Linen Pants
BOM-LIN-26795-BLACK42,Casual Pants,Linen Pants
BOM-LIN-26796-BLACK44,Casual Pants,Linen Pants
BOM-LIN-26797-BLACK46,Casual Pants,Linen Pants
BOM-LIN-26798-BLACK48,Casual Pants,Linen Pants
BOM-LIN-29199-NAVY28,Casual Pants,Linen Pants
BOM-LIN-29200-NAVY30,Casual Pants,Linen Pants
BOM-LIN-29201-NAVY32,Casual Pants,Linen Pants
BOM-LIN-29202-NAVY34,Casual Pants,Linen Pants
BOM-LIN-29203-NAVY36,Casual Pants,Linen Pants
BOM-LIN-29204-NAVY38,Casual Pants,Linen Pants
BOM-LIN-29205-NAVY40,Casual Pants,Linen Pants
BOM-LIN-29206-NAVY42,Casual Pants,Linen Pants
BOM-LIN-29207-NAVY44,Casual Pants,Linen Pants
BOM-LIN-29208-NAVY46,Casual Pants,Linen Pants
BOM-LIN-29211-OLIVE28,Casual Pants,Linen Pants
BOM-LIN-29212-OLIVE30,Casual Pants,Linen Pants
BOM-LIN-29213-OLIVE32,Casual Pants,Linen Pants
BOM-LIN-29214-OLIVE34,Casual Pants,Linen Pants
BOM-LIN-29215-OLIVE36,Casual Pants,Linen Pants
BOM-LIN-29216-OLIVE38,Casual Pants,Linen Pants
BOM-LIN-29217-OLIVE40,Casual Pants,Linen Pants
BOM-LIN-29218-OLIVE42,Casual Pants,Linen Pants
BOM-LIN-29335-BROWN28,Casual Pants,Linen Pants
BOM-LIN-29336-BROWN30,Casual Pants,Linen Pants
BOM-LIN-29337-BROWN32,Casual Pants,Linen Pants
BOM-LIN-29338-BROWN34,Casual Pants,Linen Pants
BOM-LIN-29339-BROWN36,Casual Pants,Linen Pants
BOM-LIN-29340-BROWN38,Casual Pants,Linen Pants
BOM-LIN-29341-BROWN40,Casual Pants,Linen Pants
BOM-LIN-29342-BROWN42,Casual Pants,Linen Pants
BOM-LIN-29347-BEIGE28,Casual Pants,Linen Pants
BOM-LIN-29348-BEIGE30,Casual Pants,Linen Pants
BOM-LIN-29349-BEIGE32,Casual Pants,Linen Pants
BOM-LIN-29350-BEIGE34,Casual Pants,Linen Pants
BOM-LIN-29351-BEIGE36,Casual Pants,Linen Pants
BOM-LIN-29352-BEIGE38,Casual Pants,Linen Pants
BOM-LIN-29353-BEIGE40,Casual Pants,Linen Pants
BOM-LIN-29354-BEIGE42,Casual Pants,Linen Pants
BOM-LIN-29355-BEIGE44,Casual Pants,Linen Pants
BOM-LIN-29356-BEIGE46,Casual Pants,Linen Pants
BOM-LIN-29358-BEIGE50,Casual Pants,Linen Pants
BOM-LIN-30181-OFF W28,Casual Pants,Linen Pants
BOM-LIN-30182-OFF W30,Casual Pants,Linen Pants
BOM-LIN-30183-OFF W32,Casual Pants,Linen Pants
BOM-LIN-30184-OFF W34,Casual Pants,Linen Pants
BOM-LIN-30185-OFF W36,Casual Pants,Linen Pants
BOM-LIN-30186-OFF W38,Casual Pants,Linen Pants
BOM-LIN-30187-OFF W40,Casual Pants,Linen Pants
BOM-LIN-30188-OFF W42,Casual Pants,Linen Pants
BOM-LIN-30189-OFF W44,Casual Pants,Linen Pants
BOM-LIN-30190-OFF W46,Casual Pants,Linen Pants
BOM-LIN-30191-OFF W48,Casual Pants,Linen Pants
BOM-LIN-30192-OFF W50,Casual Pants,Linen Pants
BOM-LIN-31208-DARK 28,Casual Pants,Linen Pants
BOM-LIN-31209-DARK 30,Casual Pants,Linen Pants
BOM-LIN-31210-DARK 32,Casual Pants,Linen Pants
BOM-LIN-31211-DARK 34,Casual Pants,Linen Pants
BOM-LIN-31212-DARK 36,Casual Pants,Linen Pants
BOM-LIN-31213-DARK 38,Casual Pants,Linen Pants
BOM-LIN-31214-DARK 40,Casual Pants,Linen Pants
BOM-LIN-31215-DARK 42,Casual Pants,Linen Pants
BOM-LIN-31216-DARK 44,Casual Pants,Linen Pants
BOM-LIN-31217-DARK 46,Casual Pants,Linen Pants
BOM-LIN-31220-BROWN28,Casual Pants,Linen Pants
BOM-LIN-31221-BROWN30,Casual Pants,Linen Pants
BOM-LIN-31222-BROWN32,Casual Pants,Linen Pants
BOM-LIN-31223-BROWN34,Casual Pants,Linen Pants
BOM-LIN-31224-BROWN36,Casual Pants,Linen Pants
BOM-LIN-31225-BROWN38,Casual Pants,Linen Pants
BOM-LIN-31226-BROWN40,Casual Pants,Linen Pants
BOM-LIN-31227-BROWN42,Casual Pants,Linen Pants
BOM-LIN-31229-BROWN46,Casual Pants,Linen Pants
BOM-LIN-31232-OLIVE28,Casual Pants,Linen Pants
BOM-LIN-31233-OLIVE30,Casual Pants,Linen Pants
BOM-LIN-31234-OLIVE32,Casual Pants,Linen Pants
BOM-LIN-31235-OLIVE34,Casual Pants,Linen Pants
BOM-LIN-31236-OLIVE36,Casual Pants,Linen Pants
BOM-LIN-31237-OLIVE38,Casual Pants,Linen Pants
BOM-LIN-31238-OLIVE40,Casual Pants,Linen Pants
BOM-LIN-31239-OLIVE42,Casual Pants,Linen Pants
BOM-LIN-31240-OLIVE44,Casual Pants,Linen Pants
BOM-LIN-31241-OLIVE46,Casual Pants,Linen Pants
BOM-LIN-31299-WHITE30,Shorts,Linen Shorts
BOM-LIN-31300-WHITE32,Shorts,Linen Shorts
BOM-LIN-31301-WHITE34,Shorts,Linen Shorts
BOM-LIN-31302-WHITE36,Shorts,Linen Shorts
BOM-LIN-31303-WHITE38,Shorts,Linen Shorts
BOM-LIN-31304-WHITE40,Shorts,Linen Shorts
BOM-LIN-31518-BROWN30,Shorts,Linen Shorts
BOM-LIN-31519-BROWN32,Shorts,Linen Shorts
BOM-LIN-31520-BROWN34,Shorts,Linen Shorts
BOM-LIN-31521-BROWN36,Shorts,Linen Shorts
BOM-LIN-31522-BROWN38,Shorts,Linen Shorts
BOM-LIN-31523-BROWN40,Shorts,Linen Shorts
BOM-LIN-31528-ECRU30,Shorts,Linen Shorts
BOM-LIN-31529-ECRU32,Shorts,Linen Shorts
BOM-LIN-31530-ECRU34,Shorts,Linen Shorts
BOM-LIN-31531-ECRU36,Shorts,Linen Shorts
BOM-LIN-31532-ECRU38,Shorts,Linen Shorts
BOM-LIN-31533-ECRU40,Shorts,Linen Shorts
BOM-LIN-31538-NAVY30,Shorts,Linen Shorts
BOM-LIN-31539-NAVY32,Shorts,Linen Shorts
BOM-LIN-31540-NAVY34,Shorts,Linen Shorts
BOM-LIN-31541-NAVY36,Shorts,Linen Shorts
BOM-LIN-31542-NAVY38,Shorts,Linen Shorts
BOM-LIN-31543-NAVY40,Shorts,Linen Shorts
BOM-LIN-31559-WHITE28,Casual Pants,Linen Pants
BOM-LIN-31560-WHITE30,Casual Pants,Linen Pants
BOM-LIN-31561-WHITE32,Casual Pants,Linen Pants
BOM-LIN-31562-WHITE34,Casual Pants,Linen Pants
BOM-LIN-31563-WHITE36,Casual Pants,Linen Pants
BOM-LIN-31564-WHITE38,Casual Pants,Linen Pants
BOM-LIN-31565-WHITE40,Casual Pants,Linen Pants
BOM-LIN-31566-WHITE42,Casual Pants,Linen Pants
BOM-LIN-31567-WHITE44,Casual Pants,Linen Pants
BOM-LIN-31701-LIGHT28,Casual Pants,Linen Pants
BOM-LIN-31702-LIGHT30,Casual Pants,Linen Pants
BOM-LIN-31703-LIGHT32,Casual Pants,Linen Pants
BOM-LIN-31704-LIGHT34,Casual Pants,Linen Pants
BOM-LIN-31705-LIGHT36,Casual Pants,Linen Pants
BOM-LIN-31706-LIGHT38,Casual Pants,Linen Pants
BOM-LIN-31707-LIGHT40,Casual Pants,Linen Pants
BOM-LIN-31708-LIGHT42,Casual Pants,Linen Pants
BOM-LIN-31709-LIGHT44,Casual Pants,Linen Pants
BOM-LIN-31710-LIGHT46,Casual Pants,Linen Pants
BOM-LIN-32717-ECRU28,Casual Pants,Linen Pants
BOM-LIN-32718-ECRU30,Casual Pants,Linen Pants
BOM-LIN-32719-ECRU32,Casual Pants,Linen Pants
BOM-LIN-32720-ECRU34,Casual Pants,Linen Pants
BOM-LIN-32721-ECRU36,Casual Pants,Linen Pants
BOM-LIN-32722-ECRU38,Casual Pants,Linen Pants
BOM-LIN-32723-ECRU40,Casual Pants,Linen Pants
BOM-LIN-32724-ECRU42,Casual Pants,Linen Pants
BOM-LIN-32725-ECRU44,Casual Pants,Linen Pants
BOM-LIN-32726-ECRU46,Casual Pants,Linen Pants
BOM-LIN-32729-LIGHT28,Casual Pants,Linen Pants
BOM-LIN-32730-LIGHT30,Casual Pants,Linen Pants
BOM-LIN-32731-LIGHT32,Casual Pants,Linen Pants
BOM-LIN-32732-LIGHT34,Casual Pants,Linen Pants
BOM-LIN-32733-LIGHT36,Casual Pants,Linen Pants
BOM-LIN-32734-LIGHT38,Casual Pants,Linen Pants
BOM-LIN-32735-LIGHT40,Casual Pants,Linen Pants
BOM-LIN-32736-LIGHT42,Casual Pants,Linen Pants
BOM-LIN-32741-WHITE28,Casual Pants,Linen Pants
BOM-LIN-32742-WHITE30,Casual Pants,Linen Pants
BOM-LIN-32743-WHITE32,Casual Pants,Linen Pants
BOM-LIN-32744-WHITE34,Casual Pants,Linen Pants
BOM-LIN-32745-WHITE36,Casual Pants,Linen Pants
BOM-LIN-32746-WHITE38,Casual Pants,Linen Pants
BOM-LIN-32747-WHITE40,Casual Pants,Linen Pants
BOM-LIN-32748-WHITE42,Casual Pants,Linen Pants
BOM-LIN-32749-WHITE44,Casual Pants,Linen Pants
BOM-LIN-32750-WHITE46,Casual Pants,Linen Pants
BOM-LIN-34293-BLACK28,Casual Pants,Linen Pants
BOM-LIN-34294-BLACK30,Casual Pants,Linen Pants
BOM-LIN-34295-BLACK32,Casual Pants,Linen Pants
BOM-LIN-34296-BLACK34,Casual Pants,Linen Pants
BOM-LIN-34297-BLACK36,Casual Pants,Linen Pants
BOM-LIN-34298-BLACK38,Casual Pants,Linen Pants
BOM-LIN-34299-BLACK40,Casual Pants,Linen Pants
BOM-LIN-34300-BLACK42,Casual Pants,Linen Pants
BOM-LIN-34301-BLACK44,Casual Pants,Linen Pants
BOM-LIN-34302-BLACK46,Casual Pants,Linen Pants
BOM-LIN-34318-ECRU28,Casual Pants,Linen Pants
BOM-LIN-34319-ECRU30,Casual Pants,Linen Pants
BOM-LIN-34320-ECRU32,Casual Pants,Linen Pants
BOM-LIN-34321-ECRU34,Casual Pants,Linen Pants
BOM-LIN-34322-ECRU36,Casual Pants,Linen Pants
BOM-LIN-34323-ECRU38,Casual Pants,Linen Pants
BOM-LIN-34324-ECRU40,Casual Pants,Linen Pants
BOM-LIN-34325-ECRU42,Casual Pants,Linen Pants
BOM-LIN-34326-ECRU44,Casual Pants,Linen Pants
BOM-LIN-34327-ECRU46,Casual Pants,Linen Pants
BOM-LIN-34330-BEIGE28,Casual Pants,Linen Pants
BOM-LIN-34331-BEIGE30,Casual Pants,Linen Pants
BOM-LIN-34332-BEIGE32,Casual Pants,Linen Pants
BOM-LIN-34333-BEIGE34,Casual Pants,Linen Pants
BOM-LIN-34334-BEIGE36,Casual Pants,Linen Pants
BOM-LIN-34335-BEIGE38,Casual Pants,Linen Pants
BOM-LIN-34336-BEIGE40,Casual Pants,Linen Pants
BOM-LIN-34337-BEIGE42,Casual Pants,Linen Pants
BOM-LIN-34338-BEIGE44,Casual Pants,Linen Pants
BOM-LIN-34339-BEIGE46,Casual Pants,Linen Pants
BOM-LIN-34342-NAVY28,Casual Pants,Linen Pants
BOM-LIN-34343-NAVY30,Casual Pants,Linen Pants
BOM-LIN-34344-NAVY32,Casual Pants,Linen Pants
BOM-LIN-34345-NAVY34,Casual Pants,Linen Pants
BOM-LIN-34346-NAVY36,Casual Pants,Linen Pants
BOM-LIN-34347-NAVY38,Casual Pants,Linen Pants
BOM-LIN-34348-NAVY40,Casual Pants,Linen Pants
BOM-LIN-34349-NAVY42,Casual Pants,Linen Pants
BOM-LIN-34350-NAVY44,Casual Pants,Linen Pants
BOM-LIN-34351-NAVY46,Casual Pants,Linen Pants
BOM-LIN-34366-BLACK28,Casual Pants,Linen Pants
BOM-LIN-34367-BLACK30,Casual Pants,Linen Pants
BOM-LIN-34368-BLACK32,Casual Pants,Linen Pants
BOM-LIN-34369-BLACK34,Casual Pants,Linen Pants
BOM-LIN-34370-BLACK36,Casual Pants,Linen Pants
BOM-LIN-34371-BLACK38,Casual Pants,Linen Pants
BOM-LIN-34372-BLACK40,Casual Pants,Linen Pants
BOM-LIN-34373-BLACK42,Casual Pants,Linen Pants
BOM-LIN-34374-BLACK44,Casual Pants,Linen Pants
BOM-LIN-34375-BLACK46,Casual Pants,Linen Pants
BOM-LON-HE-1748-S-NAVY,Knitwear,Polo T-shirts
BOM-LON-HE-1749-NAVY-M,Knitwear,Polo T-shirts
BOM-LON-HE-1750-NAVY-L,Knitwear,Polo T-shirts
BOM-LON-HE-1751-NAVY-XL,Knitwear,Polo T-shirts
BOM-LON-HE-1752-NAVY-2XL,Knitwear,Polo T-shirts
BOM-LON-HE-1753-S-BLACK,Knitwear,Polo T-shirts
BOM-LON-HE-1754-BLACK-M,Knitwear,Polo T-shirts
BOM-LON-HE-1755-BLACK-L,Knitwear,Polo T-shirts
BOM-LON-HE-1756-BLACK-XL,Knitwear,Polo T-shirts
BOM-LON-HE-1757-BLACK-2XL,Knitwear,Polo T-shirts
BOM-LON-HE-1758-S-ECRU,Knitwear,Polo T-shirts
BOM-LON-HE-1759-ECRU-M,Knitwear,Polo T-shirts
BOM-LON-HE-1760-ECRU-L,Knitwear,Polo T-shirts
BOM-LON-HE-1761-ECRU-XL,Knitwear,Polo T-shirts
BOM-LON-HE-1762-ECRU-2XL,Knitwear,Polo T-shirts
BOM-LON-HE-1763-S-BEIGE,Knitwear,Polo T-shirts
BOM-LON-HE-1764-BEIGE-M,Knitwear,Polo T-shirts
BOM-LON-HE-1765-BEIGE-L,Knitwear,Polo T-shirts
BOM-LON-HE-1766-BEIGE-XL,Knitwear,Polo T-shirts
BOM-LON-HE-1767-BEIGE-2XL,Knitwear,Polo T-shirts
BOM-LON-HE-2501-S-BROWN,Knitwear,Polo T-shirts
BOM-LON-HE-2502-BROWN-M,Knitwear,Polo T-shirts
BOM-LON-HE-2503-BROWN-L,Knitwear,Polo T-shirts
BOM-LON-HE-2504-BROWN-XL,Knitwear,Polo T-shirts
BOM-LON-HE-2505-BROWN-2XL,Knitwear,Polo T-shirts
BOM-LON-HE-2520-S-KHAKI,Knitwear,Polo T-shirts
BOM-LON-HE-2521-KHAKI-M,Knitwear,Polo T-shirts
BOM-LON-HE-2522-KHAKI-L,Knitwear,Polo T-shirts
BOM-LON-HE-2523-KHAKI-XL,Knitwear,Polo T-shirts
BOM-LON-HE-2524-KHAKI-2XL,Knitwear,Polo T-shirts
BOM-LON-HE-2527-S-MAROON,Knitwear,Polo T-shirts
BOM-LON-HE-2528-MAROON-M,Knitwear,Polo T-shirts
BOM-LON-HE-2529-MAROON-L,Knitwear,Polo T-shirts
BOM-LON-HE-2530-MAROON-XL,Knitwear,Polo T-shirts
BOM-LON-HE-2531-MAROON-2XL,Knitwear,Polo T-shirts
BOM-LON-HE-4353-GREEN-S,Knitwear,Polo T-shirts
BOM-LON-HE-4354-GREEN-M,Knitwear,Polo T-shirts
BOM-LON-HE-4355-GREEN-L,Knitwear,Polo T-shirts
BOM-LON-HE-4356-GREEN-XL,Knitwear,Polo T-shirts
BOM-LON-HE-4357-GREEN-2XL,Knitwear,Polo T-shirts
BOM-LON-HE-4361-BROWN-S,Knitwear,Polo T-shirts
BOM-LON-HE-4362-BROWN-M,Knitwear,Polo T-shirts
BOM-LON-HE-4363-BROWN-L,Knitwear,Polo T-shirts
BOM-LON-HE-4364-BROWN-XL,Knitwear,Polo T-shirts
BOM-LON-HE-4365-BROWN-2XL,Knitwear,Polo T-shirts
BOM-LON-HE-4369-GREY-S,Knitwear,Polo T-shirts
BOM-LON-HE-4370-GREY-M,Knitwear,Polo T-shirts
BOM-LON-HE-4371-GREY-L,Knitwear,Polo T-shirts
BOM-LON-HE-4372-GREY-XL,Knitwear,Polo T-shirts
BOM-LON-HE-4373-GREY-2XL,Knitwear,Polo T-shirts
BOM-LON-HE-4377-NAVY-S,Knitwear,Polo T-shirts
BOM-LON-HE-4378-NAVY-M,Knitwear,Polo T-shirts
BOM-LON-HE-4379-NAVY-L,Knitwear,Polo T-shirts
BOM-LON-HE-4380-NAVY-XL,Knitwear,Polo T-shirts
BOM-LON-HE-4381-NAVY-2XL,Knitwear,Polo T-shirts
BOM-LON-HE-4385-BEIGE-S,Knitwear,Polo T-shirts
BOM-LON-HE-4386-BEIGE-M,Knitwear,Polo T-shirts
BOM-LON-HE-4387-BEIGE-L,Knitwear,Polo T-shirts
BOM-LON-HE-4388-BEIGE-XL,Knitwear,Polo T-shirts
BOM-LON-HE-4389-BEIGE-2XL,Knitwear,Polo T-shirts
BOM-LON-HE-4393-LIGHT BLUE-S,Knitwear,Polo T-shirts
BOM-LON-HE-4394-LIGHT BLUE-M,Knitwear,Polo T-shirts
BOM-LON-HE-4395-LIGHT BLUE-L,Knitwear,Polo T-shirts
BOM-LON-HE-4396-LIGHT BLUE-XL,Knitwear,Polo T-shirts
BOM-LON-HE-4397-LIGHT BLUE-2XL,Knitwear,Polo T-shirts
BOM-LON-SE-422-BROWN-36,Jackets,Unstructured
BOM-LON-SE-423-BROWN-38,Jackets,Unstructured
BOM-LON-SE-424-BROWN-40,Jackets,Unstructured
BOM-LON-SE-425-BROWN-42,Jackets,Unstructured
BOM-LON-SE-426-BROWN-44,Jackets,Unstructured
BOM-LON-SE-427-BROWN-46,Jackets,Unstructured
BOM-LON-SE-428-BROWN-48,Jackets,Unstructured
BOM-LON-SE-430-GREY-36,Jackets,Unstructured
BOM-LON-SE-431-GREY-38,Jackets,Unstructured
BOM-LON-SE-432-GREY-40,Jackets,Unstructured
BOM-LON-SE-433-GREY-42,Jackets,Unstructured
BOM-LON-SE-434-GREY-44,Jackets,Unstructured
BOM-LON-SE-435-GREY-46,Jackets,Unstructured
BOM-LON-SE-436-GREY-48,Jackets,Unstructured
BOM-LOU-30205-GREY28,Casual Pants,Lounge Pants
BOM-LOU-30206-GREY30,Casual Pants,Lounge Pants
BOM-LOU-30207-GREY32,Casual Pants,Lounge Pants
BOM-LOU-30208-GREY34,Casual Pants,Lounge Pants
BOM-LOU-30209-GREY36,Casual Pants,Lounge Pants
BOM-LOU-30210-GREY38,Casual Pants,Lounge Pants
BOM-LOU-30211-GREY40,Casual Pants,Lounge Pants
BOM-LOU-30212-GREY42,Casual Pants,Lounge Pants
BOM-LOU-30213-GREY44,Casual Pants,Lounge Pants
BOM-LOU-30591-BLACK28,Casual Pants,Lounge Pants
BOM-LOU-30592-BLACK30,Casual Pants,Lounge Pants
BOM-LOU-30593-BLACK32,Casual Pants,Lounge Pants
BOM-LOU-30594-BLACK34,Casual Pants,Lounge Pants
BOM-LOU-30595-BLACK36,Casual Pants,Lounge Pants
BOM-LOU-30596-BLACK38,Casual Pants,Lounge Pants
BOM-LOU-30597-BLACK40,Casual Pants,Lounge Pants
BOM-LOU-30598-BLACK42,Casual Pants,Lounge Pants
BOM-LOU-30599-BLACK44,Casual Pants,Lounge Pants
BOM-LOU-30625-NAVY28,Casual Pants,Lounge Pants
BOM-LOU-30626-NAVY30,Casual Pants,Lounge Pants
BOM-LOU-30627-NAVY32,Casual Pants,Lounge Pants
BOM-LOU-30628-NAVY34,Casual Pants,Lounge Pants
BOM-LOU-30629-NAVY36,Casual Pants,Lounge Pants
BOM-LOU-30630-NAVY38,Casual Pants,Lounge Pants
BOM-LOU-30631-NAVY40,Casual Pants,Lounge Pants
BOM-LOU-30632-NAVY42,Casual Pants,Lounge Pants
BOM-LOU-30633-NAVY44,Casual Pants,Lounge Pants
BOM-LOU-HE-1022-INDIGO-28,Casual Pants,Lounge Pants
BOM-LOU-HE-1023-INDIGO-30,Casual Pants,Lounge Pants
BOM-LOU-HE-1024-INDIGO-32,Casual Pants,Lounge Pants
BOM-LOU-HE-1025-INDIGO-34,Casual Pants,Lounge Pants
BOM-LOU-HE-1026-INDIGO-36,Casual Pants,Lounge Pants
BOM-LOU-HE-1027-INDIGO-38,Casual Pants,Lounge Pants
BOM-LOU-HE-1028-INDIGO-40,Casual Pants,Lounge Pants
BOM-LOU-HE-1029-INDIGO-42,Casual Pants,Lounge Pants
BOM-LOU-HE-1030-INDIGO-44,Casual Pants,Lounge Pants
BOM-LOU-HE-1034-BROWN-28,Casual Pants,Lounge Pants
BOM-LOU-HE-1035-BROWN-30,Casual Pants,Lounge Pants
BOM-LOU-HE-1036-BROWN-32,Casual Pants,Lounge Pants
BOM-LOU-HE-1037-BROWN-34,Casual Pants,Lounge Pants
BOM-LOU-HE-1038-BROWN-36,Casual Pants,Lounge Pants
BOM-LOU-HE-1039-BROWN-38,Casual Pants,Lounge Pants
BOM-LOU-HE-1040-BROWN-40,Casual Pants,Lounge Pants
BOM-LOU-HE-1041-BROWN-42,Casual Pants,Lounge Pants
BOM-LOU-HE-573-KHAKI-28,Casual Pants,Lounge Pants
BOM-LOU-HE-574-KHAKI-30,Casual Pants,Lounge Pants
BOM-LOU-HE-575-KHAKI-32,Casual Pants,Lounge Pants
BOM-LOU-HE-576-KHAKI-34,Casual Pants,Lounge Pants
BOM-LOU-HE-577-KHAKI-36,Casual Pants,Lounge Pants
BOM-LOU-HE-578-KHAKI-38,Casual Pants,Lounge Pants
BOM-LOU-HE-579-KHAKI-40,Casual Pants,Lounge Pants
BOM-LOU-HE-580-KHAKI-42,Casual Pants,Lounge Pants
BOM-MET-AC-4152,Accessories,Metal Cufflinks
BOM-MET-AC-4272,Accessories,Metal Cufflinks
BOM-MET-AC-4273,Accessories,Metal Cufflinks
BOM-MET-AC-4274,Accessories,Metal Cufflinks
BOM-MID-HE-4167-ECRU-28,Jeans,RTW Stretch Jeans
BOM-MID-HE-4168-ECRU-30,Jeans,RTW Stretch Jeans
BOM-MID-HE-4169-ECRU-32,Jeans,RTW Stretch Jeans
BOM-MID-HE-4170-ECRU-34,Jeans,RTW Stretch Jeans
BOM-MID-HE-4171-ECRU-36,Jeans,RTW Stretch Jeans
BOM-MID-HE-4172-ECRU-38,Jeans,RTW Stretch Jeans
BOM-MID-HE-4173-ECRU-40,Jeans,RTW Stretch Jeans
BOM-MID-HE-4174-ECRU-42,Jeans,RTW Stretch Jeans
BOM-MID-HE-4175-ECRU-44,Jeans,RTW Stretch Jeans
BOM-MID-HE-4176-ECRU-46,Jeans,RTW Stretch Jeans
BOM-MID-HE-4179-GREY-28,Jeans,RTW Stretch Jeans
BOM-MID-HE-4180-GREY-30,Jeans,RTW Stretch Jeans
BOM-MID-HE-4181-GREY-32,Jeans,RTW Stretch Jeans
BOM-MID-HE-4182-GREY-34,Jeans,RTW Stretch Jeans
BOM-MID-HE-4183-GREY-36,Jeans,RTW Stretch Jeans
BOM-MID-HE-4184-GREY-38,Jeans,RTW Stretch Jeans
BOM-MID-HE-4185-GREY-40,Jeans,RTW Stretch Jeans
BOM-MID-HE-4186-GREY-42,Jeans,RTW Stretch Jeans
BOM-MID-HE-4188-GREY-46,Jeans,RTW Stretch Jeans
BOM-MID-HE-4191-MID INDIGO-28,Jeans,RTW Stretch Jeans
BOM-MID-HE-4192-MID INDIGO-30,Jeans,RTW Stretch Jeans
BOM-MID-HE-4193-MID INDIGO-32,Jeans,RTW Stretch Jeans
BOM-MID-HE-4194-MID INDIGO-34,Jeans,RTW Stretch Jeans
BOM-MID-HE-4195-MID INDIGO-36,Jeans,RTW Stretch Jeans
BOM-MID-HE-4196-MID INDIGO-38,Jeans,RTW Stretch Jeans
BOM-MID-HE-4197-MID INDIGO-40,Jeans,RTW Stretch Jeans
BOM-MID-HE-4198-MID INDIGO-42,Jeans,RTW Stretch Jeans
BOM-MID-HE-4199-MID INDIGO-44,Jeans,RTW Stretch Jeans
BOM-MID-HE-4200-MID INDIGO-46,Jeans,RTW Stretch Jeans
BOM-MID-HE-4203-DARK BLUE-28,Jeans,RTW Stretch Jeans
BOM-MID-HE-4204-DARK BLUE-30,Jeans,RTW Stretch Jeans
BOM-MID-HE-4205-DARK BLUE-32,Jeans,RTW Stretch Jeans
BOM-MID-HE-4206-DARK BLUE-34,Jeans,RTW Stretch Jeans
BOM-MID-HE-4207-DARK BLUE-36,Jeans,RTW Stretch Jeans
BOM-MID-HE-4208-DARK BLUE-38,Jeans,RTW Stretch Jeans
BOM-MID-HE-4209-DARK BLUE-40,Jeans,RTW Stretch Jeans
BOM-MID-HE-4210-DARK BLUE-42,Jeans,RTW Stretch Jeans
BOM-MID-HE-4211-DARK BLUE-44,Jeans,RTW Stretch Jeans
BOM-MID-HE-4212-DARK BLUE-46,Jeans,RTW Stretch Jeans
BOM-MID-HE-4215-MID BLUE-28,Jeans,RTW Stretch Jeans
BOM-MID-HE-4216-MID BLUE-30,Jeans,RTW Stretch Jeans
BOM-MID-HE-4217-MID BLUE-32,Jeans,RTW Stretch Jeans
BOM-MID-HE-4218-MID BLUE-34,Jeans,RTW Stretch Jeans
BOM-MID-HE-4219-MID BLUE-36,Jeans,RTW Stretch Jeans
BOM-MID-HE-4220-MID BLUE-38,Jeans,RTW Stretch Jeans
BOM-MID-HE-4221-MID BLUE-40,Jeans,RTW Stretch Jeans
BOM-MID-HE-4222-MID BLUE-42,Jeans,RTW Stretch Jeans
BOM-MID-HE-4223-MID BLUE-44,Jeans,RTW Stretch Jeans
BOM-MID-HE-4224-MID BLUE-46,Jeans,RTW Stretch Jeans
BOM-MID-HE-4227-LIGHT BLUE-28,Jeans,RTW Stretch Jeans
BOM-MID-HE-4228-LIGHT BLUE-30,Jeans,RTW Stretch Jeans
BOM-MID-HE-4229-LIGHT BLUE-32,Jeans,RTW Stretch Jeans
BOM-MID-HE-4230-LIGHT BLUE-34,Jeans,RTW Stretch Jeans
BOM-MID-HE-4231-LIGHT BLUE-36,Jeans,RTW Stretch Jeans
BOM-MID-HE-4232-LIGHT BLUE-38,Jeans,RTW Stretch Jeans
BOM-MID-HE-4233-LIGHT BLUE-40,Jeans,RTW Stretch Jeans
BOM-MID-HE-4234-LIGHT BLUE-42,Jeans,RTW Stretch Jeans
BOM-MID-HE-4235-LIGHT BLUE-44,Jeans,RTW Stretch Jeans
BOM-MID-HE-4236-LIGHT BLUE-46,Jeans,RTW Stretch Jeans
BOM-MID-HE-4239-DARK BLUE-28,Jeans,RTW Stretch Jeans
BOM-MID-HE-4240-DARK BLUE-30,Jeans,RTW Stretch Jeans
BOM-MID-HE-4241-DARK BLUE-32,Jeans,RTW Stretch Jeans
BOM-MID-HE-4242-DARK BLUE-34,Jeans,RTW Stretch Jeans
BOM-MID-HE-4243-DARK BLUE-36,Jeans,RTW Stretch Jeans
BOM-MID-HE-4244-DARK BLUE-38,Jeans,RTW Stretch Jeans
BOM-MID-HE-4245-DARK BLUE-40,Jeans,RTW Stretch Jeans
BOM-MID-HE-4246-DARK BLUE-42,Jeans,RTW Stretch Jeans
BOM-MID-HE-4247-DARK BLUE-44,Jeans,RTW Stretch Jeans
BOM-MID-HE-4248-DARK BLUE-46,Jeans,RTW Stretch Jeans
BOM-MID-HE-5664-BLACK-28,Jeans,RTW Stretch Jeans
BOM-MID-HE-5665-BLACK-30,Jeans,RTW Stretch Jeans
BOM-MID-HE-5666-BLACK-32,Jeans,RTW Stretch Jeans
BOM-MID-HE-5667-BLACK-34,Jeans,RTW Stretch Jeans
BOM-MID-HE-5668-BLACK-36,Jeans,RTW Stretch Jeans
BOM-MID-HE-5669-BLACK-38,Jeans,RTW Stretch Jeans
BOM-MID-HE-5670-BLACK-40,Jeans,RTW Stretch Jeans
BOM-MID-HE-5671-BLACK-42,Jeans,RTW Stretch Jeans
BOM-MID-HE-5672-BLACK-44,Jeans,RTW Stretch Jeans
BOM-MID-HE-5673-BLACK-46,Jeans,RTW Stretch Jeans
BOM-MID-HE-5712-INDIGO-28,Jeans,RTW Stretch Jeans
BOM-MID-HE-5713-INDIGO-30,Jeans,RTW Stretch Jeans
BOM-MID-HE-5714-INDIGO-32,Jeans,RTW Stretch Jeans
BOM-MID-HE-5715-INDIGO-34,Jeans,RTW Stretch Jeans
BOM-MID-HE-5716-INDIGO-36,Jeans,RTW Stretch Jeans
BOM-MID-HE-5717-INDIGO-38,Jeans,RTW Stretch Jeans
BOM-MID-HE-5718-INDIGO-40,Jeans,RTW Stretch Jeans
BOM-MID-HE-5719-INDIGO-42,Jeans,RTW Stretch Jeans
BOM-MID-HE-5720-INDIGO-44,Jeans,RTW Stretch Jeans
BOM-MID-HE-5721-INDIGO-46,Jeans,RTW Stretch Jeans
BOM-MID-HE-6001-NAVY-28,Jeans,RTW Non-Stretch Jeans
BOM-MID-HE-6002-NAVY-30,Jeans,RTW Non-Stretch Jeans
BOM-MID-HE-6003-NAVY-32,Jeans,RTW Non-Stretch Jeans
BOM-MID-HE-6004-NAVY-34,Jeans,RTW Non-Stretch Jeans
BOM-MID-HE-6005-NAVY-36,Jeans,RTW Non-Stretch Jeans
BOM-MID-HE-6006-NAVY-38,Jeans,RTW Non-Stretch Jeans
BOM-MID-HE-6007-NAVY-40,Jeans,RTW Non-Stretch Jeans
BOM-MID-HE-6008-NAVY-42,Jeans,RTW Non-Stretch Jeans
BOM-MID-HE-6014-WHITE-30,Jeans,RTW Stretch Jeans
BOM-MID-HE-6015-WHITE-32,Jeans,RTW Stretch Jeans
BOM-MID-HE-6016-WHITE-34,Jeans,RTW Stretch Jeans
BOM-MID-HE-6017-WHITE-36,Jeans,RTW Stretch Jeans
BOM-MID-HE-6018-WHITE-38,Jeans,RTW Stretch Jeans
BOM-MID-HE-6026-DARK BLUE-30,Jeans,RTW Stretch Jeans
BOM-MID-HE-6027-DARK BLUE-32,Jeans,RTW Stretch Jeans
BOM-MID-HE-6028-DARK BLUE-34,Jeans,RTW Stretch Jeans
BOM-MID-HE-6029-DARK BLUE-36,Jeans,RTW Stretch Jeans
BOM-MID-HE-6030-DARK BLUE-38,Jeans,RTW Stretch Jeans
BOM-MID-HE-6037-DEEP INDIGO-28,Jeans,RTW Stretch Jeans
BOM-MID-HE-6038-DEEP INDIGO-30,Jeans,RTW Stretch Jeans
BOM-MID-HE-6039-DEEP INDIGO-32,Jeans,RTW Stretch Jeans
BOM-MID-HE-6040-DEEP INDIGO-34,Jeans,RTW Stretch Jeans
BOM-MID-HE-6041-DEEP INDIGO-36,Jeans,RTW Stretch Jeans
BOM-MID-HE-6042-DEEP INDIGO-38,Jeans,RTW Stretch Jeans
BOM-MID-HE-6043-DEEP INDIGO-40,Jeans,RTW Stretch Jeans
BOM-MID-HE-6044-DEEP INDIGO-42,Jeans,RTW Stretch Jeans
BOM-MID-HE-6050-DARK BLUE-30,Jeans,RTW Stretch Jeans
BOM-MID-HE-6051-DARK BLUE-32,Jeans,RTW Stretch Jeans
BOM-MID-HE-6052-DARK BLUE-34,Jeans,RTW Stretch Jeans
BOM-MID-HE-6053-DARK BLUE-36,Jeans,RTW Stretch Jeans
BOM-MID-HE-6054-DARK BLUE-38,Jeans,RTW Stretch Jeans
BOM-MID-HE-6062-DARK BLUE-30,Jeans,RTW Non-Stretch Jeans
BOM-MID-HE-6063-DARK BLUE-32,Jeans,RTW Non-Stretch Jeans
BOM-MID-HE-6064-DARK BLUE-34,Jeans,RTW Non-Stretch Jeans
BOM-MID-HE-6065-DARK BLUE-36,Jeans,RTW Non-Stretch Jeans
BOM-MID-HE-6066-DARK BLUE-38,Jeans,RTW Non-Stretch Jeans
BOM-MID-HE-6160-DARK OLIVE-28,Casual Pants,Lounge Pants
BOM-MID-HE-6161-DARK OLIVE-30,Casual Pants,Lounge Pants
BOM-MID-HE-6162-DARK OLIVE-32,Casual Pants,Lounge Pants
BOM-MID-HE-6163-DARK OLIVE-34,Casual Pants,Lounge Pants
BOM-MID-HE-6164-DARK OLIVE-36,Casual Pants,Lounge Pants
BOM-MID-HE-6165-DARK OLIVE-38,Casual Pants,Lounge Pants
BOM-MID-HE-6166-DARK OLIVE-40,Casual Pants,Lounge Pants
BOM-MID-HE-6167-DARK OLIVE-42,Casual Pants,Lounge Pants
BOM-MID-HE-6172-GREY-28,Casual Pants,Lounge Pants
BOM-MID-HE-6173-GREY-30,Casual Pants,Lounge Pants
BOM-MID-HE-6174-GREY-32,Casual Pants,Lounge Pants
BOM-MID-HE-6175-GREY-34,Casual Pants,Lounge Pants
BOM-MID-HE-6176-GREY-36,Casual Pants,Lounge Pants
BOM-MID-HE-6177-GREY-38,Casual Pants,Lounge Pants
BOM-MID-HE-6178-GREY-40,Casual Pants,Lounge Pants
BOM-MID-HE-6179-GREY-42,Casual Pants,Lounge Pants
BOM-MID-HE-6184-LIGHT GREEN-28,Casual Pants,Lounge Pants
BOM-MID-HE-6185-LIGHT GREEN-30,Casual Pants,Lounge Pants
BOM-MID-HE-6186-LIGHT GREEN-32,Casual Pants,Lounge Pants
BOM-MID-HE-6187-LIGHT GREEN-34,Casual Pants,Lounge Pants
BOM-MID-HE-6188-LIGHT GREEN-36,Casual Pants,Lounge Pants
BOM-MID-HE-6189-LIGHT GREEN-38,Casual Pants,Lounge Pants
BOM-MID-HE-6190-LIGHT GREEN-40,Casual Pants,Lounge Pants
BOM-MID-HE-6191-LIGHT GREEN-42,Casual Pants,Lounge Pants
BOM-MID-HE-6196-BEIGE-28,Casual Pants,Lounge Pants
BOM-MID-HE-6197-BEIGE-30,Casual Pants,Lounge Pants
BOM-MID-HE-6198-BEIGE-32,Casual Pants,Lounge Pants
BOM-MID-HE-6199-BEIGE-34,Casual Pants,Lounge Pants
BOM-MID-HE-6200-BEIGE-36,Casual Pants,Lounge Pants
BOM-MID-HE-6201-BEIGE-38,Casual Pants,Lounge Pants
BOM-MID-HE-6202-BEIGE-40,Casual Pants,Lounge Pants
BOM-MID-HE-6877-BLACK-28,Casual Pants,Lounge Pants
BOM-MID-HE-6878-BLACK-30,Casual Pants,Lounge Pants
BOM-MID-HE-6879-BLACK-32,Casual Pants,Lounge Pants
BOM-MID-HE-6880-BLACK-34,Casual Pants,Lounge Pants
BOM-MID-HE-6881-BLACK-36,Casual Pants,Lounge Pants
BOM-MID-HE-6882-BLACK-38,Casual Pants,Lounge Pants
BOM-MID-HE-6883-BLACK-40,Casual Pants,Lounge Pants
BOM-MID-HE-6884-BLACK-42,Casual Pants,Lounge Pants
BOM-MID-HE-6885-BLACK-44,Casual Pants,Lounge Pants
BOM-MID-HE-6889-DARK GREY-28,Casual Pants,Lounge Pants
BOM-MID-HE-6890-DARK GREY-30,Casual Pants,Lounge Pants
BOM-MID-HE-6891-DARK GREY-32,Casual Pants,Lounge Pants
BOM-MID-HE-6892-DARK GREY-34,Casual Pants,Lounge Pants
BOM-MID-HE-6893-DARK GREY-36,Casual Pants,Lounge Pants
BOM-MID-HE-6894-DARK GREY-38,Casual Pants,Lounge Pants
BOM-MID-HE-6895-DARK GREY-40,Casual Pants,Lounge Pants
BOM-MID-HE-6896-DARK GREY-42,Casual Pants,Lounge Pants
BOM-MID-HE-6897-DARK GREY-44,Casual Pants,Lounge Pants
BOM-MID-HE-6901-NAVY-28,Casual Pants,Lounge Pants
BOM-MID-HE-6902-NAVY-30,Casual Pants,Lounge Pants
BOM-MID-HE-6903-NAVY-32,Casual Pants,Lounge Pants
BOM-MID-HE-6904-NAVY-34,Casual Pants,Lounge Pants
BOM-MID-HE-6905-NAVY-36,Casual Pants,Lounge Pants
BOM-MID-HE-6906-NAVY-38,Casual Pants,Lounge Pants
BOM-MID-HE-6907-NAVY-40,Casual Pants,Lounge Pants
BOM-MID-HE-6908-NAVY-42,Casual Pants,Lounge Pants
BOM-MID-HE-6909-NAVY-44,Casual Pants,Lounge Pants
BOM-MID-HE-6913-DARK BROWN-28,Casual Pants,Lounge Pants
BOM-MID-HE-6914-DARK BROWN-30,Casual Pants,Lounge Pants
BOM-MID-HE-6915-DARK BROWN-32,Casual Pants,Lounge Pants
BOM-MID-HE-6916-DARK BROWN-34,Casual Pants,Lounge Pants
BOM-MID-HE-6917-DARK BROWN-36,Casual Pants,Lounge Pants
BOM-MID-HE-6918-DARK BROWN-38,Casual Pants,Lounge Pants
BOM-MID-HE-6919-DARK BROWN-40,Casual Pants,Lounge Pants
BOM-MID-HE-6920-DARK BROWN-42,Casual Pants,Lounge Pants
BOM-MID-HE-6921-DARK BROWN-44,Casual Pants,Lounge Pants
BOM-MID-SE-5772-GREY-28,Formal Pants,Dress Pants
BOM-MID-SE-5773-GREY-30,Formal Pants,Dress Pants
BOM-MID-SE-5774-GREY-32,Formal Pants,Dress Pants
BOM-MID-SE-5775-GREY-34,Formal Pants,Dress Pants
BOM-MID-SE-5776-GREY-36,Formal Pants,Dress Pants
BOM-MID-SE-5777-GREY-38,Formal Pants,Dress Pants
BOM-MID-SE-5778-GREY-40,Formal Pants,Dress Pants
BOM-MID-SE-5779-GREY-42,Formal Pants,Dress Pants
BOM-MID-SE-5796-NAVY-28,Formal Pants,Dress Pants
BOM-MID-SE-5797-NAVY-30,Formal Pants,Dress Pants
BOM-MID-SE-5798-NAVY-32,Formal Pants,Dress Pants
BOM-MID-SE-5799-NAVY-34,Formal Pants,Dress Pants
BOM-MID-SE-5800-NAVY-36,Formal Pants,Dress Pants
BOM-MID-SE-5801-NAVY-38,Formal Pants,Dress Pants
BOM-MID-SE-5802-NAVY-40,Formal Pants,Dress Pants
BOM-MID-SE-5803-NAVY-42,Formal Pants,Dress Pants
BOM-MID-SE-5808-BLACK-28,Formal Pants,Dress Pants
BOM-MID-SE-5809-BLACK-30,Formal Pants,Dress Pants
BOM-MID-SE-5810-BLACK-32,Formal Pants,Dress Pants
BOM-MID-SE-5811-BLACK-34,Formal Pants,Dress Pants
BOM-MID-SE-5812-BLACK-36,Formal Pants,Dress Pants
BOM-MID-SE-5813-BLACK-38,Formal Pants,Dress Pants
BOM-MID-SE-5814-BLACK-40,Formal Pants,Dress Pants
BOM-MID-SE-5815-BLACK-42,Formal Pants,Dress Pants
BOM-MID-SE-5820-GREY-28,Formal Pants,Dress Pants
BOM-MID-SE-5821-GREY-30,Formal Pants,Dress Pants
BOM-MID-SE-5822-GREY-32,Formal Pants,Dress Pants
BOM-MID-SE-5823-GREY-34,Formal Pants,Dress Pants
BOM-MID-SE-5824-GREY-36,Formal Pants,Dress Pants
BOM-MID-SE-5825-GREY-38,Formal Pants,Dress Pants
BOM-MID-SE-5826-GREY-40,Formal Pants,Dress Pants
BOM-MID-SE-5827-GREY-42,Formal Pants,Dress Pants
BOM-MID-SE-5832-NAVY-28,Formal Pants,Dress Pants
BOM-MID-SE-5833-NAVY-30,Formal Pants,Dress Pants
BOM-MID-SE-5834-NAVY-32,Formal Pants,Dress Pants
BOM-MID-SE-5835-NAVY-34,Formal Pants,Dress Pants
BOM-MID-SE-5836-NAVY-36,Formal Pants,Dress Pants
BOM-MID-SE-5837-NAVY-38,Formal Pants,Dress Pants
BOM-MID-SE-5838-NAVY-40,Formal Pants,Dress Pants
BOM-MID-SE-5839-NAVY-42,Formal Pants,Dress Pants
BOM-MID-SE-5844-BROWN-28,Formal Pants,Dress Pants
BOM-MID-SE-5845-BROWN-30,Formal Pants,Dress Pants
BOM-MID-SE-5846-BROWN-32,Formal Pants,Dress Pants
BOM-MID-SE-5847-BROWN-34,Formal Pants,Dress Pants
BOM-MID-SE-5848-BROWN-36,Formal Pants,Dress Pants
BOM-MID-SE-5849-BROWN-38,Formal Pants,Dress Pants
BOM-MID-SE-5850-BROWN-40,Formal Pants,Dress Pants
BOM-MID-SE-5851-BROWN-42,Formal Pants,Dress Pants
BOM-MID-SE-5856-NAVY-28,Formal Pants,Dress Pants
BOM-MID-SE-5857-NAVY-30,Formal Pants,Dress Pants
BOM-MID-SE-5858-NAVY-32,Formal Pants,Dress Pants
BOM-MID-SE-5859-NAVY-34,Formal Pants,Dress Pants
BOM-MID-SE-5860-NAVY-36,Formal Pants,Dress Pants
BOM-MID-SE-5861-NAVY-38,Formal Pants,Dress Pants
BOM-MID-SE-5862-NAVY-40,Formal Pants,Dress Pants
BOM-MID-SE-5863-NAVY-42,Formal Pants,Dress Pants
BOM-MID-SE-5868-CHARCOAL-28,Formal Pants,Dress Pants
BOM-MID-SE-5869-CHARCOAL-30,Formal Pants,Dress Pants
BOM-MID-SE-5870-CHARCOAL-32,Formal Pants,Dress Pants
BOM-MID-SE-5871-CHARCOAL-34,Formal Pants,Dress Pants
BOM-MID-SE-5872-CHARCOAL-36,Formal Pants,Dress Pants
BOM-MID-SE-5873-CHARCOAL-38,Formal Pants,Dress Pants
BOM-MID-SE-5874-CHARCOAL-40,Formal Pants,Dress Pants
BOM-MID-SE-5875-CHARCOAL-42,Formal Pants,Dress Pants
BOM-MID-SE-5880-BLACK-28,Formal Pants,Dress Pants
BOM-MID-SE-5881-BLACK-30,Formal Pants,Dress Pants
BOM-MID-SE-5882-BLACK-32,Formal Pants,Dress Pants
BOM-MID-SE-5883-BLACK-34,Formal Pants,Dress Pants
BOM-MID-SE-5884-BLACK-36,Formal Pants,Dress Pants
BOM-MID-SE-5885-BLACK-38,Formal Pants,Dress Pants
BOM-MID-SE-5886-BLACK-40,Formal Pants,Dress Pants
BOM-MID-SE-5887-BLACK-42,Formal Pants,Dress Pants
BOM-MID-SE-5892-NAVY-28,Formal Pants,Dress Pants
BOM-MID-SE-5893-NAVY-30,Formal Pants,Dress Pants
BOM-MID-SE-5894-NAVY-32,Formal Pants,Dress Pants
BOM-MID-SE-5895-NAVY-34,Formal Pants,Dress Pants
BOM-MID-SE-5896-NAVY-36,Formal Pants,Dress Pants
BOM-MID-SE-5897-NAVY-38,Formal Pants,Dress Pants
BOM-MID-SE-5898-NAVY-40,Formal Pants,Dress Pants
BOM-MID-SE-5899-NAVY-42,Formal Pants,Dress Pants
BOM-MID-SE-5904-DARK GREY-28,Formal Pants,Dress Pants
BOM-MID-SE-5905-DARK GREY-30,Formal Pants,Dress Pants
BOM-MID-SE-5906-DARK GREY-32,Formal Pants,Dress Pants
BOM-MID-SE-5907-DARK GREY-34,Formal Pants,Dress Pants
BOM-MID-SE-5908-DARK GREY-36,Formal Pants,Dress Pants
BOM-MID-SE-5909-DARK GREY-38,Formal Pants,Dress Pants
BOM-MID-SE-5910-DARK GREY-40,Formal Pants,Dress Pants
BOM-MID-SE-5911-DARK GREY-42,Formal Pants,Dress Pants
BOM-MID-SE-6148-GREY-28,Formal Pants,Dress Pants
BOM-MID-SE-6149-GREY-30,Formal Pants,Dress Pants
BOM-MID-SE-6150-GREY-32,Formal Pants,Dress Pants
BOM-MID-SE-6151-GREY-34,Formal Pants,Dress Pants
BOM-MID-SE-6152-GREY-36,Formal Pants,Dress Pants
BOM-MID-SE-6153-GREY-38,Formal Pants,Dress Pants
BOM-MID-SE-6154-GREY-40,Formal Pants,Dress Pants
BOM-MID-SE-6155-GREY-42,Formal Pants,Dress Pants
BOM-NEA-19775-BLACK38,Formal Pants,Neapolitan
BOM-NEA-19786-NAVY36,Formal Pants,Neapolitan
BOM-NEA-20042-GREY36,Formal Pants,Neapolitan
BOM-NEA-20638-GREY28,Formal Pants,Neapolitan
BOM-NEA-20639-GREY30,Formal Pants,Neapolitan
BOM-NEA-20640-GREY32,Formal Pants,Neapolitan
BOM-NEA-20641-GREY34,Formal Pants,Neapolitan
BOM-NEA-20642-GREY36,Formal Pants,Neapolitan
BOM-NEA-20643-GREY38,Formal Pants,Neapolitan
BOM-NEA-20652-KHAKI32,Formal Pants,Neapolitan
BOM-NEA-20654-KHAKI36,Formal Pants,Neapolitan
BOM-NEA-20661-BLUE38,Formal Pants,Neapolitan
BOM-NEA-20663-GREY30,Formal Pants,Neapolitan
BOM-NEA-21538-BEIGE28,Formal Pants,Neapolitan
BOM-NEA-21539-BEIGE30,Formal Pants,Neapolitan
BOM-NEA-21540-BEIGE32,Formal Pants,Neapolitan
BOM-NEA-21541-BEIGE34,Formal Pants,Neapolitan
BOM-NEA-21542-BEIGE36,Formal Pants,Neapolitan
BOM-NEA-21543-BEIGE38,Formal Pants,Neapolitan
BOM-NEA-21545-BROWN30,Formal Pants,Neapolitan
BOM-NEA-21546-BROWN32,Formal Pants,Neapolitan
BOM-NEA-21547-BROWN34,Formal Pants,Neapolitan
BOM-NEA-21548-BROWN36,Formal Pants,Neapolitan
BOM-NEA-21549-BROWN38,Formal Pants,Neapolitan
BOM-NEA-21578-NAVY28,Formal Pants,Neapolitan
BOM-NEA-21579-NAVY30,Formal Pants,Neapolitan
BOM-NEA-21580-NAVY32,Formal Pants,Neapolitan
BOM-NEA-21581-NAVY34,Formal Pants,Neapolitan
BOM-NEA-21582-NAVY36,Formal Pants,Neapolitan
BOM-NEA-21584-BLACK28,Formal Pants,Neapolitan
BOM-NEA-21585-BLACK30,Formal Pants,Neapolitan
BOM-NEA-21586-BLACK32,Formal Pants,Neapolitan
BOM-NEA-21587-BLACK34,Formal Pants,Neapolitan
BOM-NEA-21588-BLACK36,Formal Pants,Neapolitan
BOM-NEA-21589-BLACK38,Formal Pants,Neapolitan
BOM-NEA-21593-NAVY34,Formal Pants,Neapolitan
BOM-NEA-23436-BROWN28,Formal Pants,Neapolitan
BOM-NEA-23437-BROWN30,Formal Pants,Neapolitan
BOM-NEA-23438-BROWN32,Formal Pants,Neapolitan
BOM-NEA-23439-BROWN34,Formal Pants,Neapolitan
BOM-NEA-23440-BROWN36,Formal Pants,Neapolitan
BOM-NEA-23450-KHAKI30,Formal Pants,Neapolitan
BOM-NEA-23452-KHAKI34,Formal Pants,Neapolitan
BOM-NEA-23453-KHAKI36,Formal Pants,Neapolitan
BOM-NEA-23454-KHAKI38,Formal Pants,Neapolitan
BOM-NEA-25058-DARK 28,Formal Pants,Neapolitan
BOM-NEA-25060-DARK 32,Formal Pants,Neapolitan
BOM-NEA-25061-DARK 34,Formal Pants,Neapolitan
BOM-NEA-25062-DARK 36,Formal Pants,Neapolitan
BOM-NEA-25063-DARK 38,Formal Pants,Neapolitan
BOM-NEA-25609-BLACK30,Formal Pants,Neapolitan
BOM-NEA-25610-BLACK32,Formal Pants,Neapolitan
BOM-NEA-25611-BLACK34,Formal Pants,Neapolitan
BOM-NEA-25612-BLACK36,Formal Pants,Neapolitan
BOM-NEA-25613-BLACK38,Formal Pants,Neapolitan
BOM-NEA-25614-NAVY28,Formal Pants,Neapolitan
BOM-NEA-25615-NAVY30,Formal Pants,Neapolitan
BOM-NEA-25616-NAVY32,Formal Pants,Neapolitan
BOM-NEA-25617-NAVY34,Formal Pants,Neapolitan
BOM-NEA-25618-NAVY36,Formal Pants,Neapolitan
BOM-NEA-25619-NAVY38,Formal Pants,Neapolitan
BOM-NEA-25830-JET B28,Formal Pants,Neapolitan
BOM-NEA-25831-JET B30,Formal Pants,Neapolitan
BOM-NEA-25832-JET B32,Formal Pants,Neapolitan
BOM-NEA-25833-JET B34,Formal Pants,Neapolitan
BOM-NEA-25834-JET B36,Formal Pants,Neapolitan
BOM-NEA-25835-JET B38,Formal Pants,Neapolitan
BOM-NEA-25836-GREY28,Formal Pants,Neapolitan
BOM-NEA-25837-GREY30,Formal Pants,Neapolitan
BOM-NEA-25838-GREY32,Formal Pants,Neapolitan
BOM-NEA-25839-GREY34,Formal Pants,Neapolitan
BOM-NEA-25840-GREY36,Formal Pants,Neapolitan
BOM-NEA-25841-GREY38,Formal Pants,Neapolitan
BOM-NEA-25842-NAVY28,Formal Pants,Neapolitan
BOM-NEA-25843-NAVY30,Formal Pants,Neapolitan
BOM-NEA-25844-NAVY32,Formal Pants,Neapolitan
BOM-NEA-25845-NAVY34,Formal Pants,Neapolitan
BOM-NEA-25846-NAVY36,Formal Pants,Neapolitan
BOM-NEA-25847-NAVY38,Formal Pants,Neapolitan
BOM-NEA-25848-BROWN28,Formal Pants,Neapolitan
BOM-NEA-25849-BROWN30,Formal Pants,Neapolitan
BOM-NEA-25850-BROWN32,Formal Pants,Neapolitan
BOM-NEA-25851-BROWN34,Formal Pants,Neapolitan
BOM-NEA-25852-BROWN36,Formal Pants,Neapolitan
BOM-NEA-25853-BROWN38,Formal Pants,Neapolitan
BOM-NEA-25854-GREY28,Formal Pants,Neapolitan
BOM-NEA-25855-GREY30,Formal Pants,Neapolitan
BOM-NEA-25856-GREY32,Formal Pants,Neapolitan
BOM-NEA-25857-GREY34,Formal Pants,Neapolitan
BOM-NEA-25858-GREY36,Formal Pants,Neapolitan
BOM-NEA-25859-GREY38,Formal Pants,Neapolitan
BOM-NEA-25861-GREY30,Formal Pants,Neapolitan
BOM-NEA-25863-GREY34,Formal Pants,Neapolitan
BOM-NEA-25864-GREY36,Formal Pants,Neapolitan
BOM-NEA-25865-GREY38,Formal Pants,Neapolitan
BOM-NEA-25867-OLIVE30,Formal Pants,Neapolitan
BOM-NEA-25868-OLIVE32,Formal Pants,Neapolitan
BOM-NEA-25869-OLIVE34,Formal Pants,Neapolitan
BOM-NEA-25870-OLIVE36,Formal Pants,Neapolitan
BOM-NEA-25871-OLIVE38,Formal Pants,Neapolitan
BOM-NEA-25872-LIGHT28,Formal Pants,Neapolitan
BOM-NEA-25873-LIGHT30,Formal Pants,Neapolitan
BOM-NEA-25874-LIGHT32,Formal Pants,Neapolitan
BOM-NEA-25875-LIGHT34,Formal Pants,Neapolitan
BOM-NEA-25876-LIGHT36,Formal Pants,Neapolitan
BOM-NEA-25877-LIGHT38,Formal Pants,Neapolitan
BOM-NEA-25884-BROWN28,Formal Pants,Neapolitan
BOM-NEA-25885-BROWN30,Formal Pants,Neapolitan
BOM-NEA-25886-BROWN32,Formal Pants,Neapolitan
BOM-NEA-25887-BROWN34,Formal Pants,Neapolitan
BOM-NEA-25888-BROWN36,Formal Pants,Neapolitan
BOM-NEA-26285-NAVY30,Formal Pants,Neapolitan
BOM-NEA-26286-NAVY32,Formal Pants,Neapolitan
BOM-NEA-26287-NAVY34,Formal Pants,Neapolitan
BOM-NEA-26288-NAVY36,Formal Pants,Neapolitan
BOM-NEA-26289-NAVY38,Formal Pants,Neapolitan
BOM-NEA-26290-KHAKI28,Formal Pants,Neapolitan
BOM-NEA-26291-KHAKI30,Formal Pants,Neapolitan
BOM-NEA-26292-KHAKI32,Formal Pants,Neapolitan
BOM-NEA-26294-KHAKI36,Formal Pants,Neapolitan
BOM-NEA-26901-BEIGE28,Formal Pants,Neapolitan
BOM-NEA-26902-BEIGE30,Formal Pants,Neapolitan
BOM-NEA-26903-BEIGE32,Formal Pants,Neapolitan
BOM-NEA-26904-BEIGE34,Formal Pants,Neapolitan
BOM-NEA-26905-BEIGE36,Formal Pants,Neapolitan
BOM-NEA-26906-BEIGE38,Formal Pants,Neapolitan
BOM-NEA-27767-BROWN28,Formal Pants,Neapolitan
BOM-NEA-27768-BROWN30,Formal Pants,Neapolitan
BOM-NEA-27769-BROWN32,Formal Pants,Neapolitan
BOM-NEA-27770-BROWN34,Formal Pants,Neapolitan
BOM-NEA-27771-BROWN36,Formal Pants,Neapolitan
BOM-NEA-27772-BROWN38,Formal Pants,Neapolitan
BOM-NEA-27773-BROWN28,Formal Pants,Neapolitan
BOM-NEA-27774-BROWN30,Formal Pants,Neapolitan
BOM-NEA-27775-BROWN32,Formal Pants,Neapolitan
BOM-NEA-27776-BROWN34,Formal Pants,Neapolitan
BOM-NEA-27777-BROWN36,Formal Pants,Neapolitan
BOM-NEA-28751-BLACK28,Formal Pants,Neapolitan
BOM-NEA-28752-BLACK30,Formal Pants,Neapolitan
BOM-NEA-28753-BLACK32,Formal Pants,Neapolitan
BOM-NEA-28754-BLACK34,Formal Pants,Neapolitan
BOM-NEA-28755-BLACK36,Formal Pants,Neapolitan
BOM-NEA-28756-BLACK38,Formal Pants,Neapolitan
BOM-NEA-28757-GREY28,Formal Pants,Neapolitan
BOM-NEA-28758-GREY30,Formal Pants,Neapolitan
BOM-NEA-28759-GREY32,Formal Pants,Neapolitan
BOM-NEA-28760-GREY34,Formal Pants,Neapolitan
BOM-NEA-28761-GREY36,Formal Pants,Neapolitan
BOM-NEA-28762-GREY38,Formal Pants,Neapolitan
BOM-NEA-28763-NAVY28,Formal Pants,Neapolitan
BOM-NEA-28764-NAVY30,Formal Pants,Neapolitan
BOM-NEA-28765-NAVY32,Formal Pants,Neapolitan
BOM-NEA-28766-NAVY34,Formal Pants,Neapolitan
BOM-NEA-28767-NAVY36,Formal Pants,Neapolitan
BOM-NEA-28768-NAVY38,Formal Pants,Neapolitan
BOM-NEA-29791-BROWN28,Formal Pants,Neapolitan
BOM-NEA-29792-BROWN30,Formal Pants,Neapolitan
BOM-NEA-29793-BROWN32,Formal Pants,Neapolitan
BOM-NEA-29794-BROWN34,Formal Pants,Neapolitan
BOM-NEA-29795-BROWN36,Formal Pants,Neapolitan
BOM-NEA-29796-BROWN38,Formal Pants,Neapolitan
BOM-NEA-29797-GREY28,Formal Pants,Neapolitan
BOM-NEA-29798-GREY30,Formal Pants,Neapolitan
BOM-NEA-29799-GREY32,Formal Pants,Neapolitan
BOM-NEA-29800-GREY34,Formal Pants,Neapolitan
BOM-NEA-29801-GREY36,Formal Pants,Neapolitan
BOM-NEA-29802-GREY38,Formal Pants,Neapolitan
BOM-NEA-29803-BLUE28,Formal Pants,Neapolitan
BOM-NEA-29804-BLUE30,Formal Pants,Neapolitan
BOM-NEA-29805-BLUE32,Formal Pants,Neapolitan
BOM-NEA-29806-BLUE34,Formal Pants,Neapolitan
BOM-NEA-29807-BLUE36,Formal Pants,Neapolitan
BOM-NEA-29808-BLUE38,Formal Pants,Neapolitan
BOM-NEA-29809-BLACK28,Formal Pants,Neapolitan
BOM-NEA-29810-BLACK30,Formal Pants,Neapolitan
BOM-NEA-29811-BLACK32,Formal Pants,Neapolitan
BOM-NEA-29812-BLACK34,Formal Pants,Neapolitan
BOM-NEA-29813-BLACK36,Formal Pants,Neapolitan
BOM-NEA-29814-BLACK38,Formal Pants,Neapolitan
BOM-NEA-30053-OLIVE28,Formal Pants,Neapolitan
BOM-NEA-30054-OLIVE30,Formal Pants,Neapolitan
BOM-NEA-30055-OLIVE32,Formal Pants,Neapolitan
BOM-NEA-30056-OLIVE34,Formal Pants,Neapolitan
BOM-NEA-30057-OLIVE36,Formal Pants,Neapolitan
BOM-NEA-30058-OLIVE38,Formal Pants,Neapolitan
BOM-NEA-30706-LIGHT28,Formal Pants,Neapolitan
BOM-NEA-30707-LIGHT30,Formal Pants,Neapolitan
BOM-NEA-30708-LIGHT32,Formal Pants,Neapolitan
BOM-NEA-30709-LIGHT34,Formal Pants,Neapolitan
BOM-NEA-30710-LIGHT36,Formal Pants,Neapolitan
BOM-NEA-30711-LIGHT38,Formal Pants,Neapolitan
BOM-NEA-30712-BLACK28,Formal Pants,Neapolitan
BOM-NEA-30713-BLACK30,Formal Pants,Neapolitan
BOM-NEA-30714-BLACK32,Formal Pants,Neapolitan
BOM-NEA-30715-BLACK34,Formal Pants,Neapolitan
BOM-NEA-30716-BLACK36,Formal Pants,Neapolitan
BOM-NEA-30717-BLACK38,Formal Pants,Neapolitan
BOM-NEA-30718-LIGHT28,Formal Pants,Neapolitan
BOM-NEA-30719-LIGHT30,Formal Pants,Neapolitan
BOM-NEA-30720-LIGHT32,Formal Pants,Neapolitan
BOM-NEA-30721-LIGHT34,Formal Pants,Neapolitan
BOM-NEA-30722-LIGHT36,Formal Pants,Neapolitan
BOM-NEA-30723-LIGHT38,Formal Pants,Neapolitan
BOM-NEA-30724-BROWN28,Formal Pants,Neapolitan
BOM-NEA-30725-BROWN30,Formal Pants,Neapolitan
BOM-NEA-30726-BROWN32,Formal Pants,Neapolitan
BOM-NEA-30727-BROWN34,Formal Pants,Neapolitan
BOM-NEA-30728-BROWN36,Formal Pants,Neapolitan
BOM-NEA-30729-BROWN38,Formal Pants,Neapolitan
BOM-NEA-30730-BLUE28,Formal Pants,Neapolitan
BOM-NEA-30731-BLUE30,Formal Pants,Neapolitan
BOM-NEA-30732-BLUE32,Formal Pants,Neapolitan
BOM-NEA-30733-BLUE34,Formal Pants,Neapolitan
BOM-NEA-30734-BLUE36,Formal Pants,Neapolitan
BOM-NEA-30735-BLUE38,Formal Pants,Neapolitan
BOM-NEA-30736-BEIGE28,Formal Pants,Neapolitan
BOM-NEA-30737-BEIGE30,Formal Pants,Neapolitan
BOM-NEA-30738-BEIGE32,Formal Pants,Neapolitan
BOM-NEA-30739-BEIGE34,Formal Pants,Neapolitan
BOM-NEA-30740-BEIGE36,Formal Pants,Neapolitan
BOM-NEA-30741-BEIGE38,Formal Pants,Neapolitan
BOM-NEA-30742-GREY28,Formal Pants,Neapolitan
BOM-NEA-30743-GREY30,Formal Pants,Neapolitan
BOM-NEA-30744-GREY32,Formal Pants,Neapolitan
BOM-NEA-30745-GREY34,Formal Pants,Neapolitan
BOM-NEA-30746-GREY36,Formal Pants,Neapolitan
BOM-NEA-30747-GREY38,Formal Pants,Neapolitan
BOM-NEA-30814-GREY28,Formal Pants,Neapolitan
BOM-NEA-30815-GREY30,Formal Pants,Neapolitan
BOM-NEA-30816-GREY32,Formal Pants,Neapolitan
BOM-NEA-30817-GREY34,Formal Pants,Neapolitan
BOM-NEA-30818-GREY36,Formal Pants,Neapolitan
BOM-NEA-30819-GREY38,Formal Pants,Neapolitan
BOM-NEA-33082-BROWN28,Formal Pants,Neapolitan
BOM-NEA-33083-BROWN30,Formal Pants,Neapolitan
BOM-NEA-33084-BROWN32,Formal Pants,Neapolitan
BOM-NEA-33085-BROWN34,Formal Pants,Neapolitan
BOM-NEA-33086-BROWN36,Formal Pants,Neapolitan
BOM-NEA-33087-BROWN38,Formal Pants,Neapolitan
BOM-NEA-33165-BLUE28,Formal Pants,Neapolitan
BOM-NEA-33166-BLUE30,Formal Pants,Neapolitan
BOM-NEA-33167-BLUE32,Formal Pants,Neapolitan
BOM-NEA-33168-BLUE34,Formal Pants,Neapolitan
BOM-NEA-33169-BLUE36,Formal Pants,Neapolitan
BOM-NEA-33170-BLUE38,Formal Pants,Neapolitan
BOM-NEA-33177-GREY28,Formal Pants,Neapolitan
BOM-NEA-33178-GREY30,Formal Pants,Neapolitan
BOM-NEA-33179-GREY32,Formal Pants,Neapolitan
BOM-NEA-33180-GREY34,Formal Pants,Neapolitan
BOM-NEA-33181-GREY36,Formal Pants,Neapolitan
BOM-NEA-33182-GREY38,Formal Pants,Neapolitan
BOM-NEA-33579-OLIVE30,Formal Pants,Neapolitan
BOM-NEA-33580-OLIVE32,Formal Pants,Neapolitan
BOM-NEA-33581-OLIVE34,Formal Pants,Neapolitan
BOM-NEA-33582-OLIVE36,Formal Pants,Neapolitan
BOM-NEA-33583-OLIVE38,Formal Pants,Neapolitan
BOM-NEA-33584-KHAKI28,Formal Pants,Neapolitan
BOM-NEA-33585-KHAKI30,Formal Pants,Neapolitan
BOM-NEA-33586-KHAKI32,Formal Pants,Neapolitan
BOM-NEA-33587-KHAKI34,Formal Pants,Neapolitan
BOM-NEA-33588-KHAKI36,Formal Pants,Neapolitan
BOM-NEA-33589-KHAKI38,Formal Pants,Neapolitan
BOM-NEA-33590-GREY28,Formal Pants,Neapolitan
BOM-NEA-33591-GREY30,Formal Pants,Neapolitan
BOM-NEA-33592-GREY32,Formal Pants,Neapolitan
BOM-NEA-33593-GREY34,Formal Pants,Neapolitan
BOM-NEA-33594-GREY36,Formal Pants,Neapolitan
BOM-NEA-33596-GREY28,Formal Pants,Neapolitan
BOM-NEA-33597-GREY30,Formal Pants,Neapolitan
BOM-NEA-33598-GREY32,Formal Pants,Neapolitan
BOM-NEA-33599-GREY34,Formal Pants,Neapolitan
BOM-NEA-33600-GREY36,Formal Pants,Neapolitan
BOM-NEA-33602-GREY28,Formal Pants,Neapolitan
BOM-NEA-33603-GREY30,Formal Pants,Neapolitan
BOM-NEA-33604-GREY32,Formal Pants,Neapolitan
BOM-NEA-33605-GREY34,Formal Pants,Neapolitan
BOM-NEA-33606-GREY36,Formal Pants,Neapolitan
BOM-NEA-33608-WHITE28,Formal Pants,Neapolitan
BOM-NEA-33609-WHITE30,Formal Pants,Neapolitan
BOM-NEA-33610-WHITE32,Formal Pants,Neapolitan
BOM-NEA-33611-WHITE34,Formal Pants,Neapolitan
BOM-NEA-33612-WHITE36,Formal Pants,Neapolitan
BOM-NEA-33613-WHITE38,Formal Pants,Neapolitan
BOM-NEA-33638-BLUE28,Formal Pants,Neapolitan
BOM-NEA-33639-BLUE30,Formal Pants,Neapolitan
BOM-NEA-33640-BLUE32,Formal Pants,Neapolitan
BOM-NEA-33641-BLUE34,Formal Pants,Neapolitan
BOM-NEA-33642-BLUE36,Formal Pants,Neapolitan
BOM-NEA-33643-BLUE38,Formal Pants,Neapolitan
BOM-NEA-33644-GREY28,Formal Pants,Neapolitan
BOM-NEA-33645-GREY30,Formal Pants,Neapolitan
BOM-NEA-33646-GREY32,Formal Pants,Neapolitan
BOM-NEA-33647-GREY34,Formal Pants,Neapolitan
BOM-NEA-33648-GREY36,Formal Pants,Neapolitan
BOM-NEA-33649-GREY38,Formal Pants,Neapolitan
BOM-OVE-HE-1775-XS-BLACK,Knitwear,Round Neck T-shirts
BOM-OVE-HE-1776-BLACK-S,Knitwear,Round Neck T-shirts
BOM-OVE-HE-1777-BLACK-M,Knitwear,Round Neck T-shirts
BOM-OVE-HE-1778-BLACK-L,Knitwear,Round Neck T-shirts
BOM-OVE-HE-1779-BLACK-XL,Knitwear,Round Neck T-shirts
BOM-OVE-HE-1780-BLACK-2XL,Knitwear,Round Neck T-shirts
BOM-OVE-HE-1783-XS-DARK GREY,Knitwear,Round Neck T-shirts
BOM-OVE-HE-1784-DARK GREY-S,Knitwear,Round Neck T-shirts
BOM-OVE-HE-1785-DARK GREY-M,Knitwear,Round Neck T-shirts
BOM-OVE-HE-1786-DARK GREY-L,Knitwear,Round Neck T-shirts
BOM-OVE-HE-1787-DARK GREY-XL,Knitwear,Round Neck T-shirts
BOM-OVE-HE-1788-DARK GREY-2XL,Knitwear,Round Neck T-shirts
BOM-OVE-HE-1791-XS-ECRU,Knitwear,Round Neck T-shirts
BOM-OVE-HE-1792-ECRU-S,Knitwear,Round Neck T-shirts
BOM-OVE-HE-1793-ECRU-M,Knitwear,Round Neck T-shirts
BOM-OVE-HE-1794-ECRU-L,Knitwear,Round Neck T-shirts
BOM-OVE-HE-1795-ECRU-XL,Knitwear,Round Neck T-shirts
BOM-OVE-HE-1796-ECRU-2XL,Knitwear,Round Neck T-shirts
BOM-OVE-HE-1799-XS-DARK BROWN,Knitwear,Round Neck T-shirts
BOM-OVE-HE-1800-DARK BROWN-S,Knitwear,Round Neck T-shirts
BOM-OVE-HE-1801-DARK BROWN-M,Knitwear,Round Neck T-shirts
BOM-OVE-HE-1802-DARK BROWN-L,Knitwear,Round Neck T-shirts
BOM-OVE-HE-1803-DARK BROWN-XL,Knitwear,Round Neck T-shirts
BOM-OVE-HE-1804-DARK BROWN-2XL,Knitwear,Round Neck T-shirts
BOM-OVE-HE-4079-XS-NAVY,Knitwear,Round Neck T-shirts
BOM-OVE-HE-4080-NAVY-S,Knitwear,Round Neck T-shirts
BOM-OVE-HE-4081-NAVY-M,Knitwear,Round Neck T-shirts
BOM-OVE-HE-4082-NAVY-L,Knitwear,Round Neck T-shirts
BOM-OVE-HE-4083-NAVY-XL,Knitwear,Round Neck T-shirts
BOM-OVE-HE-4084-NAVY-2XL,Knitwear,Round Neck T-shirts
BOM-OVE-HE-4087-XS-BEIGE,Knitwear,Round Neck T-shirts
BOM-OVE-HE-4088-BEIGE-S,Knitwear,Round Neck T-shirts
BOM-OVE-HE-4089-BEIGE-M,Knitwear,Round Neck T-shirts
BOM-OVE-HE-4090-BEIGE-L,Knitwear,Round Neck T-shirts
BOM-OVE-HE-4091-BEIGE-XL,Knitwear,Round Neck T-shirts
BOM-OVE-HE-4092-BEIGE-2XL,Knitwear,Round Neck T-shirts
BOM-OVE-HE-4095-XS-GREEN,Knitwear,Round Neck T-shirts
BOM-OVE-HE-4096-GREEN-S,Knitwear,Round Neck T-shirts
BOM-OVE-HE-4097-GREEN-M,Knitwear,Round Neck T-shirts
BOM-OVE-HE-4098-GREEN-L,Knitwear,Round Neck T-shirts
BOM-OVE-HE-4099-GREEN-XL,Knitwear,Round Neck T-shirts
BOM-OVE-HE-4100-GREEN-2XL,Knitwear,Round Neck T-shirts
BOM-OVE-HE-5394-XS-JET BLACK,Knitwear,Round Neck T-shirts
BOM-OVE-HE-5395-JET BLACK-S,Knitwear,Round Neck T-shirts
BOM-OVE-HE-5396-JET BLACK-M,Knitwear,Round Neck T-shirts
BOM-OVE-HE-5397-JET BLACK-L,Knitwear,Round Neck T-shirts
BOM-OVE-HE-5398-JET BLACK-XL,Knitwear,Round Neck T-shirts
BOM-OVE-HE-5399-JET BLACK-2XL,Knitwear,Round Neck T-shirts
BOM-OVE-HE-5402-XS-CHARCOAL,Knitwear,Round Neck T-shirts
BOM-OVE-HE-5403-CHARCOAL-S,Knitwear,Round Neck T-shirts
BOM-OVE-HE-5404-CHARCOAL-M,Knitwear,Round Neck T-shirts
BOM-OVE-HE-5405-CHARCOAL-L,Knitwear,Round Neck T-shirts
BOM-OVE-HE-5406-CHARCOAL-XL,Knitwear,Round Neck T-shirts
BOM-OVE-HE-5407-CHARCOAL-2XL,Knitwear,Round Neck T-shirts
BOM-PLE-30122-KHAKI30,Casual Pants,Corduroy
BOM-PLE-30123-KHAKI32,Casual Pants,Corduroy
BOM-PLE-30124-KHAKI34,Casual Pants,Corduroy
BOM-PLE-30125-KHAKI36,Casual Pants,Corduroy
BOM-PLE-30126-KHAKI38,Casual Pants,Corduroy
BOM-PLE-30127-KHAKI40,Casual Pants,Corduroy
BOM-PLE-30128-KHAKI42,Casual Pants,Corduroy
BOM-PLE-30129-KHAKI44,Casual Pants,Corduroy
BOM-PLE-30134-BROWN30,Casual Pants,Corduroy
BOM-PLE-30135-BROWN32,Casual Pants,Corduroy
BOM-PLE-30136-BROWN34,Casual Pants,Corduroy
BOM-PLE-30137-BROWN36,Casual Pants,Corduroy
BOM-PLE-30138-BROWN38,Casual Pants,Corduroy
BOM-PLE-30139-BROWN40,Casual Pants,Corduroy
BOM-PLE-30140-BROWN42,Casual Pants,Corduroy
BOM-PLE-30141-BROWN44,Casual Pants,Corduroy
BOM-PLE-30147-BEIGE32,Casual Pants,Corduroy
BOM-PLE-30148-BEIGE34,Casual Pants,Corduroy
BOM-PLE-30149-BEIGE36,Casual Pants,Corduroy
BOM-PLE-30150-BEIGE38,Casual Pants,Corduroy
BOM-PLE-30151-BEIGE40,Casual Pants,Corduroy
BOM-PLE-30152-BEIGE42,Casual Pants,Corduroy
BOM-PLE-30153-BEIGE44,Casual Pants,Corduroy
BOM-PLE-30157-NAVY28,Casual Pants,Corduroy
BOM-PLE-30159-NAVY32,Casual Pants,Corduroy
BOM-PLE-30160-NAVY34,Casual Pants,Corduroy
BOM-PLE-30161-NAVY36,Casual Pants,Corduroy
BOM-PLE-30162-NAVY38,Casual Pants,Corduroy
BOM-PLE-30163-NAVY40,Casual Pants,Corduroy
BOM-PLE-30164-NAVY42,Casual Pants,Corduroy
BOM-PLE-30165-NAVY44,Casual Pants,Corduroy
BOM-POC-AC-4151,Accessories,Pocket Square
BOM-POC-AC-4264,Accessories,Pocket Square
BOM-POC-AC-4265,Accessories,Pocket Square
BOM-POC-AC-4266,Accessories,Pocket Square
BOM-POC-AC-4267,Accessories,Pocket Square
BOM-POC-AC-4268,Accessories,Pocket Square
BOM-POC-AC-4269,Accessories,Pocket Square
BOM-POC-AC-4270,Accessories,Pocket Square
BOM-POC-AC-4271,Accessories,Pocket Square
BOM-POC-AC-4301,Accessories,Pocket Square
BOM-POC-AC-4302,Accessories,Pocket Square
BOM-POC-AC-4303,Accessories,Pocket Square
BOM-POC-AC-4304,Accessories,Pocket Square
BOM-POC-AC-4306,Accessories,Pocket Square
BOM-POC-AC-4307,Accessories,Pocket Square
BOM-POC-AC-4308,Accessories,Pocket Square
BOM-REL-HE-2634-XS-GREY,Knitwear,Round Neck T-shirts
BOM-REL-HE-2635-GREY-S,Knitwear,Round Neck T-shirts
BOM-REL-HE-2636-GREY-L,Knitwear,Round Neck T-shirts
BOM-REL-HE-2637-GREY-XL,Knitwear,Round Neck T-shirts
BOM-REL-HE-2638-GREY-2XL,Knitwear,Round Neck T-shirts
BOM-REL-HE-2639-GREY-3XL,Knitwear,Round Neck T-shirts
BOM-REL-HE-2640-GREY-4XL,Knitwear,Round Neck T-shirts
BOM-REL-HE-2642-PEACH-S,Knitwear,Round Neck T-shirts
BOM-REL-HE-2643-PEACH-L,Knitwear,Round Neck T-shirts
BOM-REL-HE-2644-PEACH-XL,Knitwear,Round Neck T-shirts
BOM-REL-HE-2645-PEACH-2XL,Knitwear,Round Neck T-shirts
BOM-REL-HE-2648-XS-BROWN,Knitwear,Round Neck T-shirts
BOM-REL-HE-2649-BROWN-S,Knitwear,Round Neck T-shirts
BOM-REL-HE-2650-BROWN-L,Knitwear,Round Neck T-shirts
BOM-REL-HE-2651-BROWN-XL,Knitwear,Round Neck T-shirts
BOM-REL-HE-2652-BROWN-2XL,Knitwear,Round Neck T-shirts
BOM-REL-HE-2653-BROWN-3XL,Knitwear,Round Neck T-shirts
BOM-REL-HE-2654-BROWN-4XL,Knitwear,Round Neck T-shirts
BOM-REL-HE-2655-XS-LIGHT BLUE,Knitwear,Round Neck T-shirts
BOM-REL-HE-2656-LIGHT BLUE-S,Knitwear,Round Neck T-shirts
BOM-REL-HE-2657-LIGHT BLUE-L,Knitwear,Round Neck T-shirts
BOM-REL-HE-2658-LIGHT BLUE-XL,Knitwear,Round Neck T-shirts
BOM-REL-HE-2659-LIGHT BLUE-2XL,Knitwear,Round Neck T-shirts
BOM-REL-HE-2660-LIGHT BLUE-3XL,Knitwear,Round Neck T-shirts
BOM-REL-HE-2661-LIGHT BLUE-4XL,Knitwear,Round Neck T-shirts
BOM-REL-HE-2671-BROWN-M,Knitwear,Round Neck T-shirts
BOM-REL-HE-2672-LIGHT BLUE-M,Knitwear,Round Neck T-shirts
BOM-REL-HE-2673-PEACH-M,Knitwear,Round Neck T-shirts
BOM-REL-HE-2674-GREY-M,Knitwear,Round Neck T-shirts
BOM-REL-HE-2677-XS-BROWN,Knitwear,Round Neck T-shirts
BOM-REL-HE-2678-BROWN-S,Knitwear,Round Neck T-shirts
BOM-REL-HE-2679-BROWN-L,Knitwear,Round Neck T-shirts
BOM-REL-HE-2680-BROWN-M,Knitwear,Round Neck T-shirts
BOM-REL-HE-2681-BROWN-XL,Knitwear,Round Neck T-shirts
BOM-REL-HE-2682-BROWN-2XL,Knitwear,Round Neck T-shirts
BOM-REL-HE-2683-BROWN-3XL,Knitwear,Round Neck T-shirts
BOM-REL-HE-2684-BROWN-4XL,Knitwear,Round Neck T-shirts
BOM-REL-HE-2725-OLIVE-28,Casual Pants,Linen Pants
BOM-REL-HE-2726-OLIVE-30,Casual Pants,Linen Pants
BOM-REL-HE-2727-OLIVE-32,Casual Pants,Linen Pants
BOM-REL-HE-2728-OLIVE-34,Casual Pants,Linen Pants
BOM-REL-HE-2729-OLIVE-36,Casual Pants,Linen Pants
BOM-REL-HE-2730-OLIVE-38,Casual Pants,Linen Pants
BOM-REL-HE-2731-OLIVE-40,Casual Pants,Linen Pants
BOM-REL-HE-2732-OLIVE-42,Casual Pants,Linen Pants
BOM-REL-HE-2733-OLIVE-44,Casual Pants,Linen Pants
BOM-REL-HE-2734-OLIVE-46,Casual Pants,Linen Pants
BOM-REL-HE-2737-NAVY-28,Casual Pants,Linen Pants
BOM-REL-HE-2738-NAVY-30,Casual Pants,Linen Pants
BOM-REL-HE-2739-NAVY-32,Casual Pants,Linen Pants
BOM-REL-HE-2740-NAVY-34,Casual Pants,Linen Pants
BOM-REL-HE-2741-NAVY-36,Casual Pants,Linen Pants
BOM-REL-HE-2742-NAVY-38,Casual Pants,Linen Pants
BOM-REL-HE-2743-NAVY-40,Casual Pants,Linen Pants
BOM-REL-HE-2744-NAVY-42,Casual Pants,Linen Pants
BOM-REL-HE-2745-NAVY-44,Casual Pants,Linen Pants
BOM-REL-HE-2746-NAVY-46,Casual Pants,Linen Pants
BOM-REL-HE-2749-BEIGE-28,Casual Pants,Linen Pants
BOM-REL-HE-2750-BEIGE-30,Casual Pants,Linen Pants
BOM-REL-HE-2751-BEIGE-32,Casual Pants,Linen Pants
BOM-REL-HE-2752-BEIGE-34,Casual Pants,Linen Pants
BOM-REL-HE-2753-BEIGE-36,Casual Pants,Linen Pants
BOM-REL-HE-2754-BEIGE-38,Casual Pants,Linen Pants
BOM-REL-HE-2755-BEIGE-40,Casual Pants,Linen Pants
BOM-REL-HE-2756-BEIGE-42,Casual Pants,Linen Pants
BOM-REL-HE-2757-BEIGE-44,Casual Pants,Linen Pants
BOM-REL-HE-2758-BEIGE-46,Casual Pants,Linen Pants
BOM-REL-HE-2761-BROWN-28,Casual Pants,Linen Pants
BOM-REL-HE-2762-BROWN-30,Casual Pants,Linen Pants
BOM-REL-HE-2763-BROWN-32,Casual Pants,Linen Pants
BOM-REL-HE-2764-BROWN-34,Casual Pants,Linen Pants
BOM-REL-HE-2765-BROWN-36,Casual Pants,Linen Pants
BOM-REL-HE-2766-BROWN-38,Casual Pants,Linen Pants
BOM-REL-HE-2767-BROWN-40,Casual Pants,Linen Pants
BOM-REL-HE-2768-BROWN-42,Casual Pants,Linen Pants
BOM-REL-HE-2769-BROWN-44,Casual Pants,Linen Pants
BOM-REL-HE-2770-BROWN-46,Casual Pants,Linen Pants
BOM-REL-HE-2773-ECURE-28,Casual Pants,Linen Pants
BOM-REL-HE-2774-ECURE-30,Casual Pants,Linen Pants
BOM-REL-HE-2775-ECURE-32,Casual Pants,Linen Pants
BOM-REL-HE-2776-ECURE-34,Casual Pants,Linen Pants
BOM-REL-HE-2777-ECURE-36,Casual Pants,Linen Pants
BOM-REL-HE-2778-ECURE-38,Casual Pants,Linen Pants
BOM-REL-HE-2779-ECURE-40,Casual Pants,Linen Pants
BOM-REL-HE-2780-ECURE-42,Casual Pants,Linen Pants
BOM-REL-HE-2781-ECURE-44,Casual Pants,Linen Pants
BOM-REL-HE-2782-ECURE-46,Casual Pants,Linen Pants
BOM-REL-HE-2785-WHITE-28,Casual Pants,Linen Pants
BOM-REL-HE-2786-WHITE-30,Casual Pants,Linen Pants
BOM-REL-HE-2787-WHITE-32,Casual Pants,Linen Pants
BOM-REL-HE-2788-WHITE-34,Casual Pants,Linen Pants
BOM-REL-HE-2789-WHITE-36,Casual Pants,Linen Pants
BOM-REL-HE-2790-WHITE-38,Casual Pants,Linen Pants
BOM-REL-HE-2791-WHITE-40,Casual Pants,Linen Pants
BOM-REL-HE-2792-WHITE-42,Casual Pants,Linen Pants
BOM-REL-HE-2793-WHITE-44,Casual Pants,Linen Pants
BOM-REL-HE-2794-WHITE-46,Casual Pants,Linen Pants
BOM-REL-HE-2797-BLACK-28,Casual Pants,Linen Pants
BOM-REL-HE-2798-BLACK-30,Casual Pants,Linen Pants
BOM-REL-HE-2799-BLACK-32,Casual Pants,Linen Pants
BOM-REL-HE-2800-BLACK-34,Casual Pants,Linen Pants
BOM-REL-HE-2801-BLACK-36,Casual Pants,Linen Pants
BOM-REL-HE-2802-BLACK-38,Casual Pants,Linen Pants
BOM-REL-HE-2803-BLACK-40,Casual Pants,Linen Pants
BOM-REL-HE-2804-BLACK-42,Casual Pants,Linen Pants
BOM-REL-HE-2805-BLACK-44,Casual Pants,Linen Pants
BOM-REL-HE-2806-BLACK-46,Casual Pants,Linen Pants
BOM-REL-HE-3980-XS-GREEN,Knitwear,Round Neck T-shirts
BOM-REL-HE-3981-GREEN-S,Knitwear,Round Neck T-shirts
BOM-REL-HE-3982-GREEN-M,Knitwear,Round Neck T-shirts
BOM-REL-HE-3983-GREEN-L,Knitwear,Round Neck T-shirts
BOM-REL-HE-3984-GREEN-XL,Knitwear,Round Neck T-shirts
BOM-REL-HE-3985-GREEN-2XL,Knitwear,Round Neck T-shirts
BOM-REL-HE-3986-GREEN-3XL,Knitwear,Round Neck T-shirts
BOM-REL-HE-3987-GREEN-4XL,Knitwear,Round Neck T-shirts
BOM-REL-HE-3988-XS-GREY,Knitwear,Round Neck T-shirts
BOM-REL-HE-3989-GREY-S,Knitwear,Round Neck T-shirts
BOM-REL-HE-3990-GREY-M,Knitwear,Round Neck T-shirts
BOM-REL-HE-3991-GREY-L,Knitwear,Round Neck T-shirts
BOM-REL-HE-3992-GREY-XL,Knitwear,Round Neck T-shirts
BOM-REL-HE-3993-GREY-2XL,Knitwear,Round Neck T-shirts
BOM-REL-HE-3994-GREY-3XL,Knitwear,Round Neck T-shirts
BOM-REL-HE-3995-GREY-4XL,Knitwear,Round Neck T-shirts
BOM-REL-HE-3996-XS-ECRU,Knitwear,Round Neck T-shirts
BOM-REL-HE-3997-ECRU-S,Knitwear,Round Neck T-shirts
BOM-REL-HE-3998-ECRU-M,Knitwear,Round Neck T-shirts
BOM-REL-HE-3999-ECRU-L,Knitwear,Round Neck T-shirts
BOM-REL-HE-4000-ECRU-XL,Knitwear,Round Neck T-shirts
BOM-REL-HE-4001-ECRU-2XL,Knitwear,Round Neck T-shirts
BOM-REL-HE-4002-ECRU-3XL,Knitwear,Round Neck T-shirts
BOM-REL-HE-4003-ECRU-4XL,Knitwear,Round Neck T-shirts
BOM-REL-HE-4004-XS-BLACK,Knitwear,Round Neck T-shirts
BOM-REL-HE-4005-BLACK-S,Knitwear,Round Neck T-shirts
BOM-REL-HE-4006-BLACK-M,Knitwear,Round Neck T-shirts
BOM-REL-HE-4007-BLACK-L,Knitwear,Round Neck T-shirts
BOM-REL-HE-4008-BLACK-XL,Knitwear,Round Neck T-shirts
BOM-REL-HE-4009-BLACK-2XL,Knitwear,Round Neck T-shirts
BOM-REL-HE-4010-BLACK-3XL,Knitwear,Round Neck T-shirts
BOM-REL-HE-4011-BLACK-4XL,Knitwear,Round Neck T-shirts
BOM-REL-HE-4012-XS-WHITE,Knitwear,Round Neck T-shirts
BOM-REL-HE-4013-WHITE-S,Knitwear,Round Neck T-shirts
BOM-REL-HE-4014-WHITE-M,Knitwear,Round Neck T-shirts
BOM-REL-HE-4015-WHITE-L,Knitwear,Round Neck T-shirts
BOM-REL-HE-4016-WHITE-XL,Knitwear,Round Neck T-shirts
BOM-REL-HE-4017-WHITE-2XL,Knitwear,Round Neck T-shirts
BOM-REL-HE-4018-WHITE-3XL,Knitwear,Round Neck T-shirts
BOM-REL-HE-4019-WHITE-4XL,Knitwear,Round Neck T-shirts
BOM-REL-HE-4962-BROWN-28,Casual Pants,Linen Pants
BOM-REL-HE-4963-BROWN-30,Casual Pants,Linen Pants
BOM-REL-HE-4964-BROWN-32,Casual Pants,Linen Pants
BOM-REL-HE-4965-BROWN-34,Casual Pants,Linen Pants
BOM-REL-HE-4966-BROWN-36,Casual Pants,Linen Pants
BOM-REL-HE-4967-BROWN-38,Casual Pants,Linen Pants
BOM-REL-HE-4968-BROWN-40,Casual Pants,Linen Pants
BOM-REL-HE-4969-BROWN-42,Casual Pants,Linen Pants
BOM-REL-HE-4970-BROWN-44,Casual Pants,Linen Pants
BOM-REL-HE-4971-BROWN-46,Casual Pants,Linen Pants
BOM-REL-HE-4974-GREY-28,Casual Pants,Linen Pants
BOM-REL-HE-4975-GREY-30,Casual Pants,Linen Pants
BOM-REL-HE-4976-GREY-32,Casual Pants,Linen Pants
BOM-REL-HE-4977-GREY-34,Casual Pants,Linen Pants
BOM-REL-HE-4978-GREY-36,Casual Pants,Linen Pants
BOM-REL-HE-4979-GREY-38,Casual Pants,Linen Pants
BOM-REL-HE-4980-GREY-40,Casual Pants,Linen Pants
BOM-REL-HE-4981-GREY-42,Casual Pants,Linen Pants
BOM-REL-HE-4987-OLIVE-28,Casual Pants,Linen Pants
BOM-REL-HE-4988-OLIVE-30,Casual Pants,Linen Pants
BOM-REL-HE-4989-OLIVE-32,Casual Pants,Linen Pants
BOM-REL-HE-4990-OLIVE-34,Casual Pants,Linen Pants
BOM-REL-HE-4991-OLIVE-36,Casual Pants,Linen Pants
BOM-REL-HE-4992-OLIVE-38,Casual Pants,Linen Pants
BOM-REL-HE-4993-OLIVE-40,Casual Pants,Linen Pants
BOM-REL-HE-4994-OLIVE-42,Casual Pants,Linen Pants
BOM-REL-HE-4995-OLIVE-44,Casual Pants,Linen Pants
BOM-REL-HE-4996-OLIVE-46,Casual Pants,Linen Pants
BOM-REL-HE-4999-BEIGE-28,Casual Pants,Linen Pants
BOM-REL-HE-5000-BEIGE-30,Casual Pants,Linen Pants
BOM-REL-HE-5001-BEIGE-32,Casual Pants,Linen Pants
BOM-REL-HE-5002-BEIGE-34,Casual Pants,Linen Pants
BOM-REL-HE-5003-BEIGE-36,Casual Pants,Linen Pants
BOM-REL-HE-5004-BEIGE-38,Casual Pants,Linen Pants
BOM-REL-HE-5005-BEIGE-40,Casual Pants,Linen Pants
BOM-REL-HE-5006-BEIGE-42,Casual Pants,Linen Pants
BOM-REL-HE-5007-BEIGE-44,Casual Pants,Linen Pants
BOM-REL-HE-5008-BEIGE-46,Casual Pants,Linen Pants
BOM-REL-HE-5011-NAVY-28,Casual Pants,Linen Pants
BOM-REL-HE-5012-NAVY-30,Casual Pants,Linen Pants
BOM-REL-HE-5013-NAVY-32,Casual Pants,Linen Pants
BOM-REL-HE-5014-NAVY-34,Casual Pants,Linen Pants
BOM-REL-HE-5015-NAVY-36,Casual Pants,Linen Pants
BOM-REL-HE-5016-NAVY-38,Casual Pants,Linen Pants
BOM-REL-HE-5017-NAVY-40,Casual Pants,Linen Pants
BOM-REL-HE-5018-NAVY-42,Casual Pants,Linen Pants
BOM-REL-HE-5019-NAVY-44,Casual Pants,Linen Pants
BOM-REL-HE-5020-NAVY-46,Casual Pants,Linen Pants
BOM-REL-HE-5023-BLACK-28,Casual Pants,Linen Pants
BOM-REL-HE-5024-BLACK-30,Casual Pants,Linen Pants
BOM-REL-HE-5025-BLACK-32,Casual Pants,Linen Pants
BOM-REL-HE-5026-BLACK-34,Casual Pants,Linen Pants
BOM-REL-HE-5027-BLACK-36,Casual Pants,Linen Pants
BOM-REL-HE-5028-BLACK-38,Casual Pants,Linen Pants
BOM-REL-HE-5029-BLACK-40,Casual Pants,Linen Pants
BOM-REL-HE-5030-BLACK-42,Casual Pants,Linen Pants
BOM-REL-HE-5031-BLACK-44,Casual Pants,Linen Pants
BOM-REL-HE-5032-BLACK-46,Casual Pants,Linen Pants
BOM-REL-HE-5035-WHITE-28,Casual Pants,Linen Pants
BOM-REL-HE-5036-WHITE-30,Casual Pants,Linen Pants
BOM-REL-HE-5037-WHITE-32,Casual Pants,Linen Pants
BOM-REL-HE-5038-WHITE-34,Casual Pants,Linen Pants
BOM-REL-HE-5039-WHITE-36,Casual Pants,Linen Pants
BOM-REL-HE-5040-WHITE-38,Casual Pants,Linen Pants
BOM-REL-HE-5041-WHITE-40,Casual Pants,Linen Pants
BOM-REL-HE-5042-WHITE-42,Casual Pants,Linen Pants
BOM-REL-HE-5043-WHITE-44,Casual Pants,Linen Pants
BOM-REL-HE-5044-WHITE-46,Casual Pants,Linen Pants
BOM-REL-HE-5917-WHITE-28,Casual Pants,Linen Pants
BOM-REL-HE-5918-WHITE-30,Casual Pants,Linen Pants
BOM-REL-HE-5919-WHITE-32,Casual Pants,Linen Pants
BOM-REL-HE-5920-WHITE-34,Casual Pants,Linen Pants
BOM-REL-HE-5921-WHITE-36,Casual Pants,Linen Pants
BOM-REL-HE-5922-WHITE-38,Casual Pants,Linen Pants
BOM-REL-HE-5923-WHITE-40,Casual Pants,Linen Pants
BOM-REL-HE-5924-WHITE-42,Casual Pants,Linen Pants
BOM-REL-HE-5925-WHITE-44,Casual Pants,Linen Pants
BOM-REL-HE-5926-WHITE-46,Casual Pants,Linen Pants
BOM-REL-HE-5929-BEIGE-28,Casual Pants,Linen Pants
BOM-REL-HE-5930-BEIGE-30,Casual Pants,Linen Pants
BOM-REL-HE-5931-BEIGE-32,Casual Pants,Linen Pants
BOM-REL-HE-5932-BEIGE-34,Casual Pants,Linen Pants
BOM-REL-HE-5933-BEIGE-36,Casual Pants,Linen Pants
BOM-REL-HE-5934-BEIGE-38,Casual Pants,Linen Pants
BOM-REL-HE-5935-BEIGE-40,Casual Pants,Linen Pants
BOM-REL-HE-5936-BEIGE-42,Casual Pants,Linen Pants
BOM-REL-HE-5937-BEIGE-44,Casual Pants,Linen Pants
BOM-REL-HE-5938-BEIGE-46,Casual Pants,Linen Pants
BOM-REL-HE-5941-DARK GREY-28,Casual Pants,Linen Pants
BOM-REL-HE-5942-DARK GREY-30,Casual Pants,Linen Pants
BOM-REL-HE-5943-DARK GREY-32,Casual Pants,Linen Pants
BOM-REL-HE-5944-DARK GREY-34,Casual Pants,Linen Pants
BOM-REL-HE-5945-DARK GREY-36,Casual Pants,Linen Pants
BOM-REL-HE-5946-DARK GREY-38,Casual Pants,Linen Pants
BOM-REL-HE-5947-DARK GREY-40,Casual Pants,Linen Pants
BOM-REL-HE-5948-DARK GREY-42,Casual Pants,Linen Pants
BOM-REL-HE-5949-DARK GREY-44,Casual Pants,Linen Pants
BOM-REL-HE-5950-DARK GREY-46,Casual Pants,Linen Pants
BOM-REL-HE-5953-NAVY-28,Casual Pants,Linen Pants
BOM-REL-HE-5954-NAVY-30,Casual Pants,Linen Pants
BOM-REL-HE-5955-NAVY-32,Casual Pants,Linen Pants
BOM-REL-HE-5956-NAVY-34,Casual Pants,Linen Pants
BOM-REL-HE-5957-NAVY-36,Casual Pants,Linen Pants
BOM-REL-HE-5958-NAVY-38,Casual Pants,Linen Pants
BOM-REL-HE-5959-NAVY-40,Casual Pants,Linen Pants
BOM-REL-HE-5960-NAVY-42,Casual Pants,Linen Pants
BOM-REL-HE-5961-NAVY-44,Casual Pants,Linen Pants
BOM-REL-HE-5962-NAVY-46,Casual Pants,Linen Pants
BOM-REL-HE-5965-BROWN-28,Casual Pants,Linen Pants
BOM-REL-HE-5966-BROWN-30,Casual Pants,Linen Pants
BOM-REL-HE-5967-BROWN-32,Casual Pants,Linen Pants
BOM-REL-HE-5968-BROWN-34,Casual Pants,Linen Pants
BOM-REL-HE-5969-BROWN-36,Casual Pants,Linen Pants
BOM-REL-HE-5970-BROWN-38,Casual Pants,Linen Pants
BOM-REL-HE-5971-BROWN-40,Casual Pants,Linen Pants
BOM-REL-HE-5972-BROWN-42,Casual Pants,Linen Pants
BOM-REL-HE-5973-BROWN-44,Casual Pants,Linen Pants
BOM-REL-HE-5974-BROWN-46,Casual Pants,Linen Pants
BOM-REL-HE-6356-MID BLUE-28,Casual Pants,Linen Pants
BOM-REL-HE-6357-MID BLUE-30,Casual Pants,Linen Pants
BOM-REL-HE-6358-MID BLUE-32,Casual Pants,Linen Pants
BOM-REL-HE-6359-MID BLUE-34,Casual Pants,Linen Pants
BOM-REL-HE-6360-MID BLUE-36,Casual Pants,Linen Pants
BOM-REL-HE-6361-MID BLUE-38,Casual Pants,Linen Pants
BOM-REL-HE-6362-MID BLUE-40,Casual Pants,Linen Pants
BOM-REL-HE-6363-MID BLUE-42,Casual Pants,Linen Pants
BOM-REL-HE-8152-DARK BROWN-28,Casual Pants,Linen Pants
BOM-REL-HE-8153-DARK BROWN-30,Casual Pants,Linen Pants
BOM-REL-HE-8154-DARK BROWN-32,Casual Pants,Linen Pants
BOM-REL-HE-8155-DARK BROWN-34,Casual Pants,Linen Pants
BOM-REL-HE-8156-DARK BROWN-36,Casual Pants,Linen Pants
BOM-REL-HE-8157-DARK BROWN-38,Casual Pants,Linen Pants
BOM-REL-HE-8158-DARK BROWN-40,Casual Pants,Linen Pants
BOM-REL-HE-8159-DARK BROWN-42,Casual Pants,Linen Pants
BOM-REL-SE-3871-NAVY-28,Formal Pants,Neapolitan
BOM-REL-SE-3872-NAVY-30,Formal Pants,Neapolitan
BOM-REL-SE-3873-NAVY-32,Formal Pants,Neapolitan
BOM-REL-SE-3874-NAVY-34,Formal Pants,Neapolitan
BOM-REL-SE-3875-NAVY-36,Formal Pants,Neapolitan
BOM-REL-SE-3876-NAVY-38,Formal Pants,Neapolitan
BOM-REL-SE-3885-KHAKI-28,Formal Pants,Neapolitan
BOM-REL-SE-3886-KHAKI-30,Formal Pants,Neapolitan
BOM-REL-SE-3887-KHAKI-32,Formal Pants,Neapolitan
BOM-REL-SE-3888-KHAKI-34,Formal Pants,Neapolitan
BOM-REL-SE-3889-KHAKI-36,Formal Pants,Neapolitan
BOM-REL-SE-3890-KHAKI-38,Formal Pants,Neapolitan
BOM-REL-SE-3899-BROWN-28,Formal Pants,Neapolitan
BOM-REL-SE-3900-BROWN-30,Formal Pants,Neapolitan
BOM-REL-SE-3901-BROWN-32,Formal Pants,Neapolitan
BOM-REL-SE-3902-BROWN-34,Formal Pants,Neapolitan
BOM-REL-SE-3903-BROWN-36,Formal Pants,Neapolitan
BOM-REL-SE-3904-BROWN-38,Formal Pants,Neapolitan
BOM-REL-SE-3905-DARK GREY-28,Formal Pants,Neapolitan
BOM-REL-SE-3906-DARK GREY-30,Formal Pants,Neapolitan
BOM-REL-SE-3907-DARK GREY-32,Formal Pants,Neapolitan
BOM-REL-SE-3908-DARK GREY-34,Formal Pants,Neapolitan
BOM-REL-SE-3909-DARK GREY-36,Formal Pants,Neapolitan
BOM-REL-SE-3910-DARK GREY-38,Formal Pants,Neapolitan
BOM-REL-SE-3911-NAVY-28,Formal Pants,Neapolitan
BOM-REL-SE-3912-NAVY-30,Formal Pants,Neapolitan
BOM-REL-SE-3913-NAVY-32,Formal Pants,Neapolitan
BOM-REL-SE-3914-NAVY-34,Formal Pants,Neapolitan
BOM-REL-SE-3915-NAVY-36,Formal Pants,Neapolitan
BOM-REL-SE-3916-NAVY-38,Formal Pants,Neapolitan
BOM-REL-SE-3917-GREY-28,Formal Pants,Neapolitan
BOM-REL-SE-3918-GREY-30,Formal Pants,Neapolitan
BOM-REL-SE-3919-GREY-32,Formal Pants,Neapolitan
BOM-REL-SE-3920-GREY-34,Formal Pants,Neapolitan
BOM-REL-SE-3921-GREY-36,Formal Pants,Neapolitan
BOM-REL-SE-3922-GREY-38,Formal Pants,Neapolitan
BOM-REL-SE-3923-BLACK-28,Formal Pants,Neapolitan
BOM-REL-SE-3924-BLACK-30,Formal Pants,Neapolitan
BOM-REL-SE-3925-BLACK-32,Formal Pants,Neapolitan
BOM-REL-SE-3926-BLACK-34,Formal Pants,Neapolitan
BOM-REL-SE-3927-BLACK-36,Formal Pants,Neapolitan
BOM-REL-SE-3928-BLACK-38,Formal Pants,Neapolitan
BOM-REL-SE-3929-NAVY-28,Formal Pants,Neapolitan
BOM-REL-SE-3930-NAVY-30,Formal Pants,Neapolitan
BOM-REL-SE-3931-NAVY-32,Formal Pants,Neapolitan
BOM-REL-SE-3932-NAVY-34,Formal Pants,Neapolitan
BOM-REL-SE-3933-NAVY-36,Formal Pants,Neapolitan
BOM-REL-SE-3934-NAVY-38,Formal Pants,Neapolitan
BOM-REL-SE-3935-BEIGE-28,Formal Pants,Neapolitan
BOM-REL-SE-3936-BEIGE-30,Formal Pants,Neapolitan
BOM-REL-SE-3937-BEIGE-32,Formal Pants,Neapolitan
BOM-REL-SE-3938-BEIGE-34,Formal Pants,Neapolitan
BOM-REL-SE-3939-BEIGE-36,Formal Pants,Neapolitan
BOM-REL-SE-3940-BEIGE-38,Formal Pants,Neapolitan
BOM-REL-SE-3941-JET BLACK-28,Formal Pants,Neapolitan
BOM-REL-SE-3942-JET BLACK-30,Formal Pants,Neapolitan
BOM-REL-SE-3943-JET BLACK-32,Formal Pants,Neapolitan
BOM-REL-SE-3944-JET BLACK-34,Formal Pants,Neapolitan
BOM-REL-SE-3945-JET BLACK-36,Formal Pants,Neapolitan
BOM-REL-SE-3946-JET BLACK-38,Formal Pants,Neapolitan
BOM-REL-SE-4020-CHARCOAL-28,Formal Pants,Neapolitan
BOM-REL-SE-4021-CHARCOAL-30,Formal Pants,Neapolitan
BOM-REL-SE-4022-CHARCOAL-32,Formal Pants,Neapolitan
BOM-REL-SE-4023-CHARCOAL-34,Formal Pants,Neapolitan
BOM-REL-SE-4024-CHARCOAL-36,Formal Pants,Neapolitan
BOM-REL-SE-4025-CHARCOAL-38,Formal Pants,Neapolitan
BOM-REL-SE-4026-GREY-28,Formal Pants,Neapolitan
BOM-REL-SE-4027-GREY-30,Formal Pants,Neapolitan
BOM-REL-SE-4028-GREY-32,Formal Pants,Neapolitan
BOM-REL-SE-4029-GREY-34,Formal Pants,Neapolitan
BOM-REL-SE-4030-GREY-36,Formal Pants,Neapolitan
BOM-REL-SE-4031-GREY-38,Formal Pants,Neapolitan
BOM-REL-SE-4032-NAVY-28,Formal Pants,Neapolitan
BOM-REL-SE-4033-NAVY-30,Formal Pants,Neapolitan
BOM-REL-SE-4034-NAVY-32,Formal Pants,Neapolitan
BOM-REL-SE-4035-NAVY-34,Formal Pants,Neapolitan
BOM-REL-SE-4036-NAVY-36,Formal Pants,Neapolitan
BOM-REL-SE-4037-NAVY-38,Formal Pants,Neapolitan
BOM-REL-SE-4038-KHAKHI-28,Formal Pants,Neapolitan
BOM-REL-SE-4039-KHAKHI-30,Formal Pants,Neapolitan
BOM-REL-SE-4040-KHAKHI-32,Formal Pants,Neapolitan
BOM-REL-SE-4041-KHAKHI-34,Formal Pants,Neapolitan
BOM-REL-SE-4042-KHAKHI-36,Formal Pants,Neapolitan
BOM-REL-SE-4043-KHAKHI-38,Formal Pants,Neapolitan
BOM-REL-SE-4044-ECRU-28,Formal Pants,Neapolitan
BOM-REL-SE-4045-ECRU-30,Formal Pants,Neapolitan
BOM-REL-SE-4046-ECRU-32,Formal Pants,Neapolitan
BOM-REL-SE-4047-ECRU-34,Formal Pants,Neapolitan
BOM-REL-SE-4048-ECRU-36,Formal Pants,Neapolitan
BOM-REL-SE-4049-ECRU-38,Formal Pants,Neapolitan
BOM-REL-SE-4050-OLIVE-28,Formal Pants,Neapolitan
BOM-REL-SE-4051-OLIVE-30,Formal Pants,Neapolitan
BOM-REL-SE-4052-OLIVE-32,Formal Pants,Neapolitan
BOM-REL-SE-4053-OLIVE-34,Formal Pants,Neapolitan
BOM-REL-SE-4054-OLIVE-36,Formal Pants,Neapolitan
BOM-REL-SE-4055-OLIVE-38,Formal Pants,Neapolitan
BOM-REL-SE-4060-BLACK-28,Formal Pants,Neapolitan
BOM-REL-SE-4061-BLACK-30,Formal Pants,Neapolitan
BOM-REL-SE-4062-BLACK-32,Formal Pants,Neapolitan
BOM-REL-SE-4063-BLACK-34,Formal Pants,Neapolitan
BOM-REL-SE-4064-BLACK-36,Formal Pants,Neapolitan
BOM-REL-SE-4065-BLACK-38,Formal Pants,Neapolitan
BOM-REL-SE-4066-NAVY-28,Formal Pants,Neapolitan
BOM-REL-SE-4067-NAVY-30,Formal Pants,Neapolitan
BOM-REL-SE-4068-NAVY-32,Formal Pants,Neapolitan
BOM-REL-SE-4069-NAVY-34,Formal Pants,Neapolitan
BOM-REL-SE-4070-NAVY-36,Formal Pants,Neapolitan
BOM-REL-SE-4071-NAVY-38,Formal Pants,Neapolitan
BOM-REL-SE-4073-BEIGE -28,Formal Pants,Neapolitan
BOM-REL-SE-4074-BEIGE -30,Formal Pants,Neapolitan
BOM-REL-SE-4075-BEIGE -32,Formal Pants,Neapolitan
BOM-REL-SE-4076-BEIGE -34,Formal Pants,Neapolitan
BOM-REL-SE-4077-BEIGE -36,Formal Pants,Neapolitan
BOM-REL-SE-4078-BEIGE -38,Formal Pants,Neapolitan
BOM-REL-SE-5162-GREY-28,Formal Pants,Neapolitan
BOM-REL-SE-5163-GREY-30,Formal Pants,Neapolitan
BOM-REL-SE-5164-GREY-32,Formal Pants,Neapolitan
BOM-REL-SE-5165-GREY-34,Formal Pants,Neapolitan
BOM-REL-SE-5166-GREY-36,Formal Pants,Neapolitan
BOM-REL-SE-5167-GREY-38,Formal Pants,Neapolitan
BOM-REL-SE-5174-BROWN-28,Formal Pants,Neapolitan
BOM-REL-SE-5175-BROWN-30,Formal Pants,Neapolitan
BOM-REL-SE-5176-BROWN-32,Formal Pants,Neapolitan
BOM-REL-SE-5177-BROWN-34,Formal Pants,Neapolitan
BOM-REL-SE-5178-BROWN-36,Formal Pants,Neapolitan
BOM-REL-SE-5179-BROWN-38,Formal Pants,Neapolitan
BOM-REL-SE-5198-NAVY-28,Formal Pants,Neapolitan
BOM-REL-SE-5199-NAVY-30,Formal Pants,Neapolitan
BOM-REL-SE-5200-NAVY-32,Formal Pants,Neapolitan
BOM-REL-SE-5201-NAVY-34,Formal Pants,Neapolitan
BOM-REL-SE-5202-NAVY-36,Formal Pants,Neapolitan
BOM-REL-SE-5203-NAVY-38,Formal Pants,Neapolitan
BOM-REL-SE-5210-MID BLUE-28,Formal Pants,Neapolitan
BOM-REL-SE-5211-MID BLUE-30,Formal Pants,Neapolitan
BOM-REL-SE-5212-MID BLUE-32,Formal Pants,Neapolitan
BOM-REL-SE-5213-MID BLUE-34,Formal Pants,Neapolitan
BOM-REL-SE-5214-MID BLUE-36,Formal Pants,Neapolitan
BOM-REL-SE-5215-MID BLUE-38,Formal Pants,Neapolitan
BOM-REL-SE-5222-WHITE-28,Formal Pants,Neapolitan
BOM-REL-SE-5223-WHITE-30,Formal Pants,Neapolitan
BOM-REL-SE-5224-WHITE-32,Formal Pants,Neapolitan
BOM-REL-SE-5225-WHITE-34,Formal Pants,Neapolitan
BOM-REL-SE-5226-WHITE-36,Formal Pants,Neapolitan
BOM-REL-SE-5227-WHITE-38,Formal Pants,Neapolitan
BOM-REL-SE-5234-NAVY-28,Formal Pants,Neapolitan
BOM-REL-SE-5235-NAVY-30,Formal Pants,Neapolitan
BOM-REL-SE-5236-NAVY-32,Formal Pants,Neapolitan
BOM-REL-SE-5237-NAVY-34,Formal Pants,Neapolitan
BOM-REL-SE-5238-NAVY-36,Formal Pants,Neapolitan
BOM-REL-SE-5239-NAVY-38,Formal Pants,Neapolitan
BOM-REL-SE-5246-CHARCOAL-28,Formal Pants,Neapolitan
BOM-REL-SE-5247-CHARCOAL-30,Formal Pants,Neapolitan
BOM-REL-SE-5248-CHARCOAL-32,Formal Pants,Neapolitan
BOM-REL-SE-5249-CHARCOAL-34,Formal Pants,Neapolitan
BOM-REL-SE-5250-CHARCOAL-36,Formal Pants,Neapolitan
BOM-REL-SE-5251-CHARCOAL-38,Formal Pants,Neapolitan
BOM-REL-SE-6320-BROWN-28,Formal Pants,Neapolitan
BOM-REL-SE-6321-BROWN-30,Formal Pants,Neapolitan
BOM-REL-SE-6322-BROWN-32,Formal Pants,Neapolitan
BOM-REL-SE-6323-BROWN-34,Formal Pants,Neapolitan
BOM-REL-SE-6324-BROWN-36,Formal Pants,Neapolitan
BOM-REL-SE-6325-BROWN-38,Formal Pants,Neapolitan
BOM-REL-SE-6338-BLUE-28,Formal Pants,Neapolitan
BOM-REL-SE-6339-BLUE-30,Formal Pants,Neapolitan
BOM-REL-SE-6340-BLUE-32,Formal Pants,Neapolitan
BOM-REL-SE-6341-BLUE-34,Formal Pants,Neapolitan
BOM-REL-SE-6342-BLUE-36,Formal Pants,Neapolitan
BOM-REL-SE-6343-BLUE-38,Formal Pants,Neapolitan
BOM-REL-SE-6494-BROWN-28,Formal Pants,Neapolitan
BOM-REL-SE-6495-BROWN-30,Formal Pants,Neapolitan
BOM-REL-SE-6496-BROWN-32,Formal Pants,Neapolitan
BOM-REL-SE-6497-BROWN-34,Formal Pants,Neapolitan
BOM-REL-SE-6498-BROWN-36,Formal Pants,Neapolitan
BOM-REL-SE-6499-BROWN-38,Formal Pants,Neapolitan
BOM-RIG-23860-RED32,Jeans,RTW Non-Stretch Jeans
BOM-RIG-23862-RED36,Jeans,RTW Non-Stretch Jeans
BOM-RIG-23865-RED42,Jeans,RTW Non-Stretch Jeans
BOM-RIG-23868-RED48,Jeans,RTW Non-Stretch Jeans
BOM-RIG-23906-KHAKI28,Jeans,RTW Non-Stretch Jeans
BOM-RIG-23916-KHAKI48,Jeans,RTW Non-Stretch Jeans
BOM-RIG-23917-KHAKI50,Jeans,RTW Non-Stretch Jeans
BOM-RIG-23926-BLUE44,Jeans,RTW Non-Stretch Jeans
BOM-RIG-23929-BLUE50,Jeans,RTW Non-Stretch Jeans
BOM-RIG-23930-DARK 28,Jeans,RTW Non-Stretch Jeans
BOM-RIG-23934-DARK 36,Jeans,RTW Non-Stretch Jeans
BOM-RIG-23936-DARK 40,Jeans,RTW Non-Stretch Jeans
BOM-RIG-23937-DARK 42,Jeans,RTW Non-Stretch Jeans
BOM-RIG-23967-MAROO30,Jeans,RTW Non-Stretch Jeans
BOM-RIG-23968-MAROO32,Jeans,RTW Non-Stretch Jeans
BOM-RIG-23969-MAROO34,Jeans,RTW Non-Stretch Jeans
BOM-RIG-23992-KHAKI32,Jeans,RTW Non-Stretch Jeans
BOM-RIG-23993-KHAKI34,Jeans,RTW Non-Stretch Jeans
BOM-RIG-23994-KHAKI36,Jeans,RTW Non-Stretch Jeans
BOM-RIG-23996-KHAKI40,Jeans,RTW Non-Stretch Jeans
BOM-RIG-24005-WHITE34,Jeans,RTW Non-Stretch Jeans
BOM-RIG-24334-BLUE44,Jeans,RTW Non-Stretch Jeans
BOM-RIG-24337-BLUE50,Jeans,RTW Non-Stretch Jeans
BOM-RIG-24349-BLACK50,Jeans,RTW Non-Stretch Jeans
BOM-RIG-26308-MID B28,Jeans,RTW Non-Stretch Jeans
BOM-RIG-26309-MID B30,Jeans,RTW Non-Stretch Jeans
BOM-RIG-26310-MID B32,Jeans,RTW Non-Stretch Jeans
BOM-RIG-26311-MID B34,Jeans,RTW Non-Stretch Jeans
BOM-RIG-26312-MID B36,Jeans,RTW Non-Stretch Jeans
BOM-RIG-26313-MID B38,Jeans,RTW Non-Stretch Jeans
BOM-RIG-26314-MID B40,Jeans,RTW Non-Stretch Jeans
BOM-RIG-26315-MID B42,Jeans,RTW Non-Stretch Jeans
BOM-RIG-HE-1655-BLUE-28,Jeans,RTW Non-Stretch Jeans
BOM-RIG-HE-1656-BLUE-30,Jeans,RTW Non-Stretch Jeans
BOM-RIG-HE-1657-BLUE-32,Jeans,RTW Non-Stretch Jeans
BOM-RIG-HE-1658-BLUE-34,Jeans,RTW Non-Stretch Jeans
BOM-RIG-HE-1659-BLUE-36,Jeans,RTW Non-Stretch Jeans
BOM-RIG-HE-1660-BLUE-38,Jeans,RTW Non-Stretch Jeans
BOM-RIG-HE-561-DARK BLUE-28,Jeans,RTW Non-Stretch Jeans
BOM-RIG-HE-562-DARK BLUE-30,Jeans,RTW Non-Stretch Jeans
BOM-RIG-HE-563-DARK BLUE-32,Jeans,RTW Non-Stretch Jeans
BOM-RIG-HE-564-DARK BLUE-34,Jeans,RTW Non-Stretch Jeans
BOM-RIG-HE-565-DARK BLUE-36,Jeans,RTW Non-Stretch Jeans
BOM-RIG-HE-566-DARK BLUE-38,Jeans,RTW Non-Stretch Jeans
BOM-SHA-32231-DARK 36,Jackets,Shacket
BOM-SHA-32232-DARK 38,Jackets,Shacket
BOM-SHA-32233-DARK 40,Jackets,Shacket
BOM-SHA-32234-DARK 42,Jackets,Shacket
BOM-SHA-32235-DARK 44,Jackets,Shacket
BOM-SHA-32236-DARK 46,Jackets,Shacket
BOM-SHA-32237-DARK 48,Jackets,Shacket
BOM-SHA-32240-BROWN38,Jackets,Shacket
BOM-SHA-32241-BROWN40,Jackets,Shacket
BOM-SHA-32242-BROWN42,Jackets,Shacket
BOM-SHA-32243-BROWN44,Jackets,Shacket
BOM-SHA-32244-BROWN46,Jackets,Shacket
BOM-SHA-32247-NAVY36,Jackets,Shacket
BOM-SHA-32248-NAVY38,Jackets,Shacket
BOM-SHA-32249-NAVY40,Jackets,Shacket
BOM-SHA-32250-NAVY42,Jackets,Shacket
BOM-SHA-32251-NAVY44,Jackets,Shacket
BOM-SHA-32252-NAVY46,Jackets,Shacket
BOM-SHA-32253-NAVY48,Jackets,Shacket
BOM-SHA-32255-OLIVE36,Jackets,Shacket
BOM-SHA-32256-OLIVE38,Jackets,Shacket
BOM-SHA-32257-OLIVE40,Jackets,Shacket
BOM-SHA-32258-OLIVE42,Jackets,Shacket
BOM-SHA-32259-OLIVE44,Jackets,Shacket
BOM-SHA-32260-OLIVE46,Jackets,Shacket
BOM-SHA-32261-OLIVE48,Jackets,Shacket
BOM-SHA-32263-BROWN36,Jackets,Shacket
BOM-SHA-32264-BROWN38,Jackets,Shacket
BOM-SHA-32265-BROWN40,Jackets,Shacket
BOM-SHA-32266-BROWN42,Jackets,Shacket
BOM-SHA-32267-BROWN44,Jackets,Shacket
BOM-SHA-32268-BROWN46,Jackets,Shacket
BOM-SHA-32269-BROWN48,Jackets,Shacket
BOM-SHA-32271-BLUE36,Jackets,Shacket
BOM-SHA-32272-BLUE38,Jackets,Shacket
BOM-SHA-32273-BLUE40,Jackets,Shacket
BOM-SHA-32274-BLUE42,Jackets,Shacket
BOM-SHA-32275-BLUE44,Jackets,Shacket
BOM-SHA-32276-BLUE46,Jackets,Shacket
BOM-SHA-32277-BLUE48,Jackets,Shacket
BOM-SHA-33614-BLUE36,Jackets,Shacket
BOM-SHA-33615-BLUE38,Jackets,Shacket
BOM-SHA-33616-BLUE40,Jackets,Shacket
BOM-SHA-33617-BLUE42,Jackets,Shacket
BOM-SHA-33618-BLUE44,Jackets,Shacket
BOM-SHA-33619-BLUE46,Jackets,Shacket
BOM-SHA-33620-BLUE48,Jackets,Shacket
BOM-SHA-33622-KHAKI36,Jackets,Shacket
BOM-SHA-33623-KHAKI38,Jackets,Shacket
BOM-SHA-33624-KHAKI40,Jackets,Shacket
BOM-SHA-33625-KHAKI42,Jackets,Shacket
BOM-SHA-33626-KHAKI44,Jackets,Shacket
BOM-SHA-33627-KHAKI46,Jackets,Shacket
BOM-SHA-33628-KHAKI48,Jackets,Shacket
BOM-SHA-33630-LIGHT36,Jackets,Shacket
BOM-SHA-33631-LIGHT38,Jackets,Shacket
BOM-SHA-33632-LIGHT40,Jackets,Shacket
BOM-SHA-33633-LIGHT42,Jackets,Shacket
BOM-SHA-33634-LIGHT44,Jackets,Shacket
BOM-SHA-33635-LIGHT46,Jackets,Shacket
BOM-SHA-33636-LIGHT48,Jackets,Shacket
BOM-SHA-RE-100-NAVY-38,Jackets,Shacket
BOM-SHA-RE-101-NAVY-40,Jackets,Shacket
BOM-SHA-RE-1014-ROYAL BLUE-36,Jackets,Shacket
BOM-SHA-RE-1015-ROYAL BLUE-38,Jackets,Shacket
BOM-SHA-RE-1016-ROYAL BLUE-40,Jackets,Shacket
BOM-SHA-RE-1017-ROYAL BLUE-42,Jackets,Shacket
BOM-SHA-RE-1018-ROYAL BLUE-44,Jackets,Shacket
BOM-SHA-RE-1019-ROYAL BLUE-46,Jackets,Shacket
BOM-SHA-RE-102-NAVY-42,Jackets,Shacket
BOM-SHA-RE-1020-ROYAL BLUE-48,Jackets,Shacket
BOM-SHA-RE-103-NAVY-44,Jackets,Shacket
BOM-SHA-RE-104-NAVY-46,Jackets,Shacket
BOM-SHA-RE-105-NAVY-48,Jackets,Shacket
BOM-SHA-RE-1486-NAVY-36,Jackets,Shacket
BOM-SHA-RE-1487-NAVY-38,Jackets,Shacket
BOM-SHA-RE-1488-NAVY-40,Jackets,Shacket
BOM-SHA-RE-1489-NAVY-42,Jackets,Shacket
BOM-SHA-RE-1490-NAVY-44,Jackets,Shacket
BOM-SHA-RE-1491-NAVY-48,Jackets,Shacket
BOM-SHA-RE-1667-BROWN-36,Jackets,Shacket
BOM-SHA-RE-1668-BROWN-38,Jackets,Shacket
BOM-SHA-RE-1669-BROWN-40,Jackets,Shacket
BOM-SHA-RE-1670-BROWN-42,Jackets,Shacket
BOM-SHA-RE-1671-BROWN-44,Jackets,Shacket
BOM-SHA-RE-1672-BROWN-48,Jackets,Shacket
BOM-SHA-RE-1692-NAVY-46,Jackets,Shacket
BOM-SHA-RE-1693-BROWN-46,Jackets,Shacket
BOM-SHA-RE-438-DARK GREY-36,Jackets,Shacket
BOM-SHA-RE-439-DARK GREY-38,Jackets,Shacket
BOM-SHA-RE-440-DARK GREY-40,Jackets,Shacket
BOM-SHA-RE-441-DARK GREY-42,Jackets,Shacket
BOM-SHA-RE-442-DARK GREY-44,Jackets,Shacket
BOM-SHA-RE-4423-BEIGE-36,Jackets,Shacket
BOM-SHA-RE-4424-BEIGE-38,Jackets,Shacket
BOM-SHA-RE-4425-BEIGE-40,Jackets,Shacket
BOM-SHA-RE-4426-BEIGE-42,Jackets,Shacket
BOM-SHA-RE-4427-BEIGE-44,Jackets,Shacket
BOM-SHA-RE-4428-BEIGE-46,Jackets,Shacket
BOM-SHA-RE-4429-BEIGE-48,Jackets,Shacket
BOM-SHA-RE-443-DARK GREY-46,Jackets,Shacket
BOM-SHA-RE-4430-ECRU-36,Jackets,Shacket
BOM-SHA-RE-4431-ECRU-38,Jackets,Shacket
BOM-SHA-RE-4432-ECRU-40,Jackets,Shacket
BOM-SHA-RE-4433-ECRU-42,Jackets,Shacket
BOM-SHA-RE-4434-ECRU-44,Jackets,Shacket
BOM-SHA-RE-4435-ECRU-46,Jackets,Shacket
BOM-SHA-RE-4436-ECRU-48,Jackets,Shacket
BOM-SHA-RE-4437-GREEN-36,Jackets,Shacket
BOM-SHA-RE-4438-GREEN-38,Jackets,Shacket
BOM-SHA-RE-4439-GREEN-40,Jackets,Shacket
BOM-SHA-RE-444-DARK GREY-48,Jackets,Shacket
BOM-SHA-RE-4440-GREEN-42,Jackets,Shacket
BOM-SHA-RE-4441-GREEN-44,Jackets,Shacket
BOM-SHA-RE-4442-GREEN-46,Jackets,Shacket
BOM-SHA-RE-4443-GREEN-48,Jackets,Shacket
BOM-SHA-RE-446-KHAKI-36,Jackets,Shacket
BOM-SHA-RE-447-KHAKI-38,Jackets,Shacket
BOM-SHA-RE-448-KHAKI-40,Jackets,Shacket
BOM-SHA-RE-449-KHAKI-42,Jackets,Shacket
BOM-SHA-RE-450-KHAKI-44,Jackets,Shacket
BOM-SHA-RE-451-KHAKI-46,Jackets,Shacket
BOM-SHA-RE-452-KHAKI-48,Jackets,Shacket
BOM-SHA-RE-454-DARK BROWN-36,Jackets,Shacket
BOM-SHA-RE-455-DARK BROWN-38,Jackets,Shacket
BOM-SHA-RE-456-DARK BROWN-40,Jackets,Shacket
BOM-SHA-RE-457-DARK BROWN-42,Jackets,Shacket
BOM-SHA-RE-458-DARK BROWN-44,Jackets,Shacket
BOM-SHA-RE-459-DARK BROWN-46,Jackets,Shacket
BOM-SHA-RE-460-DARK BROWN-48,Jackets,Shacket
BOM-SHA-RE-463-OLIVE-38,Jackets,Shacket
BOM-SHA-RE-464-OLIVE-40,Jackets,Shacket
BOM-SHA-RE-465-OLIVE-42,Jackets,Shacket
BOM-SHA-RE-466-OLIVE-44,Jackets,Shacket
BOM-SHA-RE-467-OLIVE-46,Jackets,Shacket
BOM-SHA-RE-468-OLIVE-48,Jackets,Shacket
BOM-SHA-RE-6248-MID BLUE-36,Jackets,Shacket
BOM-SHA-RE-6249-MID BLUE-38,Jackets,Shacket
BOM-SHA-RE-6250-MID BLUE-40,Jackets,Shacket
BOM-SHA-RE-6251-MID BLUE-42,Jackets,Shacket
BOM-SHA-RE-6252-MID BLUE-44,Jackets,Shacket
BOM-SHA-RE-6253-MID BLUE-46,Jackets,Shacket
BOM-SHA-RE-6254-MID BLUE-48,Jackets,Shacket
BOM-SHA-RE-6256-KHAKHI-36,Jackets,Shacket
BOM-SHA-RE-6257-KHAKHI-38,Jackets,Shacket
BOM-SHA-RE-6258-KHAKHI-40,Jackets,Shacket
BOM-SHA-RE-6259-KHAKHI-42,Jackets,Shacket
BOM-SHA-RE-6260-KHAKHI-44,Jackets,Shacket
BOM-SHA-RE-6261-KHAKHI-46,Jackets,Shacket
BOM-SHA-RE-6262-KHAKHI-48,Jackets,Shacket
BOM-SHA-RE-6264-OLIVE-36,Jackets,Shacket
BOM-SHA-RE-6265-OLIVE-38,Jackets,Shacket
BOM-SHA-RE-6266-OLIVE-40,Jackets,Shacket
BOM-SHA-RE-6267-OLIVE-42,Jackets,Shacket
BOM-SHA-RE-6268-OLIVE-44,Jackets,Shacket
BOM-SHA-RE-6269-OLIVE-46,Jackets,Shacket
BOM-SHA-RE-6270-OLIVE-48,Jackets,Shacket
BOM-SHA-RE-6272-MAROON-36,Jackets,Shacket
BOM-SHA-RE-6273-MAROON-38,Jackets,Shacket
BOM-SHA-RE-6274-MAROON-40,Jackets,Shacket
BOM-SHA-RE-6275-MAROON-42,Jackets,Shacket
BOM-SHA-RE-6276-MAROON-44,Jackets,Shacket
BOM-SHA-RE-6277-MAROON-46,Jackets,Shacket
BOM-SHA-RE-6278-MAROON-48,Jackets,Shacket
BOM-SHA-RE-6280-NAVY-36,Jackets,Shacket
BOM-SHA-RE-6281-NAVY-38,Jackets,Shacket
BOM-SHA-RE-6282-NAVY-40,Jackets,Shacket
BOM-SHA-RE-6283-NAVY-42,Jackets,Shacket
BOM-SHA-RE-6284-NAVY-44,Jackets,Shacket
BOM-SHA-RE-6285-NAVY-46,Jackets,Shacket
BOM-SHA-RE-6286-NAVY-48,Jackets,Shacket
BOM-SHA-RE-6288-DARK KHAKHI-36,Jackets,Shacket
BOM-SHA-RE-6289-DARK KHAKHI-38,Jackets,Shacket
BOM-SHA-RE-6290-DARK KHAKHI-40,Jackets,Shacket
BOM-SHA-RE-6291-DARK KHAKHI-42,Jackets,Shacket
BOM-SHA-RE-6292-DARK KHAKHI-44,Jackets,Shacket
BOM-SHA-RE-6293-DARK KHAKHI-46,Jackets,Shacket
BOM-SHA-RE-6294-DARK KHAKHI-48,Jackets,Shacket
BOM-SHA-RE-6582-LIGHT BLUE-36,Jackets,Shacket
BOM-SHA-RE-6583-LIGHT BLUE-38,Jackets,Shacket
BOM-SHA-RE-6584-LIGHT BLUE-40,Jackets,Shacket
BOM-SHA-RE-6585-LIGHT BLUE-42,Jackets,Shacket
BOM-SHA-RE-6586-LIGHT BLUE-44,Jackets,Shacket
BOM-SHA-RE-6587-LIGHT BLUE-46,Jackets,Shacket
BOM-SHA-RE-6588-LIGHT BLUE-48,Jackets,Shacket
BOM-SHA-RE-8059-DARK GREEN-36,Jackets,Shacket
BOM-SHA-RE-8060-DARK GREEN-38,Jackets,Shacket
BOM-SHA-RE-8061-DARK GREEN-40,Jackets,Shacket
BOM-SHA-RE-8062-DARK GREEN-42,Jackets,Shacket
BOM-SHA-RE-8063-DARK GREEN-44,Jackets,Shacket
BOM-SHA-RE-8064-DARK GREEN-46,Jackets,Shacket
BOM-SHA-RE-8065-DARK GREEN-48,Jackets,Shacket
BOM-SHA-RE-99-NAVY-36,Jackets,Shacket
BOM-SHI-21608-GREY36,RTW Shirts,Formal Solid
BOM-SHI-21609-GREY38,RTW Shirts,Formal Solid
BOM-SHI-21610-GREY40,RTW Shirts,Formal Solid
BOM-SHI-21611-GREY42,RTW Shirts,Formal Solid
BOM-SHI-21612-GREY44,RTW Shirts,Formal Solid
BOM-SHI-21613-GREY46,RTW Shirts,Formal Solid
BOM-SHI-21614-PINK36,RTW Shirts,Formal Solid
BOM-SHI-21615-PINK38,RTW Shirts,Formal Solid
BOM-SHI-21616-PINK40,RTW Shirts,Formal Solid
BOM-SHI-21618-PINK44,RTW Shirts,Formal Solid
BOM-SHI-21622-LIGHT40,RTW Shirts,Formal Solid
BOM-SHI-21624-LIGHT44,RTW Shirts,Formal Solid
BOM-SHI-21625-LIGHT46,RTW Shirts,Formal Solid
BOM-SHI-21626-DARK 36,RTW Shirts,Formal Solid
BOM-SHI-21628-DARK 40,RTW Shirts,Formal Solid
BOM-SHI-21631-DARK 46,RTW Shirts,Formal Solid
BOM-SHI-21633-MAROO38,RTW Shirts,Formal Solid
BOM-SHI-21635-MAROO42,RTW Shirts,Formal Solid
BOM-SHI-21637-MAROO46,RTW Shirts,Formal Solid
BOM-SHI-21638-MAROO36,RTW Shirts,Formal Solid
BOM-SHI-21641-WHITE40,RTW Shirts,Casual Solid
BOM-SHI-21642-WHITE42,RTW Shirts,Casual Solid
BOM-SHI-21644-WHITE46,RTW Shirts,Casual Solid
BOM-SHI-21645-LIGHT36,RTW Shirts,Casual Solid
BOM-SHI-21646-LIGHT38,RTW Shirts,Casual Solid
BOM-SHI-21647-LIGHT40,RTW Shirts,Casual Solid
BOM-SHI-21648-LIGHT42,RTW Shirts,Casual Solid
BOM-SHI-21649-LIGHT44,RTW Shirts,Casual Solid
BOM-SHI-21650-LIGHT46,RTW Shirts,Casual Solid
BOM-SHI-21651-GREEN36,RTW Shirts,Casual Solid
BOM-SHI-21653-GREEN40,RTW Shirts,Casual Solid
BOM-SHI-21654-GREEN42,RTW Shirts,Casual Solid
BOM-SHI-21655-GREEN44,RTW Shirts,Casual Solid
BOM-SHI-21656-GREEN46,RTW Shirts,Casual Solid
BOM-SHI-21659-GREEN40,RTW Shirts,Casual Solid
BOM-SHI-21663-NAVY36,RTW Shirts,Casual Solid
BOM-SHI-21665-NAVY40,RTW Shirts,Casual Solid
BOM-SHI-21667-NAVY44,RTW Shirts,Casual Solid
BOM-SHI-21668-NAVY46,RTW Shirts,Casual Solid
BOM-SHI-21671-LIGHT40,RTW Shirts,Casual Solid
BOM-SHI-21672-LIGHT42,RTW Shirts,Casual Solid
BOM-SHI-21673-LIGHT44,RTW Shirts,Casual Solid
BOM-SHI-21674-LIGHT46,RTW Shirts,Casual Solid
BOM-SHI-21675-MID B36,RTW Shirts,Casual Solid
BOM-SHI-21679-MID B44,RTW Shirts,Casual Solid
BOM-SHI-21680-MID B46,RTW Shirts,Casual Solid
BOM-SHI-21681-NAVY36,RTW Shirts,Casual Solid
BOM-SHI-21682-NAVY38,RTW Shirts,Casual Solid
BOM-SHI-21684-NAVY42,RTW Shirts,Casual Solid
BOM-SHI-21685-NAVY44,RTW Shirts,Casual Solid
BOM-SHI-21686-NAVY46,RTW Shirts,Casual Solid
BOM-SHI-21689-BLACK40,RTW Shirts,Casual Solid
BOM-SHI-21690-BLACK42,RTW Shirts,Casual Solid
BOM-SHI-21705-WHITE36,RTW Shirts,Casual Solid
BOM-SHI-21707-WHITE40,RTW Shirts,Casual Solid
BOM-SHI-21708-WHITE42,RTW Shirts,Casual Solid
BOM-SHI-21709-WHITE44,RTW Shirts,Casual Solid
BOM-SHI-21710-WHITE46,RTW Shirts,Casual Solid
BOM-SHI-21711-NAVY36,RTW Shirts,Casual Solid
BOM-SHI-21712-NAVY38,RTW Shirts,Casual Solid
BOM-SHI-21716-NAVY46,RTW Shirts,Casual Solid
BOM-SHI-21717-GREY36,RTW Shirts,Casual Solid
BOM-SHI-21720-GREY42,RTW Shirts,Casual Solid
BOM-SHI-21722-GREY46,RTW Shirts,Casual Solid
BOM-SHI-21725-GREEN40,RTW Shirts,Casual Solid
BOM-SHI-21732-LIGHT42,RTW Shirts,Casual Solid
BOM-SHI-21733-LIGHT44,RTW Shirts,Casual Solid
BOM-SHI-21741-WHITE36,RTW Shirts,Formal Solid
BOM-SHI-21742-WHITE38,RTW Shirts,Formal Solid
BOM-SHI-21743-WHITE40,RTW Shirts,Formal Solid
BOM-SHI-21744-WHITE42,RTW Shirts,Formal Solid
BOM-SHI-21745-WHITE44,RTW Shirts,Formal Solid
BOM-SHI-21748-LIGHT38,RTW Shirts,Formal Solid
BOM-SHI-21749-LIGHT40,RTW Shirts,Formal Solid
BOM-SHI-21751-LIGHT44,RTW Shirts,Formal Solid
BOM-SHI-21752-LIGHT46,RTW Shirts,Formal Solid
BOM-SHI-21755-GREEN40,RTW Shirts,Formal Solid
BOM-SHI-21756-GREEN42,RTW Shirts,Formal Solid
BOM-SHI-21757-GREEN44,RTW Shirts,Formal Solid
BOM-SHI-21759-NAVY36,RTW Shirts,Formal Solid
BOM-SHI-21760-NAVY38,RTW Shirts,Formal Solid
BOM-SHI-21761-NAVY40,RTW Shirts,Formal Solid
BOM-SHI-21762-NAVY42,RTW Shirts,Formal Solid
BOM-SHI-21763-NAVY44,RTW Shirts,Formal Solid
BOM-SHI-21764-NAVY46,RTW Shirts,Formal Solid
BOM-SHI-21765-BLACK36,RTW Shirts,Formal Solid
BOM-SHI-21766-BLACK38,RTW Shirts,Formal Solid
BOM-SHI-21767-BLACK40,RTW Shirts,Formal Solid
BOM-SHI-21768-BLACK42,RTW Shirts,Formal Solid
BOM-SHI-21770-BLACK46,RTW Shirts,Formal Solid
BOM-SHI-21771-GREY36,RTW Shirts,Formal Checks
BOM-SHI-21772-GREY38,RTW Shirts,Formal Checks
BOM-SHI-21775-GREY44,RTW Shirts,Formal Checks
BOM-SHI-21776-GREY46,RTW Shirts,Formal Checks
BOM-SHI-21786-PINK42,RTW Shirts,Formal Checks
BOM-SHI-21788-PINK46,RTW Shirts,Formal Checks
BOM-SHI-21789-LIGHT36,RTW Shirts,Formal Checks
BOM-SHI-21790-LIGHT38,RTW Shirts,Formal Checks
BOM-SHI-21793-LIGHT44,RTW Shirts,Formal Checks
BOM-SHI-21796-MID B38,RTW Shirts,Formal Checks
BOM-SHI-21797-MID B40,RTW Shirts,Formal Checks
BOM-SHI-21807-PURPL36,RTW Shirts,Formal Checks
BOM-SHI-21808-PURPL38,RTW Shirts,Formal Checks
BOM-SHI-21809-PURPL40,RTW Shirts,Formal Checks
BOM-SHI-21810-PURPL42,RTW Shirts,Formal Checks
BOM-SHI-21811-PURPL44,RTW Shirts,Formal Checks
BOM-SHI-21812-PURPL46,RTW Shirts,Formal Checks
BOM-SHI-21813-GREY36,RTW Shirts,Formal Stripes
BOM-SHI-21815-GREY40,RTW Shirts,Formal Stripes
BOM-SHI-21816-GREY42,RTW Shirts,Formal Stripes
BOM-SHI-21817-GREY44,RTW Shirts,Formal Stripes
BOM-SHI-21819-PINK36,RTW Shirts,Formal Stripes
BOM-SHI-21824-PINK46,RTW Shirts,Formal Stripes
BOM-SHI-21825-MID B36,RTW Shirts,Formal Stripes
BOM-SHI-21826-MID B38,RTW Shirts,Formal Stripes
BOM-SHI-21827-MID B40,RTW Shirts,Formal Stripes
BOM-SHI-21828-MID B42,RTW Shirts,Formal Stripes
BOM-SHI-21829-MID B44,RTW Shirts,Formal Stripes
BOM-SHI-21831-LIGHT36,RTW Shirts,Formal Stripes
BOM-SHI-21832-LIGHT38,RTW Shirts,Formal Stripes
BOM-SHI-21833-LIGHT40,RTW Shirts,Formal Stripes
BOM-SHI-21835-LIGHT44,RTW Shirts,Formal Stripes
BOM-SHI-21836-LIGHT46,RTW Shirts,Formal Stripes
BOM-SHI-21837-LIGHT36,RTW Shirts,Formal Checks
BOM-SHI-21838-LIGHT38,RTW Shirts,Formal Checks
BOM-SHI-21840-LIGHT42,RTW Shirts,Formal Checks
BOM-SHI-21841-LIGHT44,RTW Shirts,Formal Checks
BOM-SHI-21842-LIGHT46,RTW Shirts,Formal Checks
BOM-SHI-21855-GREY36,RTW Shirts,Formal Checks
BOM-SHI-21857-GREY40,RTW Shirts,Formal Checks
BOM-SHI-21859-GREY44,RTW Shirts,Formal Checks
BOM-SHI-21861-PURPL36,RTW Shirts,Formal Checks
BOM-SHI-21862-PURPL38,RTW Shirts,Formal Checks
BOM-SHI-21863-PURPL40,RTW Shirts,Formal Checks
BOM-SHI-21865-PURPL44,RTW Shirts,Formal Checks
BOM-SHI-21866-PURPL46,RTW Shirts,Formal Checks
BOM-SHI-21867-PINK36,RTW Shirts,Formal Checks
BOM-SHI-21868-PINK38,RTW Shirts,Formal Checks
BOM-SHI-21871-PINK44,RTW Shirts,Formal Checks
BOM-SHI-21885-GREEN36,RTW Shirts,Formal Checks
BOM-SHI-21886-GREEN38,RTW Shirts,Formal Checks
BOM-SHI-21888-GREEN42,RTW Shirts,Formal Checks
BOM-SHI-21889-GREEN44,RTW Shirts,Formal Checks
BOM-SHI-21890-GREEN46,RTW Shirts,Formal Checks
BOM-SHI-21942-LIGHT42,RTW Shirts,Casual Checks + Stripes
BOM-SHI-21943-LIGHT44,RTW Shirts,Casual Checks + Stripes
BOM-SHI-21956-MID B46,RTW Shirts,Casual Checks + Stripes
BOM-SHI-21963-PURPL36,RTW Shirts,Casual Checks + Stripes
BOM-SHI-21965-PURPL40,RTW Shirts,Casual Checks + Stripes
BOM-SHI-21967-PURPL44,RTW Shirts,Casual Checks + Stripes
BOM-SHI-21968-PURPL46,RTW Shirts,Casual Checks + Stripes
BOM-SHI-21999-GREY36,RTW Shirts,Casual Solid
BOM-SHI-22000-GREY38,RTW Shirts,Casual Solid
BOM-SHI-22001-GREY40,RTW Shirts,Casual Solid
BOM-SHI-22002-GREY42,RTW Shirts,Casual Solid
BOM-SHI-22003-GREY44,RTW Shirts,Casual Solid
BOM-SHI-22004-GREY46,RTW Shirts,Casual Solid
BOM-SHI-22006-MID B38,RTW Shirts,Casual Solid
BOM-SHI-22007-MID B40,RTW Shirts,Casual Solid
BOM-SHI-22008-MID B42,RTW Shirts,Casual Solid
BOM-SHI-22010-MID B46,RTW Shirts,Casual Solid
BOM-SHI-22059-GREEN36,RTW Shirts,Casual Solid
BOM-SHI-22062-GREEN42,RTW Shirts,Casual Solid
BOM-SHI-22064-GREEN46,RTW Shirts,Casual Solid
BOM-SHI-22077-BROWN36,RTW Shirts,Casual Solid
BOM-SHI-22080-BROWN42,RTW Shirts,Casual Solid
BOM-SHI-22081-BROWN44,RTW Shirts,Casual Solid
BOM-SHI-22092-BLACK42,RTW Shirts,Formal Solid
BOM-SHI-22093-BLACK44,RTW Shirts,Formal Solid
BOM-SHI-22119-GREEN36,RTW Shirts,Casual Print
BOM-SHI-22121-GREEN40,RTW Shirts,Casual Print
BOM-SHI-22122-GREEN42,RTW Shirts,Casual Print
BOM-SHI-22123-GREEN44,RTW Shirts,Casual Print
BOM-SHI-22124-GREEN46,RTW Shirts,Casual Print
BOM-SHI-22125-NAVY36,RTW Shirts,Casual Print
BOM-SHI-22126-NAVY38,RTW Shirts,Casual Print
BOM-SHI-22127-NAVY40,RTW Shirts,Casual Print
BOM-SHI-22128-NAVY42,RTW Shirts,Casual Print
BOM-SHI-22129-NAVY44,RTW Shirts,Casual Print
BOM-SHI-22130-NAVY46,RTW Shirts,Casual Print
BOM-SHI-22131-MULTI36,RTW Shirts,Casual Print
BOM-SHI-22132-MULTI38,RTW Shirts,Casual Print
BOM-SHI-22133-MULTI40,RTW Shirts,Casual Print
BOM-SHI-22134-MULTI42,RTW Shirts,Casual Print
BOM-SHI-22136-MULTI46,RTW Shirts,Casual Print
BOM-SHI-22137-NAVY36,RTW Shirts,Casual Print
BOM-SHI-22138-NAVY38,RTW Shirts,Casual Print
BOM-SHI-22139-NAVY40,RTW Shirts,Casual Print
BOM-SHI-22140-NAVY42,RTW Shirts,Casual Print
BOM-SHI-22141-NAVY44,RTW Shirts,Casual Print
BOM-SHI-22142-NAVY46,RTW Shirts,Casual Print
BOM-SHI-22179-GREEN36,RTW Shirts,Casual Print
BOM-SHI-22180-GREEN38,RTW Shirts,Casual Print
BOM-SHI-22181-GREEN40,RTW Shirts,Casual Print
BOM-SHI-22182-GREEN42,RTW Shirts,Casual Print
BOM-SHI-22183-GREEN44,RTW Shirts,Casual Print
BOM-SHI-22184-GREEN46,RTW Shirts,Casual Print
BOM-SHI-22197-LIGHT36,RTW Shirts,Casual Print
BOM-SHI-22198-LIGHT38,RTW Shirts,Casual Print
BOM-SHI-22200-LIGHT42,RTW Shirts,Casual Print
BOM-SHI-22201-LIGHT44,RTW Shirts,Casual Print
BOM-SHI-22202-LIGHT46,RTW Shirts,Casual Print
BOM-SHI-22210-ECRU38,RTW Shirts,Casual Print
BOM-SHI-22212-ECRU42,RTW Shirts,Casual Print
BOM-SHI-22215-PURPL36,RTW Shirts,Formal Stripes
BOM-SHI-22218-PURPL42,RTW Shirts,Formal Stripes
BOM-SHI-22245-MULTI36,RTW Shirts,Casual Checks + Stripes
BOM-SHI-22246-MULTI38,RTW Shirts,Casual Checks + Stripes
BOM-SHI-22247-MULTI40,RTW Shirts,Casual Checks + Stripes
BOM-SHI-22248-MULTI42,RTW Shirts,Casual Checks + Stripes
BOM-SHI-22249-MULTI44,RTW Shirts,Casual Checks + Stripes
BOM-SHI-22250-MULTI46,RTW Shirts,Casual Checks + Stripes
BOM-SHI-22269-MID B36,RTW Shirts,Casual Checks + Stripes
BOM-SHI-22270-MID B38,RTW Shirts,Casual Checks + Stripes
BOM-SHI-22272-MID B42,RTW Shirts,Casual Checks + Stripes
BOM-SHI-22274-MID B46,RTW Shirts,Casual Checks + Stripes
BOM-SHI-22312-GREY38,RTW Shirts,Casual Checks + Stripes
BOM-SHI-22313-GREY40,RTW Shirts,Casual Checks + Stripes
BOM-SHI-22314-GREY42,RTW Shirts,Casual Checks + Stripes
BOM-SHI-22316-GREY46,RTW Shirts,Casual Checks + Stripes
BOM-SHI-22326-PINK42,RTW Shirts,Formal Solid
BOM-SHI-22327-PINK44,RTW Shirts,Formal Solid
BOM-SHI-22353-LIGHT36,RTW Shirts,Solid Cuban
BOM-SHI-22356-LIGHT42,RTW Shirts,Solid Cuban
BOM-SHI-22357-LIGHT44,RTW Shirts,Solid Cuban
BOM-SHI-22358-LIGHT46,RTW Shirts,Solid Cuban
BOM-SHI-22359-LIGHT36,RTW Shirts,Formal Solid
BOM-SHI-22360-LIGHT38,RTW Shirts,Formal Solid
BOM-SHI-22361-LIGHT40,RTW Shirts,Formal Solid
BOM-SHI-22362-LIGHT42,RTW Shirts,Formal Solid
BOM-SHI-22363-LIGHT44,RTW Shirts,Formal Solid
BOM-SHI-22364-LIGHT46,RTW Shirts,Formal Solid
BOM-SHI-22366-YELLO38,RTW Shirts,Formal Solid
BOM-SHI-22367-YELLO40,RTW Shirts,Formal Solid
BOM-SHI-22371-WHITE36,RTW Shirts,Formal Solid
BOM-SHI-22372-WHITE38,RTW Shirts,Formal Solid
BOM-SHI-22374-WHITE42,RTW Shirts,Formal Solid
BOM-SHI-22376-WHITE46,RTW Shirts,Formal Solid
BOM-SHI-22385-WHITE40,RTW Shirts,Solid Cuban
BOM-SHI-22392-BROWN42,RTW Shirts,Solid Cuban
BOM-SHI-22393-BROWN44,RTW Shirts,Solid Cuban
BOM-SHI-22395-GREEN36,RTW Shirts,Casual Solid
BOM-SHI-22397-GREEN40,RTW Shirts,Casual Solid
BOM-SHI-22398-GREEN42,RTW Shirts,Casual Solid
BOM-SHI-22400-GREEN46,RTW Shirts,Casual Solid
BOM-SHI-22401-LIGHT36,RTW Shirts,Formal Checks
BOM-SHI-22403-LIGHT40,RTW Shirts,Formal Checks
BOM-SHI-22405-LIGHT44,RTW Shirts,Formal Checks
BOM-SHI-22406-LIGHT46,RTW Shirts,Formal Checks
BOM-SHI-22407-BROWN36,RTW Shirts,Casual Checks + Stripes
BOM-SHI-22408-BROWN38,RTW Shirts,Casual Checks + Stripes
BOM-SHI-22409-BROWN40,RTW Shirts,Casual Checks + Stripes
BOM-SHI-22413-LIGHT36,RTW Shirts,Formal Checks
BOM-SHI-22415-LIGHT40,RTW Shirts,Formal Checks
BOM-SHI-22416-LIGHT42,RTW Shirts,Formal Checks
BOM-SHI-22417-LIGHT44,RTW Shirts,Formal Checks
BOM-SHI-22419-MID B36,RTW Shirts,Formal Checks
BOM-SHI-22420-MID B38,RTW Shirts,Formal Checks
BOM-SHI-22421-MID B40,RTW Shirts,Formal Checks
BOM-SHI-22422-MID B42,RTW Shirts,Formal Checks
BOM-SHI-22425-GREY36,RTW Shirts,Formal Checks
BOM-SHI-22426-GREY38,RTW Shirts,Formal Checks
BOM-SHI-22427-GREY40,RTW Shirts,Formal Checks
BOM-SHI-22428-GREY42,RTW Shirts,Formal Checks
BOM-SHI-22429-GREY44,RTW Shirts,Formal Checks
BOM-SHI-22479-BLACK36,RTW Shirts,Casual Solid
BOM-SHI-22480-BLACK38,RTW Shirts,Casual Solid
BOM-SHI-22481-BLACK40,RTW Shirts,Casual Solid
BOM-SHI-22482-BLACK42,RTW Shirts,Casual Solid
BOM-SHI-22483-BLACK44,RTW Shirts,Casual Solid
BOM-SHI-22529-LIGHT40,RTW Shirts,Formal Solid
BOM-SHI-22531-LIGHT44,RTW Shirts,Formal Solid
BOM-SHI-22546-GREY38,RTW Shirts,Casual Checks + Stripes
BOM-SHI-22547-GREY40,RTW Shirts,Casual Checks + Stripes
BOM-SHI-22548-GREY42,RTW Shirts,Casual Checks + Stripes
BOM-SHI-22549-GREY44,RTW Shirts,Casual Checks + Stripes
BOM-SHI-22553-MULTI40,RTW Shirts,Casual Checks + Stripes
BOM-SHI-22554-MULTI42,RTW Shirts,Casual Checks + Stripes
BOM-SHI-22560-PINK42,RTW Shirts,Formal Checks
BOM-SHI-22563-GREEN36,RTW Shirts,Casual Checks + Stripes
BOM-SHI-22564-GREEN38,RTW Shirts,Casual Checks + Stripes
BOM-SHI-22565-GREEN40,RTW Shirts,Casual Checks + Stripes
BOM-SHI-22566-GREEN42,RTW Shirts,Casual Checks + Stripes
BOM-SHI-22567-GREEN44,RTW Shirts,Casual Checks + Stripes
BOM-SHI-22568-GREEN46,RTW Shirts,Casual Checks + Stripes
BOM-SHI-22572-WHITE42,RTW Shirts,Formal Solid
BOM-SHI-22573-WHITE44,RTW Shirts,Formal Solid
BOM-SHI-22574-WHITE46,RTW Shirts,Formal Solid
BOM-SHI-22575-NAVY36,RTW Shirts,Casual Print
BOM-SHI-22576-NAVY38,RTW Shirts,Casual Print
BOM-SHI-22579-NAVY44,RTW Shirts,Casual Print
BOM-SHI-22581-NAVY36,RTW Shirts,Casual Solid
BOM-SHI-22583-NAVY40,RTW Shirts,Casual Solid
BOM-SHI-22584-NAVY42,RTW Shirts,Casual Solid
BOM-SHI-22585-NAVY44,RTW Shirts,Casual Solid
BOM-SHI-22586-NAVY46,RTW Shirts,Casual Solid
BOM-SHI-22587-NAVY36,RTW Shirts,Formal Solid
BOM-SHI-22588-NAVY38,RTW Shirts,Formal Solid
BOM-SHI-22589-NAVY40,RTW Shirts,Formal Solid
BOM-SHI-22590-NAVY42,RTW Shirts,Formal Solid
BOM-SHI-22591-NAVY44,RTW Shirts,Formal Solid
BOM-SHI-22592-NAVY46,RTW Shirts,Formal Solid
BOM-SHI-22593-MAROO36,RTW Shirts,Formal Solid
BOM-SHI-22595-MAROO40,RTW Shirts,Formal Solid
BOM-SHI-22596-MAROO42,RTW Shirts,Formal Solid
BOM-SHI-22597-MAROO44,RTW Shirts,Formal Solid
BOM-SHI-22611-BLACK36,RTW Shirts,Formal Solid
BOM-SHI-22612-BLACK38,RTW Shirts,Formal Solid
BOM-SHI-22613-BLACK40,RTW Shirts,Formal Solid
BOM-SHI-22615-BLACK44,RTW Shirts,Formal Solid
BOM-SHI-22656-MID B42,RTW Shirts,Formal Solid
BOM-SHI-22657-MID B44,RTW Shirts,Formal Solid
BOM-SHI-22658-MID B46,RTW Shirts,Formal Solid
BOM-SHI-22695-MID B36,RTW Shirts,Casual Solid
BOM-SHI-22698-MID B42,RTW Shirts,Casual Solid
BOM-SHI-22713-LIGHT36,RTW Shirts,Formal Solid
BOM-SHI-22720-NAVY38,RTW Shirts,Casual Solid
BOM-SHI-22721-NAVY40,RTW Shirts,Casual Solid
BOM-SHI-22722-NAVY42,RTW Shirts,Casual Solid
BOM-SHI-22723-NAVY44,RTW Shirts,Casual Solid
BOM-SHI-22724-NAVY46,RTW Shirts,Casual Solid
BOM-SHI-22739-BLACK40,RTW Shirts,Casual Print
BOM-SHI-22741-BLACK44,RTW Shirts,Casual Print
BOM-SHI-22749-GREY36,RTW Shirts,Casual Print
BOM-SHI-22750-GREY38,RTW Shirts,Casual Print
BOM-SHI-22751-GREY40,RTW Shirts,Casual Print
BOM-SHI-22752-GREY42,RTW Shirts,Casual Print
BOM-SHI-22753-GREY44,RTW Shirts,Casual Print
BOM-SHI-22764-GREY42,RTW Shirts,Formal Solid
BOM-SHI-22767-NAVY36,RTW Shirts,Solid Cuban
BOM-SHI-22769-NAVY40,RTW Shirts,Solid Cuban
BOM-SHI-22770-NAVY42,RTW Shirts,Solid Cuban
BOM-SHI-22779-YELLO36,RTW Shirts,Casual Print
BOM-SHI-22780-YELLO38,RTW Shirts,Casual Print
BOM-SHI-22782-YELLO42,RTW Shirts,Casual Print
BOM-SHI-22789-PURPL44,RTW Shirts,Formal Solid
BOM-SHI-22803-BLACK36,RTW Shirts,Formal Solid
BOM-SHI-22805-BLACK40,RTW Shirts,Formal Solid
BOM-SHI-22806-BLACK42,RTW Shirts,Formal Solid
BOM-SHI-22807-BLACK44,RTW Shirts,Formal Solid
BOM-SHI-22824-NAVY42,RTW Shirts,Formal Solid
BOM-SHI-23583-BROWN36,RTW Shirts,Casual Checks + Stripes
BOM-SHI-23585-BROWN40,RTW Shirts,Casual Checks + Stripes
BOM-SHI-23595-MULTI36,RTW Shirts,Casual Print
BOM-SHI-23596-MULTI38,RTW Shirts,Casual Print
BOM-SHI-23597-MULTI40,RTW Shirts,Casual Print
BOM-SHI-23598-MULTI42,RTW Shirts,Casual Print
BOM-SHI-23599-MULTI44,RTW Shirts,Casual Print
BOM-SHI-23609-BLACK40,RTW Shirts,Casual Print
BOM-SHI-23610-BLACK42,RTW Shirts,Casual Print
BOM-SHI-23611-BLACK44,RTW Shirts,Casual Print
BOM-SHI-23612-BLACK46,RTW Shirts,Casual Print
BOM-SHI-23882-LIGHT36,RTW Shirts,Formal Stripes
BOM-SHI-23883-LIGHT38,RTW Shirts,Formal Stripes
BOM-SHI-23884-LIGHT40,RTW Shirts,Formal Stripes
BOM-SHI-23885-LIGHT42,RTW Shirts,Formal Stripes
BOM-SHI-23886-LIGHT44,RTW Shirts,Formal Stripes
BOM-SHI-23887-LIGHT46,RTW Shirts,Formal Stripes
BOM-SHI-23894-PINK36,RTW Shirts,Formal Solid
BOM-SHI-23895-PINK38,RTW Shirts,Formal Solid
BOM-SHI-23896-PINK40,RTW Shirts,Formal Solid
BOM-SHI-23897-PINK42,RTW Shirts,Formal Solid
BOM-SHI-23898-PINK44,RTW Shirts,Formal Solid
BOM-SHI-24887-GREEN36,RTW Shirts,Casual Print
BOM-SHI-24888-GREEN38,RTW Shirts,Casual Print
BOM-SHI-24889-GREEN40,RTW Shirts,Casual Print
BOM-SHI-24890-GREEN42,RTW Shirts,Casual Print
BOM-SHI-24891-GREEN44,RTW Shirts,Casual Print
BOM-SHI-24892-GREEN46,RTW Shirts,Casual Print
BOM-SHI-24895-LIGHT40,RTW Shirts,Casual Solid
BOM-SHI-24896-LIGHT42,RTW Shirts,Casual Solid
BOM-SHI-24898-LIGHT46,RTW Shirts,Casual Solid
BOM-SHI-24899-MID B36,RTW Shirts,Casual Solid
BOM-SHI-24900-MID B38,RTW Shirts,Casual Solid
BOM-SHI-24901-MID B40,RTW Shirts,Casual Solid
BOM-SHI-24902-MID B42,RTW Shirts,Casual Solid
BOM-SHI-24903-MID B44,RTW Shirts,Casual Solid
BOM-SHI-24906-LIGHT38,RTW Shirts,Casual Solid
BOM-SHI-24907-LIGHT40,RTW Shirts,Casual Solid
BOM-SHI-24908-LIGHT42,RTW Shirts,Casual Solid
BOM-SHI-24909-LIGHT44,RTW Shirts,Casual Solid
BOM-SHI-24910-LIGHT46,RTW Shirts,Casual Solid
BOM-SHI-24911-BLACK36,RTW Shirts,Casual Solid
BOM-SHI-24912-BLACK38,RTW Shirts,Casual Solid
BOM-SHI-24913-BLACK40,RTW Shirts,Casual Solid
BOM-SHI-24914-BLACK42,RTW Shirts,Casual Solid
BOM-SHI-24925-LIGHT40,RTW Shirts,Casual Solid
BOM-SHI-24926-LIGHT42,RTW Shirts,Casual Solid
BOM-SHI-24927-LIGHT44,RTW Shirts,Casual Solid
BOM-SHI-24931-BLACK40,RTW Shirts,Casual Solid
BOM-SHI-24934-BLACK46,RTW Shirts,Casual Solid
BOM-SHI-24937-GREEN40,RTW Shirts,Casual Print
BOM-SHI-24938-GREEN42,RTW Shirts,Casual Print
BOM-SHI-24939-GREEN44,RTW Shirts,Casual Print
BOM-SHI-24940-GREEN46,RTW Shirts,Casual Print
BOM-SHI-24941-MID B36,RTW Shirts,Casual Solid
BOM-SHI-24942-MID B38,RTW Shirts,Casual Solid
BOM-SHI-24943-MID B40,RTW Shirts,Casual Solid
BOM-SHI-24945-MID B44,RTW Shirts,Casual Solid
BOM-SHI-24948-BLACK38,RTW Shirts,Casual Solid
BOM-SHI-24949-BLACK40,RTW Shirts,Casual Solid
BOM-SHI-24950-BLACK42,RTW Shirts,Casual Solid
BOM-SHI-24951-BLACK44,RTW Shirts,Casual Solid
BOM-SHI-24952-BLACK46,RTW Shirts,Casual Solid
BOM-SHI-25073-MULTI38,RTW Shirts,Casual Checks + Stripes
BOM-SHI-25074-MULTI40,RTW Shirts,Casual Checks + Stripes
BOM-SHI-25075-MULTI42,RTW Shirts,Casual Checks + Stripes
BOM-SHI-25076-MULTI44,RTW Shirts,Casual Checks + Stripes
BOM-SHI-25085-MULTI36,RTW Shirts,Casual Checks + Stripes
BOM-SHI-25086-MULTI38,RTW Shirts,Casual Checks + Stripes
BOM-SHI-25087-MULTI40,RTW Shirts,Casual Checks + Stripes
BOM-SHI-25088-MULTI42,RTW Shirts,Casual Checks + Stripes
BOM-SHI-25089-MULTI44,RTW Shirts,Casual Checks + Stripes
BOM-SHI-25090-MULTI46,RTW Shirts,Casual Checks + Stripes
BOM-SHI-25097-MULTI36,RTW Shirts,Casual Checks + Stripes
BOM-SHI-25098-MULTI38,RTW Shirts,Casual Checks + Stripes
BOM-SHI-25099-MULTI40,RTW Shirts,Casual Checks + Stripes
BOM-SHI-25100-MULTI42,RTW Shirts,Casual Checks + Stripes
BOM-SHI-25101-MULTI44,RTW Shirts,Casual Checks + Stripes
BOM-SHI-25102-MULTI46,RTW Shirts,Casual Checks + Stripes
BOM-SHI-25110-MULTI36,RTW Shirts,Casual Checks + Stripes
BOM-SHI-25111-MULTI38,RTW Shirts,Casual Checks + Stripes
BOM-SHI-25112-MULTI40,RTW Shirts,Casual Checks + Stripes
BOM-SHI-25113-MULTI42,RTW Shirts,Casual Checks + Stripes
BOM-SHI-25114-MULTI44,RTW Shirts,Casual Checks + Stripes
BOM-SHI-25115-MULTI46,RTW Shirts,Casual Checks + Stripes
BOM-SHI-25122-MULTI36,RTW Shirts,Casual Checks + Stripes
BOM-SHI-25123-MULTI38,RTW Shirts,Casual Checks + Stripes
BOM-SHI-25124-MULTI40,RTW Shirts,Casual Checks + Stripes
BOM-SHI-25125-MULTI42,RTW Shirts,Casual Checks + Stripes
BOM-SHI-25126-MULTI44,RTW Shirts,Casual Checks + Stripes
BOM-SHI-25149-MULTI40,RTW Shirts,Casual Print
BOM-SHI-25150-MULTI42,RTW Shirts,Casual Print
BOM-SHI-25151-MULTI44,RTW Shirts,Casual Print
BOM-SHI-25159-GREEN36,RTW Shirts,Casual Print
BOM-SHI-25160-GREEN38,RTW Shirts,Casual Print
BOM-SHI-25161-GREEN40,RTW Shirts,Casual Print
BOM-SHI-25162-GREEN42,RTW Shirts,Casual Print
BOM-SHI-25163-GREEN44,RTW Shirts,Casual Print
BOM-SHI-25171-NAVY36,RTW Shirts,Casual Solid
BOM-SHI-25172-NAVY38,RTW Shirts,Casual Solid
BOM-SHI-25173-NAVY40,RTW Shirts,Casual Solid
BOM-SHI-25174-NAVY42,RTW Shirts,Casual Solid
BOM-SHI-25175-NAVY44,RTW Shirts,Casual Solid
BOM-SHI-25176-NAVY46,RTW Shirts,Casual Solid
BOM-SHI-25183-KHAKH36,RTW Shirts,Solid Cuban
BOM-SHI-25184-KHAKH38,RTW Shirts,Solid Cuban
BOM-SHI-25185-KHAKH40,RTW Shirts,Solid Cuban
BOM-SHI-25186-KHAKH42,RTW Shirts,Solid Cuban
BOM-SHI-25187-KHAKH44,RTW Shirts,Solid Cuban
BOM-SHI-25188-KHAKH46,RTW Shirts,Solid Cuban
BOM-SHI-25195-LIGHT36,RTW Shirts,Casual Solid
BOM-SHI-25196-LIGHT38,RTW Shirts,Casual Solid
BOM-SHI-25197-LIGHT40,RTW Shirts,Casual Solid
BOM-SHI-25198-LIGHT42,RTW Shirts,Casual Solid
BOM-SHI-25199-LIGHT44,RTW Shirts,Casual Solid
BOM-SHI-25200-LIGHT46,RTW Shirts,Casual Solid
BOM-SHI-25207-BLUE36,RTW Shirts,Casual Checks + Stripes
BOM-SHI-25208-BLUE38,RTW Shirts,Casual Checks + Stripes
BOM-SHI-25209-BLUE40,RTW Shirts,Casual Checks + Stripes
BOM-SHI-25210-BLUE42,RTW Shirts,Casual Checks + Stripes
BOM-SHI-25211-BLUE44,RTW Shirts,Casual Checks + Stripes
BOM-SHI-25212-BLUE46,RTW Shirts,Casual Checks + Stripes
BOM-SHI-25219-MINT 36,RTW Shirts,Casual Checks + Stripes
BOM-SHI-25220-MINT 38,RTW Shirts,Casual Checks + Stripes
BOM-SHI-25221-MINT 40,RTW Shirts,Casual Checks + Stripes
BOM-SHI-25222-MINT 42,RTW Shirts,Casual Checks + Stripes
BOM-SHI-25223-MINT 44,RTW Shirts,Casual Checks + Stripes
BOM-SHI-25232-MULTI38,RTW Shirts,Casual Checks + Stripes
BOM-SHI-25233-MULTI40,RTW Shirts,Casual Checks + Stripes
BOM-SHI-25234-MULTI42,RTW Shirts,Casual Checks + Stripes
BOM-SHI-25236-MULTI46,RTW Shirts,Casual Checks + Stripes
BOM-SHI-25255-BLUE36,RTW Shirts,Formal Stripes
BOM-SHI-25257-BLUE40,RTW Shirts,Formal Stripes
BOM-SHI-25258-BLUE42,RTW Shirts,Formal Stripes
BOM-SHI-25259-BLUE44,RTW Shirts,Formal Stripes
BOM-SHI-25260-BLUE46,RTW Shirts,Formal Stripes
BOM-SHI-25269-LIGHT40,RTW Shirts,Formal Stripes
BOM-SHI-25270-LIGHT42,RTW Shirts,Formal Stripes
BOM-SHI-25271-LIGHT44,RTW Shirts,Formal Stripes
BOM-SHI-25280-YELLO38,RTW Shirts,Formal Stripes
BOM-SHI-25281-YELLO40,RTW Shirts,Formal Stripes
BOM-SHI-25282-YELLO42,RTW Shirts,Formal Stripes
BOM-SHI-25283-YELLO44,RTW Shirts,Formal Stripes
BOM-SHI-25284-YELLO46,RTW Shirts,Formal Stripes
BOM-SHI-25315-DARK 36,RTW Shirts,Casual Solid
BOM-SHI-25316-DARK 38,RTW Shirts,Casual Solid
BOM-SHI-25317-DARK 40,RTW Shirts,Casual Solid
BOM-SHI-25324-LIGHT42,RTW Shirts,Casual Solid
BOM-SHI-25338-LIGHT36,RTW Shirts,Formal Stripes
BOM-SHI-25340-LIGHT40,RTW Shirts,Formal Stripes
BOM-SHI-25341-LIGHT42,RTW Shirts,Formal Stripes
BOM-SHI-25342-LIGHT44,RTW Shirts,Formal Stripes
BOM-SHI-25351-GREY38,RTW Shirts,Formal Stripes
BOM-SHI-25352-GREY40,RTW Shirts,Formal Stripes
BOM-SHI-25386-MULTI36,RTW Shirts,Casual Print
BOM-SHI-25387-MULTI38,RTW Shirts,Casual Print
BOM-SHI-25388-MULTI40,RTW Shirts,Casual Print
BOM-SHI-25389-MULTI42,RTW Shirts,Casual Print
BOM-SHI-25390-MULTI44,RTW Shirts,Casual Print
BOM-SHI-25400-BLACK40,RTW Shirts,Casual Print
BOM-SHI-25401-BLACK42,RTW Shirts,Casual Print
BOM-SHI-25412-BLACK40,RTW Shirts,Casual Print
BOM-SHI-25413-BLACK42,RTW Shirts,Casual Print
BOM-SHI-25422-MULTI36,RTW Shirts,Casual Print
BOM-SHI-25423-MULTI38,RTW Shirts,Casual Print
BOM-SHI-25424-MULTI40,RTW Shirts,Casual Print
BOM-SHI-25425-MULTI42,RTW Shirts,Casual Print
BOM-SHI-25426-MULTI44,RTW Shirts,Casual Print
BOM-SHI-25427-MULTI46,RTW Shirts,Casual Print
BOM-SHI-25890-OLIVE36,RTW Shirts,On Trend
BOM-SHI-25891-OLIVE38,RTW Shirts,On Trend
BOM-SHI-25892-OLIVE40,RTW Shirts,On Trend
BOM-SHI-25893-OLIVE42,RTW Shirts,On Trend
BOM-SHI-25894-OLIVE44,RTW Shirts,On Trend
BOM-SHI-25895-OLIVE46,RTW Shirts,On Trend
BOM-SHI-25903-BLUE38,RTW Shirts,On Trend
BOM-SHI-25905-BLUE42,RTW Shirts,On Trend
BOM-SHI-25907-BLUE46,RTW Shirts,On Trend
BOM-SHI-25915-BLACK38,RTW Shirts,On Trend
BOM-SHI-25916-BLACK40,RTW Shirts,On Trend
BOM-SHI-25917-BLACK42,RTW Shirts,On Trend
BOM-SHI-25918-BLACK44,RTW Shirts,On Trend
BOM-SHI-25931-BLUE36,RTW Shirts,On Trend
BOM-SHI-25932-BLUE38,RTW Shirts,On Trend
BOM-SHI-25933-BLUE40,RTW Shirts,On Trend
BOM-SHI-25934-BLUE42,RTW Shirts,On Trend
BOM-SHI-25935-BLUE44,RTW Shirts,On Trend
BOM-SHI-26384-BEIGE36,RTW Shirts,Casual Print
BOM-SHI-26385-BEIGE38,RTW Shirts,Casual Print
BOM-SHI-26386-BEIGE40,RTW Shirts,Casual Print
BOM-SHI-26387-BEIGE42,RTW Shirts,Casual Print
BOM-SHI-26388-BEIGE44,RTW Shirts,Casual Print
BOM-SHI-26389-BEIGE46,RTW Shirts,Casual Print
BOM-SHI-26398-BLUE38,RTW Shirts,Casual Solid
BOM-SHI-26399-BLUE40,RTW Shirts,Casual Solid
BOM-SHI-26400-BLUE42,RTW Shirts,Casual Solid
BOM-SHI-26401-BLUE44,RTW Shirts,Casual Solid
BOM-SHI-26402-BLUE46,RTW Shirts,Casual Solid
BOM-SHI-26403-WHITE36,RTW Shirts,Casual Solid
BOM-SHI-26404-WHITE38,RTW Shirts,Casual Solid
BOM-SHI-26405-WHITE40,RTW Shirts,Casual Solid
BOM-SHI-26406-WHITE42,RTW Shirts,Casual Solid
BOM-SHI-26407-WHITE44,RTW Shirts,Casual Solid
BOM-SHI-26408-WHITE46,RTW Shirts,Casual Solid
BOM-SHI-26421-GREY36,RTW Shirts,Casual Solid
BOM-SHI-26422-GREY38,RTW Shirts,Casual Solid
BOM-SHI-26423-GREY40,RTW Shirts,Casual Solid
BOM-SHI-26424-GREY42,RTW Shirts,Casual Solid
BOM-SHI-26425-GREY44,RTW Shirts,Casual Solid
BOM-SHI-26426-GREY46,RTW Shirts,Casual Solid
BOM-SHI-26436-WHITE42,RTW Shirts,Casual Print
BOM-SHI-26437-WHITE44,RTW Shirts,Casual Print
BOM-SHI-26445-DARK 36,RTW Shirts,Casual Print
BOM-SHI-26446-DARK 38,RTW Shirts,Casual Print
BOM-SHI-26447-DARK 40,RTW Shirts,Casual Print
BOM-SHI-26448-DARK 42,RTW Shirts,Casual Print
BOM-SHI-26449-DARK 44,RTW Shirts,Casual Print
BOM-SHI-26450-DARK 46,RTW Shirts,Casual Print
BOM-SHI-26458-BLUE38,RTW Shirts,Casual Checks + Stripes
BOM-SHI-26459-BLUE40,RTW Shirts,Casual Checks + Stripes
BOM-SHI-26460-BLUE42,RTW Shirts,Casual Checks + Stripes
BOM-SHI-26462-BLUE46,RTW Shirts,Casual Checks + Stripes
BOM-SHI-26469-GREEN36,RTW Shirts,Casual Print
BOM-SHI-26470-GREEN38,RTW Shirts,Casual Print
BOM-SHI-26471-GREEN40,RTW Shirts,Casual Print
BOM-SHI-26472-GREEN42,RTW Shirts,Casual Print
BOM-SHI-26488-WHITE38,RTW Shirts,On Trend
BOM-SHI-26489-WHITE40,RTW Shirts,On Trend
BOM-SHI-26490-WHITE42,RTW Shirts,On Trend
BOM-SHI-26517-LIGHT36,RTW Shirts,On Trend
BOM-SHI-26518-LIGHT38,RTW Shirts,On Trend
BOM-SHI-26519-LIGHT40,RTW Shirts,On Trend
BOM-SHI-26520-LIGHT42,RTW Shirts,On Trend
BOM-SHI-26521-LIGHT44,RTW Shirts,On Trend
BOM-SHI-26522-LIGHT46,RTW Shirts,On Trend
BOM-SHI-26529-WHITE36,RTW Shirts,Formal Solid
BOM-SHI-26530-WHITE38,RTW Shirts,Formal Solid
BOM-SHI-26531-WHITE40,RTW Shirts,Formal Solid
BOM-SHI-26532-WHITE42,RTW Shirts,Formal Solid
BOM-SHI-26533-WHITE44,RTW Shirts,Formal Solid
BOM-SHI-26534-WHITE46,RTW Shirts,Formal Solid
BOM-SHI-26541-PINK36,RTW Shirts,Formal Solid
BOM-SHI-26542-PINK38,RTW Shirts,Formal Solid
BOM-SHI-26543-PINK40,RTW Shirts,Formal Solid
BOM-SHI-26544-PINK42,RTW Shirts,Formal Solid
BOM-SHI-26545-PINK44,RTW Shirts,Formal Solid
BOM-SHI-26546-PINK46,RTW Shirts,Formal Solid
BOM-SHI-26553-BLUE36,RTW Shirts,Formal Solid
BOM-SHI-26554-BLUE38,RTW Shirts,Formal Solid
BOM-SHI-26555-BLUE40,RTW Shirts,Formal Solid
BOM-SHI-26556-BLUE42,RTW Shirts,Formal Solid
BOM-SHI-26557-BLUE44,RTW Shirts,Formal Solid
BOM-SHI-26558-BLUE46,RTW Shirts,Formal Solid
BOM-SHI-26565-NAVY36,RTW Shirts,Formal Solid
BOM-SHI-26566-NAVY38,RTW Shirts,Formal Solid
BOM-SHI-26567-NAVY40,RTW Shirts,Formal Solid
BOM-SHI-26568-NAVY42,RTW Shirts,Formal Solid
BOM-SHI-26569-NAVY44,RTW Shirts,Formal Solid
BOM-SHI-26570-NAVY46,RTW Shirts,Formal Solid
BOM-SHI-26577-BLACK36,RTW Shirts,Formal Solid
BOM-SHI-26578-BLACK38,RTW Shirts,Formal Solid
BOM-SHI-26579-BLACK40,RTW Shirts,Formal Solid
BOM-SHI-26580-BLACK42,RTW Shirts,Formal Solid
BOM-SHI-26581-BLACK44,RTW Shirts,Formal Solid
BOM-SHI-26582-BLACK46,RTW Shirts,Formal Solid
BOM-SHI-26591-GREY36,RTW Shirts,Formal Solid
BOM-SHI-26592-GREY38,RTW Shirts,Formal Solid
BOM-SHI-26593-GREY40,RTW Shirts,Formal Solid
BOM-SHI-26594-GREY42,RTW Shirts,Formal Solid
BOM-SHI-26595-GREY44,RTW Shirts,Formal Solid
BOM-SHI-26596-GREY46,RTW Shirts,Formal Solid
BOM-SHI-26603-BLUE36,RTW Shirts,Formal Solid
BOM-SHI-26604-BLUE38,RTW Shirts,Formal Solid
BOM-SHI-26605-BLUE40,RTW Shirts,Formal Solid
BOM-SHI-26607-BLUE44,RTW Shirts,Formal Solid
BOM-SHI-26971-WHITE36,RTW Shirts,Formal Solid
BOM-SHI-26972-WHITE38,RTW Shirts,Formal Solid
BOM-SHI-26973-WHITE40,RTW Shirts,Formal Solid
BOM-SHI-26974-WHITE42,RTW Shirts,Formal Solid
BOM-SHI-26975-WHITE44,RTW Shirts,Formal Solid
BOM-SHI-26976-WHITE46,RTW Shirts,Formal Solid
BOM-SHI-26987-LAVEN36,RTW Shirts,Formal Solid
BOM-SHI-26988-LAVEN38,RTW Shirts,Formal Solid
BOM-SHI-26989-LAVEN40,RTW Shirts,Formal Solid
BOM-SHI-26990-LAVEN42,RTW Shirts,Formal Solid
BOM-SHI-26991-LAVEN44,RTW Shirts,Formal Solid
BOM-SHI-26992-LAVEN46,RTW Shirts,Formal Solid
BOM-SHI-27004-LIGHT36,RTW Shirts,Formal Solid
BOM-SHI-27005-LIGHT38,RTW Shirts,Formal Solid
BOM-SHI-27006-LIGHT40,RTW Shirts,Formal Solid
BOM-SHI-27007-LIGHT42,RTW Shirts,Formal Solid
BOM-SHI-27008-LIGHT44,RTW Shirts,Formal Solid
BOM-SHI-27009-LIGHT46,RTW Shirts,Formal Solid
BOM-SHI-27017-LIGHT36,RTW Shirts,Formal Stripes
BOM-SHI-27018-LIGHT38,RTW Shirts,Formal Stripes
BOM-SHI-27019-LIGHT40,RTW Shirts,Formal Stripes
BOM-SHI-27020-LIGHT42,RTW Shirts,Formal Stripes
BOM-SHI-27021-LIGHT44,RTW Shirts,Formal Stripes
BOM-SHI-27022-LIGHT46,RTW Shirts,Formal Stripes
BOM-SHI-27030-DARK 36,RTW Shirts,Formal Stripes
BOM-SHI-27032-DARK 40,RTW Shirts,Formal Stripes
BOM-SHI-27033-DARK 42,RTW Shirts,Formal Stripes
BOM-SHI-27035-DARK 46,RTW Shirts,Formal Stripes
BOM-SHI-27056-DARK 40,RTW Shirts,Formal Stripes
BOM-SHI-27057-DARK 42,RTW Shirts,Formal Stripes
BOM-SHI-27058-DARK 44,RTW Shirts,Formal Stripes
BOM-SHI-27059-DARK 46,RTW Shirts,Formal Stripes
BOM-SHI-27075-BLUE38,RTW Shirts,Formal Checks
BOM-SHI-27078-BLUE44,RTW Shirts,Formal Checks
BOM-SHI-27086-GREEN36,RTW Shirts,Formal Checks
BOM-SHI-27087-GREEN38,RTW Shirts,Formal Checks
BOM-SHI-27088-GREEN40,RTW Shirts,Formal Checks
BOM-SHI-27089-GREEN42,RTW Shirts,Formal Checks
BOM-SHI-27090-GREEN44,RTW Shirts,Formal Checks
BOM-SHI-27091-GREEN46,RTW Shirts,Formal Checks
BOM-SHI-27100-BLACK36,RTW Shirts,Formal Solid
BOM-SHI-27101-BLACK38,RTW Shirts,Formal Solid
BOM-SHI-27102-BLACK40,RTW Shirts,Formal Solid
BOM-SHI-27103-BLACK42,RTW Shirts,Formal Solid
BOM-SHI-27104-BLACK44,RTW Shirts,Formal Solid
BOM-SHI-27105-BLACK46,RTW Shirts,Formal Solid
BOM-SHI-27113-NAVY36,RTW Shirts,Formal Solid
BOM-SHI-27114-NAVY38,RTW Shirts,Formal Solid
BOM-SHI-27115-NAVY40,RTW Shirts,Formal Solid
BOM-SHI-27116-NAVY42,RTW Shirts,Formal Solid
BOM-SHI-27117-NAVY44,RTW Shirts,Formal Solid
BOM-SHI-27118-NAVY46,RTW Shirts,Formal Solid
BOM-SHI-27134-GREEN36,RTW Shirts,Casual Print
BOM-SHI-27135-GREEN38,RTW Shirts,Casual Print
BOM-SHI-27136-GREEN40,RTW Shirts,Casual Print
BOM-SHI-27137-GREEN42,RTW Shirts,Casual Print
BOM-SHI-27138-GREEN44,RTW Shirts,Casual Print
BOM-SHI-27139-GREEN46,RTW Shirts,Casual Print
BOM-SHI-27147-RED36,RTW Shirts,Casual Print
BOM-SHI-27148-RED38,RTW Shirts,Casual Print
BOM-SHI-27149-RED40,RTW Shirts,Casual Print
BOM-SHI-27150-RED42,RTW Shirts,Casual Print
BOM-SHI-27151-RED44,RTW Shirts,Casual Print
BOM-SHI-27152-RED46,RTW Shirts,Casual Print
BOM-SHI-27159-RED36,RTW Shirts,Casual Print
BOM-SHI-27160-RED38,RTW Shirts,Casual Print
BOM-SHI-27161-RED40,RTW Shirts,Casual Print
BOM-SHI-27162-RED42,RTW Shirts,Casual Print
BOM-SHI-27163-RED44,RTW Shirts,Casual Print
BOM-SHI-27164-RED46,RTW Shirts,Casual Print
BOM-SHI-27172-BLACK36,RTW Shirts,Casual Print
BOM-SHI-27173-BLACK38,RTW Shirts,Casual Print
BOM-SHI-27174-BLACK40,RTW Shirts,Casual Print
BOM-SHI-27175-BLACK42,RTW Shirts,Casual Print
BOM-SHI-27176-BLACK44,RTW Shirts,Casual Print
BOM-SHI-27177-BLACK46,RTW Shirts,Casual Print
BOM-SHI-27184-BLACK36,RTW Shirts,Formal Solid
BOM-SHI-27185-BLACK38,RTW Shirts,Formal Solid
BOM-SHI-27186-BLACK40,RTW Shirts,Formal Solid
BOM-SHI-27187-BLACK42,RTW Shirts,Formal Solid
BOM-SHI-27188-BLACK44,RTW Shirts,Formal Solid
BOM-SHI-27189-BLACK46,RTW Shirts,Formal Solid
BOM-SHI-27201-WHITE36,RTW Shirts,Formal Solid
BOM-SHI-27202-WHITE38,RTW Shirts,Formal Solid
BOM-SHI-27203-WHITE40,RTW Shirts,Formal Solid
BOM-SHI-27204-WHITE42,RTW Shirts,Formal Solid
BOM-SHI-27205-WHITE44,RTW Shirts,Formal Solid
BOM-SHI-27206-WHITE46,RTW Shirts,Formal Solid
BOM-SHI-27213-BLACK36,RTW Shirts,Formal Solid
BOM-SHI-27214-BLACK38,RTW Shirts,Formal Solid
BOM-SHI-27215-BLACK40,RTW Shirts,Formal Solid
BOM-SHI-27216-BLACK42,RTW Shirts,Formal Solid
BOM-SHI-27217-BLACK44,RTW Shirts,Formal Solid
BOM-SHI-27218-BLACK46,RTW Shirts,Formal Solid
BOM-SHI-27225-MAROO36,RTW Shirts,Formal Solid
BOM-SHI-27226-MAROO38,RTW Shirts,Formal Solid
BOM-SHI-27227-MAROO40,RTW Shirts,Formal Solid
BOM-SHI-27228-MAROO42,RTW Shirts,Formal Solid
BOM-SHI-27229-MAROO44,RTW Shirts,Formal Solid
BOM-SHI-27237-LAVEN36,RTW Shirts,Formal Checks
BOM-SHI-27238-LAVEN38,RTW Shirts,Formal Checks
BOM-SHI-27239-LAVEN40,RTW Shirts,Formal Checks
BOM-SHI-27240-LAVEN42,RTW Shirts,Formal Checks
BOM-SHI-27241-LAVEN44,RTW Shirts,Formal Checks
BOM-SHI-27242-LAVEN46,RTW Shirts,Formal Checks
BOM-SHI-27250-BROWN36,RTW Shirts,Formal Checks
BOM-SHI-27251-BROWN38,RTW Shirts,Formal Checks
BOM-SHI-27252-BROWN40,RTW Shirts,Formal Checks
BOM-SHI-27253-BROWN42,RTW Shirts,Formal Checks
BOM-SHI-27254-BROWN44,RTW Shirts,Formal Checks
BOM-SHI-27255-BROWN46,RTW Shirts,Formal Checks
BOM-SHI-27262-RED36,RTW Shirts,Formal Checks
BOM-SHI-27263-RED38,RTW Shirts,Formal Checks
BOM-SHI-27264-RED40,RTW Shirts,Formal Checks
BOM-SHI-27265-RED42,RTW Shirts,Formal Checks
BOM-SHI-27266-RED44,RTW Shirts,Formal Checks
BOM-SHI-27267-RED46,RTW Shirts,Formal Checks
BOM-SHI-27276-GREEN36,RTW Shirts,Casual Solid
BOM-SHI-27277-GREEN38,RTW Shirts,Casual Solid
BOM-SHI-27278-GREEN40,RTW Shirts,Casual Solid
BOM-SHI-27279-GREEN42,RTW Shirts,Casual Solid
BOM-SHI-27280-GREEN44,RTW Shirts,Casual Solid
BOM-SHI-27290-LIGHT36,RTW Shirts,Casual Solid
BOM-SHI-27291-LIGHT38,RTW Shirts,Casual Solid
BOM-SHI-27292-LIGHT40,RTW Shirts,Casual Solid
BOM-SHI-27293-LIGHT42,RTW Shirts,Casual Solid
BOM-SHI-27294-LIGHT44,RTW Shirts,Casual Solid
BOM-SHI-27295-LIGHT46,RTW Shirts,Casual Solid
BOM-SHI-27302-BLUE36,RTW Shirts,Casual Checks + Stripes
BOM-SHI-27303-BLUE38,RTW Shirts,Casual Checks + Stripes
BOM-SHI-27304-BLUE40,RTW Shirts,Casual Checks + Stripes
BOM-SHI-27305-BLUE42,RTW Shirts,Casual Checks + Stripes
BOM-SHI-27306-BLUE44,RTW Shirts,Casual Checks + Stripes
BOM-SHI-27307-BLUE46,RTW Shirts,Casual Checks + Stripes
BOM-SHI-27316-NAVY36,RTW Shirts,Casual Checks + Stripes
BOM-SHI-27318-NAVY40,RTW Shirts,Casual Checks + Stripes
BOM-SHI-27319-NAVY42,RTW Shirts,Casual Checks + Stripes
BOM-SHI-27320-NAVY44,RTW Shirts,Casual Checks + Stripes
BOM-SHI-27321-NAVY46,RTW Shirts,Casual Checks + Stripes
BOM-SHI-27337-ECRU36,RTW Shirts,Casual Print
BOM-SHI-27338-ECRU38,RTW Shirts,Casual Print
BOM-SHI-27339-ECRU40,RTW Shirts,Casual Print
BOM-SHI-27340-ECRU42,RTW Shirts,Casual Print
BOM-SHI-27341-ECRU44,RTW Shirts,Casual Print
BOM-SHI-27342-ECRU46,RTW Shirts,Casual Print
BOM-SHI-27361-WHITE36,RTW Shirts,On Trend
BOM-SHI-27362-WHITE38,RTW Shirts,On Trend
BOM-SHI-27363-WHITE40,RTW Shirts,On Trend
BOM-SHI-27364-WHITE42,RTW Shirts,On Trend
BOM-SHI-27365-WHITE44,RTW Shirts,On Trend
BOM-SHI-27366-WHITE46,RTW Shirts,On Trend
BOM-SHI-27375-WHITE38,RTW Shirts,On Trend
BOM-SHI-27376-WHITE40,RTW Shirts,On Trend
BOM-SHI-27377-WHITE42,RTW Shirts,On Trend
BOM-SHI-27378-WHITE44,RTW Shirts,On Trend
BOM-SHI-27379-WHITE46,RTW Shirts,On Trend
BOM-SHI-27387-MAROO36,RTW Shirts,Casual Print
BOM-SHI-27388-MAROO38,RTW Shirts,Casual Print
BOM-SHI-27389-MAROO40,RTW Shirts,Casual Print
BOM-SHI-27390-MAROO42,RTW Shirts,Casual Print
BOM-SHI-27392-MAROO46,RTW Shirts,Casual Print
BOM-SHI-27400-BLACK36,RTW Shirts,Casual Print
BOM-SHI-27401-BLACK38,RTW Shirts,Casual Print
BOM-SHI-27402-BLACK40,RTW Shirts,Casual Print
BOM-SHI-27403-BLACK42,RTW Shirts,Casual Print
BOM-SHI-27404-BLACK44,RTW Shirts,Casual Print
BOM-SHI-27405-BLACK46,RTW Shirts,Casual Print
BOM-SHI-27414-BLACK40,RTW Shirts,Casual Print
BOM-SHI-27415-BLACK42,RTW Shirts,Casual Print
BOM-SHI-27417-BLACK46,RTW Shirts,Casual Print
BOM-SHI-27424-GREY36,RTW Shirts,Casual Solid
BOM-SHI-27425-GREY38,RTW Shirts,Casual Solid
BOM-SHI-27426-GREY40,RTW Shirts,Casual Solid
BOM-SHI-27427-GREY42,RTW Shirts,Casual Solid
BOM-SHI-27428-GREY44,RTW Shirts,Casual Solid
BOM-SHI-27429-GREY46,RTW Shirts,Casual Solid
BOM-SHI-27437-OLIVE36,RTW Shirts,Casual Solid
BOM-SHI-27438-OLIVE38,RTW Shirts,Casual Solid
BOM-SHI-27439-OLIVE40,RTW Shirts,Casual Solid
BOM-SHI-27440-OLIVE42,RTW Shirts,Casual Solid
BOM-SHI-27441-OLIVE44,RTW Shirts,Casual Solid
BOM-SHI-27442-OLIVE46,RTW Shirts,Casual Solid
BOM-SHI-27509-NAVY36,RTW Shirts,On Trend
BOM-SHI-27510-NAVY38,RTW Shirts,On Trend
BOM-SHI-27511-NAVY40,RTW Shirts,On Trend
BOM-SHI-27512-NAVY42,RTW Shirts,On Trend
BOM-SHI-27513-NAVY44,RTW Shirts,On Trend
BOM-SHI-27514-NAVY46,RTW Shirts,On Trend
BOM-SHI-27515-BEIGE36,RTW Shirts,Casual Solid
BOM-SHI-27516-BEIGE38,RTW Shirts,Casual Solid
BOM-SHI-27517-BEIGE40,RTW Shirts,Casual Solid
BOM-SHI-27518-BEIGE42,RTW Shirts,Casual Solid
BOM-SHI-27519-BEIGE44,RTW Shirts,Casual Solid
BOM-SHI-27520-BEIGE46,RTW Shirts,Casual Solid
BOM-SHI-27527-OLIVE36,RTW Shirts,Casual Solid
BOM-SHI-27528-OLIVE38,RTW Shirts,Casual Solid
BOM-SHI-27529-OLIVE40,RTW Shirts,Casual Solid
BOM-SHI-27530-OLIVE42,RTW Shirts,Casual Solid
BOM-SHI-27531-OLIVE44,RTW Shirts,Casual Solid
BOM-SHI-27532-OLIVE46,RTW Shirts,Casual Solid
BOM-SHI-27839-BROWN36,RTW Shirts,On Trend
BOM-SHI-27840-BROWN38,RTW Shirts,On Trend
BOM-SHI-27841-BROWN40,RTW Shirts,On Trend
BOM-SHI-27842-BROWN42,RTW Shirts,On Trend
BOM-SHI-27843-BROWN44,RTW Shirts,On Trend
BOM-SHI-27844-BROWN46,RTW Shirts,On Trend
BOM-SHI-27845-BEIGE36,RTW Shirts,On Trend
BOM-SHI-27846-BEIGE38,RTW Shirts,On Trend
BOM-SHI-27847-BEIGE40,RTW Shirts,On Trend
BOM-SHI-27848-BEIGE42,RTW Shirts,On Trend
BOM-SHI-27849-BEIGE44,RTW Shirts,On Trend
BOM-SHI-27850-BEIGE46,RTW Shirts,On Trend
BOM-SHI-27866-BEIGE36,RTW Shirts,On Trend
BOM-SHI-27867-BEIGE38,RTW Shirts,On Trend
BOM-SHI-27868-BEIGE40,RTW Shirts,On Trend
BOM-SHI-27869-BEIGE42,RTW Shirts,On Trend
BOM-SHI-27870-BEIGE44,RTW Shirts,On Trend
BOM-SHI-27871-BEIGE46,RTW Shirts,On Trend
BOM-SHI-27878-BLACK36,RTW Shirts,On Trend
BOM-SHI-27879-BLACK38,RTW Shirts,On Trend
BOM-SHI-27880-BLACK40,RTW Shirts,On Trend
BOM-SHI-27881-BLACK42,RTW Shirts,On Trend
BOM-SHI-27882-BLACK44,RTW Shirts,On Trend
BOM-SHI-27890-GREY36,RTW Shirts,Casual Solid
BOM-SHI-27891-GREY38,RTW Shirts,Casual Solid
BOM-SHI-27892-GREY40,RTW Shirts,Casual Solid
BOM-SHI-27893-GREY42,RTW Shirts,Casual Solid
BOM-SHI-27894-GREY44,RTW Shirts,Casual Solid
BOM-SHI-27895-GREY46,RTW Shirts,Casual Solid
BOM-SHI-27903-DEEP 36,RTW Shirts,Casual Solid
BOM-SHI-27904-DEEP 38,RTW Shirts,Casual Solid
BOM-SHI-27905-DEEP 40,RTW Shirts,Casual Solid
BOM-SHI-27906-DEEP 42,RTW Shirts,Casual Solid
BOM-SHI-27907-DEEP 44,RTW Shirts,Casual Solid
BOM-SHI-27908-DEEP 46,RTW Shirts,Casual Solid
BOM-SHI-28091-GREY40,RTW Shirts,Casual Solid
BOM-SHI-28093-GREY44,RTW Shirts,Casual Solid
BOM-SHI-28094-GREY46,RTW Shirts,Casual Solid
BOM-SHI-28105-OLIVE36,RTW Shirts,Casual Solid
BOM-SHI-28106-OLIVE38,RTW Shirts,Casual Solid
BOM-SHI-28107-OLIVE40,RTW Shirts,Casual Solid
BOM-SHI-28109-OLIVE44,RTW Shirts,Casual Solid
BOM-SHI-28110-OLIVE46,RTW Shirts,Casual Solid
BOM-SHI-28118-BROWN36,RTW Shirts,Casual Solid
BOM-SHI-28119-BROWN38,RTW Shirts,Casual Solid
BOM-SHI-28120-BROWN40,RTW Shirts,Casual Solid
BOM-SHI-28121-BROWN42,RTW Shirts,Casual Solid
BOM-SHI-28135-NAVY36,RTW Shirts,Casual Solid
BOM-SHI-28136-NAVY38,RTW Shirts,Casual Solid
BOM-SHI-28137-NAVY40,RTW Shirts,Casual Solid
BOM-SHI-28138-NAVY42,RTW Shirts,Casual Solid
BOM-SHI-28148-WHITE36,RTW Shirts,Formal Solid
BOM-SHI-28150-WHITE40,RTW Shirts,Formal Solid
BOM-SHI-28151-WHITE42,RTW Shirts,Formal Solid
BOM-SHI-28152-WHITE44,RTW Shirts,Formal Solid
BOM-SHI-28153-WHITE46,RTW Shirts,Formal Solid
BOM-SHI-28173-BEIGE36,RTW Shirts,Casual Solid
BOM-SHI-28174-BEIGE38,RTW Shirts,Casual Solid
BOM-SHI-28175-BEIGE40,RTW Shirts,Casual Solid
BOM-SHI-28176-BEIGE42,RTW Shirts,Casual Solid
BOM-SHI-28177-BEIGE44,RTW Shirts,Casual Solid
BOM-SHI-28178-BEIGE46,RTW Shirts,Casual Solid
BOM-SHI-28179-BLACK36,RTW Shirts,Casual Print
BOM-SHI-28180-BLACK38,RTW Shirts,Casual Print
BOM-SHI-28181-BLACK40,RTW Shirts,Casual Print
BOM-SHI-28182-BLACK42,RTW Shirts,Casual Print
BOM-SHI-28183-BLACK44,RTW Shirts,Casual Print
BOM-SHI-28184-BLACK46,RTW Shirts,Casual Print
BOM-SHI-28314-BLACK36,RTW Shirts,Casual Solid
BOM-SHI-28315-BLACK38,RTW Shirts,Casual Solid
BOM-SHI-28316-BLACK40,RTW Shirts,Casual Solid
BOM-SHI-28317-BLACK42,RTW Shirts,Casual Solid
BOM-SHI-28318-BLACK44,RTW Shirts,Casual Solid
BOM-SHI-28319-BLACK46,RTW Shirts,Casual Solid
BOM-SHI-28360-OLIVE36,RTW Shirts,Casual Solid
BOM-SHI-28361-OLIVE38,RTW Shirts,Casual Solid
BOM-SHI-28362-OLIVE40,RTW Shirts,Casual Solid
BOM-SHI-28363-OLIVE42,RTW Shirts,Casual Solid
BOM-SHI-28364-OLIVE44,RTW Shirts,Casual Solid
BOM-SHI-28366-BLUE36,RTW Shirts,Solid Cuban
BOM-SHI-28367-BLUE38,RTW Shirts,Solid Cuban
BOM-SHI-28368-BLUE40,RTW Shirts,Solid Cuban
BOM-SHI-28369-BLUE42,RTW Shirts,Solid Cuban
BOM-SHI-28370-BLUE44,RTW Shirts,Solid Cuban
BOM-SHI-28371-BLUE46,RTW Shirts,Solid Cuban
BOM-SHI-28378-GREEN36,RTW Shirts,Solid Cuban
BOM-SHI-28379-GREEN38,RTW Shirts,Solid Cuban
BOM-SHI-28380-GREEN40,RTW Shirts,Solid Cuban
BOM-SHI-28381-GREEN42,RTW Shirts,Solid Cuban
BOM-SHI-28382-GREEN44,RTW Shirts,Solid Cuban
BOM-SHI-28383-GREEN46,RTW Shirts,Solid Cuban
BOM-SHI-28395-WHITE36,RTW Shirts,Solid Cuban
BOM-SHI-28396-WHITE38,RTW Shirts,Solid Cuban
BOM-SHI-28397-WHITE40,RTW Shirts,Solid Cuban
BOM-SHI-28398-WHITE42,RTW Shirts,Solid Cuban
BOM-SHI-28399-WHITE44,RTW Shirts,Solid Cuban
BOM-SHI-28400-WHITE46,RTW Shirts,Solid Cuban
BOM-SHI-28425-BEIGE36,RTW Shirts,Casual Checks + Stripes
BOM-SHI-28426-BEIGE38,RTW Shirts,Casual Checks + Stripes
BOM-SHI-28427-BEIGE40,RTW Shirts,Casual Checks + Stripes
BOM-SHI-28428-BEIGE42,RTW Shirts,Casual Checks + Stripes
BOM-SHI-28429-BEIGE44,RTW Shirts,Casual Checks + Stripes
BOM-SHI-28430-BEIGE46,RTW Shirts,Casual Checks + Stripes
BOM-SHI-28444-GREY36,RTW Shirts,Casual Checks + Stripes
BOM-SHI-28445-GREY38,RTW Shirts,Casual Checks + Stripes
BOM-SHI-28446-GREY40,RTW Shirts,Casual Checks + Stripes
BOM-SHI-28447-GREY42,RTW Shirts,Casual Checks + Stripes
BOM-SHI-28448-GREY44,RTW Shirts,Casual Checks + Stripes
BOM-SHI-28449-GREY46,RTW Shirts,Casual Checks + Stripes
BOM-SHI-28456-CHARC36,RTW Shirts,Solid Cuban
BOM-SHI-28457-CHARC38,RTW Shirts,Solid Cuban
BOM-SHI-28458-CHARC40,RTW Shirts,Solid Cuban
BOM-SHI-28459-CHARC42,RTW Shirts,Solid Cuban
BOM-SHI-28460-CHARC44,RTW Shirts,Solid Cuban
BOM-SHI-28461-CHARC46,RTW Shirts,Solid Cuban
BOM-SHI-28468-STEEL36,RTW Shirts,Solid Cuban
BOM-SHI-28469-STEEL38,RTW Shirts,Solid Cuban
BOM-SHI-28470-STEEL40,RTW Shirts,Solid Cuban
BOM-SHI-28471-STEEL42,RTW Shirts,Solid Cuban
BOM-SHI-28472-STEEL44,RTW Shirts,Solid Cuban
BOM-SHI-28473-STEEL46,RTW Shirts,Solid Cuban
BOM-SHI-28500-OLIVE36,RTW Shirts,Solid Cuban
BOM-SHI-28501-OLIVE38,RTW Shirts,Solid Cuban
BOM-SHI-28502-OLIVE40,RTW Shirts,Solid Cuban
BOM-SHI-28503-OLIVE42,RTW Shirts,Solid Cuban
BOM-SHI-28504-OLIVE44,RTW Shirts,Solid Cuban
BOM-SHI-28505-OLIVE46,RTW Shirts,Solid Cuban
BOM-SHI-28519-PINK36,RTW Shirts,Casual Checks + Stripes
BOM-SHI-28520-PINK38,RTW Shirts,Casual Checks + Stripes
BOM-SHI-28521-PINK40,RTW Shirts,Casual Checks + Stripes
BOM-SHI-28522-PINK42,RTW Shirts,Casual Checks + Stripes
BOM-SHI-28523-PINK44,RTW Shirts,Casual Checks + Stripes
BOM-SHI-28524-PINK46,RTW Shirts,Casual Checks + Stripes
BOM-SHI-28525-GREEN36,RTW Shirts,Casual Checks + Stripes
BOM-SHI-28526-GREEN38,RTW Shirts,Casual Checks + Stripes
BOM-SHI-28527-GREEN40,RTW Shirts,Casual Checks + Stripes
BOM-SHI-28528-GREEN42,RTW Shirts,Casual Checks + Stripes
BOM-SHI-28529-GREEN44,RTW Shirts,Casual Checks + Stripes
BOM-SHI-28530-GREEN46,RTW Shirts,Casual Checks + Stripes
BOM-SHI-28549-RED36,RTW Shirts,Casual Checks + Stripes
BOM-SHI-28550-RED38,RTW Shirts,Casual Checks + Stripes
BOM-SHI-28551-RED40,RTW Shirts,Casual Checks + Stripes
BOM-SHI-28552-RED42,RTW Shirts,Casual Checks + Stripes
BOM-SHI-28553-RED44,RTW Shirts,Casual Checks + Stripes
BOM-SHI-28554-RED46,RTW Shirts,Casual Checks + Stripes
BOM-SHI-28567-MULTI36,RTW Shirts,Casual Print
BOM-SHI-28568-MULTI38,RTW Shirts,Casual Print
BOM-SHI-28569-MULTI40,RTW Shirts,Casual Print
BOM-SHI-28570-MULTI42,RTW Shirts,Casual Print
BOM-SHI-28571-MULTI44,RTW Shirts,Casual Print
BOM-SHI-28572-MULTI46,RTW Shirts,Casual Print
BOM-SHI-28585-GREEN36,RTW Shirts,Formal Checks
BOM-SHI-28586-GREEN38,RTW Shirts,Formal Checks
BOM-SHI-28587-GREEN40,RTW Shirts,Formal Checks
BOM-SHI-28588-GREEN42,RTW Shirts,Formal Checks
BOM-SHI-28589-GREEN44,RTW Shirts,Formal Checks
BOM-SHI-28590-GREEN46,RTW Shirts,Formal Checks
BOM-SHI-28627-BEIGE36,RTW Shirts,On Trend
BOM-SHI-28628-BEIGE38,RTW Shirts,On Trend
BOM-SHI-28629-BEIGE40,RTW Shirts,On Trend
BOM-SHI-28630-BEIGE42,RTW Shirts,On Trend
BOM-SHI-28631-BEIGE44,RTW Shirts,On Trend
BOM-SHI-28632-BEIGE46,RTW Shirts,On Trend
BOM-SHI-28639-STEEL36,RTW Shirts,On Trend
BOM-SHI-28640-STEEL38,RTW Shirts,On Trend
BOM-SHI-28641-STEEL40,RTW Shirts,On Trend
BOM-SHI-28642-STEEL42,RTW Shirts,On Trend
BOM-SHI-28643-STEEL44,RTW Shirts,On Trend
BOM-SHI-28644-STEEL46,RTW Shirts,On Trend
BOM-SHI-28656-RED36,RTW Shirts,On Trend
BOM-SHI-28657-RED38,RTW Shirts,On Trend
BOM-SHI-28658-RED40,RTW Shirts,On Trend
BOM-SHI-28659-RED42,RTW Shirts,On Trend
BOM-SHI-28660-RED44,RTW Shirts,On Trend
BOM-SHI-28661-RED46,RTW Shirts,On Trend
BOM-SHI-28669-ECRU36,RTW Shirts,Casual Solid
BOM-SHI-28670-ECRU38,RTW Shirts,Casual Solid
BOM-SHI-28671-ECRU40,RTW Shirts,Casual Solid
BOM-SHI-28672-ECRU42,RTW Shirts,Casual Solid
BOM-SHI-28673-ECRU44,RTW Shirts,Casual Solid
BOM-SHI-28674-ECRU46,RTW Shirts,Casual Solid
BOM-SHI-28681-BEIGE36,RTW Shirts,Casual Solid
BOM-SHI-28682-BEIGE38,RTW Shirts,Casual Solid
BOM-SHI-28683-BEIGE40,RTW Shirts,Casual Solid
BOM-SHI-28684-BEIGE42,RTW Shirts,Casual Solid
BOM-SHI-28685-BEIGE44,RTW Shirts,Casual Solid
BOM-SHI-28686-BEIGE46,RTW Shirts,Casual Solid
BOM-SHI-28707-GREY36,RTW Shirts,Casual Solid
BOM-SHI-28708-GREY38,RTW Shirts,Casual Solid
BOM-SHI-28709-GREY40,RTW Shirts,Casual Solid
BOM-SHI-28710-GREY42,RTW Shirts,Casual Solid
BOM-SHI-28711-GREY44,RTW Shirts,Casual Solid
BOM-SHI-28712-GREY46,RTW Shirts,Casual Solid
BOM-SHI-28718-BLUE36,RTW Shirts,Casual Checks + Stripes
BOM-SHI-28719-BLUE38,RTW Shirts,Casual Checks + Stripes
BOM-SHI-28720-BLUE40,RTW Shirts,Casual Checks + Stripes
BOM-SHI-28721-BLUE42,RTW Shirts,Casual Checks + Stripes
BOM-SHI-28722-BLUE44,RTW Shirts,Casual Checks + Stripes
BOM-SHI-28723-BLUE46,RTW Shirts,Casual Checks + Stripes
BOM-SHI-28745-NAVY36,RTW Shirts,Casual Checks + Stripes
BOM-SHI-28746-NAVY38,RTW Shirts,Casual Checks + Stripes
BOM-SHI-28747-NAVY40,RTW Shirts,Casual Checks + Stripes
BOM-SHI-28748-NAVY42,RTW Shirts,Casual Checks + Stripes
BOM-SHI-28749-NAVY44,RTW Shirts,Casual Checks + Stripes
BOM-SHI-28750-NAVY46,RTW Shirts,Casual Checks + Stripes
BOM-SHI-28769-BLUE36,RTW Shirts,Formal Stripes
BOM-SHI-28770-BLUE38,RTW Shirts,Formal Stripes
BOM-SHI-28771-BLUE40,RTW Shirts,Formal Stripes
BOM-SHI-28772-BLUE42,RTW Shirts,Formal Stripes
BOM-SHI-28773-BLUE44,RTW Shirts,Formal Stripes
BOM-SHI-28774-BLUE46,RTW Shirts,Formal Stripes
BOM-SHI-28795-BLUE36,RTW Shirts,Formal Stripes
BOM-SHI-28796-BLUE38,RTW Shirts,Formal Stripes
BOM-SHI-28797-BLUE40,RTW Shirts,Formal Stripes
BOM-SHI-28798-BLUE42,RTW Shirts,Formal Stripes
BOM-SHI-28799-BLUE44,RTW Shirts,Formal Stripes
BOM-SHI-28822-MULTI36,RTW Shirts,Casual Checks + Stripes
BOM-SHI-28823-MULTI38,RTW Shirts,Casual Checks + Stripes
BOM-SHI-28824-MULTI40,RTW Shirts,Casual Checks + Stripes
BOM-SHI-28825-MULTI42,RTW Shirts,Casual Checks + Stripes
BOM-SHI-28826-MULTI44,RTW Shirts,Casual Checks + Stripes
BOM-SHI-28827-MULTI46,RTW Shirts,Casual Checks + Stripes
BOM-SHI-28843-BLUE36,RTW Shirts,Formal Solid
BOM-SHI-28844-BLUE38,RTW Shirts,Formal Solid
BOM-SHI-28845-BLUE40,RTW Shirts,Formal Solid
BOM-SHI-28846-BLUE42,RTW Shirts,Formal Solid
BOM-SHI-28847-BLUE44,RTW Shirts,Formal Solid
BOM-SHI-28848-BLUE46,RTW Shirts,Formal Solid
BOM-SHI-28868-ECRU36,RTW Shirts,Casual Checks + Stripes
BOM-SHI-28869-ECRU38,RTW Shirts,Casual Checks + Stripes
BOM-SHI-28870-ECRU40,RTW Shirts,Casual Checks + Stripes
BOM-SHI-28871-ECRU42,RTW Shirts,Casual Checks + Stripes
BOM-SHI-28872-ECRU44,RTW Shirts,Casual Checks + Stripes
BOM-SHI-28873-ECRU46,RTW Shirts,Casual Checks + Stripes
BOM-SHI-28881-ECRU36,RTW Shirts,Casual Checks + Stripes
BOM-SHI-28882-ECRU38,RTW Shirts,Casual Checks + Stripes
BOM-SHI-28883-ECRU40,RTW Shirts,Casual Checks + Stripes
BOM-SHI-28884-ECRU42,RTW Shirts,Casual Checks + Stripes
BOM-SHI-28885-ECRU44,RTW Shirts,Casual Checks + Stripes
BOM-SHI-28886-ECRU46,RTW Shirts,Casual Checks + Stripes
BOM-SHI-28887-BLUE36,RTW Shirts,Casual Checks + Stripes
BOM-SHI-28888-BLUE38,RTW Shirts,Casual Checks + Stripes
BOM-SHI-28889-BLUE40,RTW Shirts,Casual Checks + Stripes
BOM-SHI-28890-BLUE42,RTW Shirts,Casual Checks + Stripes
BOM-SHI-28891-BLUE44,RTW Shirts,Casual Checks + Stripes
BOM-SHI-28892-BLUE46,RTW Shirts,Casual Checks + Stripes
BOM-SHI-28936-GREY36,RTW Shirts,Casual Checks + Stripes
BOM-SHI-28937-GREY38,RTW Shirts,Casual Checks + Stripes
BOM-SHI-28938-GREY40,RTW Shirts,Casual Checks + Stripes
BOM-SHI-28939-GREY42,RTW Shirts,Casual Checks + Stripes
BOM-SHI-28940-GREY44,RTW Shirts,Casual Checks + Stripes
BOM-SHI-28941-GREY46,RTW Shirts,Casual Checks + Stripes
BOM-SHI-28942-KHAKI36,RTW Shirts,Casual Checks + Stripes
BOM-SHI-28943-KHAKI38,RTW Shirts,Casual Checks + Stripes
BOM-SHI-28944-KHAKI40,RTW Shirts,Casual Checks + Stripes
BOM-SHI-28945-KHAKI42,RTW Shirts,Casual Checks + Stripes
BOM-SHI-28946-KHAKI44,RTW Shirts,Casual Checks + Stripes
BOM-SHI-28947-KHAKI46,RTW Shirts,Casual Checks + Stripes
BOM-SHI-28954-GREY36,RTW Shirts,Casual Checks + Stripes
BOM-SHI-28955-GREY38,RTW Shirts,Casual Checks + Stripes
BOM-SHI-28956-GREY40,RTW Shirts,Casual Checks + Stripes
BOM-SHI-28957-GREY42,RTW Shirts,Casual Checks + Stripes
BOM-SHI-28958-GREY44,RTW Shirts,Casual Checks + Stripes
BOM-SHI-28959-GREY46,RTW Shirts,Casual Checks + Stripes
BOM-SHI-28960-GREEN36,RTW Shirts,Casual Print
BOM-SHI-28961-GREEN38,RTW Shirts,Casual Print
BOM-SHI-28962-GREEN40,RTW Shirts,Casual Print
BOM-SHI-28963-GREEN42,RTW Shirts,Casual Print
BOM-SHI-28964-GREEN44,RTW Shirts,Casual Print
BOM-SHI-28965-GREEN46,RTW Shirts,Casual Print
BOM-SHI-28972-BLACK36,RTW Shirts,Casual Print
BOM-SHI-28973-BLACK38,RTW Shirts,Casual Print
BOM-SHI-28974-BLACK40,RTW Shirts,Casual Print
BOM-SHI-28975-BLACK42,RTW Shirts,Casual Print
BOM-SHI-28976-BLACK44,RTW Shirts,Casual Print
BOM-SHI-28977-BLACK46,RTW Shirts,Casual Print
BOM-SHI-29003-PINK38,RTW Shirts,Casual Checks + Stripes
BOM-SHI-29004-PINK40,RTW Shirts,Casual Checks + Stripes
BOM-SHI-29005-PINK42,RTW Shirts,Casual Checks + Stripes
BOM-SHI-29006-PINK44,RTW Shirts,Casual Checks + Stripes
BOM-SHI-29007-PINK46,RTW Shirts,Casual Checks + Stripes
BOM-SHI-29014-LIGHT36,RTW Shirts,Casual Checks + Stripes
BOM-SHI-29015-LIGHT38,RTW Shirts,Casual Checks + Stripes
BOM-SHI-29016-LIGHT40,RTW Shirts,Casual Checks + Stripes
BOM-SHI-29017-LIGHT42,RTW Shirts,Casual Checks + Stripes
BOM-SHI-29018-LIGHT44,RTW Shirts,Casual Checks + Stripes
BOM-SHI-29019-LIGHT46,RTW Shirts,Casual Checks + Stripes
BOM-SHI-29026-BLUE36,RTW Shirts,Casual Checks + Stripes
BOM-SHI-29027-BLUE38,RTW Shirts,Casual Checks + Stripes
BOM-SHI-29028-BLUE40,RTW Shirts,Casual Checks + Stripes
BOM-SHI-29029-BLUE42,RTW Shirts,Casual Checks + Stripes
BOM-SHI-29030-BLUE44,RTW Shirts,Casual Checks + Stripes
BOM-SHI-29031-BLUE46,RTW Shirts,Casual Checks + Stripes
BOM-SHI-29044-GREY36,RTW Shirts,Solid Cuban
BOM-SHI-29045-GREY38,RTW Shirts,Solid Cuban
BOM-SHI-29046-GREY40,RTW Shirts,Solid Cuban
BOM-SHI-29047-GREY42,RTW Shirts,Solid Cuban
BOM-SHI-29048-GREY44,RTW Shirts,Solid Cuban
BOM-SHI-29049-GREY46,RTW Shirts,Solid Cuban
BOM-SHI-29050-CHARC36,RTW Shirts,Solid Cuban
BOM-SHI-29051-CHARC38,RTW Shirts,Solid Cuban
BOM-SHI-29052-CHARC40,RTW Shirts,Solid Cuban
BOM-SHI-29053-CHARC42,RTW Shirts,Solid Cuban
BOM-SHI-29055-CHARC46,RTW Shirts,Solid Cuban
BOM-SHI-29635-NAVY36,RTW Shirts,On Trend
BOM-SHI-29636-NAVY38,RTW Shirts,On Trend
BOM-SHI-29637-NAVY40,RTW Shirts,On Trend
BOM-SHI-29638-NAVY42,RTW Shirts,On Trend
BOM-SHI-29639-NAVY44,RTW Shirts,On Trend
BOM-SHI-29640-NAVY46,RTW Shirts,On Trend
BOM-SHI-29647-OLIVE36,RTW Shirts,Solid Cuban
BOM-SHI-29648-OLIVE38,RTW Shirts,Solid Cuban
BOM-SHI-29649-OLIVE40,RTW Shirts,Solid Cuban
BOM-SHI-29650-OLIVE42,RTW Shirts,Solid Cuban
BOM-SHI-29651-OLIVE44,RTW Shirts,Solid Cuban
BOM-SHI-29652-OLIVE46,RTW Shirts,Solid Cuban
BOM-SHI-29653-BLACK36,RTW Shirts,Solid Cuban
BOM-SHI-29654-BLACK38,RTW Shirts,Solid Cuban
BOM-SHI-29655-BLACK40,RTW Shirts,Solid Cuban
BOM-SHI-29656-BLACK42,RTW Shirts,Solid Cuban
BOM-SHI-29657-BLACK44,RTW Shirts,Solid Cuban
BOM-SHI-29658-BLACK46,RTW Shirts,Solid Cuban
BOM-SHI-29659-SAND36,RTW Shirts,Solid Cuban
BOM-SHI-29660-SAND38,RTW Shirts,Solid Cuban
BOM-SHI-29661-SAND40,RTW Shirts,Solid Cuban
BOM-SHI-29662-SAND42,RTW Shirts,Solid Cuban
BOM-SHI-29663-SAND44,RTW Shirts,Solid Cuban
BOM-SHI-29664-SAND46,RTW Shirts,Solid Cuban
BOM-SHI-29665-BEIGE36,RTW Shirts,On Trend
BOM-SHI-29666-BEIGE38,RTW Shirts,On Trend
BOM-SHI-29667-BEIGE40,RTW Shirts,On Trend
BOM-SHI-29668-BEIGE42,RTW Shirts,On Trend
BOM-SHI-29669-BEIGE44,RTW Shirts,On Trend
BOM-SHI-29670-BEIGE46,RTW Shirts,On Trend
BOM-SHI-29677-NAVY36,RTW Shirts,Casual Checks + Stripes
BOM-SHI-29678-NAVY38,RTW Shirts,Casual Checks + Stripes
BOM-SHI-29679-NAVY40,RTW Shirts,Casual Checks + Stripes
BOM-SHI-29680-NAVY42,RTW Shirts,Casual Checks + Stripes
BOM-SHI-29681-NAVY44,RTW Shirts,Casual Checks + Stripes
BOM-SHI-29682-NAVY46,RTW Shirts,Casual Checks + Stripes
BOM-SHI-29689-MULTI36,RTW Shirts,Casual Print
BOM-SHI-29690-MULTI38,RTW Shirts,Casual Print
BOM-SHI-29691-MULTI40,RTW Shirts,Casual Print
BOM-SHI-29692-MULTI42,RTW Shirts,Casual Print
BOM-SHI-29693-MULTI44,RTW Shirts,Casual Print
BOM-SHI-29694-MULTI46,RTW Shirts,Casual Print
BOM-SHI-29701-BLACK36,RTW Shirts,Casual Print
BOM-SHI-29702-BLACK38,RTW Shirts,Casual Print
BOM-SHI-29703-BLACK40,RTW Shirts,Casual Print
BOM-SHI-29704-BLACK42,RTW Shirts,Casual Print
BOM-SHI-29705-BLACK44,RTW Shirts,Casual Print
BOM-SHI-29719-PINK36,RTW Shirts,Casual Print
BOM-SHI-29720-PINK38,RTW Shirts,Casual Print
BOM-SHI-29721-PINK40,RTW Shirts,Casual Print
BOM-SHI-29722-PINK42,RTW Shirts,Casual Print
BOM-SHI-29723-PINK44,RTW Shirts,Casual Print
BOM-SHI-29724-PINK46,RTW Shirts,Casual Print
BOM-SHI-29725-BLACK36,RTW Shirts,Casual Print
BOM-SHI-29726-BLACK38,RTW Shirts,Casual Print
BOM-SHI-29727-BLACK40,RTW Shirts,Casual Print
BOM-SHI-29728-BLACK42,RTW Shirts,Casual Print
BOM-SHI-29729-BLACK44,RTW Shirts,Casual Print
BOM-SHI-29730-BLACK46,RTW Shirts,Casual Print
BOM-SHI-29731-PURPL36,RTW Shirts,Casual Print
BOM-SHI-29732-PURPL38,RTW Shirts,Casual Print
BOM-SHI-29733-PURPL40,RTW Shirts,Casual Print
BOM-SHI-29734-PURPL42,RTW Shirts,Casual Print
BOM-SHI-29735-PURPL44,RTW Shirts,Casual Print
BOM-SHI-29736-PURPL46,RTW Shirts,Casual Print
BOM-SHI-29737-BLUE36,RTW Shirts,Formal Stripes
BOM-SHI-29738-BLUE38,RTW Shirts,Formal Stripes
BOM-SHI-29739-BLUE40,RTW Shirts,Formal Stripes
BOM-SHI-29740-BLUE42,RTW Shirts,Formal Stripes
BOM-SHI-29741-BLUE44,RTW Shirts,Formal Stripes
BOM-SHI-29742-BLUE46,RTW Shirts,Formal Stripes
BOM-SHI-29743-GREEN36,RTW Shirts,Formal Checks
BOM-SHI-29744-GREEN38,RTW Shirts,Formal Checks
BOM-SHI-29745-GREEN40,RTW Shirts,Formal Checks
BOM-SHI-29746-GREEN42,RTW Shirts,Formal Checks
BOM-SHI-29747-GREEN44,RTW Shirts,Formal Checks
BOM-SHI-29748-GREEN46,RTW Shirts,Formal Checks
BOM-SHI-29749-GREY36,RTW Shirts,Formal Checks
BOM-SHI-29750-GREY38,RTW Shirts,Formal Checks
BOM-SHI-29751-GREY40,RTW Shirts,Formal Checks
BOM-SHI-29752-GREY42,RTW Shirts,Formal Checks
BOM-SHI-29753-GREY44,RTW Shirts,Formal Checks
BOM-SHI-29754-GREY46,RTW Shirts,Formal Checks
BOM-SHI-29755-BLUE36,RTW Shirts,Formal Checks
BOM-SHI-29756-BLUE38,RTW Shirts,Formal Checks
BOM-SHI-29757-BLUE40,RTW Shirts,Formal Checks
BOM-SHI-29758-BLUE42,RTW Shirts,Formal Checks
BOM-SHI-29759-BLUE44,RTW Shirts,Formal Checks
BOM-SHI-29760-BLUE46,RTW Shirts,Formal Checks
BOM-SHI-29767-BLUE36,RTW Shirts,Formal Checks
BOM-SHI-29768-BLUE38,RTW Shirts,Formal Checks
BOM-SHI-29769-BLUE40,RTW Shirts,Formal Checks
BOM-SHI-29770-BLUE42,RTW Shirts,Formal Checks
BOM-SHI-29771-BLUE44,RTW Shirts,Formal Checks
BOM-SHI-29772-BLUE46,RTW Shirts,Formal Checks
BOM-SHI-29773-ECRU36,RTW Shirts,Solid Cuban
BOM-SHI-29774-ECRU38,RTW Shirts,Solid Cuban
BOM-SHI-29775-ECRU40,RTW Shirts,Solid Cuban
BOM-SHI-29776-ECRU42,RTW Shirts,Solid Cuban
BOM-SHI-29777-ECRU44,RTW Shirts,Solid Cuban
BOM-SHI-29778-ECRU46,RTW Shirts,Solid Cuban
BOM-SHI-29779-BLACK36,RTW Shirts,Solid Cuban
BOM-SHI-29780-BLACK38,RTW Shirts,Solid Cuban
BOM-SHI-29781-BLACK40,RTW Shirts,Solid Cuban
BOM-SHI-29782-BLACK42,RTW Shirts,Solid Cuban
BOM-SHI-29783-BLACK44,RTW Shirts,Solid Cuban
BOM-SHI-29784-BLACK46,RTW Shirts,Solid Cuban
BOM-SHI-29785-BROWN36,RTW Shirts,Solid Cuban
BOM-SHI-29786-BROWN38,RTW Shirts,Solid Cuban
BOM-SHI-29787-BROWN40,RTW Shirts,Solid Cuban
BOM-SHI-29788-BROWN42,RTW Shirts,Solid Cuban
BOM-SHI-29789-BROWN44,RTW Shirts,Solid Cuban
BOM-SHI-29790-BROWN46,RTW Shirts,Solid Cuban
BOM-SHI-29903-OLIVE36,RTW Shirts,Casual Solid
BOM-SHI-29904-OLIVE38,RTW Shirts,Casual Solid
BOM-SHI-29905-OLIVE40,RTW Shirts,Casual Solid
BOM-SHI-29906-OLIVE42,RTW Shirts,Casual Solid
BOM-SHI-29907-OLIVE44,RTW Shirts,Casual Solid
BOM-SHI-29908-OLIVE46,RTW Shirts,Casual Solid
BOM-SHI-29909-BEIGE36,RTW Shirts,Casual Solid
BOM-SHI-29910-BEIGE38,RTW Shirts,Casual Solid
BOM-SHI-29911-BEIGE40,RTW Shirts,Casual Solid
BOM-SHI-29912-BEIGE42,RTW Shirts,Casual Solid
BOM-SHI-29913-BEIGE44,RTW Shirts,Casual Solid
BOM-SHI-29914-BEIGE46,RTW Shirts,Casual Solid
BOM-SHI-29921-MULTI36,RTW Shirts,On Trend
BOM-SHI-29922-MULTI38,RTW Shirts,On Trend
BOM-SHI-29923-MULTI40,RTW Shirts,On Trend
BOM-SHI-29924-MULTI42,RTW Shirts,On Trend
BOM-SHI-29925-MULTI44,RTW Shirts,On Trend
BOM-SHI-29926-MULTI46,RTW Shirts,On Trend
BOM-SHI-29927-MULTI36,RTW Shirts,On Trend
BOM-SHI-29928-MULTI38,RTW Shirts,On Trend
BOM-SHI-29929-MULTI40,RTW Shirts,On Trend
BOM-SHI-29930-MULTI42,RTW Shirts,On Trend
BOM-SHI-29931-MULTI44,RTW Shirts,On Trend
BOM-SHI-29932-MULTI46,RTW Shirts,On Trend
BOM-SHI-29933-MULTI36,RTW Shirts,On Trend
BOM-SHI-29934-MULTI38,RTW Shirts,On Trend
BOM-SHI-29935-MULTI40,RTW Shirts,On Trend
BOM-SHI-29936-MULTI42,RTW Shirts,On Trend
BOM-SHI-29937-MULTI44,RTW Shirts,On Trend
BOM-SHI-29938-MULTI46,RTW Shirts,On Trend
BOM-SHI-29945-MULTI36,RTW Shirts,On Trend
BOM-SHI-29946-MULTI38,RTW Shirts,On Trend
BOM-SHI-29947-MULTI40,RTW Shirts,On Trend
BOM-SHI-29948-MULTI42,RTW Shirts,On Trend
BOM-SHI-29949-MULTI44,RTW Shirts,On Trend
BOM-SHI-29950-MULTI46,RTW Shirts,On Trend
BOM-SHI-29963-WHITE36,RTW Shirts,Solid Cuban
BOM-SHI-29964-WHITE38,RTW Shirts,Solid Cuban
BOM-SHI-29965-WHITE40,RTW Shirts,Solid Cuban
BOM-SHI-29966-WHITE42,RTW Shirts,Solid Cuban
BOM-SHI-29967-WHITE44,RTW Shirts,Solid Cuban
BOM-SHI-29968-WHITE46,RTW Shirts,Solid Cuban
BOM-SHI-29975-BLUE36,RTW Shirts,Casual Checks + Stripes
BOM-SHI-29976-BLUE38,RTW Shirts,Casual Checks + Stripes
BOM-SHI-29977-BLUE40,RTW Shirts,Casual Checks + Stripes
BOM-SHI-29978-BLUE42,RTW Shirts,Casual Checks + Stripes
BOM-SHI-29979-BLUE44,RTW Shirts,Casual Checks + Stripes
BOM-SHI-29980-BLUE46,RTW Shirts,Casual Checks + Stripes
BOM-SHI-29987-BLACK36,RTW Shirts,Formal Solid
BOM-SHI-29988-BLACK38,RTW Shirts,Formal Solid
BOM-SHI-29989-BLACK40,RTW Shirts,Formal Solid
BOM-SHI-29990-BLACK42,RTW Shirts,Formal Solid
BOM-SHI-29991-BLACK44,RTW Shirts,Formal Solid
BOM-SHI-29992-BLACK46,RTW Shirts,Formal Solid
BOM-SHI-30011-BLACK36,RTW Shirts,Casual Print
BOM-SHI-30012-BLACK38,RTW Shirts,Casual Print
BOM-SHI-30013-BLACK40,RTW Shirts,Casual Print
BOM-SHI-30014-BLACK42,RTW Shirts,Casual Print
BOM-SHI-30015-BLACK44,RTW Shirts,Casual Print
BOM-SHI-30016-BLACK46,RTW Shirts,Casual Print
BOM-SHI-30023-PURPL36,RTW Shirts,Casual Print
BOM-SHI-30024-PURPL38,RTW Shirts,Casual Print
BOM-SHI-30025-PURPL40,RTW Shirts,Casual Print
BOM-SHI-30026-PURPL42,RTW Shirts,Casual Print
BOM-SHI-30027-PURPL44,RTW Shirts,Casual Print
BOM-SHI-30028-PURPL46,RTW Shirts,Casual Print
BOM-SHI-30035-BLUE36,RTW Shirts,Casual Print
BOM-SHI-30036-BLUE38,RTW Shirts,Casual Print
BOM-SHI-30037-BLUE40,RTW Shirts,Casual Print
BOM-SHI-30038-BLUE42,RTW Shirts,Casual Print
BOM-SHI-30039-BLUE44,RTW Shirts,Casual Print
BOM-SHI-30040-BLUE46,RTW Shirts,Casual Print
BOM-SHI-30073-BLUE36,RTW Shirts,Solid Cuban
BOM-SHI-30074-BLUE38,RTW Shirts,Solid Cuban
BOM-SHI-30075-BLUE40,RTW Shirts,Solid Cuban
BOM-SHI-30076-BLUE42,RTW Shirts,Solid Cuban
BOM-SHI-30077-BLUE44,RTW Shirts,Solid Cuban
BOM-SHI-30078-BLUE46,RTW Shirts,Solid Cuban
BOM-SHI-30217-MULTI36,RTW Shirts,Casual Print
BOM-SHI-30218-MULTI38,RTW Shirts,Casual Print
BOM-SHI-30219-MULTI40,RTW Shirts,Casual Print
BOM-SHI-30220-MULTI42,RTW Shirts,Casual Print
BOM-SHI-30221-MULTI44,RTW Shirts,Casual Print
BOM-SHI-30222-MULTI46,RTW Shirts,Casual Print
BOM-SHI-30229-GREY36,RTW Shirts,Casual Print
BOM-SHI-30230-GREY38,RTW Shirts,Casual Print
BOM-SHI-30231-GREY40,RTW Shirts,Casual Print
BOM-SHI-30232-GREY42,RTW Shirts,Casual Print
BOM-SHI-30233-GREY44,RTW Shirts,Casual Print
BOM-SHI-30234-GREY46,RTW Shirts,Casual Print
BOM-SHI-30247-BEIGE36,RTW Shirts,Casual Print
BOM-SHI-30248-BEIGE38,RTW Shirts,Casual Print
BOM-SHI-30249-BEIGE40,RTW Shirts,Casual Print
BOM-SHI-30250-BEIGE42,RTW Shirts,Casual Print
BOM-SHI-30251-BEIGE44,RTW Shirts,Casual Print
BOM-SHI-30252-BEIGE46,RTW Shirts,Casual Print
BOM-SHI-30253-GREY36,RTW Shirts,Casual Print
BOM-SHI-30254-GREY38,RTW Shirts,Casual Print
BOM-SHI-30255-GREY40,RTW Shirts,Casual Print
BOM-SHI-30256-GREY42,RTW Shirts,Casual Print
BOM-SHI-30257-GREY44,RTW Shirts,Casual Print
BOM-SHI-30258-GREY46,RTW Shirts,Casual Print
BOM-SHI-30271-WHITE36,RTW Shirts,Casual Print
BOM-SHI-30272-WHITE38,RTW Shirts,Casual Print
BOM-SHI-30273-WHITE40,RTW Shirts,Casual Print
BOM-SHI-30274-WHITE42,RTW Shirts,Casual Print
BOM-SHI-30275-WHITE44,RTW Shirts,Casual Print
BOM-SHI-30276-WHITE46,RTW Shirts,Casual Print
BOM-SHI-30283-BLACK36,RTW Shirts,Casual Print
BOM-SHI-30284-BLACK38,RTW Shirts,Casual Print
BOM-SHI-30285-BLACK40,RTW Shirts,Casual Print
BOM-SHI-30286-BLACK42,RTW Shirts,Casual Print
BOM-SHI-30287-BLACK44,RTW Shirts,Casual Print
BOM-SHI-30288-BLACK46,RTW Shirts,Casual Print
BOM-SHI-30307-OLIVE36,RTW Shirts,Solid Cuban
BOM-SHI-30308-OLIVE38,RTW Shirts,Solid Cuban
BOM-SHI-30309-OLIVE40,RTW Shirts,Solid Cuban
BOM-SHI-30310-OLIVE42,RTW Shirts,Solid Cuban
BOM-SHI-30311-OLIVE44,RTW Shirts,Solid Cuban
BOM-SHI-30312-OLIVE46,RTW Shirts,Solid Cuban
BOM-SHI-30313-BLACK36,RTW Shirts,Formal Stripes
BOM-SHI-30314-BLACK38,RTW Shirts,Formal Stripes
BOM-SHI-30315-BLACK40,RTW Shirts,Formal Stripes
BOM-SHI-30316-BLACK42,RTW Shirts,Formal Stripes
BOM-SHI-30317-BLACK44,RTW Shirts,Formal Stripes
BOM-SHI-30319-NAVY36,RTW Shirts,Formal Solid
BOM-SHI-30320-NAVY38,RTW Shirts,Formal Solid
BOM-SHI-30321-NAVY40,RTW Shirts,Formal Solid
BOM-SHI-30322-NAVY42,RTW Shirts,Formal Solid
BOM-SHI-30323-NAVY44,RTW Shirts,Formal Solid
BOM-SHI-30324-NAVY46,RTW Shirts,Formal Solid
BOM-SHI-30337-BEIGE36,RTW Shirts,Casual Print
BOM-SHI-30338-BEIGE38,RTW Shirts,Casual Print
BOM-SHI-30339-BEIGE40,RTW Shirts,Casual Print
BOM-SHI-30340-BEIGE42,RTW Shirts,Casual Print
BOM-SHI-30341-BEIGE44,RTW Shirts,Casual Print
BOM-SHI-30342-BEIGE46,RTW Shirts,Casual Print
BOM-SHI-30343-BLUE36,RTW Shirts,Solid Cuban
BOM-SHI-30344-BLUE38,RTW Shirts,Solid Cuban
BOM-SHI-30345-BLUE40,RTW Shirts,Solid Cuban
BOM-SHI-30346-BLUE42,RTW Shirts,Solid Cuban
BOM-SHI-30347-BLUE44,RTW Shirts,Solid Cuban
BOM-SHI-30348-BLUE46,RTW Shirts,Solid Cuban
BOM-SHI-30355-WHITE36,RTW Shirts,Casual Solid
BOM-SHI-30356-WHITE38,RTW Shirts,Casual Solid
BOM-SHI-30357-WHITE40,RTW Shirts,Casual Solid
BOM-SHI-30358-WHITE42,RTW Shirts,Casual Solid
BOM-SHI-30359-WHITE44,RTW Shirts,Casual Solid
BOM-SHI-30360-WHITE46,RTW Shirts,Casual Solid
BOM-SHI-30381-PINK36,RTW Shirts,Formal Solid
BOM-SHI-30382-PINK38,RTW Shirts,Formal Solid
BOM-SHI-30383-PINK40,RTW Shirts,Formal Solid
BOM-SHI-30384-PINK42,RTW Shirts,Formal Solid
BOM-SHI-30385-PINK44,RTW Shirts,Formal Solid
BOM-SHI-30386-PINK46,RTW Shirts,Formal Solid
BOM-SHI-30387-MULTI36,RTW Shirts,Casual Print
BOM-SHI-30388-MULTI38,RTW Shirts,Casual Print
BOM-SHI-30389-MULTI40,RTW Shirts,Casual Print
BOM-SHI-30390-MULTI42,RTW Shirts,Casual Print
BOM-SHI-30391-MULTI44,RTW Shirts,Casual Print
BOM-SHI-30392-MULTI46,RTW Shirts,Casual Print
BOM-SHI-30394-GREEN38,RTW Shirts,Casual Print
BOM-SHI-30395-GREEN40,RTW Shirts,Casual Print
BOM-SHI-30396-GREEN42,RTW Shirts,Casual Print
BOM-SHI-30397-GREEN44,RTW Shirts,Casual Print
BOM-SHI-30399-BLUE36,RTW Shirts,Casual Print
BOM-SHI-30400-BLUE38,RTW Shirts,Casual Print
BOM-SHI-30401-BLUE40,RTW Shirts,Casual Print
BOM-SHI-30402-BLUE42,RTW Shirts,Casual Print
BOM-SHI-30403-BLUE44,RTW Shirts,Casual Print
BOM-SHI-30404-BLUE46,RTW Shirts,Casual Print
BOM-SHI-30405-ORANG36,RTW Shirts,Casual Print
BOM-SHI-30406-ORANG38,RTW Shirts,Casual Print
BOM-SHI-30407-ORANG40,RTW Shirts,Casual Print
BOM-SHI-30408-ORANG42,RTW Shirts,Casual Print
BOM-SHI-30409-ORANG44,RTW Shirts,Casual Print
BOM-SHI-30410-ORANG46,RTW Shirts,Casual Print
BOM-SHI-30411-GREY36,RTW Shirts,Casual Print
BOM-SHI-30412-GREY38,RTW Shirts,Casual Print
BOM-SHI-30413-GREY40,RTW Shirts,Casual Print
BOM-SHI-30414-GREY42,RTW Shirts,Casual Print
BOM-SHI-30415-GREY44,RTW Shirts,Casual Print
BOM-SHI-30416-GREY46,RTW Shirts,Casual Print
BOM-SHI-30417-WHITE36,RTW Shirts,Casual Solid
BOM-SHI-30418-WHITE38,RTW Shirts,Casual Solid
BOM-SHI-30419-WHITE40,RTW Shirts,Casual Solid
BOM-SHI-30420-WHITE42,RTW Shirts,Casual Solid
BOM-SHI-30421-WHITE44,RTW Shirts,Casual Solid
BOM-SHI-30422-WHITE46,RTW Shirts,Casual Solid
BOM-SHI-30423-BLUE36,RTW Shirts,Formal Checks
BOM-SHI-30424-BLUE38,RTW Shirts,Formal Checks
BOM-SHI-30425-BLUE40,RTW Shirts,Formal Checks
BOM-SHI-30426-BLUE42,RTW Shirts,Formal Checks
BOM-SHI-30427-BLUE44,RTW Shirts,Formal Checks
BOM-SHI-30428-BLUE46,RTW Shirts,Formal Checks
BOM-SHI-30429-PINK36,RTW Shirts,Formal Solid
BOM-SHI-30430-PINK38,RTW Shirts,Formal Solid
BOM-SHI-30431-PINK40,RTW Shirts,Formal Solid
BOM-SHI-30432-PINK42,RTW Shirts,Formal Solid
BOM-SHI-30433-PINK44,RTW Shirts,Formal Solid
BOM-SHI-30434-PINK46,RTW Shirts,Formal Solid
BOM-SHI-30435-LAVEN36,RTW Shirts,Formal Solid
BOM-SHI-30436-LAVEN38,RTW Shirts,Formal Solid
BOM-SHI-30437-LAVEN40,RTW Shirts,Formal Solid
BOM-SHI-30438-LAVEN42,RTW Shirts,Formal Solid
BOM-SHI-30439-LAVEN44,RTW Shirts,Formal Solid
BOM-SHI-30440-LAVEN46,RTW Shirts,Formal Solid
BOM-SHI-30441-ORANG36,RTW Shirts,Casual Print
BOM-SHI-30442-ORANG38,RTW Shirts,Casual Print
BOM-SHI-30443-ORANG40,RTW Shirts,Casual Print
BOM-SHI-30444-ORANG42,RTW Shirts,Casual Print
BOM-SHI-30445-ORANG44,RTW Shirts,Casual Print
BOM-SHI-30446-ORANG46,RTW Shirts,Casual Print
BOM-SHI-30447-LIGHT36,RTW Shirts,Formal Checks
BOM-SHI-30448-LIGHT38,RTW Shirts,Formal Checks
BOM-SHI-30449-LIGHT40,RTW Shirts,Formal Checks
BOM-SHI-30450-LIGHT42,RTW Shirts,Formal Checks
BOM-SHI-30451-LIGHT44,RTW Shirts,Formal Checks
BOM-SHI-30452-LIGHT46,RTW Shirts,Formal Checks
BOM-SHI-30453-BLUE36,RTW Shirts,Formal Stripes
BOM-SHI-30454-BLUE38,RTW Shirts,Formal Stripes
BOM-SHI-30455-BLUE40,RTW Shirts,Formal Stripes
BOM-SHI-30456-BLUE42,RTW Shirts,Formal Stripes
BOM-SHI-30457-BLUE44,RTW Shirts,Formal Stripes
BOM-SHI-30459-LIGHT36,RTW Shirts,Formal Stripes
BOM-SHI-30460-LIGHT38,RTW Shirts,Formal Stripes
BOM-SHI-30461-LIGHT40,RTW Shirts,Formal Stripes
BOM-SHI-30462-LIGHT42,RTW Shirts,Formal Stripes
BOM-SHI-30463-LIGHT44,RTW Shirts,Formal Stripes
BOM-SHI-30464-LIGHT46,RTW Shirts,Formal Stripes
BOM-SHI-30465-GREY36,RTW Shirts,Formal Solid
BOM-SHI-30466-GREY38,RTW Shirts,Formal Solid
BOM-SHI-30467-GREY40,RTW Shirts,Formal Solid
BOM-SHI-30468-GREY42,RTW Shirts,Formal Solid
BOM-SHI-30469-GREY44,RTW Shirts,Formal Solid
BOM-SHI-30470-GREY46,RTW Shirts,Formal Solid
BOM-SHI-30471-BLUE36,RTW Shirts,Formal Solid
BOM-SHI-30472-BLUE38,RTW Shirts,Formal Solid
BOM-SHI-30473-BLUE40,RTW Shirts,Formal Solid
BOM-SHI-30474-BLUE42,RTW Shirts,Formal Solid
BOM-SHI-30475-BLUE44,RTW Shirts,Formal Solid
BOM-SHI-30476-BLUE46,RTW Shirts,Formal Solid
BOM-SHI-30478-BLUE38,RTW Shirts,Casual Print
BOM-SHI-30479-BLUE40,RTW Shirts,Casual Print
BOM-SHI-30480-BLUE42,RTW Shirts,Casual Print
BOM-SHI-30481-BLUE44,RTW Shirts,Casual Print
BOM-SHI-30482-BLUE46,RTW Shirts,Casual Print
BOM-SHI-30483-BLUE36,RTW Shirts,Formal Stripes
BOM-SHI-30484-BLUE38,RTW Shirts,Formal Stripes
BOM-SHI-30485-BLUE40,RTW Shirts,Formal Stripes
BOM-SHI-30486-BLUE42,RTW Shirts,Formal Stripes
BOM-SHI-30487-BLUE44,RTW Shirts,Formal Stripes
BOM-SHI-30488-BLUE46,RTW Shirts,Formal Stripes
BOM-SHI-30619-OLIVE36,RTW Shirts,Casual Solid
BOM-SHI-30620-OLIVE38,RTW Shirts,Casual Solid
BOM-SHI-30621-OLIVE40,RTW Shirts,Casual Solid
BOM-SHI-30622-OLIVE42,RTW Shirts,Casual Solid
BOM-SHI-30623-OLIVE44,RTW Shirts,Casual Solid
BOM-SHI-30624-OLIVE46,RTW Shirts,Casual Solid
BOM-SHI-30637-BLUE36,RTW Shirts,Casual Solid
BOM-SHI-30638-BLUE38,RTW Shirts,Casual Solid
BOM-SHI-30639-BLUE40,RTW Shirts,Casual Solid
BOM-SHI-30640-BLUE42,RTW Shirts,Casual Solid
BOM-SHI-30641-BLUE44,RTW Shirts,Casual Solid
BOM-SHI-30642-BLUE46,RTW Shirts,Casual Solid
BOM-SHI-30652-WHITE36,RTW Shirts,Formal Solid
BOM-SHI-30653-WHITE38,RTW Shirts,Formal Solid
BOM-SHI-30654-WHITE40,RTW Shirts,Formal Solid
BOM-SHI-30655-WHITE42,RTW Shirts,Formal Solid
BOM-SHI-30656-WHITE44,RTW Shirts,Formal Solid
BOM-SHI-30657-WHITE46,RTW Shirts,Formal Solid
BOM-SHI-30658-PINK36,RTW Shirts,Formal Solid
BOM-SHI-30659-PINK38,RTW Shirts,Formal Solid
BOM-SHI-30660-PINK40,RTW Shirts,Formal Solid
BOM-SHI-30661-PINK42,RTW Shirts,Formal Solid
BOM-SHI-30662-PINK44,RTW Shirts,Formal Solid
BOM-SHI-30663-PINK46,RTW Shirts,Formal Solid
BOM-SHI-30664-NAVY36,RTW Shirts,Formal Solid
BOM-SHI-30665-NAVY38,RTW Shirts,Formal Solid
BOM-SHI-30666-NAVY40,RTW Shirts,Formal Solid
BOM-SHI-30667-NAVY42,RTW Shirts,Formal Solid
BOM-SHI-30668-NAVY44,RTW Shirts,Formal Solid
BOM-SHI-30669-NAVY46,RTW Shirts,Formal Solid
BOM-SHI-30670-MULTI36,RTW Shirts,Casual Checks + Stripes
BOM-SHI-30671-MULTI38,RTW Shirts,Casual Checks + Stripes
BOM-SHI-30672-MULTI40,RTW Shirts,Casual Checks + Stripes
BOM-SHI-30673-MULTI42,RTW Shirts,Casual Checks + Stripes
BOM-SHI-30674-MULTI44,RTW Shirts,Casual Checks + Stripes
BOM-SHI-30675-MULTI46,RTW Shirts,Casual Checks + Stripes
BOM-SHI-30676-PINK36,RTW Shirts,Casual Checks + Stripes
BOM-SHI-30677-PINK38,RTW Shirts,Casual Checks + Stripes
BOM-SHI-30678-PINK40,RTW Shirts,Casual Checks + Stripes
BOM-SHI-30679-PINK42,RTW Shirts,Casual Checks + Stripes
BOM-SHI-30680-PINK44,RTW Shirts,Casual Checks + Stripes
BOM-SHI-30681-PINK46,RTW Shirts,Casual Checks + Stripes
BOM-SHI-30682-BEIGE36,RTW Shirts,Casual Checks + Stripes
BOM-SHI-30683-BEIGE38,RTW Shirts,Casual Checks + Stripes
BOM-SHI-30684-BEIGE40,RTW Shirts,Casual Checks + Stripes
BOM-SHI-30685-BEIGE42,RTW Shirts,Casual Checks + Stripes
BOM-SHI-30686-BEIGE44,RTW Shirts,Casual Checks + Stripes
BOM-SHI-30687-BEIGE46,RTW Shirts,Casual Checks + Stripes
BOM-SHI-30688-BLUE36,RTW Shirts,Casual Solid
BOM-SHI-30689-BLUE38,RTW Shirts,Casual Solid
BOM-SHI-30690-BLUE40,RTW Shirts,Casual Solid
BOM-SHI-30691-BLUE42,RTW Shirts,Casual Solid
BOM-SHI-30692-BLUE44,RTW Shirts,Casual Solid
BOM-SHI-30693-BLUE46,RTW Shirts,Casual Solid
BOM-SHI-30694-BLUE36,RTW Shirts,Casual Solid
BOM-SHI-30695-BLUE38,RTW Shirts,Casual Solid
BOM-SHI-30696-BLUE40,RTW Shirts,Casual Solid
BOM-SHI-30697-BLUE42,RTW Shirts,Casual Solid
BOM-SHI-30698-BLUE44,RTW Shirts,Casual Solid
BOM-SHI-30699-BLUE46,RTW Shirts,Casual Solid
BOM-SHI-30910-BLUE36,RTW Shirts,Formal Checks
BOM-SHI-30911-BLUE38,RTW Shirts,Formal Checks
BOM-SHI-30912-BLUE40,RTW Shirts,Formal Checks
BOM-SHI-30913-BLUE42,RTW Shirts,Formal Checks
BOM-SHI-30914-BLUE44,RTW Shirts,Formal Checks
BOM-SHI-30915-BLUE46,RTW Shirts,Formal Checks
BOM-SHI-30922-BLUE36,RTW Shirts,Formal Stripes
BOM-SHI-30923-BLUE38,RTW Shirts,Formal Stripes
BOM-SHI-30924-BLUE40,RTW Shirts,Formal Stripes
BOM-SHI-30925-BLUE42,RTW Shirts,Formal Stripes
BOM-SHI-30926-BLUE44,RTW Shirts,Formal Stripes
BOM-SHI-30927-BLUE46,RTW Shirts,Formal Stripes
BOM-SHI-30960-NAVY36,RTW Shirts,Casual Solid
BOM-SHI-30961-NAVY38,RTW Shirts,Casual Solid
BOM-SHI-30962-NAVY40,RTW Shirts,Casual Solid
BOM-SHI-30963-NAVY42,RTW Shirts,Casual Solid
BOM-SHI-30964-NAVY44,RTW Shirts,Casual Solid
BOM-SHI-30965-NAVY46,RTW Shirts,Casual Solid
BOM-SHI-30966-BROWN36,RTW Shirts,Casual Solid
BOM-SHI-30967-BROWN38,RTW Shirts,Casual Solid
BOM-SHI-30968-BROWN40,RTW Shirts,Casual Solid
BOM-SHI-30969-BROWN42,RTW Shirts,Casual Solid
BOM-SHI-30970-BROWN44,RTW Shirts,Casual Solid
BOM-SHI-30971-BROWN46,RTW Shirts,Casual Solid
BOM-SHI-30972-GREEN36,RTW Shirts,Casual Solid
BOM-SHI-30973-GREEN38,RTW Shirts,Casual Solid
BOM-SHI-30974-GREEN40,RTW Shirts,Casual Solid
BOM-SHI-30975-GREEN42,RTW Shirts,Casual Solid
BOM-SHI-30976-GREEN44,RTW Shirts,Casual Solid
BOM-SHI-30977-GREEN46,RTW Shirts,Casual Solid
BOM-SHI-30978-OFF-W36,RTW Shirts,Casual Solid
BOM-SHI-30979-OFF-W38,RTW Shirts,Casual Solid
BOM-SHI-30980-OFF-W40,RTW Shirts,Casual Solid
BOM-SHI-30981-OFF-W42,RTW Shirts,Casual Solid
BOM-SHI-30982-OFF-W44,RTW Shirts,Casual Solid
BOM-SHI-30983-OFF-W46,RTW Shirts,Casual Solid
BOM-SHI-30984-WHITE36,RTW Shirts,Casual Solid
BOM-SHI-30985-WHITE38,RTW Shirts,Casual Solid
BOM-SHI-30986-WHITE40,RTW Shirts,Casual Solid
BOM-SHI-30987-WHITE42,RTW Shirts,Casual Solid
BOM-SHI-30988-WHITE44,RTW Shirts,Casual Solid
BOM-SHI-30989-WHITE46,RTW Shirts,Casual Solid
BOM-SHI-31004-BLUE40,RTW Shirts,Formal Solid
BOM-SHI-31006-BLUE44,RTW Shirts,Formal Solid
BOM-SHI-31007-BLUE46,RTW Shirts,Formal Solid
BOM-SHI-31010-WHITE40,RTW Shirts,Formal Solid
BOM-SHI-31011-WHITE42,RTW Shirts,Formal Solid
BOM-SHI-31012-WHITE44,RTW Shirts,Formal Solid
BOM-SHI-31013-WHITE46,RTW Shirts,Formal Solid
BOM-SHI-31014-NAVY36,RTW Shirts,Casual Checks + Stripes
BOM-SHI-31015-NAVY38,RTW Shirts,Casual Checks + Stripes
BOM-SHI-31016-NAVY40,RTW Shirts,Casual Checks + Stripes
BOM-SHI-31017-NAVY42,RTW Shirts,Casual Checks + Stripes
BOM-SHI-31018-NAVY44,RTW Shirts,Casual Checks + Stripes
BOM-SHI-31020-BLUE36,RTW Shirts,Casual Checks + Stripes
BOM-SHI-31021-BLUE38,RTW Shirts,Casual Checks + Stripes
BOM-SHI-31022-BLUE40,RTW Shirts,Casual Checks + Stripes
BOM-SHI-31023-BLUE42,RTW Shirts,Casual Checks + Stripes
BOM-SHI-31024-BLUE44,RTW Shirts,Casual Checks + Stripes
BOM-SHI-31025-BLUE46,RTW Shirts,Casual Checks + Stripes
BOM-SHI-31026-PEACH36,RTW Shirts,Casual Checks + Stripes
BOM-SHI-31027-PEACH38,RTW Shirts,Casual Checks + Stripes
BOM-SHI-31028-PEACH40,RTW Shirts,Casual Checks + Stripes
BOM-SHI-31029-PEACH42,RTW Shirts,Casual Checks + Stripes
BOM-SHI-31030-PEACH44,RTW Shirts,Casual Checks + Stripes
BOM-SHI-31031-PEACH46,RTW Shirts,Casual Checks + Stripes
BOM-SHI-31032-MULTI36,RTW Shirts,Casual Checks + Stripes
BOM-SHI-31033-MULTI38,RTW Shirts,Casual Checks + Stripes
BOM-SHI-31034-MULTI40,RTW Shirts,Casual Checks + Stripes
BOM-SHI-31035-MULTI42,RTW Shirts,Casual Checks + Stripes
BOM-SHI-31036-MULTI44,RTW Shirts,Casual Checks + Stripes
BOM-SHI-31037-MULTI46,RTW Shirts,Casual Checks + Stripes
BOM-SHI-31038-MULTI36,RTW Shirts,Casual Checks + Stripes
BOM-SHI-31039-MULTI38,RTW Shirts,Casual Checks + Stripes
BOM-SHI-31040-MULTI40,RTW Shirts,Casual Checks + Stripes
BOM-SHI-31043-MULTI46,RTW Shirts,Casual Checks + Stripes
BOM-SHI-31044-BLUE36,RTW Shirts,Casual Checks + Stripes
BOM-SHI-31045-BLUE38,RTW Shirts,Casual Checks + Stripes
BOM-SHI-31046-BLUE40,RTW Shirts,Casual Checks + Stripes
BOM-SHI-31047-BLUE42,RTW Shirts,Casual Checks + Stripes
BOM-SHI-31048-BLUE44,RTW Shirts,Casual Checks + Stripes
BOM-SHI-31049-BLUE46,RTW Shirts,Casual Checks + Stripes
BOM-SHI-31050-MULTI36,RTW Shirts,Casual Checks + Stripes
BOM-SHI-31051-MULTI38,RTW Shirts,Casual Checks + Stripes
BOM-SHI-31052-MULTI40,RTW Shirts,Casual Checks + Stripes
BOM-SHI-31053-MULTI42,RTW Shirts,Casual Checks + Stripes
BOM-SHI-31054-MULTI44,RTW Shirts,Casual Checks + Stripes
BOM-SHI-31055-MULTI46,RTW Shirts,Casual Checks + Stripes
BOM-SHI-31056-BLUE36,RTW Shirts,Casual Print
BOM-SHI-31057-BLUE38,RTW Shirts,Casual Print
BOM-SHI-31058-BLUE40,RTW Shirts,Casual Print
BOM-SHI-31059-BLUE42,RTW Shirts,Casual Print
BOM-SHI-31060-BLUE44,RTW Shirts,Casual Print
BOM-SHI-31061-BLUE46,RTW Shirts,Casual Print
BOM-SHI-31078-GREEN36,RTW Shirts,Casual Print
BOM-SHI-31079-GREEN38,RTW Shirts,Casual Print
BOM-SHI-31080-GREEN40,RTW Shirts,Casual Print
BOM-SHI-31081-GREEN42,RTW Shirts,Casual Print
BOM-SHI-31082-GREEN44,RTW Shirts,Casual Print
BOM-SHI-31083-GREEN46,RTW Shirts,Casual Print
BOM-SHI-31116-GREY36,RTW Shirts,Casual Print
BOM-SHI-31117-GREY38,RTW Shirts,Casual Print
BOM-SHI-31118-GREY40,RTW Shirts,Casual Print
BOM-SHI-31119-GREY42,RTW Shirts,Casual Print
BOM-SHI-31120-GREY44,RTW Shirts,Casual Print
BOM-SHI-31121-GREY46,RTW Shirts,Casual Print
BOM-SHI-31122-WHITE36,RTW Shirts,Solid Cuban
BOM-SHI-31123-WHITE38,RTW Shirts,Solid Cuban
BOM-SHI-31124-WHITE40,RTW Shirts,Solid Cuban
BOM-SHI-31125-WHITE42,RTW Shirts,Solid Cuban
BOM-SHI-31126-WHITE44,RTW Shirts,Solid Cuban
BOM-SHI-31127-WHITE46,RTW Shirts,Solid Cuban
BOM-SHI-31128-GREEN36,RTW Shirts,Solid Cuban
BOM-SHI-31129-GREEN38,RTW Shirts,Solid Cuban
BOM-SHI-31130-GREEN40,RTW Shirts,Solid Cuban
BOM-SHI-31131-GREEN42,RTW Shirts,Solid Cuban
BOM-SHI-31132-GREEN44,RTW Shirts,Solid Cuban
BOM-SHI-31133-GREEN46,RTW Shirts,Solid Cuban
BOM-SHI-31134-BLACK36,RTW Shirts,Solid Cuban
BOM-SHI-31135-BLACK38,RTW Shirts,Solid Cuban
BOM-SHI-31136-BLACK40,RTW Shirts,Solid Cuban
BOM-SHI-31137-BLACK42,RTW Shirts,Solid Cuban
BOM-SHI-31138-BLACK44,RTW Shirts,Solid Cuban
BOM-SHI-31139-BLACK46,RTW Shirts,Solid Cuban
BOM-SHI-31140-BEIGE36,RTW Shirts,On Trend
BOM-SHI-31142-BEIGE40,RTW Shirts,On Trend
BOM-SHI-31143-BEIGE42,RTW Shirts,On Trend
BOM-SHI-31144-BEIGE44,RTW Shirts,On Trend
BOM-SHI-31146-ECRU36,RTW Shirts,On Trend
BOM-SHI-31147-ECRU38,RTW Shirts,On Trend
BOM-SHI-31148-ECRU40,RTW Shirts,On Trend
BOM-SHI-31149-ECRU42,RTW Shirts,On Trend
BOM-SHI-31150-ECRU44,RTW Shirts,On Trend
BOM-SHI-31151-ECRU46,RTW Shirts,On Trend
BOM-SHI-31152-BLUE36,RTW Shirts,On Trend
BOM-SHI-31153-BLUE38,RTW Shirts,On Trend
BOM-SHI-31154-BLUE40,RTW Shirts,On Trend
BOM-SHI-31155-BLUE42,RTW Shirts,On Trend
BOM-SHI-31156-BLUE44,RTW Shirts,On Trend
BOM-SHI-31157-BLUE46,RTW Shirts,On Trend
BOM-SHI-31158-GREY36,RTW Shirts,On Trend
BOM-SHI-31159-GREY38,RTW Shirts,On Trend
BOM-SHI-31160-GREY40,RTW Shirts,On Trend
BOM-SHI-31161-GREY42,RTW Shirts,On Trend
BOM-SHI-31162-GREY44,RTW Shirts,On Trend
BOM-SHI-31163-GREY46,RTW Shirts,On Trend
BOM-SHI-31164-BLUE36,RTW Shirts,On Trend
BOM-SHI-31165-BLUE38,RTW Shirts,On Trend
BOM-SHI-31166-BLUE40,RTW Shirts,On Trend
BOM-SHI-31167-BLUE42,RTW Shirts,On Trend
BOM-SHI-31168-BLUE44,RTW Shirts,On Trend
BOM-SHI-31169-BLUE46,RTW Shirts,On Trend
BOM-SHI-31170-DARK 36,RTW Shirts,On Trend
BOM-SHI-31171-DARK 38,RTW Shirts,On Trend
BOM-SHI-31172-DARK 40,RTW Shirts,On Trend
BOM-SHI-31173-DARK 42,RTW Shirts,On Trend
BOM-SHI-31174-DARK 44,RTW Shirts,On Trend
BOM-SHI-31175-DARK 46,RTW Shirts,On Trend
BOM-SHI-31176-LIGHT36,RTW Shirts,Formal Checks
BOM-SHI-31177-LIGHT38,RTW Shirts,Formal Checks
BOM-SHI-31178-LIGHT40,RTW Shirts,Formal Checks
BOM-SHI-31179-LIGHT42,RTW Shirts,Formal Checks
BOM-SHI-31180-LIGHT44,RTW Shirts,Formal Checks
BOM-SHI-31181-LIGHT46,RTW Shirts,Formal Checks
BOM-SHI-31182-BLUE36,RTW Shirts,Formal Stripes
BOM-SHI-31183-BLUE38,RTW Shirts,Formal Stripes
BOM-SHI-31184-BLUE40,RTW Shirts,Formal Stripes
BOM-SHI-31185-BLUE42,RTW Shirts,Formal Stripes
BOM-SHI-31186-BLUE44,RTW Shirts,Formal Stripes
BOM-SHI-31187-BLUE46,RTW Shirts,Formal Stripes
BOM-SHI-31188-WHITE36,RTW Shirts,Formal Solid
BOM-SHI-31189-WHITE38,RTW Shirts,Formal Solid
BOM-SHI-31190-WHITE40,RTW Shirts,Formal Solid
BOM-SHI-31191-WHITE42,RTW Shirts,Formal Solid
BOM-SHI-31192-WHITE44,RTW Shirts,Formal Solid
BOM-SHI-31193-WHITE46,RTW Shirts,Formal Solid
BOM-SHI-31194-BLACK36,RTW Shirts,Casual Solid
BOM-SHI-31195-BLACK38,RTW Shirts,Casual Solid
BOM-SHI-31196-BLACK40,RTW Shirts,Casual Solid
BOM-SHI-31197-BLACK42,RTW Shirts,Casual Solid
BOM-SHI-31198-BLACK44,RTW Shirts,Casual Solid
BOM-SHI-31199-BLACK46,RTW Shirts,Casual Solid
BOM-SHI-31245-WHITE38,RTW Shirts,Formal Solid
BOM-SHI-31247-WHITE42,RTW Shirts,Formal Solid
BOM-SHI-31248-WHITE44,RTW Shirts,Formal Solid
BOM-SHI-31249-WHITE46,RTW Shirts,Formal Solid
BOM-SHI-31250-BLUE36,RTW Shirts,Formal Solid
BOM-SHI-31251-BLUE38,RTW Shirts,Formal Solid
BOM-SHI-31252-BLUE40,RTW Shirts,Formal Solid
BOM-SHI-31253-BLUE42,RTW Shirts,Formal Solid
BOM-SHI-31254-BLUE44,RTW Shirts,Formal Solid
BOM-SHI-31255-BLUE46,RTW Shirts,Formal Solid
BOM-SHI-31256-BLACK36,RTW Shirts,Formal Solid
BOM-SHI-31257-BLACK38,RTW Shirts,Formal Solid
BOM-SHI-31258-BLACK40,RTW Shirts,Formal Solid
BOM-SHI-31259-BLACK42,RTW Shirts,Formal Solid
BOM-SHI-31260-BLACK44,RTW Shirts,Formal Solid
BOM-SHI-31261-BLACK46,RTW Shirts,Formal Solid
BOM-SHI-31262-BEIGE36,RTW Shirts,Formal Checks
BOM-SHI-31263-BEIGE38,RTW Shirts,Formal Checks
BOM-SHI-31264-BEIGE40,RTW Shirts,Formal Checks
BOM-SHI-31265-BEIGE42,RTW Shirts,Formal Checks
BOM-SHI-31266-BEIGE44,RTW Shirts,Formal Checks
BOM-SHI-31267-BEIGE46,RTW Shirts,Formal Checks
BOM-SHI-31268-BLACK36,RTW Shirts,Formal Checks
BOM-SHI-31269-BLACK38,RTW Shirts,Formal Checks
BOM-SHI-31270-BLACK40,RTW Shirts,Formal Checks
BOM-SHI-31271-BLACK42,RTW Shirts,Formal Checks
BOM-SHI-31272-BLACK44,RTW Shirts,Formal Checks
BOM-SHI-31571-NAVY36,RTW Shirts,Casual Checks + Stripes
BOM-SHI-31572-NAVY38,RTW Shirts,Casual Checks + Stripes
BOM-SHI-31573-NAVY40,RTW Shirts,Casual Checks + Stripes
BOM-SHI-31574-NAVY42,RTW Shirts,Casual Checks + Stripes
BOM-SHI-31575-NAVY44,RTW Shirts,Casual Checks + Stripes
BOM-SHI-31576-NAVY46,RTW Shirts,Casual Checks + Stripes
BOM-SHI-31577-NAVY36,RTW Shirts,Casual Solid
BOM-SHI-31578-NAVY38,RTW Shirts,Casual Solid
BOM-SHI-31579-NAVY40,RTW Shirts,Casual Solid
BOM-SHI-31580-NAVY42,RTW Shirts,Casual Solid
BOM-SHI-31581-NAVY44,RTW Shirts,Casual Solid
BOM-SHI-31582-NAVY46,RTW Shirts,Casual Solid
BOM-SHI-31595-BROWN36,RTW Shirts,On Trend
BOM-SHI-31596-BROWN38,RTW Shirts,On Trend
BOM-SHI-31597-BROWN40,RTW Shirts,On Trend
BOM-SHI-31598-BROWN42,RTW Shirts,On Trend
BOM-SHI-31599-BROWN44,RTW Shirts,On Trend
BOM-SHI-31600-BROWN46,RTW Shirts,On Trend
BOM-SHI-31601-ECRU36,RTW Shirts,On Trend
BOM-SHI-31602-ECRU38,RTW Shirts,On Trend
BOM-SHI-31603-ECRU40,RTW Shirts,On Trend
BOM-SHI-31604-ECRU42,RTW Shirts,On Trend
BOM-SHI-31605-ECRU44,RTW Shirts,On Trend
BOM-SHI-31606-ECRU46,RTW Shirts,On Trend
BOM-SHI-31607-LIGHT36,RTW Shirts,Formal Checks
BOM-SHI-31608-LIGHT38,RTW Shirts,Formal Checks
BOM-SHI-31609-LIGHT40,RTW Shirts,Formal Checks
BOM-SHI-31610-LIGHT42,RTW Shirts,Formal Checks
BOM-SHI-31611-LIGHT44,RTW Shirts,Formal Checks
BOM-SHI-31612-LIGHT46,RTW Shirts,Formal Checks
BOM-SHI-31613-WHITE36,RTW Shirts,Formal Solid
BOM-SHI-31614-WHITE38,RTW Shirts,Formal Solid
BOM-SHI-31615-WHITE40,RTW Shirts,Formal Solid
BOM-SHI-31616-WHITE42,RTW Shirts,Formal Solid
BOM-SHI-31617-WHITE44,RTW Shirts,Formal Solid
BOM-SHI-31618-WHITE46,RTW Shirts,Formal Solid
BOM-SHI-31619-BLUE36,RTW Shirts,Formal Stripes
BOM-SHI-31620-BLUE38,RTW Shirts,Formal Stripes
BOM-SHI-31621-BLUE40,RTW Shirts,Formal Stripes
BOM-SHI-31622-BLUE42,RTW Shirts,Formal Stripes
BOM-SHI-31623-BLUE44,RTW Shirts,Formal Stripes
BOM-SHI-31624-BLUE46,RTW Shirts,Formal Stripes
BOM-SHI-31625-BLUE36,RTW Shirts,Formal Stripes
BOM-SHI-31626-BLUE38,RTW Shirts,Formal Stripes
BOM-SHI-31627-BLUE40,RTW Shirts,Formal Stripes
BOM-SHI-31628-BLUE42,RTW Shirts,Formal Stripes
BOM-SHI-31629-BLUE44,RTW Shirts,Formal Stripes
BOM-SHI-31630-BLUE46,RTW Shirts,Formal Stripes
BOM-SHI-31631-GREY36,RTW Shirts,Solid Cuban
BOM-SHI-31632-GREY38,RTW Shirts,Solid Cuban
BOM-SHI-31633-GREY40,RTW Shirts,Solid Cuban
BOM-SHI-31634-GREY42,RTW Shirts,Solid Cuban
BOM-SHI-31635-GREY44,RTW Shirts,Solid Cuban
BOM-SHI-31636-GREY46,RTW Shirts,Solid Cuban
BOM-SHI-31637-BLACK36,RTW Shirts,Solid Cuban
BOM-SHI-31638-BLACK38,RTW Shirts,Solid Cuban
BOM-SHI-31639-BLACK40,RTW Shirts,Solid Cuban
BOM-SHI-31640-BLACK42,RTW Shirts,Solid Cuban
BOM-SHI-31641-BLACK44,RTW Shirts,Solid Cuban
BOM-SHI-31643-WHITE36,RTW Shirts,Formal Solid
BOM-SHI-31644-WHITE38,RTW Shirts,Formal Solid
BOM-SHI-31645-WHITE40,RTW Shirts,Formal Solid
BOM-SHI-31646-WHITE42,RTW Shirts,Formal Solid
BOM-SHI-31647-WHITE44,RTW Shirts,Formal Solid
BOM-SHI-31648-WHITE46,RTW Shirts,Formal Solid
BOM-SHI-31927-NAVY36,RTW Shirts,On Trend
BOM-SHI-31928-NAVY38,RTW Shirts,On Trend
BOM-SHI-31929-NAVY40,RTW Shirts,On Trend
BOM-SHI-31930-NAVY42,RTW Shirts,On Trend
BOM-SHI-31931-NAVY44,RTW Shirts,On Trend
BOM-SHI-31933-BLUE36,RTW Shirts,Casual Solid
BOM-SHI-31934-BLUE38,RTW Shirts,Casual Solid
BOM-SHI-31935-BLUE40,RTW Shirts,Casual Solid
BOM-SHI-31936-BLUE42,RTW Shirts,Casual Solid
BOM-SHI-31937-BLUE44,RTW Shirts,Casual Solid
BOM-SHI-31938-BLUE46,RTW Shirts,Casual Solid
BOM-SHI-31939-BROWN36,RTW Shirts,Casual Solid
BOM-SHI-31940-BROWN38,RTW Shirts,Casual Solid
BOM-SHI-31941-BROWN40,RTW Shirts,Casual Solid
BOM-SHI-31942-BROWN42,RTW Shirts,Casual Solid
BOM-SHI-31943-BROWN44,RTW Shirts,Casual Solid
BOM-SHI-31944-BROWN46,RTW Shirts,Casual Solid
BOM-SHI-31963-BROWN36,RTW Shirts,Casual Solid
BOM-SHI-31964-BROWN38,RTW Shirts,Casual Solid
BOM-SHI-31965-BROWN40,RTW Shirts,Casual Solid
BOM-SHI-31966-BROWN42,RTW Shirts,Casual Solid
BOM-SHI-31967-BROWN44,RTW Shirts,Casual Solid
BOM-SHI-31968-BROWN46,RTW Shirts,Casual Solid
BOM-SHI-31969-DARK 36,RTW Shirts,Casual Solid
BOM-SHI-31970-DARK 38,RTW Shirts,Casual Solid
BOM-SHI-31971-DARK 40,RTW Shirts,Casual Solid
BOM-SHI-31972-DARK 42,RTW Shirts,Casual Solid
BOM-SHI-31973-DARK 44,RTW Shirts,Casual Solid
BOM-SHI-31974-DARK 46,RTW Shirts,Casual Solid
BOM-SHI-31993-BLACK36,RTW Shirts,Solid Cuban
BOM-SHI-31994-BLACK38,RTW Shirts,Solid Cuban
BOM-SHI-31995-BLACK40,RTW Shirts,Solid Cuban
BOM-SHI-31996-BLACK42,RTW Shirts,Solid Cuban
BOM-SHI-31997-BLACK44,RTW Shirts,Solid Cuban
BOM-SHI-31998-BLACK46,RTW Shirts,Solid Cuban
BOM-SHI-31999-WHITE36,RTW Shirts,Solid Cuban
BOM-SHI-32000-WHITE38,RTW Shirts,Solid Cuban
BOM-SHI-32001-WHITE40,RTW Shirts,Solid Cuban
BOM-SHI-32002-WHITE42,RTW Shirts,Solid Cuban
BOM-SHI-32003-WHITE44,RTW Shirts,Solid Cuban
BOM-SHI-32004-WHITE46,RTW Shirts,Solid Cuban
BOM-SHI-32005-GREY36,RTW Shirts,Solid Cuban
BOM-SHI-32006-GREY38,RTW Shirts,Solid Cuban
BOM-SHI-32007-GREY40,RTW Shirts,Solid Cuban
BOM-SHI-32008-GREY42,RTW Shirts,Solid Cuban
BOM-SHI-32009-GREY44,RTW Shirts,Solid Cuban
BOM-SHI-32010-GREY46,RTW Shirts,Solid Cuban
BOM-SHI-32011-GREY36,RTW Shirts,Casual Checks + Stripes
BOM-SHI-32012-GREY38,RTW Shirts,Casual Checks + Stripes
BOM-SHI-32013-GREY40,RTW Shirts,Casual Checks + Stripes
BOM-SHI-32014-GREY42,RTW Shirts,Casual Checks + Stripes
BOM-SHI-32015-GREY44,RTW Shirts,Casual Checks + Stripes
BOM-SHI-32016-GREY46,RTW Shirts,Casual Checks + Stripes
BOM-SHI-32017-BLUE36,RTW Shirts,Casual Checks + Stripes
BOM-SHI-32018-BLUE38,RTW Shirts,Casual Checks + Stripes
BOM-SHI-32019-BLUE40,RTW Shirts,Casual Checks + Stripes
BOM-SHI-32020-BLUE42,RTW Shirts,Casual Checks + Stripes
BOM-SHI-32021-BLUE44,RTW Shirts,Casual Checks + Stripes
BOM-SHI-32022-BLUE46,RTW Shirts,Casual Checks + Stripes
BOM-SHI-32029-LAVEN36,RTW Shirts,Casual Checks + Stripes
BOM-SHI-32030-LAVEN38,RTW Shirts,Casual Checks + Stripes
BOM-SHI-32031-LAVEN40,RTW Shirts,Casual Checks + Stripes
BOM-SHI-32032-LAVEN42,RTW Shirts,Casual Checks + Stripes
BOM-SHI-32033-LAVEN44,RTW Shirts,Casual Checks + Stripes
BOM-SHI-32034-LAVEN46,RTW Shirts,Casual Checks + Stripes
BOM-SHI-32035-WHITE36,RTW Shirts,Formal Solid
BOM-SHI-32036-WHITE38,RTW Shirts,Formal Solid
BOM-SHI-32037-WHITE40,RTW Shirts,Formal Solid
BOM-SHI-32038-WHITE42,RTW Shirts,Formal Solid
BOM-SHI-32039-WHITE44,RTW Shirts,Formal Solid
BOM-SHI-32040-WHITE46,RTW Shirts,Formal Solid
BOM-SHI-32041-BLUE36,RTW Shirts,Formal Solid
BOM-SHI-32042-BLUE38,RTW Shirts,Formal Solid
BOM-SHI-32043-BLUE40,RTW Shirts,Formal Solid
BOM-SHI-32044-BLUE42,RTW Shirts,Formal Solid
BOM-SHI-32045-BLUE44,RTW Shirts,Formal Solid
BOM-SHI-32046-BLUE46,RTW Shirts,Formal Solid
BOM-SHI-32047-BLACK36,RTW Shirts,Formal Solid
BOM-SHI-32048-BLACK38,RTW Shirts,Formal Solid
BOM-SHI-32049-BLACK40,RTW Shirts,Formal Solid
BOM-SHI-32050-BLACK42,RTW Shirts,Formal Solid
BOM-SHI-32051-BLACK44,RTW Shirts,Formal Solid
BOM-SHI-32052-BLACK46,RTW Shirts,Formal Solid
BOM-SHI-32053-BLUE36,RTW Shirts,Formal Solid
BOM-SHI-32054-BLUE38,RTW Shirts,Formal Solid
BOM-SHI-32055-BLUE40,RTW Shirts,Formal Solid
BOM-SHI-32056-BLUE42,RTW Shirts,Formal Solid
BOM-SHI-32057-BLUE44,RTW Shirts,Formal Solid
BOM-SHI-32058-BLUE46,RTW Shirts,Formal Solid
BOM-SHI-32059-PINK36,RTW Shirts,Formal Solid
BOM-SHI-32060-PINK38,RTW Shirts,Formal Solid
BOM-SHI-32061-PINK40,RTW Shirts,Formal Solid
BOM-SHI-32062-PINK42,RTW Shirts,Formal Solid
BOM-SHI-32063-PINK44,RTW Shirts,Formal Solid
BOM-SHI-32064-PINK46,RTW Shirts,Formal Solid
BOM-SHI-32065-GREY36,RTW Shirts,Formal Solid
BOM-SHI-32066-GREY38,RTW Shirts,Formal Solid
BOM-SHI-32067-GREY40,RTW Shirts,Formal Solid
BOM-SHI-32068-GREY42,RTW Shirts,Formal Solid
BOM-SHI-32069-GREY44,RTW Shirts,Formal Solid
BOM-SHI-32070-GREY46,RTW Shirts,Formal Solid
BOM-SHI-32071-NAVY36,RTW Shirts,Formal Solid
BOM-SHI-32072-NAVY38,RTW Shirts,Formal Solid
BOM-SHI-32073-NAVY40,RTW Shirts,Formal Solid
BOM-SHI-32074-NAVY42,RTW Shirts,Formal Solid
BOM-SHI-32075-NAVY44,RTW Shirts,Formal Solid
BOM-SHI-32076-NAVY46,RTW Shirts,Formal Solid
BOM-SHI-32077-BLUE36,RTW Shirts,Formal Checks
BOM-SHI-32078-BLUE38,RTW Shirts,Formal Checks
BOM-SHI-32079-BLUE40,RTW Shirts,Formal Checks
BOM-SHI-32080-BLUE42,RTW Shirts,Formal Checks
BOM-SHI-32081-BLUE44,RTW Shirts,Formal Checks
BOM-SHI-32082-BLUE46,RTW Shirts,Formal Checks
BOM-SHI-32083-BLUE36,RTW Shirts,Casual Checks + Stripes
BOM-SHI-32084-BLUE38,RTW Shirts,Casual Checks + Stripes
BOM-SHI-32085-BLUE40,RTW Shirts,Casual Checks + Stripes
BOM-SHI-32086-BLUE42,RTW Shirts,Casual Checks + Stripes
BOM-SHI-32087-BLUE44,RTW Shirts,Casual Checks + Stripes
BOM-SHI-32088-BLUE46,RTW Shirts,Casual Checks + Stripes
BOM-SHI-32089-BLUE36,RTW Shirts,Formal Checks
BOM-SHI-32090-BLUE38,RTW Shirts,Formal Checks
BOM-SHI-32091-BLUE40,RTW Shirts,Formal Checks
BOM-SHI-32092-BLUE42,RTW Shirts,Formal Checks
BOM-SHI-32093-BLUE44,RTW Shirts,Formal Checks
BOM-SHI-32094-BLUE46,RTW Shirts,Formal Checks
BOM-SHI-32095-DARK 36,RTW Shirts,Formal Checks
BOM-SHI-32096-DARK 38,RTW Shirts,Formal Checks
BOM-SHI-32097-DARK 40,RTW Shirts,Formal Checks
BOM-SHI-32098-DARK 42,RTW Shirts,Formal Checks
BOM-SHI-32099-DARK 44,RTW Shirts,Formal Checks
BOM-SHI-32100-DARK 46,RTW Shirts,Formal Checks
BOM-SHI-32101-BLUE36,RTW Shirts,Formal Checks
BOM-SHI-32102-BLUE38,RTW Shirts,Formal Checks
BOM-SHI-32103-BLUE40,RTW Shirts,Formal Checks
BOM-SHI-32104-BLUE42,RTW Shirts,Formal Checks
BOM-SHI-32105-BLUE44,RTW Shirts,Formal Checks
BOM-SHI-32106-BLUE46,RTW Shirts,Formal Checks
BOM-SHI-32107-LAVEN36,RTW Shirts,Formal Stripes
BOM-SHI-32108-LAVEN38,RTW Shirts,Formal Stripes
BOM-SHI-32109-LAVEN40,RTW Shirts,Formal Stripes
BOM-SHI-32110-LAVEN42,RTW Shirts,Formal Stripes
BOM-SHI-32111-LAVEN44,RTW Shirts,Formal Stripes
BOM-SHI-32112-LAVEN46,RTW Shirts,Formal Stripes
BOM-SHI-32113-GREEN36,RTW Shirts,Solid Cuban
BOM-SHI-32114-GREEN38,RTW Shirts,Solid Cuban
BOM-SHI-32115-GREEN40,RTW Shirts,Solid Cuban
BOM-SHI-32116-GREEN42,RTW Shirts,Solid Cuban
BOM-SHI-32117-GREEN44,RTW Shirts,Solid Cuban
BOM-SHI-32118-GREEN46,RTW Shirts,Solid Cuban
BOM-SHI-32139-BROWN36,RTW Shirts,Casual Print
BOM-SHI-32140-BROWN38,RTW Shirts,Casual Print
BOM-SHI-32141-BROWN40,RTW Shirts,Casual Print
BOM-SHI-32142-BROWN42,RTW Shirts,Casual Print
BOM-SHI-32143-BROWN44,RTW Shirts,Casual Print
BOM-SHI-32144-BROWN46,RTW Shirts,Casual Print
BOM-SHI-32145-GREEN36,RTW Shirts,Casual Print
BOM-SHI-32146-GREEN38,RTW Shirts,Casual Print
BOM-SHI-32147-GREEN40,RTW Shirts,Casual Print
BOM-SHI-32148-GREEN42,RTW Shirts,Casual Print
BOM-SHI-32149-GREEN44,RTW Shirts,Casual Print
BOM-SHI-32150-GREEN46,RTW Shirts,Casual Print
BOM-SHI-32151-ECRU36,RTW Shirts,Casual Print
BOM-SHI-32152-ECRU38,RTW Shirts,Casual Print
BOM-SHI-32153-ECRU40,RTW Shirts,Casual Print
BOM-SHI-32154-ECRU42,RTW Shirts,Casual Print
BOM-SHI-32155-ECRU44,RTW Shirts,Casual Print
BOM-SHI-32156-ECRU46,RTW Shirts,Casual Print
BOM-SHI-32157-BLACK36,RTW Shirts,Casual Print
BOM-SHI-32158-BLACK38,RTW Shirts,Casual Print
BOM-SHI-32159-BLACK40,RTW Shirts,Casual Print
BOM-SHI-32160-BLACK42,RTW Shirts,Casual Print
BOM-SHI-32161-BLACK44,RTW Shirts,Casual Print
BOM-SHI-32162-BLACK46,RTW Shirts,Casual Print
BOM-SHI-32163-BLUE36,RTW Shirts,Casual Print
BOM-SHI-32164-BLUE38,RTW Shirts,Casual Print
BOM-SHI-32165-BLUE40,RTW Shirts,Casual Print
BOM-SHI-32166-BLUE42,RTW Shirts,Casual Print
BOM-SHI-32167-BLUE44,RTW Shirts,Casual Print
BOM-SHI-32168-BLUE46,RTW Shirts,Casual Print
BOM-SHI-32175-GREY36,RTW Shirts,Formal Checks
BOM-SHI-32176-GREY38,RTW Shirts,Formal Checks
BOM-SHI-32177-GREY40,RTW Shirts,Formal Checks
BOM-SHI-32178-GREY42,RTW Shirts,Formal Checks
BOM-SHI-32179-GREY44,RTW Shirts,Formal Checks
BOM-SHI-32180-GREY46,RTW Shirts,Formal Checks
BOM-SHI-32181-PINK36,RTW Shirts,Formal Checks
BOM-SHI-32182-PINK38,RTW Shirts,Formal Checks
BOM-SHI-32183-PINK40,RTW Shirts,Formal Checks
BOM-SHI-32184-PINK42,RTW Shirts,Formal Checks
BOM-SHI-32185-PINK44,RTW Shirts,Formal Checks
BOM-SHI-32186-PINK46,RTW Shirts,Formal Checks
BOM-SHI-32187-LIGHT36,RTW Shirts,Formal Checks
BOM-SHI-32188-LIGHT38,RTW Shirts,Formal Checks
BOM-SHI-32189-LIGHT40,RTW Shirts,Formal Checks
BOM-SHI-32190-LIGHT42,RTW Shirts,Formal Checks
BOM-SHI-32191-LIGHT44,RTW Shirts,Formal Checks
BOM-SHI-32192-LIGHT46,RTW Shirts,Formal Checks
BOM-SHI-32193-GREEN36,RTW Shirts,Formal Checks
BOM-SHI-32194-GREEN38,RTW Shirts,Formal Checks
BOM-SHI-32195-GREEN40,RTW Shirts,Formal Checks
BOM-SHI-32196-GREEN42,RTW Shirts,Formal Checks
BOM-SHI-32197-GREEN44,RTW Shirts,Formal Checks
BOM-SHI-32198-GREEN46,RTW Shirts,Formal Checks
BOM-SHI-32199-BLUE36,RTW Shirts,Formal Stripes
BOM-SHI-32200-BLUE38,RTW Shirts,Formal Stripes
BOM-SHI-32201-BLUE40,RTW Shirts,Formal Stripes
BOM-SHI-32202-BLUE42,RTW Shirts,Formal Stripes
BOM-SHI-32203-BLUE44,RTW Shirts,Formal Stripes
BOM-SHI-32204-BLUE46,RTW Shirts,Formal Stripes
BOM-SHI-32205-BLUE36,RTW Shirts,Formal Solid
BOM-SHI-32206-BLUE38,RTW Shirts,Formal Solid
BOM-SHI-32207-BLUE40,RTW Shirts,Formal Solid
BOM-SHI-32208-BLUE42,RTW Shirts,Formal Solid
BOM-SHI-32209-BLUE44,RTW Shirts,Formal Solid
BOM-SHI-32210-BLUE46,RTW Shirts,Formal Solid
BOM-SHI-32211-LAVEN36,RTW Shirts,Formal Solid
BOM-SHI-32212-LAVEN38,RTW Shirts,Formal Solid
BOM-SHI-32213-LAVEN40,RTW Shirts,Formal Solid
BOM-SHI-32214-LAVEN42,RTW Shirts,Formal Solid
BOM-SHI-32215-LAVEN44,RTW Shirts,Formal Solid
BOM-SHI-32216-LAVEN46,RTW Shirts,Formal Solid
BOM-SHI-32217-WHITE36,RTW Shirts,Formal Solid
BOM-SHI-32218-WHITE38,RTW Shirts,Formal Solid
BOM-SHI-32219-WHITE40,RTW Shirts,Formal Solid
BOM-SHI-32220-WHITE42,RTW Shirts,Formal Solid
BOM-SHI-32221-WHITE44,RTW Shirts,Formal Solid
BOM-SHI-32222-WHITE46,RTW Shirts,Formal Solid
BOM-SHI-32362-BLUE36,RTW Shirts,Formal Solid
BOM-SHI-32363-BLUE38,RTW Shirts,Formal Solid
BOM-SHI-32364-BLUE40,RTW Shirts,Formal Solid
BOM-SHI-32365-BLUE42,RTW Shirts,Formal Solid
BOM-SHI-32366-BLUE44,RTW Shirts,Formal Solid
BOM-SHI-32367-BLUE46,RTW Shirts,Formal Solid
BOM-SHI-32368-MULTI36,RTW Shirts,Casual Print
BOM-SHI-32369-MULTI38,RTW Shirts,Casual Print
BOM-SHI-32370-MULTI40,RTW Shirts,Casual Print
BOM-SHI-32371-MULTI42,RTW Shirts,Casual Print
BOM-SHI-32372-MULTI44,RTW Shirts,Casual Print
BOM-SHI-32373-MULTI46,RTW Shirts,Casual Print
BOM-SHI-32374-MULTI36,RTW Shirts,Casual Print
BOM-SHI-32375-MULTI38,RTW Shirts,Casual Print
BOM-SHI-32376-MULTI40,RTW Shirts,Casual Print
BOM-SHI-32377-MULTI42,RTW Shirts,Casual Print
BOM-SHI-32378-MULTI44,RTW Shirts,Casual Print
BOM-SHI-32379-MULTI46,RTW Shirts,Casual Print
BOM-SHI-32380-MULTI36,RTW Shirts,Casual Checks + Stripes
BOM-SHI-32381-MULTI38,RTW Shirts,Casual Checks + Stripes
BOM-SHI-32382-MULTI40,RTW Shirts,Casual Checks + Stripes
BOM-SHI-32383-MULTI42,RTW Shirts,Casual Checks + Stripes
BOM-SHI-32384-MULTI44,RTW Shirts,Casual Checks + Stripes
BOM-SHI-32385-MULTI46,RTW Shirts,Casual Checks + Stripes
BOM-SHI-32386-MULTI36,RTW Shirts,Casual Checks + Stripes
BOM-SHI-32387-MULTI38,RTW Shirts,Casual Checks + Stripes
BOM-SHI-32388-MULTI40,RTW Shirts,Casual Checks + Stripes
BOM-SHI-32389-MULTI42,RTW Shirts,Casual Checks + Stripes
BOM-SHI-32390-MULTI44,RTW Shirts,Casual Checks + Stripes
BOM-SHI-32391-MULTI46,RTW Shirts,Casual Checks + Stripes
BOM-SHI-32404-BLACK36,RTW Shirts,Casual Checks + Stripes
BOM-SHI-32405-BLACK38,RTW Shirts,Casual Checks + Stripes
BOM-SHI-32406-BLACK40,RTW Shirts,Casual Checks + Stripes
BOM-SHI-32407-BLACK42,RTW Shirts,Casual Checks + Stripes
BOM-SHI-32408-BLACK44,RTW Shirts,Casual Checks + Stripes
BOM-SHI-32409-BLACK46,RTW Shirts,Casual Checks + Stripes
BOM-SHI-32422-BLUE36,RTW Shirts,Formal Solid
BOM-SHI-32423-BLUE38,RTW Shirts,Formal Solid
BOM-SHI-32424-BLUE40,RTW Shirts,Formal Solid
BOM-SHI-32425-BLUE42,RTW Shirts,Formal Solid
BOM-SHI-32426-BLUE44,RTW Shirts,Formal Solid
BOM-SHI-32427-BLUE46,RTW Shirts,Formal Solid
BOM-SHI-32428-NAVY36,RTW Shirts,Formal Solid
BOM-SHI-32429-NAVY38,RTW Shirts,Formal Solid
BOM-SHI-32430-NAVY40,RTW Shirts,Formal Solid
BOM-SHI-32431-NAVY42,RTW Shirts,Formal Solid
BOM-SHI-32432-NAVY44,RTW Shirts,Formal Solid
BOM-SHI-32433-NAVY46,RTW Shirts,Formal Solid
BOM-SHI-32435-LIGHT38,RTW Shirts,Formal Solid
BOM-SHI-32436-LIGHT40,RTW Shirts,Formal Solid
BOM-SHI-32437-LIGHT42,RTW Shirts,Formal Solid
BOM-SHI-32438-LIGHT44,RTW Shirts,Formal Solid
BOM-SHI-32440-GREY36,RTW Shirts,Casual Solid
BOM-SHI-32441-GREY38,RTW Shirts,Casual Solid
BOM-SHI-32442-GREY40,RTW Shirts,Casual Solid
BOM-SHI-32443-GREY42,RTW Shirts,Casual Solid
BOM-SHI-32444-GREY44,RTW Shirts,Casual Solid
BOM-SHI-32445-GREY46,RTW Shirts,Casual Solid
BOM-SHI-32446-BLUE36,RTW Shirts,Casual Solid
BOM-SHI-32447-BLUE38,RTW Shirts,Casual Solid
BOM-SHI-32448-BLUE40,RTW Shirts,Casual Solid
BOM-SHI-32449-BLUE42,RTW Shirts,Casual Solid
BOM-SHI-32451-BLUE46,RTW Shirts,Casual Solid
BOM-SHI-32452-PURPL36,RTW Shirts,Formal Stripes
BOM-SHI-32453-PURPL38,RTW Shirts,Formal Stripes
BOM-SHI-32454-PURPL40,RTW Shirts,Formal Stripes
BOM-SHI-32455-PURPL42,RTW Shirts,Formal Stripes
BOM-SHI-32456-PURPL44,RTW Shirts,Formal Stripes
BOM-SHI-32458-BLUE36,RTW Shirts,On Trend
BOM-SHI-32459-BLUE38,RTW Shirts,On Trend
BOM-SHI-32460-BLUE40,RTW Shirts,On Trend
BOM-SHI-32461-BLUE42,RTW Shirts,On Trend
BOM-SHI-32462-BLUE44,RTW Shirts,On Trend
BOM-SHI-32463-BLUE46,RTW Shirts,On Trend
BOM-SHI-32464-BROWN36,RTW Shirts,On Trend
BOM-SHI-32465-BROWN38,RTW Shirts,On Trend
BOM-SHI-32466-BROWN40,RTW Shirts,On Trend
BOM-SHI-32467-BROWN42,RTW Shirts,On Trend
BOM-SHI-32468-BROWN44,RTW Shirts,On Trend
BOM-SHI-32469-BROWN46,RTW Shirts,On Trend
BOM-SHI-32470-CREAM36,RTW Shirts,On Trend
BOM-SHI-32471-CREAM38,RTW Shirts,On Trend
BOM-SHI-32472-CREAM40,RTW Shirts,On Trend
BOM-SHI-32473-CREAM42,RTW Shirts,On Trend
BOM-SHI-32474-CREAM44,RTW Shirts,On Trend
BOM-SHI-32475-CREAM46,RTW Shirts,On Trend
BOM-SHI-32476-NAVY36,RTW Shirts,Casual Checks + Stripes
BOM-SHI-32477-NAVY38,RTW Shirts,Casual Checks + Stripes
BOM-SHI-32478-NAVY40,RTW Shirts,Casual Checks + Stripes
BOM-SHI-32479-NAVY42,RTW Shirts,Casual Checks + Stripes
BOM-SHI-32480-NAVY44,RTW Shirts,Casual Checks + Stripes
BOM-SHI-32481-NAVY46,RTW Shirts,Casual Checks + Stripes
BOM-SHI-32482-BLUE36,RTW Shirts,Formal Checks
BOM-SHI-32483-BLUE38,RTW Shirts,Formal Checks
BOM-SHI-32484-BLUE40,RTW Shirts,Formal Checks
BOM-SHI-32485-BLUE42,RTW Shirts,Formal Checks
BOM-SHI-32486-BLUE44,RTW Shirts,Formal Checks
BOM-SHI-32487-BLUE46,RTW Shirts,Formal Checks
BOM-SHI-32488-NAVY36,RTW Shirts,Solid Cuban
BOM-SHI-32489-NAVY38,RTW Shirts,Solid Cuban
BOM-SHI-32490-NAVY40,RTW Shirts,Solid Cuban
BOM-SHI-32491-NAVY42,RTW Shirts,Solid Cuban
BOM-SHI-32492-NAVY44,RTW Shirts,Solid Cuban
BOM-SHI-32493-NAVY46,RTW Shirts,Solid Cuban
BOM-SHI-32889-WHITE36,RTW Shirts,Casual Solid
BOM-SHI-32890-WHITE38,RTW Shirts,Casual Solid
BOM-SHI-32891-WHITE40,RTW Shirts,Casual Solid
BOM-SHI-32892-WHITE42,RTW Shirts,Casual Solid
BOM-SHI-32893-WHITE44,RTW Shirts,Casual Solid
BOM-SHI-32894-WHITE46,RTW Shirts,Casual Solid
BOM-SHI-32895-BLACK36,RTW Shirts,Casual Solid
BOM-SHI-32896-BLACK38,RTW Shirts,Casual Solid
BOM-SHI-32897-BLACK40,RTW Shirts,Casual Solid
BOM-SHI-32898-BLACK42,RTW Shirts,Casual Solid
BOM-SHI-32899-BLACK44,RTW Shirts,Casual Solid
BOM-SHI-32900-BLACK46,RTW Shirts,Casual Solid
BOM-SHI-32901-GREY36,RTW Shirts,Casual Solid
BOM-SHI-32902-GREY38,RTW Shirts,Casual Solid
BOM-SHI-32903-GREY40,RTW Shirts,Casual Solid
BOM-SHI-32904-GREY42,RTW Shirts,Casual Solid
BOM-SHI-32905-GREY44,RTW Shirts,Casual Solid
BOM-SHI-32906-GREY46,RTW Shirts,Casual Solid
BOM-SHI-32908-MAROO38,RTW Shirts,Casual Solid
BOM-SHI-32909-MAROO40,RTW Shirts,Casual Solid
BOM-SHI-32910-MAROO42,RTW Shirts,Casual Solid
BOM-SHI-32911-MAROO44,RTW Shirts,Casual Solid
BOM-SHI-32912-MAROO46,RTW Shirts,Casual Solid
BOM-SHI-32914-RED38,RTW Shirts,Formal Solid
BOM-SHI-32915-RED40,RTW Shirts,Formal Solid
BOM-SHI-32916-RED42,RTW Shirts,Formal Solid
BOM-SHI-32917-RED44,RTW Shirts,Formal Solid
BOM-SHI-32918-RED46,RTW Shirts,Formal Solid
BOM-SHI-32919-WHITE36,RTW Shirts,Formal Solid
BOM-SHI-32920-WHITE38,RTW Shirts,Formal Solid
BOM-SHI-32921-WHITE40,RTW Shirts,Formal Solid
BOM-SHI-32922-WHITE42,RTW Shirts,Formal Solid
BOM-SHI-32923-WHITE44,RTW Shirts,Formal Solid
BOM-SHI-32925-YELLO36,RTW Shirts,Casual Print
BOM-SHI-32926-YELLO38,RTW Shirts,Casual Print
BOM-SHI-32927-YELLO40,RTW Shirts,Casual Print
BOM-SHI-32928-YELLO42,RTW Shirts,Casual Print
BOM-SHI-32929-YELLO44,RTW Shirts,Casual Print
BOM-SHI-32930-YELLO46,RTW Shirts,Casual Print
BOM-SHI-32931-BLUE36,RTW Shirts,Casual Print
BOM-SHI-32932-BLUE38,RTW Shirts,Casual Print
BOM-SHI-32933-BLUE40,RTW Shirts,Casual Print
BOM-SHI-32934-BLUE42,RTW Shirts,Casual Print
BOM-SHI-32935-BLUE44,RTW Shirts,Casual Print
BOM-SHI-32936-BLUE46,RTW Shirts,Casual Print
BOM-SHI-32937-WHITE36,RTW Shirts,Casual Solid
BOM-SHI-32938-WHITE38,RTW Shirts,Casual Solid
BOM-SHI-32939-WHITE40,RTW Shirts,Casual Solid
BOM-SHI-32940-WHITE42,RTW Shirts,Casual Solid
BOM-SHI-32941-WHITE44,RTW Shirts,Casual Solid
BOM-SHI-32942-WHITE46,RTW Shirts,Casual Solid
BOM-SHI-32943-NAVY36,RTW Shirts,Casual Solid
BOM-SHI-32944-NAVY38,RTW Shirts,Casual Solid
BOM-SHI-32945-NAVY40,RTW Shirts,Casual Solid
BOM-SHI-32946-NAVY42,RTW Shirts,Casual Solid
BOM-SHI-32947-NAVY44,RTW Shirts,Casual Solid
BOM-SHI-32948-NAVY46,RTW Shirts,Casual Solid
BOM-SHI-32949-BLACK36,RTW Shirts,Casual Solid
BOM-SHI-32950-BLACK38,RTW Shirts,Casual Solid
BOM-SHI-32951-BLACK40,RTW Shirts,Casual Solid
BOM-SHI-32952-BLACK42,RTW Shirts,Casual Solid
BOM-SHI-32953-BLACK44,RTW Shirts,Casual Solid
BOM-SHI-32954-BLACK46,RTW Shirts,Casual Solid
BOM-SHI-32955-BLACK36,RTW Shirts,Casual Solid
BOM-SHI-32956-BLACK38,RTW Shirts,Casual Solid
BOM-SHI-32957-BLACK40,RTW Shirts,Casual Solid
BOM-SHI-32959-BLACK44,RTW Shirts,Casual Solid
BOM-SHI-32960-BLACK46,RTW Shirts,Casual Solid
BOM-SHI-32961-LIGHT36,RTW Shirts,Casual Solid
BOM-SHI-32962-LIGHT38,RTW Shirts,Casual Solid
BOM-SHI-32963-LIGHT40,RTW Shirts,Casual Solid
BOM-SHI-32964-LIGHT42,RTW Shirts,Casual Solid
BOM-SHI-32965-LIGHT44,RTW Shirts,Casual Solid
BOM-SHI-32966-LIGHT46,RTW Shirts,Casual Solid
BOM-SHI-32967-ECRU36,RTW Shirts,Casual Solid
BOM-SHI-32968-ECRU38,RTW Shirts,Casual Solid
BOM-SHI-32969-ECRU40,RTW Shirts,Casual Solid
BOM-SHI-32970-ECRU42,RTW Shirts,Casual Solid
BOM-SHI-32971-ECRU44,RTW Shirts,Casual Solid
BOM-SHI-32972-ECRU46,RTW Shirts,Casual Solid
BOM-SHI-32973-GREEN36,RTW Shirts,Casual Solid
BOM-SHI-32974-GREEN38,RTW Shirts,Casual Solid
BOM-SHI-32975-GREEN40,RTW Shirts,Casual Solid
BOM-SHI-32976-GREEN42,RTW Shirts,Casual Solid
BOM-SHI-32977-GREEN44,RTW Shirts,Casual Solid
BOM-SHI-32978-GREEN46,RTW Shirts,Casual Solid
BOM-SHI-32979-WHITE36,RTW Shirts,Casual Solid
BOM-SHI-32980-WHITE38,RTW Shirts,Casual Solid
BOM-SHI-32981-WHITE40,RTW Shirts,Casual Solid
BOM-SHI-32982-WHITE42,RTW Shirts,Casual Solid
BOM-SHI-32983-WHITE44,RTW Shirts,Casual Solid
BOM-SHI-32984-WHITE46,RTW Shirts,Casual Solid
BOM-SHI-32985-BROWN36,RTW Shirts,Casual Solid
BOM-SHI-32986-BROWN38,RTW Shirts,Casual Solid
BOM-SHI-32987-BROWN40,RTW Shirts,Casual Solid
BOM-SHI-32988-BROWN42,RTW Shirts,Casual Solid
BOM-SHI-32989-BROWN44,RTW Shirts,Casual Solid
BOM-SHI-32990-BROWN46,RTW Shirts,Casual Solid
BOM-SHI-32991-BLACK36,RTW Shirts,Casual Solid
BOM-SHI-32992-BLACK38,RTW Shirts,Casual Solid
BOM-SHI-32993-BLACK40,RTW Shirts,Casual Solid
BOM-SHI-32994-BLACK42,RTW Shirts,Casual Solid
BOM-SHI-32995-BLACK44,RTW Shirts,Casual Solid
BOM-SHI-32996-BLACK46,RTW Shirts,Casual Solid
BOM-SHI-32997-BLACK36,RTW Shirts,Casual Solid
BOM-SHI-32998-BLACK38,RTW Shirts,Casual Solid
BOM-SHI-32999-BLACK40,RTW Shirts,Casual Solid
BOM-SHI-33000-BLACK42,RTW Shirts,Casual Solid
BOM-SHI-33001-BLACK44,RTW Shirts,Casual Solid
BOM-SHI-33002-BLACK46,RTW Shirts,Casual Solid
BOM-SHI-33003-GREY36,RTW Shirts,On Trend
BOM-SHI-33004-GREY38,RTW Shirts,On Trend
BOM-SHI-33005-GREY40,RTW Shirts,On Trend
BOM-SHI-33006-GREY42,RTW Shirts,On Trend
BOM-SHI-33007-GREY44,RTW Shirts,On Trend
BOM-SHI-33008-GREY46,RTW Shirts,On Trend
BOM-SHI-33009-DARK 36,RTW Shirts,Casual Solid
BOM-SHI-33010-DARK 38,RTW Shirts,Casual Solid
BOM-SHI-33011-DARK 40,RTW Shirts,Casual Solid
BOM-SHI-33012-DARK 42,RTW Shirts,Casual Solid
BOM-SHI-33013-DARK 44,RTW Shirts,Casual Solid
BOM-SHI-33014-DARK 46,RTW Shirts,Casual Solid
BOM-SHI-33015-BROWN36,RTW Shirts,Casual Solid
BOM-SHI-33016-BROWN38,RTW Shirts,Casual Solid
BOM-SHI-33017-BROWN40,RTW Shirts,Casual Solid
BOM-SHI-33018-BROWN42,RTW Shirts,Casual Solid
BOM-SHI-33019-BROWN44,RTW Shirts,Casual Solid
BOM-SHI-33020-BROWN46,RTW Shirts,Casual Solid
BOM-SHI-33027-BLUE36,RTW Shirts,Casual Solid
BOM-SHI-33028-BLUE38,RTW Shirts,Casual Solid
BOM-SHI-33029-BLUE40,RTW Shirts,Casual Solid
BOM-SHI-33030-BLUE42,RTW Shirts,Casual Solid
BOM-SHI-33031-BLUE44,RTW Shirts,Casual Solid
BOM-SHI-33032-BLUE46,RTW Shirts,Casual Solid
BOM-SHI-33033-BROWN36,RTW Shirts,Casual Solid
BOM-SHI-33034-BROWN38,RTW Shirts,Casual Solid
BOM-SHI-33035-BROWN40,RTW Shirts,Casual Solid
BOM-SHI-33036-BROWN42,RTW Shirts,Casual Solid
BOM-SHI-33037-BROWN44,RTW Shirts,Casual Solid
BOM-SHI-33038-BROWN46,RTW Shirts,Casual Solid
BOM-SHI-33039-KHAKI36,RTW Shirts,Casual Solid
BOM-SHI-33040-KHAKI38,RTW Shirts,Casual Solid
BOM-SHI-33041-KHAKI40,RTW Shirts,Casual Solid
BOM-SHI-33042-KHAKI42,RTW Shirts,Casual Solid
BOM-SHI-33043-KHAKI44,RTW Shirts,Casual Solid
BOM-SHI-33044-KHAKI46,RTW Shirts,Casual Solid
BOM-SHI-33045-BROWN36,RTW Shirts,Casual Solid
BOM-SHI-33046-BROWN38,RTW Shirts,Casual Solid
BOM-SHI-33047-BROWN40,RTW Shirts,Casual Solid
BOM-SHI-33048-BROWN42,RTW Shirts,Casual Solid
BOM-SHI-33049-BROWN44,RTW Shirts,Casual Solid
BOM-SHI-33050-BROWN46,RTW Shirts,Casual Solid
BOM-SHI-33051-OLIVE36,RTW Shirts,Casual Solid
BOM-SHI-33052-OLIVE38,RTW Shirts,Casual Solid
BOM-SHI-33053-OLIVE40,RTW Shirts,Casual Solid
BOM-SHI-33054-OLIVE42,RTW Shirts,Casual Solid
BOM-SHI-33055-OLIVE44,RTW Shirts,Casual Solid
BOM-SHI-33056-OLIVE46,RTW Shirts,Casual Solid
BOM-SHI-33214-GREY36,RTW Shirts,Casual Solid
BOM-SHI-33216-GREY40,RTW Shirts,Casual Solid
BOM-SHI-33217-GREY42,RTW Shirts,Casual Solid
BOM-SHI-33218-GREY44,RTW Shirts,Casual Solid
BOM-SHI-33219-GREY46,RTW Shirts,Casual Solid
BOM-SHI-33220-BOTTL36,RTW Shirts,Casual Solid
BOM-SHI-33221-BOTTL38,RTW Shirts,Casual Solid
BOM-SHI-33222-BOTTL40,RTW Shirts,Casual Solid
BOM-SHI-33223-BOTTL42,RTW Shirts,Casual Solid
BOM-SHI-33224-BOTTL44,RTW Shirts,Casual Solid
BOM-SHI-33225-BOTTL46,RTW Shirts,Casual Solid
BOM-SHI-33226-BLUSI36,RTW Shirts,Casual Solid
BOM-SHI-33227-BLUSI38,RTW Shirts,Casual Solid
BOM-SHI-33228-BLUSI40,RTW Shirts,Casual Solid
BOM-SHI-33229-BLUSI42,RTW Shirts,Casual Solid
BOM-SHI-33230-BLUSI44,RTW Shirts,Casual Solid
BOM-SHI-33231-BLUSI46,RTW Shirts,Casual Solid
BOM-SHI-33315-CREAM36,RTW Shirts,Casual Print
BOM-SHI-33316-CREAM38,RTW Shirts,Casual Print
BOM-SHI-33317-CREAM40,RTW Shirts,Casual Print
BOM-SHI-33318-CREAM42,RTW Shirts,Casual Print
BOM-SHI-33319-CREAM44,RTW Shirts,Casual Print
BOM-SHI-33320-CREAM46,RTW Shirts,Casual Print
BOM-SHI-33321-MULTI36,RTW Shirts,Casual Print
BOM-SHI-33322-MULTI38,RTW Shirts,Casual Print
BOM-SHI-33323-MULTI40,RTW Shirts,Casual Print
BOM-SHI-33324-MULTI42,RTW Shirts,BSC x ALB-RTW Shirts
BOM-SHI-33325-MULTI44,RTW Shirts,Casual Print
BOM-SHI-33326-MULTI46,RTW Shirts,BSC x ALB-RTW Shirts
BOM-SHI-33440-GREEN36,RTW Shirts,Casual Solid
BOM-SHI-33441-GREEN38,RTW Shirts,Casual Solid
BOM-SHI-33442-GREEN40,RTW Shirts,Casual Solid
BOM-SHI-33443-GREEN42,RTW Shirts,Casual Solid
BOM-SHI-33444-GREEN44,RTW Shirts,Casual Solid
BOM-SHI-33445-GREEN46,RTW Shirts,Casual Solid
BOM-SHI-33446-BLUE36,RTW Shirts,Casual Solid
BOM-SHI-33447-BLUE38,RTW Shirts,Casual Solid
BOM-SHI-33448-BLUE40,RTW Shirts,Casual Solid
BOM-SHI-33449-BLUE42,RTW Shirts,Casual Solid
BOM-SHI-33450-BLUE44,RTW Shirts,Casual Solid
BOM-SHI-33451-BLUE46,RTW Shirts,Casual Solid
BOM-SHI-33452-BLACK36,RTW Shirts,Casual Checks + Stripes
BOM-SHI-33453-BLACK38,RTW Shirts,Casual Checks + Stripes
BOM-SHI-33454-BLACK40,RTW Shirts,Casual Checks + Stripes
BOM-SHI-33455-BLACK42,RTW Shirts,Casual Checks + Stripes
BOM-SHI-33456-BLACK44,RTW Shirts,Casual Checks + Stripes
BOM-SHI-33457-BLACK46,RTW Shirts,Casual Checks + Stripes
BOM-SHI-33458-WHITE36,RTW Shirts,Formal Solid
BOM-SHI-33459-WHITE38,RTW Shirts,Formal Solid
BOM-SHI-33460-WHITE40,RTW Shirts,Formal Solid
BOM-SHI-33461-WHITE42,RTW Shirts,Formal Solid
BOM-SHI-33462-WHITE44,RTW Shirts,Formal Solid
BOM-SHI-33463-WHITE46,RTW Shirts,Formal Solid
BOM-SHI-33464-WHITE36,RTW Shirts,Formal Solid
BOM-SHI-33465-WHITE38,RTW Shirts,Formal Solid
BOM-SHI-33466-WHITE40,RTW Shirts,Formal Solid
BOM-SHI-33467-WHITE42,RTW Shirts,Formal Solid
BOM-SHI-33468-WHITE44,RTW Shirts,Formal Solid
BOM-SHI-33469-WHITE46,RTW Shirts,Formal Solid
BOM-SHI-33470-LIGHT36,RTW Shirts,Formal Stripes
BOM-SHI-33471-LIGHT38,RTW Shirts,Formal Stripes
BOM-SHI-33472-LIGHT40,RTW Shirts,Formal Stripes
BOM-SHI-33473-LIGHT42,RTW Shirts,Formal Stripes
BOM-SHI-33474-LIGHT44,RTW Shirts,Formal Stripes
BOM-SHI-33475-LIGHT46,RTW Shirts,Formal Stripes
BOM-SHI-33476-WHITE36,RTW Shirts,Formal Solid
BOM-SHI-33477-WHITE38,RTW Shirts,Formal Solid
BOM-SHI-33478-WHITE40,RTW Shirts,Formal Solid
BOM-SHI-33479-WHITE42,RTW Shirts,Formal Solid
BOM-SHI-33480-WHITE44,RTW Shirts,Formal Solid
BOM-SHI-33481-WHITE46,RTW Shirts,Formal Solid
BOM-SHI-33482-WHITE36,RTW Shirts,Formal Stripes
BOM-SHI-33483-WHITE38,RTW Shirts,Formal Stripes
BOM-SHI-33484-WHITE40,RTW Shirts,Formal Stripes
BOM-SHI-33485-WHITE42,RTW Shirts,Formal Stripes
BOM-SHI-33486-WHITE44,RTW Shirts,Formal Stripes
BOM-SHI-33487-WHITE46,RTW Shirts,Formal Stripes
BOM-SHI-33488-BLUE36,RTW Shirts,Formal Stripes
BOM-SHI-33489-BLUE38,RTW Shirts,Formal Stripes
BOM-SHI-33490-BLUE40,RTW Shirts,Formal Stripes
BOM-SHI-33491-BLUE42,RTW Shirts,Formal Stripes
BOM-SHI-33492-BLUE44,RTW Shirts,Formal Stripes
BOM-SHI-33493-BLUE46,RTW Shirts,Formal Stripes
BOM-SHI-33494-GREEN36,RTW Shirts,Casual Solid
BOM-SHI-33495-GREEN38,RTW Shirts,Casual Solid
BOM-SHI-33496-GREEN40,RTW Shirts,Casual Solid
BOM-SHI-33497-GREEN42,RTW Shirts,Casual Solid
BOM-SHI-33498-GREEN44,RTW Shirts,Casual Solid
BOM-SHI-33499-GREEN46,RTW Shirts,Casual Solid
BOM-SHI-33506-BROWN36,RTW Shirts,Casual Checks + Stripes
BOM-SHI-33507-BROWN38,RTW Shirts,Casual Checks + Stripes
BOM-SHI-33508-BROWN40,RTW Shirts,Casual Checks + Stripes
BOM-SHI-33509-BROWN42,RTW Shirts,Casual Checks + Stripes
BOM-SHI-33510-BROWN44,RTW Shirts,Casual Checks + Stripes
BOM-SHI-33511-BROWN46,RTW Shirts,Casual Checks + Stripes
BOM-SHI-33512-BLUE36,RTW Shirts,Casual Print
BOM-SHI-33513-BLUE38,RTW Shirts,Casual Print
BOM-SHI-33514-BLUE40,RTW Shirts,Casual Print
BOM-SHI-33515-BLUE42,RTW Shirts,Casual Print
BOM-SHI-33516-BLUE44,RTW Shirts,Casual Print
BOM-SHI-33517-BLUE46,RTW Shirts,Casual Print
BOM-SHI-33518-BLUE36,RTW Shirts,Solid Cuban
BOM-SHI-33519-BLUE38,RTW Shirts,Solid Cuban
BOM-SHI-33520-BLUE40,RTW Shirts,Solid Cuban
BOM-SHI-33521-BLUE42,RTW Shirts,Solid Cuban
BOM-SHI-33522-BLUE44,RTW Shirts,Solid Cuban
BOM-SHI-33523-BLUE46,RTW Shirts,Solid Cuban
BOM-SHI-33524-OLIVE36,RTW Shirts,Casual Solid
BOM-SHI-33525-OLIVE38,RTW Shirts,Casual Solid
BOM-SHI-33526-OLIVE40,RTW Shirts,Casual Solid
BOM-SHI-33527-OLIVE42,RTW Shirts,Casual Solid
BOM-SHI-33528-OLIVE44,RTW Shirts,Casual Solid
BOM-SHI-33529-OLIVE46,RTW Shirts,Casual Solid
BOM-SHI-33530-BLACK36,RTW Shirts,Casual Checks + Stripes
BOM-SHI-33531-BLACK38,RTW Shirts,Casual Checks + Stripes
BOM-SHI-33532-BLACK40,RTW Shirts,Casual Checks + Stripes
BOM-SHI-33533-BLACK42,RTW Shirts,Casual Checks + Stripes
BOM-SHI-33534-BLACK44,RTW Shirts,Casual Checks + Stripes
BOM-SHI-33536-BLUE36,RTW Shirts,Casual Solid
BOM-SHI-33537-BLUE38,RTW Shirts,Casual Solid
BOM-SHI-33538-BLUE40,RTW Shirts,Casual Solid
BOM-SHI-33539-BLUE42,RTW Shirts,Casual Solid
BOM-SHI-33540-BLUE44,RTW Shirts,Casual Solid
BOM-SHI-33541-BLUE46,RTW Shirts,Casual Solid
BOM-SHI-33542-BLUE36,RTW Shirts,Casual Solid
BOM-SHI-33543-BLUE38,RTW Shirts,Casual Solid
BOM-SHI-33544-BLUE40,RTW Shirts,Casual Solid
BOM-SHI-33545-BLUE42,RTW Shirts,Casual Solid
BOM-SHI-33546-BLUE44,RTW Shirts,Casual Solid
BOM-SHI-33547-BLUE46,RTW Shirts,Casual Solid
BOM-SHI-33548-WHITE36,RTW Shirts,Formal Solid
BOM-SHI-33549-WHITE38,RTW Shirts,Formal Solid
BOM-SHI-33550-WHITE40,RTW Shirts,Formal Solid
BOM-SHI-33551-WHITE42,RTW Shirts,Formal Solid
BOM-SHI-33552-WHITE44,RTW Shirts,Formal Solid
BOM-SHI-33553-WHITE46,RTW Shirts,Formal Solid
BOM-SHI-33554-BLUE36,RTW Shirts,Formal Solid
BOM-SHI-33555-BLUE38,RTW Shirts,Formal Solid
BOM-SHI-33556-BLUE40,RTW Shirts,Formal Solid
BOM-SHI-33557-BLUE42,RTW Shirts,Formal Solid
BOM-SHI-33558-BLUE44,RTW Shirts,Formal Solid
BOM-SHI-33559-BLUE46,RTW Shirts,Formal Solid
BOM-SHI-33560-BLUE36,RTW Shirts,Formal Solid
BOM-SHI-33561-BLUE38,RTW Shirts,Formal Solid
BOM-SHI-33562-BLUE40,RTW Shirts,Formal Solid
BOM-SHI-33563-BLUE42,RTW Shirts,Formal Solid
BOM-SHI-33564-BLUE44,RTW Shirts,Formal Solid
BOM-SHI-33565-BLUE46,RTW Shirts,Formal Solid
BOM-SHI-33720-WHITE36,RTW Shirts,Formal Solid
BOM-SHI-33721-WHITE38,RTW Shirts,Formal Solid
BOM-SHI-33722-WHITE40,RTW Shirts,Formal Solid
BOM-SHI-33723-WHITE42,RTW Shirts,Formal Solid
BOM-SHI-33724-WHITE44,RTW Shirts,Formal Solid
BOM-SHI-33725-WHITE46,RTW Shirts,Formal Solid
BOM-SHI-33726-WHITE36,RTW Shirts,Formal Solid
BOM-SHI-33727-WHITE38,RTW Shirts,Formal Solid
BOM-SHI-33728-WHITE40,RTW Shirts,Formal Solid
BOM-SHI-33729-WHITE42,RTW Shirts,Formal Solid
BOM-SHI-33730-WHITE44,RTW Shirts,Formal Solid
BOM-SHI-33731-WHITE46,RTW Shirts,Formal Solid
BOM-SHI-33732-PURPL36,RTW Shirts,Formal Stripes
BOM-SHI-33733-PURPL38,RTW Shirts,Formal Stripes
BOM-SHI-33734-PURPL40,RTW Shirts,Formal Stripes
BOM-SHI-33735-PURPL42,RTW Shirts,Formal Stripes
BOM-SHI-33736-PURPL44,RTW Shirts,Formal Stripes
BOM-SHI-33737-PURPL46,RTW Shirts,Formal Stripes
BOM-SHI-33738-BLUE36,RTW Shirts,Formal Stripes
BOM-SHI-33739-BLUE38,RTW Shirts,Formal Stripes
BOM-SHI-33740-BLUE40,RTW Shirts,Formal Stripes
BOM-SHI-33741-BLUE42,RTW Shirts,Formal Stripes
BOM-SHI-33742-BLUE44,RTW Shirts,Formal Stripes
BOM-SHI-33743-BLUE46,RTW Shirts,Formal Stripes
BOM-SHI-33744-PINK36,RTW Shirts,Formal Stripes
BOM-SHI-33745-PINK38,RTW Shirts,Formal Stripes
BOM-SHI-33746-PINK40,RTW Shirts,Formal Stripes
BOM-SHI-33747-PINK42,RTW Shirts,Formal Stripes
BOM-SHI-33748-PINK44,RTW Shirts,Formal Stripes
BOM-SHI-33749-PINK46,RTW Shirts,Formal Stripes
BOM-SHI-33750-BROWN36,RTW Shirts,Casual Solid
BOM-SHI-33751-BROWN38,RTW Shirts,Casual Solid
BOM-SHI-33752-BROWN40,RTW Shirts,Casual Solid
BOM-SHI-33753-BROWN42,RTW Shirts,Casual Solid
BOM-SHI-33754-BROWN44,RTW Shirts,Casual Solid
BOM-SHI-33755-BROWN46,RTW Shirts,Casual Solid
BOM-SHI-33756-TEAL36,RTW Shirts,Casual Solid
BOM-SHI-33757-TEAL38,RTW Shirts,Casual Solid
BOM-SHI-33758-TEAL40,RTW Shirts,Casual Solid
BOM-SHI-33759-TEAL42,RTW Shirts,Casual Solid
BOM-SHI-33760-TEAL44,RTW Shirts,Casual Solid
BOM-SHI-33761-TEAL46,RTW Shirts,Casual Solid
BOM-SHI-33762-BLUE36,RTW Shirts,Casual Solid
BOM-SHI-33763-BLUE38,RTW Shirts,Casual Solid
BOM-SHI-33764-BLUE40,RTW Shirts,Casual Solid
BOM-SHI-33765-BLUE42,RTW Shirts,Casual Solid
BOM-SHI-33766-BLUE44,RTW Shirts,Casual Solid
BOM-SHI-33767-BLUE46,RTW Shirts,Casual Solid
BOM-SHI-33768-BROWN36,RTW Shirts,Casual Solid
BOM-SHI-33769-BROWN38,RTW Shirts,Casual Solid
BOM-SHI-33770-BROWN40,RTW Shirts,Casual Solid
BOM-SHI-33771-BROWN42,RTW Shirts,Casual Solid
BOM-SHI-33772-BROWN44,RTW Shirts,Casual Solid
BOM-SHI-33773-BROWN46,RTW Shirts,Casual Solid
BOM-SHI-33774-BLUE36,RTW Shirts,Casual Solid
BOM-SHI-33775-BLUE38,RTW Shirts,Casual Solid
BOM-SHI-33776-BLUE40,RTW Shirts,Casual Solid
BOM-SHI-33777-BLUE42,RTW Shirts,Casual Solid
BOM-SHI-33778-BLUE44,RTW Shirts,Casual Solid
BOM-SHI-33779-BLUE46,RTW Shirts,Casual Solid
BOM-SHI-33780-BLACK36,RTW Shirts,Casual Solid
BOM-SHI-33781-BLACK38,RTW Shirts,Casual Solid
BOM-SHI-33782-BLACK40,RTW Shirts,Casual Solid
BOM-SHI-33783-BLACK42,RTW Shirts,Casual Solid
BOM-SHI-33784-BLACK44,RTW Shirts,Casual Solid
BOM-SHI-33785-BLACK46,RTW Shirts,Casual Solid
BOM-SHI-33786-NAVY36,RTW Shirts,Casual Solid
BOM-SHI-33787-NAVY38,RTW Shirts,Casual Solid
BOM-SHI-33788-NAVY40,RTW Shirts,Casual Solid
BOM-SHI-33789-NAVY42,RTW Shirts,Casual Solid
BOM-SHI-33790-NAVY44,RTW Shirts,Casual Solid
BOM-SHI-33791-NAVY46,RTW Shirts,Casual Solid
BOM-SHI-33792-GREY36,RTW Shirts,Casual Solid
BOM-SHI-33793-GREY38,RTW Shirts,Casual Solid
BOM-SHI-33794-GREY40,RTW Shirts,Casual Solid
BOM-SHI-33795-GREY42,RTW Shirts,Casual Solid
BOM-SHI-33796-GREY44,RTW Shirts,Casual Solid
BOM-SHI-33797-GREY46,RTW Shirts,Casual Solid
BOM-SHI-33798-NAVY36,RTW Shirts,Casual Solid
BOM-SHI-33799-NAVY38,RTW Shirts,Casual Solid
BOM-SHI-33800-NAVY40,RTW Shirts,Casual Solid
BOM-SHI-33801-NAVY42,RTW Shirts,Casual Solid
BOM-SHI-33802-NAVY44,RTW Shirts,Casual Solid
BOM-SHI-33803-NAVY46,RTW Shirts,Casual Solid
BOM-SHI-33883-BROWN36,RTW Shirts,Casual Solid
BOM-SHI-33884-BROWN38,RTW Shirts,Casual Solid
BOM-SHI-33885-BROWN40,RTW Shirts,Casual Solid
BOM-SHI-33886-BROWN42,RTW Shirts,Casual Solid
BOM-SHI-33887-BROWN44,RTW Shirts,Casual Solid
BOM-SHI-33888-BROWN46,RTW Shirts,Casual Solid
BOM-SHI-33889-BLUE36,RTW Shirts,Casual Solid
BOM-SHI-33890-BLUE38,RTW Shirts,Casual Solid
BOM-SHI-33891-BLUE40,RTW Shirts,Casual Solid
BOM-SHI-33892-BLUE42,RTW Shirts,Casual Solid
BOM-SHI-33893-BLUE44,RTW Shirts,Casual Solid
BOM-SHI-33894-BLUE46,RTW Shirts,Casual Solid
BOM-SHI-33895-BLACK36,RTW Shirts,Casual Solid
BOM-SHI-33896-BLACK38,RTW Shirts,Casual Solid
BOM-SHI-33897-BLACK40,RTW Shirts,Casual Solid
BOM-SHI-33898-BLACK42,RTW Shirts,Casual Solid
BOM-SHI-33899-BLACK44,RTW Shirts,Casual Solid
BOM-SHI-33900-BLACK46,RTW Shirts,Casual Solid
BOM-SHI-33901-GREY36,RTW Shirts,Casual Solid
BOM-SHI-33902-GREY38,RTW Shirts,Casual Solid
BOM-SHI-33903-GREY40,RTW Shirts,Casual Solid
BOM-SHI-33904-GREY42,RTW Shirts,Casual Solid
BOM-SHI-33905-GREY44,RTW Shirts,Casual Solid
BOM-SHI-33906-GREY46,RTW Shirts,Casual Solid
BOM-SHI-33907-BLUE36,RTW Shirts,Solid Cuban
BOM-SHI-33908-BLUE38,RTW Shirts,Solid Cuban
BOM-SHI-33909-BLUE40,RTW Shirts,Solid Cuban
BOM-SHI-33910-BLUE42,RTW Shirts,Solid Cuban
BOM-SHI-33911-BLUE44,RTW Shirts,Solid Cuban
BOM-SHI-33912-BLUE46,RTW Shirts,Solid Cuban
BOM-SHI-33925-BROWN36,RTW Shirts,Solid Cuban
BOM-SHI-33926-BROWN38,RTW Shirts,Solid Cuban
BOM-SHI-33927-BROWN40,RTW Shirts,Solid Cuban
BOM-SHI-33928-BROWN42,RTW Shirts,Solid Cuban
BOM-SHI-33929-BROWN44,RTW Shirts,Solid Cuban
BOM-SHI-33930-BROWN46,RTW Shirts,Solid Cuban
BOM-SHI-33931-YELLO36,RTW Shirts,Solid Cuban
BOM-SHI-33932-YELLO38,RTW Shirts,Solid Cuban
BOM-SHI-33933-YELLO40,RTW Shirts,Solid Cuban
BOM-SHI-33934-YELLO42,RTW Shirts,Solid Cuban
BOM-SHI-33935-YELLO44,RTW Shirts,Solid Cuban
BOM-SHI-33936-YELLO46,RTW Shirts,Solid Cuban
BOM-SHI-33937-BLUE36,RTW Shirts,Casual Checks + Stripes
BOM-SHI-33938-BLUE38,RTW Shirts,Casual Checks + Stripes
BOM-SHI-33939-BLUE40,RTW Shirts,Casual Checks + Stripes
BOM-SHI-33940-BLUE42,RTW Shirts,Casual Checks + Stripes
BOM-SHI-33941-BLUE44,RTW Shirts,Casual Checks + Stripes
BOM-SHI-33942-BLUE46,RTW Shirts,Casual Checks + Stripes
BOM-SHI-33951-MAROO36,RTW Shirts,Casual Checks + Stripes
BOM-SHI-33952-MAROO38,RTW Shirts,Casual Checks + Stripes
BOM-SHI-33953-MAROO40,RTW Shirts,Casual Checks + Stripes
BOM-SHI-33954-MAROO42,RTW Shirts,Casual Checks + Stripes
BOM-SHI-33955-MAROO44,RTW Shirts,Casual Checks + Stripes
BOM-SHI-33956-MAROO46,RTW Shirts,Casual Checks + Stripes
BOM-SHI-33965-GREEN36,RTW Shirts,Casual Checks + Stripes
BOM-SHI-33966-GREEN38,RTW Shirts,Casual Checks + Stripes
BOM-SHI-33967-GREEN40,RTW Shirts,Casual Checks + Stripes
BOM-SHI-33968-GREEN42,RTW Shirts,Casual Checks + Stripes
BOM-SHI-33969-GREEN44,RTW Shirts,Casual Checks + Stripes
BOM-SHI-33970-GREEN46,RTW Shirts,Casual Checks + Stripes
BOM-SHI-33987-BROWN36,RTW Shirts,Casual Checks + Stripes
BOM-SHI-33988-BROWN38,RTW Shirts,Casual Checks + Stripes
BOM-SHI-33989-BROWN40,RTW Shirts,Casual Checks + Stripes
BOM-SHI-33990-BROWN42,RTW Shirts,Casual Checks + Stripes
BOM-SHI-33991-BROWN44,RTW Shirts,Casual Checks + Stripes
BOM-SHI-33992-BROWN46,RTW Shirts,Casual Checks + Stripes
BOM-SHI-33993-DARK 36,RTW Shirts,Casual Solid
BOM-SHI-33994-DARK 38,RTW Shirts,Casual Solid
BOM-SHI-33995-DARK 40,RTW Shirts,Casual Solid
BOM-SHI-33996-DARK 42,RTW Shirts,Casual Solid
BOM-SHI-33997-DARK 44,RTW Shirts,Casual Solid
BOM-SHI-33998-DARK 46,RTW Shirts,Casual Solid
BOM-SHI-33999-BROWN36,RTW Shirts,On Trend
BOM-SHI-34000-BROWN38,RTW Shirts,On Trend
BOM-SHI-34001-BROWN40,RTW Shirts,On Trend
BOM-SHI-34002-BROWN42,RTW Shirts,On Trend
BOM-SHI-34003-BROWN44,RTW Shirts,On Trend
BOM-SHI-34004-BROWN46,RTW Shirts,On Trend
BOM-SHI-34005-OLIVE36,RTW Shirts,On Trend
BOM-SHI-34006-OLIVE38,RTW Shirts,On Trend
BOM-SHI-34007-OLIVE40,RTW Shirts,On Trend
BOM-SHI-34008-OLIVE42,RTW Shirts,On Trend
BOM-SHI-34009-OLIVE44,RTW Shirts,On Trend
BOM-SHI-34010-OLIVE46,RTW Shirts,On Trend
BOM-SHI-34011-LIGHT36,RTW Shirts,Casual Solid
BOM-SHI-34012-LIGHT38,RTW Shirts,Casual Solid
BOM-SHI-34013-LIGHT40,RTW Shirts,Casual Solid
BOM-SHI-34014-LIGHT42,RTW Shirts,Casual Solid
BOM-SHI-34015-LIGHT44,RTW Shirts,Casual Solid
BOM-SHI-34016-LIGHT46,RTW Shirts,Casual Solid
BOM-SHI-34017-WHITE36,RTW Shirts,Casual Solid
BOM-SHI-34018-WHITE38,RTW Shirts,Casual Solid
BOM-SHI-34019-WHITE40,RTW Shirts,Casual Solid
BOM-SHI-34020-WHITE42,RTW Shirts,Casual Solid
BOM-SHI-34021-WHITE44,RTW Shirts,Casual Solid
BOM-SHI-34022-WHITE46,RTW Shirts,Casual Solid
BOM-SHI-34023-BLACK36,RTW Shirts,Casual Solid
BOM-SHI-34024-BLACK38,RTW Shirts,Casual Solid
BOM-SHI-34025-BLACK40,RTW Shirts,Casual Solid
BOM-SHI-34026-BLACK42,RTW Shirts,Casual Solid
BOM-SHI-34027-BLACK44,RTW Shirts,Casual Solid
BOM-SHI-34028-BLACK46,RTW Shirts,Casual Solid
BOM-SHI-34029-BLUE36,RTW Shirts,Casual Solid
BOM-SHI-34030-BLUE38,RTW Shirts,Casual Solid
BOM-SHI-34031-BLUE40,RTW Shirts,Casual Solid
BOM-SHI-34032-BLUE42,RTW Shirts,Casual Solid
BOM-SHI-34033-BLUE44,RTW Shirts,Casual Solid
BOM-SHI-34034-BLUE46,RTW Shirts,Casual Solid
BOM-SHI-34035-GREEN36,RTW Shirts,Casual Checks + Stripes
BOM-SHI-34036-GREEN38,RTW Shirts,Casual Checks + Stripes
BOM-SHI-34037-GREEN40,RTW Shirts,Casual Checks + Stripes
BOM-SHI-34038-GREEN42,RTW Shirts,Casual Checks + Stripes
BOM-SHI-34039-GREEN44,RTW Shirts,Casual Checks + Stripes
BOM-SHI-34040-GREEN46,RTW Shirts,Casual Checks + Stripes
BOM-SHI-34064-PINK36,RTW Shirts,Formal Solid
BOM-SHI-34065-PINK38,RTW Shirts,Formal Solid
BOM-SHI-34066-PINK40,RTW Shirts,Formal Solid
BOM-SHI-34067-PINK42,RTW Shirts,Formal Solid
BOM-SHI-34068-PINK44,RTW Shirts,Formal Solid
BOM-SHI-34069-PINK46,RTW Shirts,Formal Solid
BOM-SHI-34070-BLUE36,RTW Shirts,Formal Checks
BOM-SHI-34071-BLUE38,RTW Shirts,Formal Checks
BOM-SHI-34072-BLUE40,RTW Shirts,Formal Checks
BOM-SHI-34073-BLUE42,RTW Shirts,Formal Checks
BOM-SHI-34074-BLUE44,RTW Shirts,Formal Checks
BOM-SHI-34075-BLUE46,RTW Shirts,Formal Checks
BOM-SHI-34076-WHITE36,RTW Shirts,Formal Checks
BOM-SHI-34077-WHITE38,RTW Shirts,Formal Checks
BOM-SHI-34078-WHITE40,RTW Shirts,Formal Checks
BOM-SHI-34079-WHITE42,RTW Shirts,Formal Checks
BOM-SHI-34080-WHITE44,RTW Shirts,Formal Checks
BOM-SHI-34081-WHITE46,RTW Shirts,Formal Checks
BOM-SHI-34082-GREY36,RTW Shirts,Formal Checks
BOM-SHI-34083-GREY38,RTW Shirts,Formal Checks
BOM-SHI-34084-GREY40,RTW Shirts,Formal Checks
BOM-SHI-34085-GREY42,RTW Shirts,Formal Checks
BOM-SHI-34086-GREY44,RTW Shirts,Formal Checks
BOM-SHI-34087-GREY46,RTW Shirts,Formal Checks
BOM-SHI-34088-BLUE36,RTW Shirts,Formal Checks
BOM-SHI-34089-BLUE38,RTW Shirts,Formal Checks
BOM-SHI-34090-BLUE40,RTW Shirts,Formal Checks
BOM-SHI-34091-BLUE42,RTW Shirts,Formal Checks
BOM-SHI-34092-BLUE44,RTW Shirts,Formal Checks
BOM-SHI-34093-BLUE46,RTW Shirts,Formal Checks
BOM-SHI-34094-LIGHT36,RTW Shirts,Formal Checks
BOM-SHI-34095-LIGHT38,RTW Shirts,Formal Checks
BOM-SHI-34096-LIGHT40,RTW Shirts,Formal Checks
BOM-SHI-34097-LIGHT42,RTW Shirts,Formal Checks
BOM-SHI-34098-LIGHT44,RTW Shirts,Formal Checks
BOM-SHI-34099-LIGHT46,RTW Shirts,Formal Checks
BOM-SHI-34111-WHITE36,RTW Shirts,Formal Stripes
BOM-SHI-34112-WHITE38,RTW Shirts,Formal Stripes
BOM-SHI-34113-WHITE40,RTW Shirts,Formal Stripes
BOM-SHI-34114-WHITE42,RTW Shirts,Formal Stripes
BOM-SHI-34115-WHITE44,RTW Shirts,Formal Stripes
BOM-SHI-34116-WHITE46,RTW Shirts,Formal Stripes
BOM-SHI-34117-BLUE36,RTW Shirts,Formal Stripes
BOM-SHI-34118-BLUE38,RTW Shirts,Formal Stripes
BOM-SHI-34119-BLUE40,RTW Shirts,Formal Stripes
BOM-SHI-34120-BLUE42,RTW Shirts,Formal Stripes
BOM-SHI-34121-BLUE44,RTW Shirts,Formal Stripes
BOM-SHI-34122-BLUE46,RTW Shirts,Formal Stripes
BOM-SHI-34123-WHITE36,RTW Shirts,Formal Stripes
BOM-SHI-34124-WHITE38,RTW Shirts,Formal Stripes
BOM-SHI-34125-WHITE40,RTW Shirts,Formal Stripes
BOM-SHI-34126-WHITE42,RTW Shirts,Formal Stripes
BOM-SHI-34127-WHITE44,RTW Shirts,Formal Stripes
BOM-SHI-34128-WHITE46,RTW Shirts,Formal Stripes
BOM-SHI-34129-KHAKI36,RTW Shirts,Formal Stripes
BOM-SHI-34130-KHAKI38,RTW Shirts,Formal Stripes
BOM-SHI-34131-KHAKI40,RTW Shirts,Formal Stripes
BOM-SHI-34132-KHAKI42,RTW Shirts,Formal Stripes
BOM-SHI-34133-KHAKI44,RTW Shirts,Formal Stripes
BOM-SHI-34134-KHAKI46,RTW Shirts,Formal Stripes
BOM-SHI-34141-GREY36,RTW Shirts,Formal Stripes
BOM-SHI-34142-GREY38,RTW Shirts,Formal Stripes
BOM-SHI-34143-GREY40,RTW Shirts,Formal Stripes
BOM-SHI-34144-GREY42,RTW Shirts,Formal Stripes
BOM-SHI-34145-GREY44,RTW Shirts,Formal Stripes
BOM-SHI-34146-GREY46,RTW Shirts,Formal Stripes
BOM-SHI-34165-GREY36,RTW Shirts,Formal Solid
BOM-SHI-34166-GREY38,RTW Shirts,Formal Solid
BOM-SHI-34167-GREY40,RTW Shirts,Formal Solid
BOM-SHI-34168-GREY42,RTW Shirts,Formal Solid
BOM-SHI-34169-GREY44,RTW Shirts,Formal Solid
BOM-SHI-34170-GREY46,RTW Shirts,Formal Solid
BOM-SHI-RE-1056-36,RTW Shirts,Formal Solid
BOM-SHI-RE-1057-38,RTW Shirts,Formal Solid
BOM-SHI-RE-1058-40,RTW Shirts,Formal Solid
BOM-SHI-RE-1059-42,RTW Shirts,Formal Solid
BOM-SHI-RE-1060-44,RTW Shirts,Formal Solid
BOM-SHI-RE-1061-46,RTW Shirts,Formal Solid
BOM-SHI-RE-1091-WHITE-36,RTW Shirts,Formal Solid
BOM-SHI-RE-1092-WHITE-38,RTW Shirts,Formal Solid
BOM-SHI-RE-1093-WHITE-40,RTW Shirts,Formal Solid
BOM-SHI-RE-1094-WHITE-42,RTW Shirts,Formal Solid
BOM-SHI-RE-1095-WHITE-44,RTW Shirts,Formal Solid
BOM-SHI-RE-1096-WHITE-46,RTW Shirts,Formal Solid
BOM-SHI-RE-1097-BLACK-36,RTW Shirts,Casual Checks + Stripes
BOM-SHI-RE-1098-BLACK-38,RTW Shirts,Casual Checks + Stripes
BOM-SHI-RE-1099-BLACK-40,RTW Shirts,Casual Checks + Stripes
BOM-SHI-RE-1100-BLACK-42,RTW Shirts,Casual Checks + Stripes
BOM-SHI-RE-1101-BLACK-44,RTW Shirts,Casual Checks + Stripes
BOM-SHI-RE-1102-BLACK-46,RTW Shirts,Casual Checks + Stripes
BOM-SHI-RE-1103-BLACK-36,RTW Shirts,Casual Checks + Stripes
BOM-SHI-RE-1104-BLACK-38,RTW Shirts,Casual Checks + Stripes
BOM-SHI-RE-1105-BLACK-40,RTW Shirts,Casual Checks + Stripes
BOM-SHI-RE-1106-BLACK-42,RTW Shirts,Casual Checks + Stripes
BOM-SHI-RE-1107-BLACK-44,RTW Shirts,Casual Checks + Stripes
BOM-SHI-RE-1108-BLACK-46,RTW Shirts,Casual Checks + Stripes
BOM-SHI-RE-1109-GREEN-36,RTW Shirts,Casual Checks + Stripes
BOM-SHI-RE-1110-GREEN-38,RTW Shirts,Casual Checks + Stripes
BOM-SHI-RE-1111-GREEN-40,RTW Shirts,Casual Checks + Stripes
BOM-SHI-RE-1112-GREEN-42,RTW Shirts,Casual Checks + Stripes
BOM-SHI-RE-1113-GREEN-44,RTW Shirts,Casual Checks + Stripes
BOM-SHI-RE-1114-GREEN-46,RTW Shirts,Casual Checks + Stripes
BOM-SHI-RE-1115-BLUE-36,RTW Shirts,Casual Checks + Stripes
BOM-SHI-RE-1116-BLUE-38,RTW Shirts,Casual Checks + Stripes
BOM-SHI-RE-1117-BLUE-40,RTW Shirts,Casual Checks + Stripes
BOM-SHI-RE-1118-BLUE-42,RTW Shirts,Casual Checks + Stripes
BOM-SHI-RE-1119-BLUE-44,RTW Shirts,Casual Checks + Stripes
BOM-SHI-RE-1120-BLUE-46,RTW Shirts,Casual Checks + Stripes
BOM-SHI-RE-1121-ECRU-36,RTW Shirts,Casual Checks + Stripes
BOM-SHI-RE-1122-ECRU-38,RTW Shirts,Casual Checks + Stripes
BOM-SHI-RE-1123-ECRU-40,RTW Shirts,Casual Checks + Stripes
BOM-SHI-RE-1124-ECRU-42,RTW Shirts,Casual Checks + Stripes
BOM-SHI-RE-1125-ECRU-44,RTW Shirts,Casual Checks + Stripes
BOM-SHI-RE-1126-ECRU-46,RTW Shirts,Casual Checks + Stripes
BOM-SHI-RE-1127-ECRU-36,RTW Shirts,Casual Checks + Stripes
BOM-SHI-RE-1128-ECRU-38,RTW Shirts,Casual Checks + Stripes
BOM-SHI-RE-1129-ECRU-40,RTW Shirts,Casual Checks + Stripes
BOM-SHI-RE-1130-ECRU-42,RTW Shirts,Casual Checks + Stripes
BOM-SHI-RE-1131-ECRU-44,RTW Shirts,Casual Checks + Stripes
BOM-SHI-RE-1132-ECRU-46,RTW Shirts,Casual Checks + Stripes
BOM-SHI-RE-1134-DARK BLUE-36,RTW Shirts,Casual Solid
BOM-SHI-RE-1135-DARK BLUE-38,RTW Shirts,Casual Solid
BOM-SHI-RE-1136-DARK BLUE-40,RTW Shirts,Casual Solid
BOM-SHI-RE-1137-DARK BLUE-42,RTW Shirts,Casual Solid
BOM-SHI-RE-1138-DARK BLUE-44,RTW Shirts,Casual Solid
BOM-SHI-RE-1139-DARK BLUE-46,RTW Shirts,Casual Solid
BOM-SHI-RE-1146-BROWN-36,RTW Shirts,Casual Solid
BOM-SHI-RE-1147-BROWN-38,RTW Shirts,Casual Solid
BOM-SHI-RE-1148-BROWN-40,RTW Shirts,Casual Solid
BOM-SHI-RE-1149-BROWN-42,RTW Shirts,Casual Solid
BOM-SHI-RE-115-WHITE-36,RTW Shirts,Casual Solid
BOM-SHI-RE-1150-BROWN-44,RTW Shirts,Casual Solid
BOM-SHI-RE-1151-BROWN-46,RTW Shirts,Casual Solid
BOM-SHI-RE-1152-BROWN-36,RTW Shirts,Casual Solid
BOM-SHI-RE-1153-BROWN-38,RTW Shirts,Casual Solid
BOM-SHI-RE-1154-BROWN-40,RTW Shirts,Casual Solid
BOM-SHI-RE-1155-BROWN-42,RTW Shirts,Casual Solid
BOM-SHI-RE-1156-BROWN-44,RTW Shirts,Casual Solid
BOM-SHI-RE-1157-BROWN-46,RTW Shirts,Casual Solid
BOM-SHI-RE-1158-BLUE-36,RTW Shirts,Casual Solid
BOM-SHI-RE-1159-BLUE-38,RTW Shirts,Casual Solid
BOM-SHI-RE-116-WHITE-38,RTW Shirts,Casual Solid
BOM-SHI-RE-1160-BLUE-40,RTW Shirts,Casual Solid
BOM-SHI-RE-1161-BLUE-42,RTW Shirts,Casual Solid
BOM-SHI-RE-1162-BLUE-44,RTW Shirts,Casual Solid
BOM-SHI-RE-1163-BLUE-46,RTW Shirts,Casual Solid
BOM-SHI-RE-117-WHITE-40,RTW Shirts,Casual Solid
BOM-SHI-RE-1178-OLIVE-36,RTW Shirts,Casual Solid
BOM-SHI-RE-1179-OLIVE-38,RTW Shirts,Casual Solid
BOM-SHI-RE-118-WHITE-42,RTW Shirts,Casual Solid
BOM-SHI-RE-1180-OLIVE-40,RTW Shirts,Casual Solid
BOM-SHI-RE-1181-OLIVE-42,RTW Shirts,Casual Solid
BOM-SHI-RE-1182-OLIVE-44,RTW Shirts,Casual Solid
BOM-SHI-RE-1183-OLIVE-46,RTW Shirts,Casual Solid
BOM-SHI-RE-1184-WHITE-36,RTW Shirts,Casual Solid
BOM-SHI-RE-1185-WHITE-38,RTW Shirts,Casual Solid
BOM-SHI-RE-1186-WHITE-40,RTW Shirts,Casual Solid
BOM-SHI-RE-1187-WHITE-42,RTW Shirts,Casual Solid
BOM-SHI-RE-1188-WHITE-44,RTW Shirts,Casual Solid
BOM-SHI-RE-1189-WHITE-46,RTW Shirts,Casual Solid
BOM-SHI-RE-119-WHITE-44,RTW Shirts,Casual Solid
BOM-SHI-RE-1191-NAVY-36,RTW Shirts,On Trend
BOM-SHI-RE-1192-NAVY-38,RTW Shirts,On Trend
BOM-SHI-RE-1193-NAVY-40,RTW Shirts,On Trend
BOM-SHI-RE-1194-NAVY-42,RTW Shirts,On Trend
BOM-SHI-RE-1195-NAVY-44,RTW Shirts,On Trend
BOM-SHI-RE-1196-NAVY-46,RTW Shirts,On Trend
BOM-SHI-RE-1197-LIGHT BLUE-36,RTW Shirts,On Trend
BOM-SHI-RE-1198-LIGHT BLUE-38,RTW Shirts,On Trend
BOM-SHI-RE-1199-LIGHT BLUE-40,RTW Shirts,On Trend
BOM-SHI-RE-120-WHITE-46,RTW Shirts,Casual Solid
BOM-SHI-RE-1200-LIGHT BLUE-42,RTW Shirts,On Trend
BOM-SHI-RE-1201-LIGHT BLUE-44,RTW Shirts,On Trend
BOM-SHI-RE-1202-LIGHT BLUE-46,RTW Shirts,On Trend
BOM-SHI-RE-1203-GREEN-36,RTW Shirts,On Trend
BOM-SHI-RE-1204-GREEN-38,RTW Shirts,On Trend
BOM-SHI-RE-1205-GREEN-40,RTW Shirts,On Trend
BOM-SHI-RE-1206-GREEN-42,RTW Shirts,On Trend
BOM-SHI-RE-1207-GREEN-44,RTW Shirts,On Trend
BOM-SHI-RE-1208-GREEN-46,RTW Shirts,On Trend
BOM-SHI-RE-1209-KHAKI-36,RTW Shirts,On Trend
BOM-SHI-RE-121-NAVY-36,RTW Shirts,Casual Solid
BOM-SHI-RE-1210-KHAKI-38,RTW Shirts,On Trend
BOM-SHI-RE-1211-KHAKI-40,RTW Shirts,On Trend
BOM-SHI-RE-1212-KHAKI-42,RTW Shirts,On Trend
BOM-SHI-RE-1213-KHAKI-44,RTW Shirts,On Trend
BOM-SHI-RE-1214-KHAKI-46,RTW Shirts,On Trend
BOM-SHI-RE-1215-GREY-36,RTW Shirts,Formal Checks
BOM-SHI-RE-1216-GREY-38,RTW Shirts,Formal Checks
BOM-SHI-RE-1217-GREY-40,RTW Shirts,Formal Checks
BOM-SHI-RE-1218-GREY-42,RTW Shirts,Formal Checks
BOM-SHI-RE-1219-GREY-44,RTW Shirts,Formal Checks
BOM-SHI-RE-122-NAVY-38,RTW Shirts,Casual Solid
BOM-SHI-RE-1220-GREY-46,RTW Shirts,Formal Checks
BOM-SHI-RE-1221-LIGHT BLUE-36,RTW Shirts,Formal Checks
BOM-SHI-RE-1222-LIGHT BLUE-38,RTW Shirts,Formal Checks
BOM-SHI-RE-1223-LIGHT BLUE-40,RTW Shirts,Formal Checks
BOM-SHI-RE-1224-LIGHT BLUE-42,RTW Shirts,Formal Checks
BOM-SHI-RE-1225-LIGHT BLUE-44,RTW Shirts,Formal Checks
BOM-SHI-RE-1226-LIGHT BLUE-46,RTW Shirts,Formal Checks
BOM-SHI-RE-123-NAVY-40,RTW Shirts,Casual Solid
BOM-SHI-RE-1239-BLACK-36,RTW Shirts,Formal Solid
BOM-SHI-RE-124-NAVY-42,RTW Shirts,Casual Solid
BOM-SHI-RE-1240-BLACK-38,RTW Shirts,Formal Solid
BOM-SHI-RE-1241-BLACK-40,RTW Shirts,Formal Solid
BOM-SHI-RE-1242-BLACK-42,RTW Shirts,Formal Solid
BOM-SHI-RE-1243-BLACK-44,RTW Shirts,Formal Solid
BOM-SHI-RE-1244-BLACK-46,RTW Shirts,Formal Solid
BOM-SHI-RE-1245-NAVY-36,RTW Shirts,Formal Solid
BOM-SHI-RE-1246-NAVY-38,RTW Shirts,Formal Solid
BOM-SHI-RE-1247-NAVY-40,RTW Shirts,Formal Solid
BOM-SHI-RE-1248-NAVY-42,RTW Shirts,Formal Solid
BOM-SHI-RE-1249-NAVY-44,RTW Shirts,Formal Solid
BOM-SHI-RE-125-NAVY-44,RTW Shirts,Casual Solid
BOM-SHI-RE-1250-NAVY-46,RTW Shirts,Formal Solid
BOM-SHI-RE-1251-WHITE-36,RTW Shirts,Formal Solid
BOM-SHI-RE-1252-WHITE-38,RTW Shirts,Formal Solid
BOM-SHI-RE-1253-WHITE-40,RTW Shirts,Formal Solid
BOM-SHI-RE-1254-WHITE-42,RTW Shirts,Formal Solid
BOM-SHI-RE-1255-WHITE-44,RTW Shirts,Formal Solid
BOM-SHI-RE-1256-WHITE-46,RTW Shirts,Formal Solid
BOM-SHI-RE-1257-BLACK-36,RTW Shirts,Formal Solid
BOM-SHI-RE-1258-BLACK-38,RTW Shirts,Formal Solid
BOM-SHI-RE-1259-BLACK-40,RTW Shirts,Formal Solid
BOM-SHI-RE-1260-BLACK-42,RTW Shirts,Formal Solid
BOM-SHI-RE-1261-BLACK-44,RTW Shirts,Formal Solid
BOM-SHI-RE-1262-BLACK-46,RTW Shirts,Formal Solid
BOM-SHI-RE-1263-BLUE-36,RTW Shirts,Formal Solid
BOM-SHI-RE-1264-BLUE-38,RTW Shirts,Formal Solid
BOM-SHI-RE-1265-BLUE-40,RTW Shirts,Formal Solid
BOM-SHI-RE-1266-BLUE-42,RTW Shirts,Formal Solid
BOM-SHI-RE-1267-BLUE-44,RTW Shirts,Formal Solid
BOM-SHI-RE-1268-BLUE-46,RTW Shirts,Formal Solid
BOM-SHI-RE-127-OLIVE-36,RTW Shirts,Casual Solid
BOM-SHI-RE-128-OLIVE-38,RTW Shirts,Casual Solid
BOM-SHI-RE-129-OLIVE-40,RTW Shirts,Casual Solid
BOM-SHI-RE-130-OLIVE-42,RTW Shirts,Casual Solid
BOM-SHI-RE-131-OLIVE-44,RTW Shirts,Casual Solid
BOM-SHI-RE-132-OLIVE-46,RTW Shirts,Casual Solid
BOM-SHI-RE-133-BLUE-36,RTW Shirts,Formal Solid
BOM-SHI-RE-134-BLUE-38,RTW Shirts,Formal Solid
BOM-SHI-RE-135-BLUE-40,RTW Shirts,Formal Solid
BOM-SHI-RE-136-BLUE-42,RTW Shirts,Formal Solid
BOM-SHI-RE-137-BLUE-44,RTW Shirts,Formal Solid
BOM-SHI-RE-138-BLUE-46,RTW Shirts,Formal Solid
BOM-SHI-RE-139-NAVY-36,RTW Shirts,Formal Solid
BOM-SHI-RE-140-NAVY-38,RTW Shirts,Formal Solid
BOM-SHI-RE-141-NAVY-40,RTW Shirts,Formal Solid
BOM-SHI-RE-142-NAVY-42,RTW Shirts,Formal Solid
BOM-SHI-RE-143-NAVY-44,RTW Shirts,Formal Solid
BOM-SHI-RE-144-NAVY-46,RTW Shirts,Formal Solid
BOM-SHI-RE-1457-MULTI-36,RTW Shirts,Casual Print
BOM-SHI-RE-1458-MULTI-38,RTW Shirts,Casual Print
BOM-SHI-RE-1459-MULTI-40,RTW Shirts,Casual Print
BOM-SHI-RE-1460-MULTI-42,RTW Shirts,Casual Print
BOM-SHI-RE-1461-MULTI-44,RTW Shirts,Casual Print
BOM-SHI-RE-1462-MULTI-46,RTW Shirts,Casual Print
BOM-SHI-RE-1463-ECRU-36,RTW Shirts,Casual Print
BOM-SHI-RE-1464-ECRU-38,RTW Shirts,Casual Print
BOM-SHI-RE-1465-ECRU-40,RTW Shirts,Casual Print
BOM-SHI-RE-1466-ECRU-42,RTW Shirts,Casual Print
BOM-SHI-RE-1467-ECRU-44,RTW Shirts,Casual Print
BOM-SHI-RE-1501-WHITE-38,MTM Shirts,Cut roll
BOM-SHI-RE-1502-WHITE-40,MTM Shirts,Cut roll
BOM-SHI-RE-1503-WHITE-42,MTM Shirts,Cut roll
BOM-SHI-RE-1506-OLIVE-36,RTW Shirts,Casual Solid
BOM-SHI-RE-1507-OLIVE-38,RTW Shirts,Casual Solid
BOM-SHI-RE-1508-OLIVE-40,RTW Shirts,Casual Solid
BOM-SHI-RE-1509-OLIVE-42,RTW Shirts,Casual Solid
BOM-SHI-RE-151-KHAKI-36,RTW Shirts,Casual Solid
BOM-SHI-RE-1510-OLIVE-44,RTW Shirts,Casual Solid
BOM-SHI-RE-1511-OLIVE-46,RTW Shirts,Casual Solid
BOM-SHI-RE-1513-BLUE-36,RTW Shirts,High Priced
BOM-SHI-RE-1514-BLUE-38,RTW Shirts,High Priced
BOM-SHI-RE-1515-BLUE-40,RTW Shirts,High Priced
BOM-SHI-RE-1516-BLUE-42,RTW Shirts,High Priced
BOM-SHI-RE-1517-BLUE-44,RTW Shirts,High Priced
BOM-SHI-RE-1518-BLUE-46,RTW Shirts,High Priced
BOM-SHI-RE-152-KHAKI-38,RTW Shirts,Casual Solid
BOM-SHI-RE-1520-LAVENDER-36,RTW Shirts,High Priced
BOM-SHI-RE-1521-LAVENDER-38,RTW Shirts,High Priced
BOM-SHI-RE-1522-LAVENDER-40,RTW Shirts,High Priced
BOM-SHI-RE-1523-LAVENDER-42,RTW Shirts,High Priced
BOM-SHI-RE-1524-LAVENDER-44,RTW Shirts,High Priced
BOM-SHI-RE-1525-LAVENDER-46,RTW Shirts,High Priced
BOM-SHI-RE-1527-BROWN-36,RTW Shirts,High Priced
BOM-SHI-RE-1528-BROWN-38,RTW Shirts,High Priced
BOM-SHI-RE-1529-BROWN-40,RTW Shirts,High Priced
BOM-SHI-RE-153-KHAKI-40,RTW Shirts,Casual Solid
BOM-SHI-RE-1530-BROWN-42,RTW Shirts,High Priced
BOM-SHI-RE-1531-BROWN-44,RTW Shirts,High Priced
BOM-SHI-RE-1532-BROWN-46,RTW Shirts,High Priced
BOM-SHI-RE-1536-DARK GREY-36,RTW Shirts,Solid Cuban
BOM-SHI-RE-1537-DARK GREY-38,RTW Shirts,Solid Cuban
BOM-SHI-RE-1538-DARK GREY-40,RTW Shirts,Solid Cuban
BOM-SHI-RE-1539-DARK GREY-42,RTW Shirts,Solid Cuban
BOM-SHI-RE-154-KHAKI-42,RTW Shirts,Casual Solid
BOM-SHI-RE-1540-DARK GREY-44,RTW Shirts,Solid Cuban
BOM-SHI-RE-1541-DARK GREY-46,RTW Shirts,Solid Cuban
BOM-SHI-RE-1542-MAROON-36,RTW Shirts,Solid Cuban
BOM-SHI-RE-1543-MAROON-38,RTW Shirts,Solid Cuban
BOM-SHI-RE-1544-MAROON-40,RTW Shirts,Solid Cuban
BOM-SHI-RE-1545-MAROON-42,RTW Shirts,Solid Cuban
BOM-SHI-RE-1546-MAROON-44,RTW Shirts,Solid Cuban
BOM-SHI-RE-1547-MAROON-46,RTW Shirts,Solid Cuban
BOM-SHI-RE-155-KHAKI-44,RTW Shirts,Casual Solid
BOM-SHI-RE-1554-LIGHT BROWN-36,RTW Shirts,Casual Checks + Stripes
BOM-SHI-RE-1555-LIGHT BROWN-38,RTW Shirts,Casual Checks + Stripes
BOM-SHI-RE-1556-LIGHT BROWN-40,RTW Shirts,Casual Checks + Stripes
BOM-SHI-RE-1557-LIGHT BROWN-42,RTW Shirts,Casual Checks + Stripes
BOM-SHI-RE-1558-LIGHT BROWN-44,RTW Shirts,Casual Checks + Stripes
BOM-SHI-RE-1559-LIGHT BROWN-46,RTW Shirts,Casual Checks + Stripes
BOM-SHI-RE-156-KHAKI-46,RTW Shirts,Casual Solid
BOM-SHI-RE-1560-LIGHT BLUE-36,RTW Shirts,Casual Checks + Stripes
BOM-SHI-RE-1561-LIGHT BLUE-38,RTW Shirts,Casual Checks + Stripes
BOM-SHI-RE-1562-LIGHT BLUE-40,RTW Shirts,Casual Checks + Stripes
BOM-SHI-RE-1563-LIGHT BLUE-42,RTW Shirts,Casual Checks + Stripes
BOM-SHI-RE-1564-LIGHT BLUE-44,RTW Shirts,Casual Checks + Stripes
BOM-SHI-RE-1565-LIGHT BLUE-46,RTW Shirts,Casual Checks + Stripes
BOM-SHI-RE-1566-BEIGE-36,RTW Shirts,Casual Solid
BOM-SHI-RE-1567-BEIGE-38,RTW Shirts,Casual Solid
BOM-SHI-RE-1568-BEIGE-40,RTW Shirts,Casual Solid
BOM-SHI-RE-1569-BEIGE-42,RTW Shirts,Casual Solid
BOM-SHI-RE-157-BLUE-36,RTW Shirts,Casual Solid
BOM-SHI-RE-1570-BEIGE-44,RTW Shirts,Casual Solid
BOM-SHI-RE-1571-BEIGE-46,RTW Shirts,Casual Solid
BOM-SHI-RE-1572-PINK-36,RTW Shirts,Formal Solid
BOM-SHI-RE-1573-PINK-38,RTW Shirts,Formal Solid
BOM-SHI-RE-1574-PINK-40,RTW Shirts,Formal Solid
BOM-SHI-RE-1575-PINK-42,RTW Shirts,Formal Solid
BOM-SHI-RE-1576-PINK-44,RTW Shirts,Formal Solid
BOM-SHI-RE-1577-PINK-46,RTW Shirts,Formal Solid
BOM-SHI-RE-1578-LAVENDER-36,RTW Shirts,Formal Solid
BOM-SHI-RE-1579-LAVENDER-38,RTW Shirts,Formal Solid
BOM-SHI-RE-158-BLUE-38,RTW Shirts,Casual Solid
BOM-SHI-RE-1580-LAVENDER-40,RTW Shirts,Formal Solid
BOM-SHI-RE-1581-LAVENDER-42,RTW Shirts,Formal Solid
BOM-SHI-RE-1582-LAVENDER-44,RTW Shirts,Formal Solid
BOM-SHI-RE-1583-LAVENDER-46,RTW Shirts,Formal Solid
BOM-SHI-RE-1584-WHITE-36,RTW Shirts,Formal Solid
BOM-SHI-RE-1585-WHITE-38,RTW Shirts,Formal Solid
BOM-SHI-RE-1586-WHITE-40,RTW Shirts,Formal Solid
BOM-SHI-RE-1587-WHITE-42,RTW Shirts,Formal Solid
BOM-SHI-RE-1588-WHITE-44,RTW Shirts,Formal Solid
BOM-SHI-RE-1589-WHITE-46,RTW Shirts,Formal Solid
BOM-SHI-RE-159-BLUE-40,RTW Shirts,Casual Solid
BOM-SHI-RE-1590-MULTI-36,RTW Shirts,Casual Checks + Stripes
BOM-SHI-RE-1591-MULTI-38,RTW Shirts,Casual Checks + Stripes
BOM-SHI-RE-1592-MULTI-40,RTW Shirts,Casual Checks + Stripes
BOM-SHI-RE-1593-MULTI-42,RTW Shirts,Casual Checks + Stripes
BOM-SHI-RE-1594-MULTI-44,RTW Shirts,Casual Checks + Stripes
BOM-SHI-RE-1595-MULTI-46,RTW Shirts,Casual Checks + Stripes
BOM-SHI-RE-160-BLUE-42,RTW Shirts,Casual Solid
BOM-SHI-RE-161-BLUE-44,RTW Shirts,Casual Solid
BOM-SHI-RE-162-BLUE-46,RTW Shirts,Casual Solid
BOM-SHI-RE-163-WHITE-36,RTW Shirts,High Priced
BOM-SHI-RE-164-WHITE-38,RTW Shirts,High Priced
BOM-SHI-RE-165-WHITE-40,RTW Shirts,High Priced
BOM-SHI-RE-166-WHITE-42,RTW Shirts,High Priced
BOM-SHI-RE-167-WHITE-44,RTW Shirts,High Priced
BOM-SHI-RE-168-WHITE-46,RTW Shirts,High Priced
BOM-SHI-RE-169-BLUE-36,RTW Shirts,High Priced
BOM-SHI-RE-170-BLUE-38,RTW Shirts,High Priced
BOM-SHI-RE-171-BLUE-40,RTW Shirts,High Priced
BOM-SHI-RE-172-BLUE-42,RTW Shirts,High Priced
BOM-SHI-RE-173-BLUE-44,RTW Shirts,High Priced
BOM-SHI-RE-174-BLUE-46,RTW Shirts,High Priced
BOM-SHI-RE-175-PINK-36,RTW Shirts,High Priced
BOM-SHI-RE-176-PINK-38,RTW Shirts,High Priced
BOM-SHI-RE-177-PINK-40,RTW Shirts,High Priced
BOM-SHI-RE-178-PINK-42,RTW Shirts,High Priced
BOM-SHI-RE-179-PINK-44,RTW Shirts,High Priced
BOM-SHI-RE-180-PINK-46,RTW Shirts,High Priced
BOM-SHI-RE-181-BLUE-36,RTW Shirts,High Priced
BOM-SHI-RE-182-BLUE-38,RTW Shirts,High Priced
BOM-SHI-RE-183-BLUE-40,RTW Shirts,High Priced
BOM-SHI-RE-184-BLUE-42,RTW Shirts,High Priced
BOM-SHI-RE-185-BLUE-44,RTW Shirts,High Priced
BOM-SHI-RE-186-BLUE-46,RTW Shirts,High Priced
BOM-SHI-RE-187-PINK-36,RTW Shirts,High Priced
BOM-SHI-RE-188-PINK-38,RTW Shirts,High Priced
BOM-SHI-RE-189-PINK-40,RTW Shirts,High Priced
BOM-SHI-RE-190-PINK-42,RTW Shirts,High Priced
BOM-SHI-RE-191-PINK-44,RTW Shirts,High Priced
BOM-SHI-RE-192-PINK-46,RTW Shirts,High Priced
BOM-SHI-RE-193-WHITE-36,RTW Shirts,High Priced
BOM-SHI-RE-194-WHITE-38,RTW Shirts,High Priced
BOM-SHI-RE-195-WHITE-40,RTW Shirts,High Priced
BOM-SHI-RE-1959-COOL GREY-36,RTW Shirts,Casual Print
BOM-SHI-RE-196-WHITE-42,RTW Shirts,High Priced
BOM-SHI-RE-1960-COOL GREY-38,RTW Shirts,Casual Print
BOM-SHI-RE-1961-COOL GREY-40,RTW Shirts,Casual Print
BOM-SHI-RE-1962-COOL GREY-42,RTW Shirts,Casual Print
BOM-SHI-RE-1963-COOL GREY-44,RTW Shirts,Casual Print
BOM-SHI-RE-1964-COOL GREY-46,RTW Shirts,Casual Print
BOM-SHI-RE-1965-NAVY-36,RTW Shirts,Casual Print
BOM-SHI-RE-1966-NAVY-38,RTW Shirts,Casual Print
BOM-SHI-RE-1967-NAVY-40,RTW Shirts,Casual Print
BOM-SHI-RE-1968-NAVY-42,RTW Shirts,Casual Print
BOM-SHI-RE-1969-NAVY-44,RTW Shirts,Casual Print
BOM-SHI-RE-197-WHITE-44,RTW Shirts,High Priced
BOM-SHI-RE-1970-NAVY-46,RTW Shirts,Casual Print
BOM-SHI-RE-1971-OLIVE-36,RTW Shirts,Casual Print
BOM-SHI-RE-1972-OLIVE-38,RTW Shirts,Casual Print
BOM-SHI-RE-1973-OLIVE-40,RTW Shirts,Casual Print
BOM-SHI-RE-1974-OLIVE-42,RTW Shirts,Casual Print
BOM-SHI-RE-1975-OLIVE-44,RTW Shirts,Casual Print
BOM-SHI-RE-1976-OLIVE-46,RTW Shirts,Casual Print
BOM-SHI-RE-1977-BLUE-36,RTW Shirts,Formal Checks
BOM-SHI-RE-1978-BLUE-38,RTW Shirts,Formal Checks
BOM-SHI-RE-1979-BLUE-40,RTW Shirts,Formal Checks
BOM-SHI-RE-198-WHITE-46,RTW Shirts,High Priced
BOM-SHI-RE-1980-BLUE-42,RTW Shirts,Formal Checks
BOM-SHI-RE-1981-BLUE-44,RTW Shirts,Formal Checks
BOM-SHI-RE-1982-BLUE-46,RTW Shirts,Formal Checks
BOM-SHI-RE-1983-LIGHT BLUE-36,RTW Shirts,Formal Checks
BOM-SHI-RE-1984-LIGHT BLUE-38,RTW Shirts,Formal Checks
BOM-SHI-RE-1985-LIGHT BLUE-40,RTW Shirts,Formal Checks
BOM-SHI-RE-1986-LIGHT BLUE-42,RTW Shirts,Formal Checks
BOM-SHI-RE-1987-LIGHT BLUE-44,RTW Shirts,Formal Checks
BOM-SHI-RE-1988-LIGHT BLUE-46,RTW Shirts,Formal Checks
BOM-SHI-RE-1989-NAVY-36,RTW Shirts,Formal Solid
BOM-SHI-RE-199-WHITE-36,RTW Shirts,High Priced
BOM-SHI-RE-1990-NAVY-38,RTW Shirts,Formal Solid
BOM-SHI-RE-1991-NAVY-40,RTW Shirts,Formal Solid
BOM-SHI-RE-1992-NAVY-42,RTW Shirts,Formal Solid
BOM-SHI-RE-1993-NAVY-44,RTW Shirts,Formal Solid
BOM-SHI-RE-1994-NAVY-46,RTW Shirts,Formal Solid
BOM-SHI-RE-1995-WHITE-36,RTW Shirts,Casual Solid
BOM-SHI-RE-1996-WHITE-38,RTW Shirts,Casual Solid
BOM-SHI-RE-1997-WHITE-40,RTW Shirts,Casual Solid
BOM-SHI-RE-1998-WHITE-42,RTW Shirts,Casual Solid
BOM-SHI-RE-1999-WHITE-44,RTW Shirts,Casual Solid
BOM-SHI-RE-200-WHITE-38,RTW Shirts,High Priced
BOM-SHI-RE-2000-WHITE-46,RTW Shirts,Casual Solid
BOM-SHI-RE-2001-GREY-36,RTW Shirts,Casual Solid
BOM-SHI-RE-2002-GREY-38,RTW Shirts,Casual Solid
BOM-SHI-RE-2003-GREY-40,RTW Shirts,Casual Solid
BOM-SHI-RE-2004-GREY-42,RTW Shirts,Casual Solid
BOM-SHI-RE-2005-GREY-44,RTW Shirts,Casual Solid
BOM-SHI-RE-2006-GREY-46,RTW Shirts,Casual Solid
BOM-SHI-RE-2007-NAVY-36,RTW Shirts,Casual Solid
BOM-SHI-RE-2008-NAVY-38,RTW Shirts,Casual Solid
BOM-SHI-RE-2009-NAVY-40,RTW Shirts,Casual Solid
BOM-SHI-RE-201-WHITE-40,RTW Shirts,High Priced
BOM-SHI-RE-2010-NAVY-42,RTW Shirts,Casual Solid
BOM-SHI-RE-2011-NAVY-44,RTW Shirts,Casual Solid
BOM-SHI-RE-2012-NAVY-46,RTW Shirts,Casual Solid
BOM-SHI-RE-202-WHITE-42,RTW Shirts,High Priced
BOM-SHI-RE-203-WHITE-44,RTW Shirts,High Priced
BOM-SHI-RE-204-WHITE-46,RTW Shirts,High Priced
BOM-SHI-RE-2042-ECRU-36,RTW Shirts,On Trend
BOM-SHI-RE-2043-ECRU-38,RTW Shirts,On Trend
BOM-SHI-RE-2044-ECRU-40,RTW Shirts,On Trend
BOM-SHI-RE-2045-ECRU-42,RTW Shirts,On Trend
BOM-SHI-RE-2046-ECRU-44,RTW Shirts,On Trend
BOM-SHI-RE-2047-ECRU-46,RTW Shirts,On Trend
BOM-SHI-RE-2048-BROWN-36,RTW Shirts,On Trend
BOM-SHI-RE-2049-BROWN-38,RTW Shirts,On Trend
BOM-SHI-RE-205-BLUE-36,RTW Shirts,High Priced
BOM-SHI-RE-2050-BROWN-40,RTW Shirts,On Trend
BOM-SHI-RE-2051-BROWN-42,RTW Shirts,On Trend
BOM-SHI-RE-2052-BROWN-44,RTW Shirts,On Trend
BOM-SHI-RE-2053-BROWN-46,RTW Shirts,On Trend
BOM-SHI-RE-2054-NAVY-36,RTW Shirts,Formal Solid
BOM-SHI-RE-2055-NAVY-38,RTW Shirts,Formal Solid
BOM-SHI-RE-2056-NAVY-40,RTW Shirts,Formal Solid
BOM-SHI-RE-2057-NAVY-42,RTW Shirts,Formal Solid
BOM-SHI-RE-2058-NAVY-44,RTW Shirts,Formal Solid
BOM-SHI-RE-2059-NAVY-46,RTW Shirts,Formal Solid
BOM-SHI-RE-206-BLUE-38,RTW Shirts,High Priced
BOM-SHI-RE-2060-NAVY-36,RTW Shirts,Casual Solid
BOM-SHI-RE-2061-NAVY-38,RTW Shirts,Casual Solid
BOM-SHI-RE-2062-NAVY-40,RTW Shirts,Casual Solid
BOM-SHI-RE-2063-NAVY-42,RTW Shirts,Casual Solid
BOM-SHI-RE-2064-NAVY-44,RTW Shirts,Casual Solid
BOM-SHI-RE-2066-LIGHT GREY-36,RTW Shirts,Casual Solid
BOM-SHI-RE-2067-LIGHT GREY-38,RTW Shirts,Casual Solid
BOM-SHI-RE-2068-LIGHT GREY-40,RTW Shirts,Casual Solid
BOM-SHI-RE-2069-LIGHT GREY-42,RTW Shirts,Casual Solid
BOM-SHI-RE-207-BLUE-40,RTW Shirts,High Priced
BOM-SHI-RE-2070-LIGHT GREY-44,RTW Shirts,Casual Solid
BOM-SHI-RE-2071-LIGHT GREY-46,RTW Shirts,Casual Solid
BOM-SHI-RE-2072-LIGHT GREEN-36,RTW Shirts,Casual Solid
BOM-SHI-RE-2073-LIGHT GREEN-38,RTW Shirts,Casual Solid
BOM-SHI-RE-2074-LIGHT GREEN-40,RTW Shirts,Casual Solid
BOM-SHI-RE-2075-LIGHT GREEN-42,RTW Shirts,Casual Solid
BOM-SHI-RE-2076-LIGHT GREEN-44,RTW Shirts,Casual Solid
BOM-SHI-RE-2077-LIGHT GREEN-46,RTW Shirts,Casual Solid
BOM-SHI-RE-2078-BROWN-36,RTW Shirts,Casual Solid
BOM-SHI-RE-2079-BROWN-38,RTW Shirts,Casual Solid
BOM-SHI-RE-208-BLUE-42,RTW Shirts,High Priced
BOM-SHI-RE-2080-BROWN-40,RTW Shirts,Casual Solid
BOM-SHI-RE-2081-BROWN-42,RTW Shirts,Casual Solid
BOM-SHI-RE-2082-BROWN-44,RTW Shirts,Casual Solid
BOM-SHI-RE-2083-BROWN-46,RTW Shirts,Casual Solid
BOM-SHI-RE-2084-ECRU-36,RTW Shirts,Solid Cuban
BOM-SHI-RE-2085-ECRU-38,RTW Shirts,Solid Cuban
BOM-SHI-RE-2086-ECRU-40,RTW Shirts,Solid Cuban
BOM-SHI-RE-2087-ECRU-42,RTW Shirts,Solid Cuban
BOM-SHI-RE-2088-ECRU-44,RTW Shirts,Solid Cuban
BOM-SHI-RE-2089-ECRU-46,RTW Shirts,Solid Cuban
BOM-SHI-RE-209-BLUE-44,RTW Shirts,High Priced
BOM-SHI-RE-2090-MUSTARD-36,RTW Shirts,Solid Cuban
BOM-SHI-RE-2091-MUSTARD-38,RTW Shirts,Solid Cuban
BOM-SHI-RE-2092-MUSTARD-40,RTW Shirts,Solid Cuban
BOM-SHI-RE-2093-MUSTARD-42,RTW Shirts,Solid Cuban
BOM-SHI-RE-2094-MUSTARD-44,RTW Shirts,Solid Cuban
BOM-SHI-RE-2095-MUSTARD-46,RTW Shirts,Solid Cuban
BOM-SHI-RE-2096-LAVENDER-36,RTW Shirts,Formal Solid
BOM-SHI-RE-2097-LAVENDER-38,RTW Shirts,Formal Solid
BOM-SHI-RE-2098-LAVENDER-40,RTW Shirts,Formal Solid
BOM-SHI-RE-2099-LAVENDER-42,RTW Shirts,Formal Solid
BOM-SHI-RE-210-BLUE-46,RTW Shirts,High Priced
BOM-SHI-RE-2100-LAVENDER-44,RTW Shirts,Formal Solid
BOM-SHI-RE-2101-LAVENDER-46,RTW Shirts,Formal Solid
BOM-SHI-RE-2102-LIGHT BLUE-36,RTW Shirts,Formal Solid
BOM-SHI-RE-2103-LIGHT BLUE-38,RTW Shirts,Formal Solid
BOM-SHI-RE-2104-LIGHT BLUE-40,RTW Shirts,Formal Solid
BOM-SHI-RE-2105-LIGHT BLUE-42,RTW Shirts,Formal Solid
BOM-SHI-RE-2106-LIGHT BLUE-44,RTW Shirts,Formal Solid
BOM-SHI-RE-2107-LIGHT BLUE-46,RTW Shirts,Formal Solid
BOM-SHI-RE-2108-LIGHT GREY-36,RTW Shirts,Formal Solid
BOM-SHI-RE-2109-LIGHT GREY-38,RTW Shirts,Formal Solid
BOM-SHI-RE-211-LAVENDAR-36,RTW Shirts,High Priced
BOM-SHI-RE-2110-LIGHT GREY-40,RTW Shirts,Formal Solid
BOM-SHI-RE-2111-LIGHT GREY-42,RTW Shirts,Formal Solid
BOM-SHI-RE-2112-LIGHT GREY-44,RTW Shirts,Formal Solid
BOM-SHI-RE-2113-LIGHT GREY-46,RTW Shirts,Formal Solid
BOM-SHI-RE-2115-BROWN-38,RTW Shirts,Formal Checks
BOM-SHI-RE-2116-BROWN-40,RTW Shirts,Formal Checks
BOM-SHI-RE-2117-BROWN-42,RTW Shirts,Formal Checks
BOM-SHI-RE-2118-BROWN-44,RTW Shirts,Formal Checks
BOM-SHI-RE-212-LAVENDAR-38,RTW Shirts,High Priced
BOM-SHI-RE-2120-MID BLUE-36,RTW Shirts,Formal Checks
BOM-SHI-RE-2121-MID BLUE-38,RTW Shirts,Formal Checks
BOM-SHI-RE-2122-MID BLUE-40,RTW Shirts,Formal Checks
BOM-SHI-RE-2123-MID BLUE-42,RTW Shirts,Formal Checks
BOM-SHI-RE-2124-MID BLUE-44,RTW Shirts,Formal Checks
BOM-SHI-RE-2125-MID BLUE-46,RTW Shirts,Formal Checks
BOM-SHI-RE-2126-LIGHT BLUE-36,RTW Shirts,Formal Checks
BOM-SHI-RE-2127-LIGHT BLUE-38,RTW Shirts,Formal Checks
BOM-SHI-RE-2128-LIGHT BLUE-40,RTW Shirts,Formal Checks
BOM-SHI-RE-2129-LIGHT BLUE-42,RTW Shirts,Formal Checks
BOM-SHI-RE-213-LAVENDAR-40,RTW Shirts,High Priced
BOM-SHI-RE-2130-LIGHT BLUE-44,RTW Shirts,Formal Checks
BOM-SHI-RE-2131-LIGHT BLUE-46,RTW Shirts,Formal Checks
BOM-SHI-RE-2132-GREY-36,RTW Shirts,Formal Checks
BOM-SHI-RE-2133-GREY-38,RTW Shirts,Formal Checks
BOM-SHI-RE-2134-GREY-40,RTW Shirts,Formal Checks
BOM-SHI-RE-2135-GREY-42,RTW Shirts,Formal Checks
BOM-SHI-RE-2136-GREY-44,RTW Shirts,Formal Checks
BOM-SHI-RE-2137-GREY-46,RTW Shirts,Formal Checks
BOM-SHI-RE-2138-LIGHT BLUE-36,RTW Shirts,Formal Stripes
BOM-SHI-RE-2139-LIGHT BLUE-38,RTW Shirts,Formal Stripes
BOM-SHI-RE-214-LAVENDAR-42,RTW Shirts,High Priced
BOM-SHI-RE-2140-LIGHT BLUE-40,RTW Shirts,Formal Stripes
BOM-SHI-RE-2141-LIGHT BLUE-42,RTW Shirts,Formal Stripes
BOM-SHI-RE-2142-LIGHT BLUE-44,RTW Shirts,Formal Stripes
BOM-SHI-RE-2143-LIGHT BLUE-46,RTW Shirts,Formal Stripes
BOM-SHI-RE-2144-LIGHT BLUE-36,RTW Shirts,Formal Stripes
BOM-SHI-RE-2145-LIGHT BLUE-38,RTW Shirts,Formal Stripes
BOM-SHI-RE-2146-LIGHT BLUE-40,RTW Shirts,Formal Stripes
BOM-SHI-RE-2147-LIGHT BLUE-42,RTW Shirts,Formal Stripes
BOM-SHI-RE-2148-LIGHT BLUE-44,RTW Shirts,Formal Stripes
BOM-SHI-RE-2149-LIGHT BLUE-46,RTW Shirts,Formal Stripes
BOM-SHI-RE-215-LAVENDAR-44,RTW Shirts,High Priced
BOM-SHI-RE-2150-BLUE-36,RTW Shirts,Formal Stripes
BOM-SHI-RE-2151-BLUE-38,RTW Shirts,Formal Stripes
BOM-SHI-RE-2152-BLUE-40,RTW Shirts,Formal Stripes
BOM-SHI-RE-2153-BLUE-42,RTW Shirts,Formal Stripes
BOM-SHI-RE-2154-BLUE-44,RTW Shirts,Formal Stripes
BOM-SHI-RE-2156-LAVENDER-36,RTW Shirts,Formal Stripes
BOM-SHI-RE-2157-LAVENDER-38,RTW Shirts,Formal Stripes
BOM-SHI-RE-2158-LAVENDER-40,RTW Shirts,Formal Stripes
BOM-SHI-RE-2159-LAVENDER-42,RTW Shirts,Formal Stripes
BOM-SHI-RE-216-LAVENDAR-46,RTW Shirts,High Priced
BOM-SHI-RE-2160-LAVENDER-44,RTW Shirts,Formal Stripes
BOM-SHI-RE-2161-LAVENDER-46,RTW Shirts,Formal Stripes
BOM-SHI-RE-217-BLUE-36,RTW Shirts,High Priced
BOM-SHI-RE-218-BLUE-38,RTW Shirts,High Priced
BOM-SHI-RE-219-BLUE-40,RTW Shirts,High Priced
BOM-SHI-RE-220-BLUE-42,RTW Shirts,High Priced
BOM-SHI-RE-221-BLUE-44,RTW Shirts,High Priced
BOM-SHI-RE-222-BLUE-46,RTW Shirts,High Priced
BOM-SHI-RE-223-GREEN-36,RTW Shirts,High Priced
BOM-SHI-RE-224-GREEN-38,RTW Shirts,High Priced
BOM-SHI-RE-225-GREEN-40,RTW Shirts,High Priced
BOM-SHI-RE-226-GREEN-42,RTW Shirts,High Priced
BOM-SHI-RE-227-GREEN-44,RTW Shirts,High Priced
BOM-SHI-RE-228-GREEN-46,RTW Shirts,High Priced
BOM-SHI-RE-229-OLIVE-36,RTW Shirts,On Trend
BOM-SHI-RE-230-OLIVE-38,RTW Shirts,On Trend
BOM-SHI-RE-231-OLIVE-40,RTW Shirts,On Trend
BOM-SHI-RE-232-OLIVE-42,RTW Shirts,On Trend
BOM-SHI-RE-233-OLIVE-44,RTW Shirts,On Trend
BOM-SHI-RE-234-OLIVE-46,RTW Shirts,On Trend
BOM-SHI-RE-235-NAVY-36,RTW Shirts,On Trend
BOM-SHI-RE-2358-LAVENDER-36,RTW Shirts,Casual Solid
BOM-SHI-RE-2359-LAVENDER-38,RTW Shirts,Casual Solid
BOM-SHI-RE-236-NAVY-38,RTW Shirts,On Trend
BOM-SHI-RE-2360-LAVENDER-40,RTW Shirts,Casual Solid
BOM-SHI-RE-2361-LAVENDER-42,RTW Shirts,Casual Solid
BOM-SHI-RE-2362-LAVENDER-44,RTW Shirts,Casual Solid
BOM-SHI-RE-2363-LAVENDER-46,RTW Shirts,Casual Solid
BOM-SHI-RE-2364-RUST-36,RTW Shirts,Casual Solid
BOM-SHI-RE-2365-RUST-38,RTW Shirts,Casual Solid
BOM-SHI-RE-2366-RUST-40,RTW Shirts,Casual Solid
BOM-SHI-RE-2367-RUST-42,RTW Shirts,Casual Solid
BOM-SHI-RE-2368-RUST-44,RTW Shirts,Casual Solid
BOM-SHI-RE-2369-RUST-46,RTW Shirts,Casual Solid
BOM-SHI-RE-237-NAVY-40,RTW Shirts,On Trend
BOM-SHI-RE-2370-OLIVE-36,RTW Shirts,Casual Solid
BOM-SHI-RE-2371-OLIVE-38,RTW Shirts,Casual Solid
BOM-SHI-RE-2372-OLIVE-40,RTW Shirts,Casual Solid
BOM-SHI-RE-2373-OLIVE-42,RTW Shirts,Casual Solid
BOM-SHI-RE-2374-OLIVE-44,RTW Shirts,Casual Solid
BOM-SHI-RE-2375-OLIVE-46,RTW Shirts,Casual Solid
BOM-SHI-RE-238-NAVY-42,RTW Shirts,On Trend
BOM-SHI-RE-239-NAVY-44,RTW Shirts,On Trend
BOM-SHI-RE-240-NAVY-46,RTW Shirts,On Trend
BOM-SHI-RE-241-NAVY-36,RTW Shirts,On Trend
BOM-SHI-RE-242-NAVY-38,RTW Shirts,On Trend
BOM-SHI-RE-243-NAVY-40,RTW Shirts,On Trend
BOM-SHI-RE-244-NAVY-42,RTW Shirts,On Trend
BOM-SHI-RE-245-NAVY-44,RTW Shirts,On Trend
BOM-SHI-RE-246-NAVY-46,RTW Shirts,On Trend
BOM-SHI-RE-247-KHAKI-36,RTW Shirts,On Trend
BOM-SHI-RE-248-KHAKI-38,RTW Shirts,On Trend
BOM-SHI-RE-249-KHAKI-40,RTW Shirts,On Trend
BOM-SHI-RE-250-KHAKI-42,RTW Shirts,On Trend
BOM-SHI-RE-2508-GREEN-36,RTW Shirts,On Trend
BOM-SHI-RE-2509-GREEN-38,RTW Shirts,On Trend
BOM-SHI-RE-251-KHAKI-44,RTW Shirts,On Trend
BOM-SHI-RE-2510-GREEN-40,RTW Shirts,On Trend
BOM-SHI-RE-2511-GREEN-42,RTW Shirts,On Trend
BOM-SHI-RE-2512-GREEN-44,RTW Shirts,On Trend
BOM-SHI-RE-2513-GREEN-46,RTW Shirts,On Trend
BOM-SHI-RE-2514-BROWN-36,RTW Shirts,On Trend
BOM-SHI-RE-2515-BROWN-38,RTW Shirts,On Trend
BOM-SHI-RE-2516-BROWN-40,RTW Shirts,On Trend
BOM-SHI-RE-2517-BROWN-42,RTW Shirts,On Trend
BOM-SHI-RE-2518-BROWN-44,RTW Shirts,On Trend
BOM-SHI-RE-2519-BROWN-46,RTW Shirts,On Trend
BOM-SHI-RE-252-KHAKI-46,RTW Shirts,On Trend
BOM-SHI-RE-253-BLACK-36,RTW Shirts,On Trend
BOM-SHI-RE-254-BLACK-38,RTW Shirts,On Trend
BOM-SHI-RE-255-BLACK-40,RTW Shirts,On Trend
BOM-SHI-RE-256-BLACK-42,RTW Shirts,On Trend
BOM-SHI-RE-257-BLACK-44,RTW Shirts,On Trend
BOM-SHI-RE-258-BLACK-46,RTW Shirts,On Trend
BOM-SHI-RE-259-NAVY-36,RTW Shirts,On Trend
BOM-SHI-RE-260-NAVY-38,RTW Shirts,On Trend
BOM-SHI-RE-261-NAVY-40,RTW Shirts,On Trend
BOM-SHI-RE-262-NAVY-42,RTW Shirts,On Trend
BOM-SHI-RE-263-NAVY-44,RTW Shirts,On Trend
BOM-SHI-RE-264-NAVY-46,RTW Shirts,On Trend
BOM-SHI-RE-265-BLACK-36,RTW Shirts,On Trend
BOM-SHI-RE-266-BLACK-38,RTW Shirts,On Trend
BOM-SHI-RE-267-BLACK-40,RTW Shirts,On Trend
BOM-SHI-RE-268-BLACK-42,RTW Shirts,On Trend
BOM-SHI-RE-269-BLACK-44,RTW Shirts,On Trend
BOM-SHI-RE-270-BLACK-46,RTW Shirts,On Trend
BOM-SHI-RE-271-WHITE-36,RTW Shirts,High Priced
BOM-SHI-RE-272-WHITE-38,RTW Shirts,High Priced
BOM-SHI-RE-273-WHITE-40,RTW Shirts,High Priced
BOM-SHI-RE-274-WHITE-42,RTW Shirts,High Priced
BOM-SHI-RE-275-WHITE-44,RTW Shirts,High Priced
BOM-SHI-RE-276-WHITE-46,RTW Shirts,High Priced
BOM-SHI-RE-277-NAVY-36,RTW Shirts,Casual Solid
BOM-SHI-RE-278-NAVY-38,RTW Shirts,Casual Solid
BOM-SHI-RE-279-NAVY-40,RTW Shirts,Casual Solid
BOM-SHI-RE-280-NAVY-42,RTW Shirts,Casual Solid
BOM-SHI-RE-281-NAVY-44,RTW Shirts,Casual Solid
BOM-SHI-RE-282-NAVY-46,RTW Shirts,Casual Solid
BOM-SHI-RE-3074-MOCHA-36,RTW Shirts,On Trend
BOM-SHI-RE-3075-MOCHA-38,RTW Shirts,On Trend
BOM-SHI-RE-3076-MOCHA-40,RTW Shirts,On Trend
BOM-SHI-RE-3077-MOCHA-42,RTW Shirts,On Trend
BOM-SHI-RE-3078-MOCHA-44,RTW Shirts,On Trend
BOM-SHI-RE-3079-MOCHA-46,RTW Shirts,On Trend
BOM-SHI-RE-3080-LIGHT GREEN-36,RTW Shirts,Formal Checks
BOM-SHI-RE-3081-LIGHT GREEN-38,RTW Shirts,Formal Checks
BOM-SHI-RE-3082-LIGHT GREEN-40,RTW Shirts,Formal Checks
BOM-SHI-RE-3083-LIGHT GREEN-42,RTW Shirts,Formal Checks
BOM-SHI-RE-3084-LIGHT GREEN-44,RTW Shirts,Formal Checks
BOM-SHI-RE-3085-LIGHT GREEN-46,RTW Shirts,Formal Checks
BOM-SHI-RE-3086-NAVY-36,RTW Shirts,Formal Checks
BOM-SHI-RE-3087-NAVY-38,RTW Shirts,Formal Checks
BOM-SHI-RE-3088-NAVY-40,RTW Shirts,Formal Checks
BOM-SHI-RE-3089-NAVY-42,RTW Shirts,Formal Checks
BOM-SHI-RE-3090-NAVY-44,RTW Shirts,Formal Checks
BOM-SHI-RE-3091-NAVY-46,RTW Shirts,Formal Checks
BOM-SHI-RE-3092-MID BLUE-36,RTW Shirts,Formal Checks
BOM-SHI-RE-3093-MID BLUE-38,RTW Shirts,Formal Checks
BOM-SHI-RE-3094-MID BLUE-40,RTW Shirts,Formal Checks
BOM-SHI-RE-3095-MID BLUE-42,RTW Shirts,Formal Checks
BOM-SHI-RE-3096-MID BLUE-44,RTW Shirts,Formal Checks
BOM-SHI-RE-3097-MID BLUE-46,RTW Shirts,Formal Checks
BOM-SHI-RE-3098-GREY-36,RTW Shirts,Formal Checks
BOM-SHI-RE-3099-GREY-38,RTW Shirts,Formal Checks
BOM-SHI-RE-3100-GREY-40,RTW Shirts,Formal Checks
BOM-SHI-RE-3101-GREY-42,RTW Shirts,Formal Checks
BOM-SHI-RE-3102-GREY-44,RTW Shirts,Formal Checks
BOM-SHI-RE-3103-GREY-46,RTW Shirts,Formal Checks
BOM-SHI-RE-3104-WHITE-36,RTW Shirts,Formal Solid
BOM-SHI-RE-3105-WHITE-38,RTW Shirts,Formal Solid
BOM-SHI-RE-3106-WHITE-40,RTW Shirts,Formal Solid
BOM-SHI-RE-3107-WHITE-42,RTW Shirts,Formal Solid
BOM-SHI-RE-3108-WHITE-44,RTW Shirts,Formal Solid
BOM-SHI-RE-3109-WHITE-46,RTW Shirts,Formal Solid
BOM-SHI-RE-3110-LIGHT BLUE-36,RTW Shirts,Formal Solid
BOM-SHI-RE-3111-LIGHT BLUE-38,RTW Shirts,Formal Solid
BOM-SHI-RE-3112-LIGHT BLUE-40,RTW Shirts,Formal Solid
BOM-SHI-RE-3113-LIGHT BLUE-42,RTW Shirts,Formal Solid
BOM-SHI-RE-3114-LIGHT BLUE-44,RTW Shirts,Formal Solid
BOM-SHI-RE-3115-LIGHT BLUE-46,RTW Shirts,Formal Solid
BOM-SHI-RE-3116-LIGHT BLUE-36,RTW Shirts,Formal Stripes
BOM-SHI-RE-3117-LIGHT BLUE-38,RTW Shirts,Formal Stripes
BOM-SHI-RE-3118-LIGHT BLUE-40,RTW Shirts,Formal Stripes
BOM-SHI-RE-3119-LIGHT BLUE-42,RTW Shirts,Formal Stripes
BOM-SHI-RE-3120-LIGHT BLUE-44,RTW Shirts,Formal Stripes
BOM-SHI-RE-3121-LIGHT BLUE-46,RTW Shirts,Formal Stripes
BOM-SHI-RE-3122-NAVY-36,RTW Shirts,Formal Stripes
BOM-SHI-RE-3123-NAVY-38,RTW Shirts,Formal Stripes
BOM-SHI-RE-3124-NAVY-40,RTW Shirts,Formal Stripes
BOM-SHI-RE-3125-NAVY-42,RTW Shirts,Formal Stripes
BOM-SHI-RE-3126-NAVY-44,RTW Shirts,Formal Stripes
BOM-SHI-RE-3127-NAVY-46,RTW Shirts,Formal Stripes
BOM-SHI-RE-3128-GREY-36,RTW Shirts,High Priced
BOM-SHI-RE-3129-GREY-38,RTW Shirts,High Priced
BOM-SHI-RE-3130-GREY-40,RTW Shirts,High Priced
BOM-SHI-RE-3131-GREY-42,RTW Shirts,High Priced
BOM-SHI-RE-3132-GREY-44,RTW Shirts,High Priced
BOM-SHI-RE-3133-GREY-46,RTW Shirts,High Priced
BOM-SHI-RE-3134-WHITE-36,RTW Shirts,High Priced
BOM-SHI-RE-3135-WHITE-38,RTW Shirts,High Priced
BOM-SHI-RE-3136-WHITE-40,RTW Shirts,High Priced
BOM-SHI-RE-3137-WHITE-42,RTW Shirts,High Priced
BOM-SHI-RE-3138-WHITE-44,RTW Shirts,High Priced
BOM-SHI-RE-3139-WHITE-46,RTW Shirts,High Priced
BOM-SHI-RE-3141-LAVENDER-38,RTW Shirts,High Priced
BOM-SHI-RE-3142-LAVENDER-40,RTW Shirts,High Priced
BOM-SHI-RE-3143-LAVENDER-42,RTW Shirts,High Priced
BOM-SHI-RE-3144-LAVENDER-44,RTW Shirts,High Priced
BOM-SHI-RE-3146-PINK-36,RTW Shirts,High Priced
BOM-SHI-RE-3147-PINK-38,RTW Shirts,High Priced
BOM-SHI-RE-3148-PINK-40,RTW Shirts,High Priced
BOM-SHI-RE-3149-PINK-42,RTW Shirts,High Priced
BOM-SHI-RE-3150-PINK-44,RTW Shirts,High Priced
BOM-SHI-RE-3151-PINK-46,RTW Shirts,High Priced
BOM-SHI-RE-3152-NAVY-36,RTW Shirts,High Priced
BOM-SHI-RE-3153-NAVY-38,RTW Shirts,High Priced
BOM-SHI-RE-3154-NAVY-40,RTW Shirts,High Priced
BOM-SHI-RE-3155-NAVY-42,RTW Shirts,High Priced
BOM-SHI-RE-3156-NAVY-44,RTW Shirts,High Priced
BOM-SHI-RE-3157-NAVY-46,RTW Shirts,High Priced
BOM-SHI-RE-3158-BLUE-36,RTW Shirts,High Priced
BOM-SHI-RE-3159-BLUE-38,RTW Shirts,High Priced
BOM-SHI-RE-3160-BLUE-40,RTW Shirts,High Priced
BOM-SHI-RE-3161-BLUE-42,RTW Shirts,High Priced
BOM-SHI-RE-3162-BLUE-44,RTW Shirts,High Priced
BOM-SHI-RE-3164-BLUE-36,RTW Shirts,High Priced
BOM-SHI-RE-3165-BLUE-38,RTW Shirts,High Priced
BOM-SHI-RE-3166-BLUE-40,RTW Shirts,High Priced
BOM-SHI-RE-3167-BLUE-42,RTW Shirts,High Priced
BOM-SHI-RE-3168-BLUE-44,RTW Shirts,High Priced
BOM-SHI-RE-3169-BLUE-46,RTW Shirts,High Priced
BOM-SHI-RE-3170-MID BLUE-36,RTW Shirts,High Priced
BOM-SHI-RE-3171-MID BLUE-38,RTW Shirts,High Priced
BOM-SHI-RE-3172-MID BLUE-40,RTW Shirts,High Priced
BOM-SHI-RE-3173-MID BLUE-42,RTW Shirts,High Priced
BOM-SHI-RE-3174-MID BLUE-44,RTW Shirts,High Priced
BOM-SHI-RE-3175-MID BLUE-46,RTW Shirts,High Priced
BOM-SHI-RE-3176-LIGHT BLUE-36,RTW Shirts,High Priced
BOM-SHI-RE-3177-LIGHT BLUE-38,RTW Shirts,High Priced
BOM-SHI-RE-3178-LIGHT BLUE-40,RTW Shirts,High Priced
BOM-SHI-RE-3179-LIGHT BLUE-42,RTW Shirts,High Priced
BOM-SHI-RE-3180-LIGHT BLUE-44,RTW Shirts,High Priced
BOM-SHI-RE-3181-LIGHT BLUE-46,RTW Shirts,High Priced
BOM-SHI-RE-3182-LIGHT BLUE-36,RTW Shirts,High Priced
BOM-SHI-RE-3183-LIGHT BLUE-38,RTW Shirts,High Priced
BOM-SHI-RE-3184-LIGHT BLUE-40,RTW Shirts,High Priced
BOM-SHI-RE-3185-LIGHT BLUE-42,RTW Shirts,High Priced
BOM-SHI-RE-3186-LIGHT BLUE-44,RTW Shirts,High Priced
BOM-SHI-RE-3187-LIGHT BLUE-46,RTW Shirts,High Priced
BOM-SHI-RE-3188-MID BLUE-36,RTW Shirts,High Priced
BOM-SHI-RE-3189-MID BLUE-38,RTW Shirts,High Priced
BOM-SHI-RE-3190-MID BLUE-40,RTW Shirts,High Priced
BOM-SHI-RE-3191-MID BLUE-42,RTW Shirts,High Priced
BOM-SHI-RE-3192-MID BLUE-44,RTW Shirts,High Priced
BOM-SHI-RE-3194-LIGHT BLUE-36,RTW Shirts,High Priced
BOM-SHI-RE-3195-LIGHT BLUE-38,RTW Shirts,High Priced
BOM-SHI-RE-3196-LIGHT BLUE-40,RTW Shirts,High Priced
BOM-SHI-RE-3197-LIGHT BLUE-42,RTW Shirts,High Priced
BOM-SHI-RE-3198-LIGHT BLUE-44,RTW Shirts,High Priced
BOM-SHI-RE-3200-BLACK-36,RTW Shirts,High Priced
BOM-SHI-RE-3201-BLACK-38,RTW Shirts,High Priced
BOM-SHI-RE-3202-BLACK-40,RTW Shirts,High Priced
BOM-SHI-RE-3203-BLACK-42,RTW Shirts,High Priced
BOM-SHI-RE-3204-BLACK-44,RTW Shirts,High Priced
BOM-SHI-RE-3206-BLUE-36,RTW Shirts,High Priced
BOM-SHI-RE-3207-BLUE-38,RTW Shirts,High Priced
BOM-SHI-RE-3208-BLUE-40,RTW Shirts,High Priced
BOM-SHI-RE-3209-BLUE-42,RTW Shirts,High Priced
BOM-SHI-RE-3210-BLUE-44,RTW Shirts,High Priced
BOM-SHI-RE-3211-BLUE-46,RTW Shirts,High Priced
BOM-SHI-RE-3212-LIGHT BLUE-36,RTW Shirts,High Priced
BOM-SHI-RE-3213-LIGHT BLUE-38,RTW Shirts,High Priced
BOM-SHI-RE-3214-LIGHT BLUE-40,RTW Shirts,High Priced
BOM-SHI-RE-3215-LIGHT BLUE-42,RTW Shirts,High Priced
BOM-SHI-RE-3216-LIGHT BLUE-44,RTW Shirts,High Priced
BOM-SHI-RE-3217-LIGHT BLUE-46,RTW Shirts,High Priced
BOM-SHI-RE-3218-MID BLUE-36,RTW Shirts,High Priced
BOM-SHI-RE-3219-MID BLUE-38,RTW Shirts,High Priced
BOM-SHI-RE-3220-MID BLUE-40,RTW Shirts,High Priced
BOM-SHI-RE-3221-MID BLUE-42,RTW Shirts,High Priced
BOM-SHI-RE-3222-MID BLUE-44,RTW Shirts,High Priced
BOM-SHI-RE-3223-MID BLUE-46,RTW Shirts,High Priced
BOM-SHI-RE-3224-LIGHT BLUE-36,RTW Shirts,High Priced
BOM-SHI-RE-3225-LIGHT BLUE-38,RTW Shirts,High Priced
BOM-SHI-RE-3226-LIGHT BLUE-40,RTW Shirts,High Priced
BOM-SHI-RE-3227-LIGHT BLUE-42,RTW Shirts,High Priced
BOM-SHI-RE-3228-LIGHT BLUE-44,RTW Shirts,High Priced
BOM-SHI-RE-3229-LIGHT BLUE-46,RTW Shirts,High Priced
BOM-SHI-RE-3230-PINK-36,RTW Shirts,High Priced
BOM-SHI-RE-3231-PINK-38,RTW Shirts,High Priced
BOM-SHI-RE-3232-PINK-40,RTW Shirts,High Priced
BOM-SHI-RE-3233-PINK-42,RTW Shirts,High Priced
BOM-SHI-RE-3234-PINK-44,RTW Shirts,High Priced
BOM-SHI-RE-3235-PINK-46,RTW Shirts,High Priced
BOM-SHI-RE-3236-PINK-36,RTW Shirts,Formal Solid
BOM-SHI-RE-3237-PINK-38,RTW Shirts,Formal Solid
BOM-SHI-RE-3238-PINK-40,RTW Shirts,Formal Solid
BOM-SHI-RE-3239-PINK-42,RTW Shirts,Formal Solid
BOM-SHI-RE-3240-PINK-44,RTW Shirts,Formal Solid
BOM-SHI-RE-3241-PINK-46,RTW Shirts,Formal Solid
BOM-SHI-RE-3242-WHITE-36,RTW Shirts,Formal Solid
BOM-SHI-RE-3243-WHITE-38,RTW Shirts,Formal Solid
BOM-SHI-RE-3244-WHITE-40,RTW Shirts,Formal Solid
BOM-SHI-RE-3245-WHITE-42,RTW Shirts,Formal Solid
BOM-SHI-RE-3246-WHITE-44,RTW Shirts,Formal Solid
BOM-SHI-RE-3247-WHITE-46,RTW Shirts,Formal Solid
BOM-SHI-RE-3248-WHITE-36,RTW Shirts,Formal Solid
BOM-SHI-RE-3249-WHITE-38,RTW Shirts,Formal Solid
BOM-SHI-RE-3250-WHITE-40,RTW Shirts,Formal Solid
BOM-SHI-RE-3251-WHITE-42,RTW Shirts,Formal Solid
BOM-SHI-RE-3252-WHITE-44,RTW Shirts,Formal Solid
BOM-SHI-RE-3253-WHITE-46,RTW Shirts,Formal Solid
BOM-SHI-RE-3254-BLACK-36,RTW Shirts,Formal Solid
BOM-SHI-RE-3255-BLACK-38,RTW Shirts,Formal Solid
BOM-SHI-RE-3256-BLACK-40,RTW Shirts,Formal Solid
BOM-SHI-RE-3257-BLACK-42,RTW Shirts,Formal Solid
BOM-SHI-RE-3258-BLACK-44,RTW Shirts,Formal Solid
BOM-SHI-RE-3259-BLACK-46,RTW Shirts,Formal Solid
BOM-SHI-RE-3260-BLACK-36,RTW Shirts,Formal Solid
BOM-SHI-RE-3261-BLACK-38,RTW Shirts,Formal Solid
BOM-SHI-RE-3262-BLACK-40,RTW Shirts,Formal Solid
BOM-SHI-RE-3263-BLACK-42,RTW Shirts,Formal Solid
BOM-SHI-RE-3264-BLACK-44,RTW Shirts,Formal Solid
BOM-SHI-RE-3265-BLACK-46,RTW Shirts,Formal Solid
BOM-SHI-RE-3266-NAVY-36,RTW Shirts,Formal Solid
BOM-SHI-RE-3267-NAVY-38,RTW Shirts,Formal Solid
BOM-SHI-RE-3268-NAVY-40,RTW Shirts,Formal Solid
BOM-SHI-RE-3269-NAVY-42,RTW Shirts,Formal Solid
BOM-SHI-RE-3270-NAVY-44,RTW Shirts,Formal Solid
BOM-SHI-RE-3271-NAVY-46,RTW Shirts,Formal Solid
BOM-SHI-RE-3272-PINK-36,RTW Shirts,Formal Solid
BOM-SHI-RE-3273-PINK-38,RTW Shirts,Formal Solid
BOM-SHI-RE-3274-PINK-40,RTW Shirts,Formal Solid
BOM-SHI-RE-3275-PINK-42,RTW Shirts,Formal Solid
BOM-SHI-RE-3276-PINK-44,RTW Shirts,Formal Solid
BOM-SHI-RE-3277-PINK-46,RTW Shirts,Formal Solid
BOM-SHI-RE-3278-BLUE-36,RTW Shirts,Formal Checks
BOM-SHI-RE-3279-BLUE-38,RTW Shirts,Formal Checks
BOM-SHI-RE-3280-BLUE-40,RTW Shirts,Formal Checks
BOM-SHI-RE-3281-BLUE-42,RTW Shirts,Formal Checks
BOM-SHI-RE-3282-BLUE-44,RTW Shirts,Formal Checks
BOM-SHI-RE-3283-BLUE-46,RTW Shirts,Formal Checks
BOM-SHI-RE-3284-BEIGE-36,RTW Shirts,Formal Checks
BOM-SHI-RE-3285-BEIGE-38,RTW Shirts,Formal Checks
BOM-SHI-RE-3286-BEIGE-40,RTW Shirts,Formal Checks
BOM-SHI-RE-3287-BEIGE-42,RTW Shirts,Formal Checks
BOM-SHI-RE-3288-BEIGE-44,RTW Shirts,Formal Checks
BOM-SHI-RE-3289-BEIGE-46,RTW Shirts,Formal Checks
BOM-SHI-RE-3290-LAVENDER-36,RTW Shirts,Formal Checks
BOM-SHI-RE-3291-LAVENDER-38,RTW Shirts,Formal Checks
BOM-SHI-RE-3292-LAVENDER-40,RTW Shirts,Formal Checks
BOM-SHI-RE-3293-LAVENDER-42,RTW Shirts,Formal Checks
BOM-SHI-RE-3294-LAVENDER-44,RTW Shirts,Formal Checks
BOM-SHI-RE-3295-LAVENDER-46,RTW Shirts,Formal Checks
BOM-SHI-RE-3296-WHITE-36,RTW Shirts,Formal Solid
BOM-SHI-RE-3297-WHITE-38,RTW Shirts,Formal Solid
BOM-SHI-RE-3298-WHITE-40,RTW Shirts,Formal Solid
BOM-SHI-RE-3299-WHITE-42,RTW Shirts,Formal Solid
BOM-SHI-RE-330-NAVY-46,RTW Shirts,Casual Solid
BOM-SHI-RE-3300-WHITE-44,RTW Shirts,Formal Solid
BOM-SHI-RE-3301-WHITE-46,RTW Shirts,Formal Solid
BOM-SHI-RE-3302-WHITE-36,RTW Shirts,Formal Solid
BOM-SHI-RE-3303-WHITE-38,RTW Shirts,Formal Solid
BOM-SHI-RE-3304-WHITE-40,RTW Shirts,Formal Solid
BOM-SHI-RE-3305-WHITE-42,RTW Shirts,Formal Solid
BOM-SHI-RE-3306-WHITE-44,RTW Shirts,Formal Solid
BOM-SHI-RE-3307-WHITE-46,RTW Shirts,Formal Solid
BOM-SHI-RE-3308-NAVY-36,RTW Shirts,Formal Solid
BOM-SHI-RE-3309-NAVY-38,RTW Shirts,Formal Solid
BOM-SHI-RE-3310-NAVY-40,RTW Shirts,Formal Solid
BOM-SHI-RE-3311-NAVY-42,RTW Shirts,Formal Solid
BOM-SHI-RE-3312-NAVY-44,RTW Shirts,Formal Solid
BOM-SHI-RE-3313-NAVY-46,RTW Shirts,Formal Solid
BOM-SHI-RE-3427-NAVY-36,RTW Shirts,Solid Cuban
BOM-SHI-RE-3428-NAVY-38,RTW Shirts,Solid Cuban
BOM-SHI-RE-3429-NAVY-40,RTW Shirts,Solid Cuban
BOM-SHI-RE-3430-NAVY-42,RTW Shirts,Solid Cuban
BOM-SHI-RE-3431-NAVY-44,RTW Shirts,Solid Cuban
BOM-SHI-RE-3432-NAVY-46,RTW Shirts,Solid Cuban
BOM-SHI-RE-3433-GREY-36,RTW Shirts,Solid Cuban
BOM-SHI-RE-3434-GREY-38,RTW Shirts,Solid Cuban
BOM-SHI-RE-3435-GREY-40,RTW Shirts,Solid Cuban
BOM-SHI-RE-3436-GREY-42,RTW Shirts,Solid Cuban
BOM-SHI-RE-3437-GREY-44,RTW Shirts,Solid Cuban
BOM-SHI-RE-3438-GREY-46,RTW Shirts,Solid Cuban
BOM-SHI-RE-3439-BLUE-36,RTW Shirts,Solid Cuban
BOM-SHI-RE-3440-BLUE-38,RTW Shirts,Solid Cuban
BOM-SHI-RE-3441-BLUE-40,RTW Shirts,Solid Cuban
BOM-SHI-RE-3442-BLUE-42,RTW Shirts,Solid Cuban
BOM-SHI-RE-3443-BLUE-44,RTW Shirts,Solid Cuban
BOM-SHI-RE-3444-BLUE-46,RTW Shirts,Solid Cuban
BOM-SHI-RE-3445-GREY-36,RTW Shirts,Solid Cuban
BOM-SHI-RE-3446-GREY-38,RTW Shirts,Solid Cuban
BOM-SHI-RE-3447-GREY-40,RTW Shirts,Solid Cuban
BOM-SHI-RE-3448-GREY-42,RTW Shirts,Solid Cuban
BOM-SHI-RE-3449-GREY-44,RTW Shirts,Solid Cuban
BOM-SHI-RE-3450-GREY-46,RTW Shirts,Solid Cuban
BOM-SHI-RE-3463-RUST-36,RTW Shirts,Casual Solid
BOM-SHI-RE-3464-RUST-38,RTW Shirts,Casual Solid
BOM-SHI-RE-3465-RUST-40,RTW Shirts,Casual Solid
BOM-SHI-RE-3466-RUST-42,RTW Shirts,Casual Solid
BOM-SHI-RE-3467-RUST-44,RTW Shirts,Casual Solid
BOM-SHI-RE-3468-RUST-46,RTW Shirts,Casual Solid
BOM-SHI-RE-3469-FOREST GREEN-36,RTW Shirts,On Trend
BOM-SHI-RE-3470-FOREST GREEN-38,RTW Shirts,On Trend
BOM-SHI-RE-3471-FOREST GREEN-40,RTW Shirts,On Trend
BOM-SHI-RE-3472-FOREST GREEN-42,RTW Shirts,On Trend
BOM-SHI-RE-3473-FOREST GREEN-44,RTW Shirts,On Trend
BOM-SHI-RE-3474-FOREST GREEN-46,RTW Shirts,On Trend
BOM-SHI-RE-3475-ECRU-36,RTW Shirts,On Trend
BOM-SHI-RE-3476-ECRU-38,RTW Shirts,On Trend
BOM-SHI-RE-3477-ECRU-40,RTW Shirts,On Trend
BOM-SHI-RE-3478-ECRU-42,RTW Shirts,On Trend
BOM-SHI-RE-3479-ECRU-44,RTW Shirts,On Trend
BOM-SHI-RE-3480-ECRU-46,RTW Shirts,On Trend
BOM-SHI-RE-4516-BEIGE-36,RTW Shirts,On Trend
BOM-SHI-RE-4517-BEIGE-38,RTW Shirts,On Trend
BOM-SHI-RE-4518-BEIGE-40,RTW Shirts,On Trend
BOM-SHI-RE-4519-BEIGE-42,RTW Shirts,On Trend
BOM-SHI-RE-4520-BEIGE-44,RTW Shirts,On Trend
BOM-SHI-RE-4521-BEIGE-46,RTW Shirts,On Trend
BOM-SHI-RE-4522-LIGHT BLUE-36,RTW Shirts,On Trend
BOM-SHI-RE-4523-LIGHT BLUE-38,RTW Shirts,On Trend
BOM-SHI-RE-4524-LIGHT BLUE-40,RTW Shirts,On Trend
BOM-SHI-RE-4525-LIGHT BLUE-42,RTW Shirts,On Trend
BOM-SHI-RE-4526-LIGHT BLUE-44,RTW Shirts,On Trend
BOM-SHI-RE-4527-LIGHT BLUE-46,RTW Shirts,On Trend
BOM-SHI-RE-4528-GREEN-36,RTW Shirts,On Trend
BOM-SHI-RE-4529-GREEN-38,RTW Shirts,On Trend
BOM-SHI-RE-4530-GREEN-40,RTW Shirts,On Trend
BOM-SHI-RE-4531-GREEN-42,RTW Shirts,On Trend
BOM-SHI-RE-4532-GREEN-44,RTW Shirts,On Trend
BOM-SHI-RE-4533-GREEN-46,RTW Shirts,On Trend
BOM-SHI-RE-4582-LIGHT GREEN-36,RTW Shirts,Casual Solid
BOM-SHI-RE-4583-LIGHT GREEN-38,RTW Shirts,Casual Solid
BOM-SHI-RE-4584-LIGHT GREEN-40,RTW Shirts,Casual Solid
BOM-SHI-RE-4585-LIGHT GREEN-42,RTW Shirts,Casual Solid
BOM-SHI-RE-4586-LIGHT GREEN-44,RTW Shirts,Casual Solid
BOM-SHI-RE-4587-LIGHT GREEN-46,RTW Shirts,Casual Solid
BOM-SHI-RE-4588-MID BLUE-36,RTW Shirts,Casual Solid
BOM-SHI-RE-4589-MID BLUE-38,RTW Shirts,Casual Solid
BOM-SHI-RE-4590-MID BLUE-40,RTW Shirts,Casual Solid
BOM-SHI-RE-4591-MID BLUE-42,RTW Shirts,Casual Solid
BOM-SHI-RE-4592-MID BLUE-44,RTW Shirts,Casual Solid
BOM-SHI-RE-4593-MID BLUE-46,RTW Shirts,Casual Solid
BOM-SHI-RE-4594-BROWN-36,RTW Shirts,Casual Solid
BOM-SHI-RE-4595-BROWN-38,RTW Shirts,Casual Solid
BOM-SHI-RE-4596-BROWN-40,RTW Shirts,Casual Solid
BOM-SHI-RE-4597-BROWN-42,RTW Shirts,Casual Solid
BOM-SHI-RE-4598-BROWN-44,RTW Shirts,Casual Solid
BOM-SHI-RE-4599-BROWN-46,RTW Shirts,Casual Solid
BOM-SHI-RE-4600-BEIGE-36,RTW Shirts,Casual Solid
BOM-SHI-RE-4601-BEIGE-38,RTW Shirts,Casual Solid
BOM-SHI-RE-4602-BEIGE-40,RTW Shirts,Casual Solid
BOM-SHI-RE-4603-BEIGE-42,RTW Shirts,Casual Solid
BOM-SHI-RE-4604-BEIGE-44,RTW Shirts,Casual Solid
BOM-SHI-RE-4605-BEIGE-46,RTW Shirts,Casual Solid
BOM-SHI-RE-4606-SAGE GREEN-36,RTW Shirts,Casual Solid
BOM-SHI-RE-4607-SAGE GREEN-38,RTW Shirts,Casual Solid
BOM-SHI-RE-4608-SAGE GREEN-40,RTW Shirts,Casual Solid
BOM-SHI-RE-4609-SAGE GREEN-42,RTW Shirts,Casual Solid
BOM-SHI-RE-4610-SAGE GREEN-44,RTW Shirts,Casual Solid
BOM-SHI-RE-4611-SAGE GREEN-46,RTW Shirts,Casual Solid
BOM-SHI-RE-4616-DARK GREY-36,RTW Shirts,Casual Solid
BOM-SHI-RE-4617-DARK GREY-38,RTW Shirts,Casual Solid
BOM-SHI-RE-4618-DARK GREY-40,RTW Shirts,Casual Solid
BOM-SHI-RE-4619-DARK GREY-42,RTW Shirts,Casual Solid
BOM-SHI-RE-4620-DARK GREY-44,RTW Shirts,Casual Solid
BOM-SHI-RE-4621-DARK GREY-46,RTW Shirts,Casual Solid
BOM-SHI-RE-4711-BLUE-36,RTW Shirts,Casual Checks + Stripes
BOM-SHI-RE-4712-BLUE-38,RTW Shirts,Casual Checks + Stripes
BOM-SHI-RE-4713-BLUE-40,RTW Shirts,Casual Checks + Stripes
BOM-SHI-RE-4714-BLUE-42,RTW Shirts,Casual Checks + Stripes
BOM-SHI-RE-4715-BLUE-44,RTW Shirts,Casual Checks + Stripes
BOM-SHI-RE-4716-BLUE-46,RTW Shirts,Casual Checks + Stripes
BOM-SHI-RE-4723-RUST-36,RTW Shirts,Casual Checks + Stripes
BOM-SHI-RE-4724-RUST-38,RTW Shirts,Casual Checks + Stripes
BOM-SHI-RE-4725-RUST-40,RTW Shirts,Casual Checks + Stripes
BOM-SHI-RE-4726-RUST-42,RTW Shirts,Casual Checks + Stripes
BOM-SHI-RE-4727-RUST-44,RTW Shirts,Casual Checks + Stripes
BOM-SHI-RE-4728-RUST-46,RTW Shirts,Casual Checks + Stripes
BOM-SHI-RE-4729-RUST-36,RTW Shirts,Casual Checks + Stripes
BOM-SHI-RE-4730-RUST-38,RTW Shirts,Casual Checks + Stripes
BOM-SHI-RE-4731-RUST-40,RTW Shirts,Casual Checks + Stripes
BOM-SHI-RE-4732-RUST-42,RTW Shirts,Casual Checks + Stripes
BOM-SHI-RE-4733-RUST-44,RTW Shirts,Casual Checks + Stripes
BOM-SHI-RE-4734-RUST-46,RTW Shirts,Casual Checks + Stripes
BOM-SHI-RE-4735-BLUE-36,RTW Shirts,Casual Checks + Stripes
BOM-SHI-RE-4736-BLUE-38,RTW Shirts,Casual Checks + Stripes
BOM-SHI-RE-4737-BLUE-40,RTW Shirts,Casual Checks + Stripes
BOM-SHI-RE-4738-BLUE-42,RTW Shirts,Casual Checks + Stripes
BOM-SHI-RE-4739-BLUE-44,RTW Shirts,Casual Checks + Stripes
BOM-SHI-RE-4740-BLUE-46,RTW Shirts,Casual Checks + Stripes
BOM-SHI-RE-4743-BEIGE-36,RTW Shirts,Relaxed Fit- Full Sleeves
BOM-SHI-RE-4744-BEIGE-38,RTW Shirts,Relaxed Fit- Full Sleeves
BOM-SHI-RE-4745-BEIGE-40,RTW Shirts,Relaxed Fit- Full Sleeves
BOM-SHI-RE-4746-BEIGE-42,RTW Shirts,Relaxed Fit- Full Sleeves
BOM-SHI-RE-4747-BEIGE-44,RTW Shirts,Relaxed Fit- Full Sleeves
BOM-SHI-RE-4748-BEIGE-46,RTW Shirts,Relaxed Fit- Full Sleeves
BOM-SHI-RE-4810-SAGE GREEN-36,RTW Shirts,Relaxed Fit- Half Sleeves
BOM-SHI-RE-4811-SAGE GREEN-38,RTW Shirts,Relaxed Fit- Half Sleeves
BOM-SHI-RE-4812-SAGE GREEN-40,RTW Shirts,Relaxed Fit- Half Sleeves
BOM-SHI-RE-4813-SAGE GREEN-42,RTW Shirts,Relaxed Fit- Half Sleeves
BOM-SHI-RE-4814-SAGE GREEN-44,RTW Shirts,Relaxed Fit- Half Sleeves
BOM-SHI-RE-4815-SAGE GREEN-46,RTW Shirts,Relaxed Fit- Half Sleeves
BOM-SHI-RE-4816-LIGHT BLUE-36,RTW Shirts,Formal Solid
BOM-SHI-RE-4817-LIGHT BLUE-38,RTW Shirts,Formal Solid
BOM-SHI-RE-4818-LIGHT BLUE-40,RTW Shirts,Formal Solid
BOM-SHI-RE-4819-LIGHT BLUE-42,RTW Shirts,Formal Solid
BOM-SHI-RE-4820-LIGHT BLUE-44,RTW Shirts,Formal Solid
BOM-SHI-RE-4821-LIGHT BLUE-46,RTW Shirts,Formal Solid
BOM-SHI-RE-4822-DARK GREY-36,RTW Shirts,Formal Stripes
BOM-SHI-RE-4823-DARK GREY-38,RTW Shirts,Formal Stripes
BOM-SHI-RE-4824-DARK GREY-40,RTW Shirts,Formal Stripes
BOM-SHI-RE-4825-DARK GREY-42,RTW Shirts,Formal Stripes
BOM-SHI-RE-4826-DARK GREY-44,RTW Shirts,Formal Stripes
BOM-SHI-RE-4827-DARK GREY-46,RTW Shirts,Formal Stripes
BOM-SHI-RE-4828-WHITE-36,RTW Shirts,Formal Solid
BOM-SHI-RE-4829-WHITE-38,RTW Shirts,Formal Solid
BOM-SHI-RE-4830-WHITE-40,RTW Shirts,Formal Solid
BOM-SHI-RE-4831-WHITE-42,RTW Shirts,Formal Solid
BOM-SHI-RE-4832-WHITE-44,RTW Shirts,Formal Solid
BOM-SHI-RE-4833-WHITE-46,RTW Shirts,Formal Solid
BOM-SHI-RE-4834-LIGHT PINK-36,RTW Shirts,Formal Checks
BOM-SHI-RE-4835-LIGHT PINK-38,RTW Shirts,Formal Checks
BOM-SHI-RE-4836-LIGHT PINK-40,RTW Shirts,Formal Checks
BOM-SHI-RE-4837-LIGHT PINK-42,RTW Shirts,Formal Checks
BOM-SHI-RE-4838-LIGHT PINK-44,RTW Shirts,Formal Checks
BOM-SHI-RE-4839-LIGHT PINK-46,RTW Shirts,Formal Checks
BOM-SHI-RE-4840-NAVY-36,RTW Shirts,Formal Solid
BOM-SHI-RE-4841-NAVY-38,RTW Shirts,Formal Solid
BOM-SHI-RE-4842-NAVY-40,RTW Shirts,Formal Solid
BOM-SHI-RE-4843-NAVY-42,RTW Shirts,Formal Solid
BOM-SHI-RE-4844-NAVY-44,RTW Shirts,Formal Solid
BOM-SHI-RE-4845-NAVY-46,RTW Shirts,Formal Solid
BOM-SHI-RE-4846-LIGHT BLUE-36,RTW Shirts,Formal Stripes
BOM-SHI-RE-4847-LIGHT BLUE-38,RTW Shirts,Formal Stripes
BOM-SHI-RE-4848-LIGHT BLUE-40,RTW Shirts,Formal Stripes
BOM-SHI-RE-4849-LIGHT BLUE-42,RTW Shirts,Formal Stripes
BOM-SHI-RE-4850-LIGHT BLUE-44,RTW Shirts,Formal Stripes
BOM-SHI-RE-4851-LIGHT BLUE-46,RTW Shirts,Formal Stripes
BOM-SHI-RE-4852-LAVENDER-36,RTW Shirts,Formal Stripes
BOM-SHI-RE-4853-LAVENDER-38,RTW Shirts,Formal Stripes
BOM-SHI-RE-4854-LAVENDER-40,RTW Shirts,Formal Stripes
BOM-SHI-RE-4855-LAVENDER-42,RTW Shirts,Formal Stripes
BOM-SHI-RE-4856-LAVENDER-44,RTW Shirts,Formal Stripes
BOM-SHI-RE-4857-LAVENDER-46,RTW Shirts,Formal Stripes
BOM-SHI-RE-4858-BLACK-36,RTW Shirts,Formal Solid
BOM-SHI-RE-4859-BLACK-38,RTW Shirts,Formal Solid
BOM-SHI-RE-4860-BLACK-40,RTW Shirts,Formal Solid
BOM-SHI-RE-4861-BLACK-42,RTW Shirts,Formal Solid
BOM-SHI-RE-4862-BLACK-44,RTW Shirts,Formal Solid
BOM-SHI-RE-4863-BLACK-46,RTW Shirts,Formal Solid
BOM-SHI-RE-4870-DARK BLUE-36,RTW Shirts,Formal Checks
BOM-SHI-RE-4871-DARK BLUE-38,RTW Shirts,Formal Checks
BOM-SHI-RE-4872-DARK BLUE-40,RTW Shirts,Formal Checks
BOM-SHI-RE-4873-DARK BLUE-42,RTW Shirts,Formal Checks
BOM-SHI-RE-4874-DARK BLUE-44,RTW Shirts,Formal Checks
BOM-SHI-RE-4875-DARK BLUE-46,RTW Shirts,Formal Checks
BOM-SHI-RE-4876-NAVY-36,RTW Shirts,Casual Solid
BOM-SHI-RE-4877-NAVY-38,RTW Shirts,Casual Solid
BOM-SHI-RE-4878-NAVY-40,RTW Shirts,Casual Solid
BOM-SHI-RE-4879-NAVY-42,RTW Shirts,Casual Solid
BOM-SHI-RE-4880-NAVY-44,RTW Shirts,Casual Solid
BOM-SHI-RE-4881-NAVY-46,RTW Shirts,Casual Solid
BOM-SHI-RE-4890-BEIGE-36,RTW Shirts,Casual Solid
BOM-SHI-RE-4891-BEIGE-38,RTW Shirts,Casual Solid
BOM-SHI-RE-4892-BEIGE-40,RTW Shirts,Casual Solid
BOM-SHI-RE-4893-BEIGE-42,RTW Shirts,Casual Solid
BOM-SHI-RE-4894-BEIGE-44,RTW Shirts,Casual Solid
BOM-SHI-RE-4895-BEIGE-46,RTW Shirts,Casual Solid
BOM-SHI-RE-4896-LIGHT GREEN-36,RTW Shirts,Casual Solid
BOM-SHI-RE-4897-LIGHT GREEN-38,RTW Shirts,Casual Solid
BOM-SHI-RE-4898-LIGHT GREEN-40,RTW Shirts,Casual Solid
BOM-SHI-RE-4899-LIGHT GREEN-42,RTW Shirts,Casual Solid
BOM-SHI-RE-4900-LIGHT GREEN-44,RTW Shirts,Casual Solid
BOM-SHI-RE-4901-LIGHT GREEN-46,RTW Shirts,Casual Solid
BOM-SHI-RE-4902-GREY-36,RTW Shirts,Casual Solid
BOM-SHI-RE-4903-GREY-38,RTW Shirts,Casual Solid
BOM-SHI-RE-4904-GREY-40,RTW Shirts,Casual Solid
BOM-SHI-RE-4905-GREY-42,RTW Shirts,Casual Solid
BOM-SHI-RE-4906-GREY-44,RTW Shirts,Casual Solid
BOM-SHI-RE-4907-GREY-46,RTW Shirts,Casual Solid
BOM-SHI-RE-4908-DARK OLIVE-36,RTW Shirts,Casual Solid
BOM-SHI-RE-4909-DARK OLIVE-38,RTW Shirts,Casual Solid
BOM-SHI-RE-4910-DARK OLIVE-40,RTW Shirts,Casual Solid
BOM-SHI-RE-4911-DARK OLIVE-42,RTW Shirts,Casual Solid
BOM-SHI-RE-4912-DARK OLIVE-44,RTW Shirts,Casual Solid
BOM-SHI-RE-4913-DARK OLIVE-46,RTW Shirts,Casual Solid
BOM-SHI-RE-5652-WHITE-36,RTW Shirts,High Priced
BOM-SHI-RE-5653-WHITE-38,RTW Shirts,High Priced
BOM-SHI-RE-5654-WHITE-40,RTW Shirts,High Priced
BOM-SHI-RE-5655-WHITE-42,RTW Shirts,High Priced
BOM-SHI-RE-5656-WHITE-44,RTW Shirts,High Priced
BOM-SHI-RE-5657-WHITE-46,RTW Shirts,High Priced
BOM-SHI-RE-5658-WHITE-36,RTW Shirts,High Priced
BOM-SHI-RE-5659-WHITE-38,RTW Shirts,High Priced
BOM-SHI-RE-5660-WHITE-40,RTW Shirts,High Priced
BOM-SHI-RE-5661-WHITE-42,RTW Shirts,High Priced
BOM-SHI-RE-5662-WHITE-44,RTW Shirts,High Priced
BOM-SHI-RE-5663-WHITE-46,RTW Shirts,High Priced
BOM-SHI-RE-6296-WHITE-36,RTW Shirts,Formal Solid
BOM-SHI-RE-6297-WHITE-38,RTW Shirts,Formal Solid
BOM-SHI-RE-6298-WHITE-40,RTW Shirts,Formal Solid
BOM-SHI-RE-6299-WHITE-42,RTW Shirts,Formal Solid
BOM-SHI-RE-6300-WHITE-44,RTW Shirts,Formal Solid
BOM-SHI-RE-6301-WHITE-46,RTW Shirts,Formal Solid
BOM-SHI-RE-6302-LIGHT BLUE-36,RTW Shirts,Formal Solid
BOM-SHI-RE-6303-LIGHT BLUE-38,RTW Shirts,Formal Solid
BOM-SHI-RE-6304-LIGHT BLUE-40,RTW Shirts,Formal Solid
BOM-SHI-RE-6305-LIGHT BLUE-42,RTW Shirts,Formal Solid
BOM-SHI-RE-6306-LIGHT BLUE-44,RTW Shirts,Formal Solid
BOM-SHI-RE-6307-LIGHT BLUE-46,RTW Shirts,Formal Solid
BOM-SHI-RE-6615-WHITE-36,RTW Shirts,Formal Solid
BOM-SHI-RE-6616-WHITE-38,RTW Shirts,Formal Solid
BOM-SHI-RE-6617-WHITE-40,RTW Shirts,Formal Solid
BOM-SHI-RE-6618-WHITE-42,RTW Shirts,Formal Solid
BOM-SHI-RE-6619-WHITE-44,RTW Shirts,Formal Solid
BOM-SHI-RE-6620-WHITE-46,RTW Shirts,Formal Solid
BOM-SHI-RE-6630-BLUE-36,RTW Shirts,Formal Stripes
BOM-SHI-RE-6631-BLUE-38,RTW Shirts,Formal Stripes
BOM-SHI-RE-6632-BLUE-40,RTW Shirts,Formal Stripes
BOM-SHI-RE-6633-BLUE-42,RTW Shirts,Formal Stripes
BOM-SHI-RE-6634-BLUE-44,RTW Shirts,Formal Stripes
BOM-SHI-RE-6635-BLUE-46,RTW Shirts,Formal Stripes
BOM-SHI-RE-6636-GREY-36,RTW Shirts,Formal Stripes
BOM-SHI-RE-6637-GREY-38,RTW Shirts,Formal Stripes
BOM-SHI-RE-6638-GREY-40,RTW Shirts,Formal Stripes
BOM-SHI-RE-6639-GREY-42,RTW Shirts,Formal Stripes
BOM-SHI-RE-6640-GREY-44,RTW Shirts,Formal Stripes
BOM-SHI-RE-6641-GREY-46,RTW Shirts,Formal Stripes
BOM-SHI-RE-6642-DARK BLUE-36,RTW Shirts,Formal Stripes
BOM-SHI-RE-6643-DARK BLUE-38,RTW Shirts,Formal Stripes
BOM-SHI-RE-6644-DARK BLUE-40,RTW Shirts,Formal Stripes
BOM-SHI-RE-6645-DARK BLUE-42,RTW Shirts,Formal Stripes
BOM-SHI-RE-6646-DARK BLUE-44,RTW Shirts,Formal Stripes
BOM-SHI-RE-6647-DARK BLUE-46,RTW Shirts,Formal Stripes
BOM-SHI-RE-6648-LIGHT BLUE-36,RTW Shirts,Formal Checks
BOM-SHI-RE-6649-LIGHT BLUE-38,RTW Shirts,Formal Checks
BOM-SHI-RE-6650-LIGHT BLUE-40,RTW Shirts,Formal Checks
BOM-SHI-RE-6651-LIGHT BLUE-42,RTW Shirts,Formal Checks
BOM-SHI-RE-6652-LIGHT BLUE-44,RTW Shirts,Formal Checks
BOM-SHI-RE-6653-LIGHT BLUE-46,RTW Shirts,Formal Checks
BOM-SHI-RE-6654-LIGHT BLUE-36,RTW Shirts,Formal Solid
BOM-SHI-RE-6655-LIGHT BLUE-38,RTW Shirts,Formal Solid
BOM-SHI-RE-6656-LIGHT BLUE-40,RTW Shirts,Formal Solid
BOM-SHI-RE-6657-LIGHT BLUE-42,RTW Shirts,Formal Solid
BOM-SHI-RE-6658-LIGHT BLUE-44,RTW Shirts,Formal Solid
BOM-SHI-RE-6659-LIGHT BLUE-46,RTW Shirts,Formal Solid
BOM-SHI-RE-6660-PINK-36,RTW Shirts,Formal Solid
BOM-SHI-RE-6661-PINK-38,RTW Shirts,Formal Solid
BOM-SHI-RE-6662-PINK-40,RTW Shirts,Formal Solid
BOM-SHI-RE-6663-PINK-42,RTW Shirts,Formal Solid
BOM-SHI-RE-6664-PINK-44,RTW Shirts,Formal Solid
BOM-SHI-RE-6665-PINK-46,RTW Shirts,Formal Solid
BOM-SHI-RE-6666-WHITE-36,RTW Shirts,Casual Solid
BOM-SHI-RE-6667-WHITE-38,RTW Shirts,Casual Solid
BOM-SHI-RE-6668-WHITE-40,RTW Shirts,Casual Solid
BOM-SHI-RE-6669-WHITE-42,RTW Shirts,Casual Solid
BOM-SHI-RE-6670-WHITE-44,RTW Shirts,Casual Solid
BOM-SHI-RE-6671-WHITE-46,RTW Shirts,Casual Solid
BOM-SHI-RE-6672-NAVY-36,RTW Shirts,Casual Solid
BOM-SHI-RE-6673-NAVY-38,RTW Shirts,Casual Solid
BOM-SHI-RE-6674-NAVY-40,RTW Shirts,Casual Solid
BOM-SHI-RE-6675-NAVY-42,RTW Shirts,Casual Solid
BOM-SHI-RE-6676-NAVY-44,RTW Shirts,Casual Solid
BOM-SHI-RE-6677-NAVY-46,RTW Shirts,Casual Solid
BOM-SHI-RE-6678-LIGHT BLUE-36,RTW Shirts,Formal Checks
BOM-SHI-RE-6679-LIGHT BLUE-38,RTW Shirts,Formal Checks
BOM-SHI-RE-6680-LIGHT BLUE-40,RTW Shirts,Formal Checks
BOM-SHI-RE-6681-LIGHT BLUE-42,RTW Shirts,Formal Checks
BOM-SHI-RE-6682-LIGHT BLUE-44,RTW Shirts,Formal Checks
BOM-SHI-RE-6683-LIGHT BLUE-46,RTW Shirts,Formal Checks
BOM-SHI-RE-6684-MID BLUE-36,RTW Shirts,Formal Checks
BOM-SHI-RE-6685-MID BLUE-38,RTW Shirts,Formal Checks
BOM-SHI-RE-6686-MID BLUE-40,RTW Shirts,Formal Checks
BOM-SHI-RE-6687-MID BLUE-42,RTW Shirts,Formal Checks
BOM-SHI-RE-6688-MID BLUE-44,RTW Shirts,Formal Checks
BOM-SHI-RE-6689-MID BLUE-46,RTW Shirts,Formal Checks
BOM-SHI-RE-6690-NAVY-36,RTW Shirts,Formal Checks
BOM-SHI-RE-6691-NAVY-38,RTW Shirts,Formal Checks
BOM-SHI-RE-6692-NAVY-40,RTW Shirts,Formal Checks
BOM-SHI-RE-6693-NAVY-42,RTW Shirts,Formal Checks
BOM-SHI-RE-6694-NAVY-44,RTW Shirts,Formal Checks
BOM-SHI-RE-6695-NAVY-46,RTW Shirts,Formal Checks
BOM-SHI-RE-6696-ORANGE-36,RTW Shirts,Formal Checks
BOM-SHI-RE-6697-ORANGE-38,RTW Shirts,Formal Checks
BOM-SHI-RE-6698-ORANGE-40,RTW Shirts,Formal Checks
BOM-SHI-RE-6699-ORANGE-42,RTW Shirts,Formal Checks
BOM-SHI-RE-6700-ORANGE-44,RTW Shirts,Formal Checks
BOM-SHI-RE-6701-ORANGE-46,RTW Shirts,Formal Checks
BOM-SHI-RE-6702-DARK BLUE-36,RTW Shirts,Formal Stripes
BOM-SHI-RE-6703-DARK BLUE-38,RTW Shirts,Formal Stripes
BOM-SHI-RE-6704-DARK BLUE-40,RTW Shirts,Formal Stripes
BOM-SHI-RE-6705-DARK BLUE-42,RTW Shirts,Formal Stripes
BOM-SHI-RE-6706-DARK BLUE-44,RTW Shirts,Formal Stripes
BOM-SHI-RE-6707-DARK BLUE-46,RTW Shirts,Formal Stripes
BOM-SHI-RE-6708-LIGHT BLUE-36,RTW Shirts,Formal Stripes
BOM-SHI-RE-6709-LIGHT BLUE-38,RTW Shirts,Formal Stripes
BOM-SHI-RE-6710-LIGHT BLUE-40,RTW Shirts,Formal Stripes
BOM-SHI-RE-6711-LIGHT BLUE-42,RTW Shirts,Formal Stripes
BOM-SHI-RE-6712-LIGHT BLUE-44,RTW Shirts,Formal Stripes
BOM-SHI-RE-6713-LIGHT BLUE-46,RTW Shirts,Formal Stripes
BOM-SHI-RE-6714-BLUE-36,RTW Shirts,Formal Stripes
BOM-SHI-RE-6715-BLUE-38,RTW Shirts,Formal Stripes
BOM-SHI-RE-6716-BLUE-40,RTW Shirts,Formal Stripes
BOM-SHI-RE-6717-BLUE-42,RTW Shirts,Formal Stripes
BOM-SHI-RE-6718-BLUE-44,RTW Shirts,Formal Stripes
BOM-SHI-RE-6719-BLUE-46,RTW Shirts,Formal Stripes
BOM-SHI-RE-6720-GREY-36,RTW Shirts,Formal Stripes
BOM-SHI-RE-6721-GREY-38,RTW Shirts,Formal Stripes
BOM-SHI-RE-6722-GREY-40,RTW Shirts,Formal Stripes
BOM-SHI-RE-6723-GREY-42,RTW Shirts,Formal Stripes
BOM-SHI-RE-6724-GREY-44,RTW Shirts,Formal Stripes
BOM-SHI-RE-6725-GREY-46,RTW Shirts,Formal Stripes
BOM-SHI-RE-6732-GREY-36,RTW Shirts,Formal Stripes
BOM-SHI-RE-6733-GREY-38,RTW Shirts,Formal Stripes
BOM-SHI-RE-6734-GREY-40,RTW Shirts,Formal Stripes
BOM-SHI-RE-6735-GREY-42,RTW Shirts,Formal Stripes
BOM-SHI-RE-6736-GREY-44,RTW Shirts,Formal Stripes
BOM-SHI-RE-6737-GREY-46,RTW Shirts,Formal Stripes
BOM-SHI-RE-6750-SAGE GREEN-36,RTW Shirts,On Trend
BOM-SHI-RE-6751-SAGE GREEN-38,RTW Shirts,On Trend
BOM-SHI-RE-6752-SAGE GREEN-40,RTW Shirts,On Trend
BOM-SHI-RE-6753-SAGE GREEN-42,RTW Shirts,On Trend
BOM-SHI-RE-6754-SAGE GREEN-44,RTW Shirts,On Trend
BOM-SHI-RE-6755-SAGE GREEN-46,RTW Shirts,On Trend
BOM-SHI-RE-6756-INK BLUE-36,RTW Shirts,On Trend
BOM-SHI-RE-6757-INK BLUE-38,RTW Shirts,On Trend
BOM-SHI-RE-6758-INK BLUE-40,RTW Shirts,On Trend
BOM-SHI-RE-6759-INK BLUE-42,RTW Shirts,On Trend
BOM-SHI-RE-6760-INK BLUE-44,RTW Shirts,On Trend
BOM-SHI-RE-6761-INK BLUE-46,RTW Shirts,On Trend
BOM-SHI-RE-6791-WHITE-36,RTW Shirts,Formal Solid
BOM-SHI-RE-6792-WHITE-38,RTW Shirts,Formal Solid
BOM-SHI-RE-6793-WHITE-40,RTW Shirts,Formal Solid
BOM-SHI-RE-6794-WHITE-42,RTW Shirts,Formal Solid
BOM-SHI-RE-6795-WHITE-44,RTW Shirts,Formal Solid
BOM-SHI-RE-6796-WHITE-46,RTW Shirts,Formal Solid
BOM-SHI-RE-6797-OLIVE-36,RTW Shirts,Formal Solid
BOM-SHI-RE-6798-OLIVE-38,RTW Shirts,Formal Solid
BOM-SHI-RE-6799-OLIVE-40,RTW Shirts,Formal Solid
BOM-SHI-RE-6800-OLIVE-42,RTW Shirts,Formal Solid
BOM-SHI-RE-6801-OLIVE-44,RTW Shirts,Formal Solid
BOM-SHI-RE-6802-OLIVE-46,RTW Shirts,Formal Solid
BOM-SHI-RE-6859-TEAL-36,RTW Shirts,Formal Solid
BOM-SHI-RE-6860-TEAL-38,RTW Shirts,Formal Solid
BOM-SHI-RE-6861-TEAL-40,RTW Shirts,Formal Solid
BOM-SHI-RE-6862-TEAL-42,RTW Shirts,Formal Solid
BOM-SHI-RE-6863-TEAL-44,RTW Shirts,Formal Solid
BOM-SHI-RE-6864-TEAL-46,RTW Shirts,Formal Solid
BOM-SHI-RE-6866-GREY-38,RTW Shirts,Formal Solid
BOM-SHI-RE-6867-GREY-40,RTW Shirts,Formal Solid
BOM-SHI-RE-6868-GREY-42,RTW Shirts,Formal Solid
BOM-SHI-RE-6869-GREY-44,RTW Shirts,Formal Solid
BOM-SHI-RE-6872-MID BLUE-38,RTW Shirts,Formal Solid
BOM-SHI-RE-6873-MID BLUE-40,RTW Shirts,Formal Solid
BOM-SHI-RE-6874-MID BLUE-42,RTW Shirts,Formal Solid
BOM-SHI-RE-6875-MID BLUE-44,RTW Shirts,Formal Solid
BOM-SHI-RE-6931-MID BLUE-36,RTW Shirts,Formal Stripes
BOM-SHI-RE-6932-MID BLUE-38,RTW Shirts,Formal Stripes
BOM-SHI-RE-6933-MID BLUE-40,RTW Shirts,Formal Stripes
BOM-SHI-RE-6934-MID BLUE-42,RTW Shirts,Formal Stripes
BOM-SHI-RE-6935-MID BLUE-44,RTW Shirts,Formal Stripes
BOM-SHI-RE-6936-MID BLUE-46,RTW Shirts,Formal Stripes
BOM-SHI-RE-6937-BLUE-36,RTW Shirts,Formal Stripes
BOM-SHI-RE-6938-BLUE-38,RTW Shirts,Formal Stripes
BOM-SHI-RE-6939-BLUE-40,RTW Shirts,Formal Stripes
BOM-SHI-RE-6940-BLUE-42,RTW Shirts,Formal Stripes
BOM-SHI-RE-6941-BLUE-44,RTW Shirts,Formal Stripes
BOM-SHI-RE-6942-BLUE-46,RTW Shirts,Formal Stripes
BOM-SHI-RE-6943-BLUE-36,RTW Shirts,Formal Solid
BOM-SHI-RE-6944-BLUE-38,RTW Shirts,Formal Solid
BOM-SHI-RE-6945-BLUE-40,RTW Shirts,Formal Solid
BOM-SHI-RE-6946-BLUE-42,RTW Shirts,Formal Solid
BOM-SHI-RE-6947-BLUE-44,RTW Shirts,Formal Solid
BOM-SHI-RE-6948-BLUE-46,RTW Shirts,Formal Solid
BOM-SHI-RE-6949-MAROON-36,RTW Shirts,Formal Solid
BOM-SHI-RE-6950-MAROON-38,RTW Shirts,Formal Solid
BOM-SHI-RE-6951-MAROON-40,RTW Shirts,Formal Solid
BOM-SHI-RE-6952-MAROON-42,RTW Shirts,Formal Solid
BOM-SHI-RE-6953-MAROON-44,RTW Shirts,Formal Solid
BOM-SHI-RE-6954-MAROON-46,RTW Shirts,Formal Solid
BOM-SHI-RE-6955-ECRU-36,RTW Shirts,Formal Solid
BOM-SHI-RE-6956-ECRU-38,RTW Shirts,Formal Solid
BOM-SHI-RE-6957-ECRU-40,RTW Shirts,Formal Solid
BOM-SHI-RE-6958-ECRU-42,RTW Shirts,Formal Solid
BOM-SHI-RE-6959-ECRU-44,RTW Shirts,Formal Solid
BOM-SHI-RE-6960-ECRU-46,RTW Shirts,Formal Solid
BOM-SHI-RE-6961-PEARL WHITE-36,RTW Shirts,Formal Solid
BOM-SHI-RE-6962-PEARL WHITE-38,RTW Shirts,Formal Solid
BOM-SHI-RE-6963-PEARL WHITE-40,RTW Shirts,Formal Solid
BOM-SHI-RE-6964-PEARL WHITE-42,RTW Shirts,Formal Solid
BOM-SHI-RE-6965-PEARL WHITE-44,RTW Shirts,Formal Solid
BOM-SHI-RE-6966-PEARL WHITE-46,RTW Shirts,Formal Solid
BOM-SHI-RE-6979-WHITE-36,RTW Shirts,Casual Solid
BOM-SHI-RE-6980-WHITE-38,RTW Shirts,Casual Solid
BOM-SHI-RE-6981-WHITE-40,RTW Shirts,Casual Solid
BOM-SHI-RE-6982-WHITE-42,RTW Shirts,Casual Solid
BOM-SHI-RE-6983-WHITE-44,RTW Shirts,Casual Solid
BOM-SHI-RE-6984-WHITE-46,RTW Shirts,Casual Solid
BOM-SHI-RE-6991-WHITE-36,RTW Shirts,Formal Solid
BOM-SHI-RE-6992-WHITE-38,RTW Shirts,Formal Solid
BOM-SHI-RE-6993-WHITE-40,RTW Shirts,Formal Solid
BOM-SHI-RE-6994-WHITE-42,RTW Shirts,Formal Solid
BOM-SHI-RE-6995-WHITE-44,RTW Shirts,Formal Solid
BOM-SHI-RE-6996-WHITE-46,RTW Shirts,Formal Solid
BOM-SHI-RE-6997-WHITE-36,RTW Shirts,Formal Solid
BOM-SHI-RE-6998-WHITE-38,RTW Shirts,Formal Solid
BOM-SHI-RE-6999-WHITE-40,RTW Shirts,Formal Solid
BOM-SHI-RE-7000-WHITE-42,RTW Shirts,Formal Solid
BOM-SHI-RE-7001-WHITE-44,RTW Shirts,Formal Solid
BOM-SHI-RE-7002-WHITE-46,RTW Shirts,Formal Solid
BOM-SHI-RE-7003-NAVY-36,RTW Shirts,Formal Solid
BOM-SHI-RE-7004-NAVY-38,RTW Shirts,Formal Solid
BOM-SHI-RE-7005-NAVY-40,RTW Shirts,Formal Solid
BOM-SHI-RE-7006-NAVY-42,RTW Shirts,Formal Solid
BOM-SHI-RE-7007-NAVY-44,RTW Shirts,Formal Solid
BOM-SHI-RE-7008-NAVY-46,RTW Shirts,Formal Solid
BOM-SHI-RE-7009-NAVY-36,RTW Shirts,Formal Prints
BOM-SHI-RE-7010-NAVY-38,RTW Shirts,Formal Prints
BOM-SHI-RE-7011-NAVY-40,RTW Shirts,Formal Prints
BOM-SHI-RE-7012-NAVY-42,RTW Shirts,Formal Prints
BOM-SHI-RE-7013-NAVY-44,RTW Shirts,Formal Prints
BOM-SHI-RE-7014-NAVY-46,RTW Shirts,Formal Prints
BOM-SHI-RE-7015-BLACK-36,RTW Shirts,Formal Prints
BOM-SHI-RE-7016-BLACK-38,RTW Shirts,Formal Prints
BOM-SHI-RE-7017-BLACK-40,RTW Shirts,Formal Prints
BOM-SHI-RE-7018-BLACK-42,RTW Shirts,Formal Prints
BOM-SHI-RE-7019-BLACK-44,RTW Shirts,Formal Prints
BOM-SHI-RE-7020-BLACK-46,RTW Shirts,Formal Prints
BOM-SHI-RE-7021-BLUE-36,RTW Shirts,Formal Prints
BOM-SHI-RE-7022-BLUE-38,RTW Shirts,Formal Prints
BOM-SHI-RE-7023-BLUE-40,RTW Shirts,Formal Prints
BOM-SHI-RE-7024-BLUE-42,RTW Shirts,Formal Prints
BOM-SHI-RE-7025-BLUE-44,RTW Shirts,Formal Prints
BOM-SHI-RE-7026-BLUE-46,RTW Shirts,Formal Prints
BOM-SHI-RE-7027-GREY-36,RTW Shirts,Formal Prints
BOM-SHI-RE-7028-GREY-38,RTW Shirts,Formal Prints
BOM-SHI-RE-7029-GREY-40,RTW Shirts,Formal Prints
BOM-SHI-RE-7030-GREY-42,RTW Shirts,Formal Prints
BOM-SHI-RE-7031-GREY-44,RTW Shirts,Formal Prints
BOM-SHI-RE-7032-GREY-46,RTW Shirts,Formal Prints
BOM-SHI-RE-7745-SKY BLUE-36,RTW Shirts,Casual Solid
BOM-SHI-RE-7746-SKY BLUE-38,RTW Shirts,Casual Solid
BOM-SHI-RE-7747-SKY BLUE-40,RTW Shirts,Casual Solid
BOM-SHI-RE-7748-SKY BLUE-42,RTW Shirts,Casual Solid
BOM-SHI-RE-7749-SKY BLUE-44,RTW Shirts,Casual Solid
BOM-SHI-RE-7750-SKY BLUE-46,RTW Shirts,Casual Solid
BOM-SHI-RE-7889-OLIVE-36,RTW Shirts,Casual Solid
BOM-SHI-RE-7890-OLIVE-38,RTW Shirts,Casual Solid
BOM-SHI-RE-7891-OLIVE-40,RTW Shirts,Casual Solid
BOM-SHI-RE-7892-OLIVE-42,RTW Shirts,Casual Solid
BOM-SHI-RE-7893-OLIVE-44,RTW Shirts,Casual Solid
BOM-SHI-RE-7894-OLIVE-46,RTW Shirts,Casual Solid
BOM-SHI-RE-7907-WHITE-36,RTW Shirts,Formal Solid
BOM-SHI-RE-7908-WHITE-38,RTW Shirts,Formal Solid
BOM-SHI-RE-7909-WHITE-40,RTW Shirts,Formal Solid
BOM-SHI-RE-7910-WHITE-42,RTW Shirts,Formal Solid
BOM-SHI-RE-7911-WHITE-44,RTW Shirts,Formal Solid
BOM-SHI-RE-7912-WHITE-46,RTW Shirts,Formal Solid
BOM-SHI-RE-7913-BLUE-36,RTW Shirts,Formal Solid
BOM-SHI-RE-7914-BLUE-38,RTW Shirts,Formal Solid
BOM-SHI-RE-7915-BLUE-40,RTW Shirts,Formal Solid
BOM-SHI-RE-7916-BLUE-42,RTW Shirts,Formal Solid
BOM-SHI-RE-7917-BLUE-44,RTW Shirts,Formal Solid
BOM-SHI-RE-7918-BLUE-46,RTW Shirts,Formal Solid
BOM-SHI-RE-7931-BLUE & GREY-36,RTW Shirts,Formal Stripes
BOM-SHI-RE-7932-BLUE & GREY-38,RTW Shirts,Formal Stripes
BOM-SHI-RE-7933-BLUE & GREY-40,RTW Shirts,Formal Stripes
BOM-SHI-RE-7934-BLUE & GREY-42,RTW Shirts,Formal Stripes
BOM-SHI-RE-7935-BLUE & GREY-44,RTW Shirts,Formal Stripes
BOM-SHI-RE-7936-BLUE & GREY-46,RTW Shirts,Formal Stripes
BOM-SHI-RE-7949-DARK OLIVE-36,RTW Shirts,Solid Cuban
BOM-SHI-RE-7950-DARK OLIVE-38,RTW Shirts,Solid Cuban
BOM-SHI-RE-7951-DARK OLIVE-40,RTW Shirts,Solid Cuban
BOM-SHI-RE-7952-DARK OLIVE-42,RTW Shirts,Solid Cuban
BOM-SHI-RE-7953-DARK OLIVE-44,RTW Shirts,Solid Cuban
BOM-SHI-RE-7954-DARK OLIVE-46,RTW Shirts,Solid Cuban
BOM-SHI-RE-7955-BROWN-36,RTW Shirts,Solid Cuban
BOM-SHI-RE-7956-BROWN-38,RTW Shirts,Solid Cuban
BOM-SHI-RE-7957-BROWN-40,RTW Shirts,Solid Cuban
BOM-SHI-RE-7958-BROWN-42,RTW Shirts,Solid Cuban
BOM-SHI-RE-7959-BROWN-44,RTW Shirts,Solid Cuban
BOM-SHI-RE-7960-BROWN-46,RTW Shirts,Solid Cuban
BOM-SHI-RE-8335-LIGHT YELLOW-36,RTW Shirts,Casual Solid
BOM-SHI-RE-8336-LIGHT YELLOW-38,RTW Shirts,Casual Solid
BOM-SHI-RE-8337-LIGHT YELLOW-40,RTW Shirts,Casual Solid
BOM-SHI-RE-8338-LIGHT YELLOW-42,RTW Shirts,Casual Solid
BOM-SHI-RE-8339-LIGHT YELLOW-44,RTW Shirts,Casual Solid
BOM-SHI-RE-8340-LIGHT YELLOW-46,RTW Shirts,Casual Solid
BOM-SIL-AC-4153,Accessories,Silk Knots
BOM-SIL-AC-4275,Accessories,Silk Knots
BOM-SIL-AC-4276,Accessories,Silk Knots
BOM-SIL-AC-4277,Accessories,Silk Knots
BOM-SIL-AC-4278,Accessories,Silk Knots
BOM-SIL-AC-4279,Accessories,Silk Knots
BOM-SIL-AC-4280,Accessories,Silk Knots
BOM-SIL-AC-4281,Accessories,Silk Knots
BOM-SIL-AC-4282,Accessories,Silk Knots
BOM-SIL-AC-4283,Accessories,Silk Knots
BOM-SMA-21363-BEIGE28,Formal Pants,Performance Pants
BOM-SMA-21364-BEIGE30,Formal Pants,Performance Pants
BOM-SMA-21365-BEIGE32,Formal Pants,Performance Pants
BOM-SMA-21366-BEIGE34,Formal Pants,Performance Pants
BOM-SMA-21367-BEIGE36,Formal Pants,Performance Pants
BOM-SMA-21368-BEIGE38,Formal Pants,Performance Pants
BOM-SMA-21369-BEIGE40,Formal Pants,Performance Pants
BOM-SMA-21370-BEIGE42,Formal Pants,Performance Pants
BOM-SMA-21371-BEIGE44,Formal Pants,Performance Pants
BOM-SMA-21372-BEIGE46,Formal Pants,Performance Pants
BOM-SMA-21373-BEIGE48,Formal Pants,Performance Pants
BOM-SMA-21374-BEIGE50,Formal Pants,Performance Pants
BOM-SMA-21375-GREEN28,Formal Pants,Performance Pants
BOM-SMA-21376-GREEN30,Formal Pants,Performance Pants
BOM-SMA-21377-GREEN32,Formal Pants,Performance Pants
BOM-SMA-21378-GREEN34,Formal Pants,Performance Pants
BOM-SMA-21379-GREEN36,Formal Pants,Performance Pants
BOM-SMA-21380-GREEN38,Formal Pants,Performance Pants
BOM-SMA-21381-GREEN40,Formal Pants,Performance Pants
BOM-SMA-21382-GREEN42,Formal Pants,Performance Pants
BOM-SMA-21383-GREEN44,Formal Pants,Performance Pants
BOM-SMA-21384-GREEN46,Formal Pants,Performance Pants
BOM-SMA-21385-GREEN48,Formal Pants,Performance Pants
BOM-SMA-21386-GREEN50,Formal Pants,Performance Pants
BOM-SMA-21387-DARK 28,Formal Pants,Performance Pants
BOM-SMA-21388-DARK 30,Formal Pants,Performance Pants
BOM-SMA-21389-DARK 32,Formal Pants,Performance Pants
BOM-SMA-21390-DARK 34,Formal Pants,Performance Pants
BOM-SMA-21391-DARK 36,Formal Pants,Performance Pants
BOM-SMA-21392-DARK 38,Formal Pants,Performance Pants
BOM-SMA-21393-DARK 40,Formal Pants,Performance Pants
BOM-SMA-21394-DARK 42,Formal Pants,Performance Pants
BOM-SMA-21395-DARK 44,Formal Pants,Performance Pants
BOM-SMA-21396-DARK 46,Formal Pants,Performance Pants
BOM-SMA-21397-DARK 48,Formal Pants,Performance Pants
BOM-SMA-21398-DARK 50,Formal Pants,Performance Pants
BOM-SMA-21399-NAVY28,Formal Pants,Performance Pants
BOM-SMA-21400-NAVY30,Formal Pants,Performance Pants
BOM-SMA-21401-NAVY32,Formal Pants,Performance Pants
BOM-SMA-21402-NAVY34,Formal Pants,Performance Pants
BOM-SMA-21403-NAVY36,Formal Pants,Performance Pants
BOM-SMA-21404-NAVY38,Formal Pants,Performance Pants
BOM-SMA-21405-NAVY40,Formal Pants,Performance Pants
BOM-SMA-21406-NAVY42,Formal Pants,Performance Pants
BOM-SMA-21407-NAVY44,Formal Pants,Performance Pants
BOM-SMA-21408-NAVY46,Formal Pants,Performance Pants
BOM-SMA-21409-NAVY48,Formal Pants,Performance Pants
BOM-SMA-21410-NAVY50,Formal Pants,Performance Pants
BOM-SMA-21411-OLIVE28,Formal Pants,Performance Pants
BOM-SMA-21412-OLIVE30,Formal Pants,Performance Pants
BOM-SMA-21413-OLIVE32,Formal Pants,Performance Pants
BOM-SMA-21414-OLIVE34,Formal Pants,Performance Pants
BOM-SMA-21415-OLIVE36,Formal Pants,Performance Pants
BOM-SMA-21416-OLIVE38,Formal Pants,Performance Pants
BOM-SMA-21417-OLIVE40,Formal Pants,Performance Pants
BOM-SMA-21418-OLIVE42,Formal Pants,Performance Pants
BOM-SMA-21419-OLIVE44,Formal Pants,Performance Pants
BOM-SMA-21420-OLIVE46,Formal Pants,Performance Pants
BOM-SMA-21421-OLIVE48,Formal Pants,Performance Pants
BOM-SMA-21422-OLIVE50,Formal Pants,Performance Pants
BOM-SMA-21423-BLACK28,Formal Pants,Performance Pants
BOM-SMA-21424-BLACK30,Formal Pants,Performance Pants
BOM-SMA-21425-BLACK32,Formal Pants,Performance Pants
BOM-SMA-21426-BLACK34,Formal Pants,Performance Pants
BOM-SMA-21427-BLACK36,Formal Pants,Performance Pants
BOM-SMA-21428-BLACK38,Formal Pants,Performance Pants
BOM-SMA-21429-BLACK40,Formal Pants,Performance Pants
BOM-SMA-21430-BLACK42,Formal Pants,Performance Pants
BOM-SMA-21431-BLACK44,Formal Pants,Performance Pants
BOM-SMA-21432-BLACK46,Formal Pants,Performance Pants
BOM-SMA-21433-BLACK48,Formal Pants,Performance Pants
BOM-SMA-21434-BLACK50,Formal Pants,Performance Pants
BOM-SMA-22885-BEIGE31,Formal Pants,Performance Pants
BOM-SMA-22886-BEIGE33,Formal Pants,Performance Pants
BOM-SMA-22887-BEIGE35,Formal Pants,Performance Pants
BOM-SMA-22888-BLACK31,Formal Pants,Performance Pants
BOM-SMA-22889-BLACK33,Formal Pants,Performance Pants
BOM-SMA-22890-BLACK35,Formal Pants,Performance Pants
BOM-SMA-22891-DARK 31,Formal Pants,Performance Pants
BOM-SMA-22892-DARK 33,Formal Pants,Performance Pants
BOM-SMA-22893-DARK 35,Formal Pants,Performance Pants
BOM-SMA-22894-GREEN31,Formal Pants,Performance Pants
BOM-SMA-22895-GREEN33,Formal Pants,Performance Pants
BOM-SMA-22896-GREEN35,Formal Pants,Performance Pants
BOM-SMA-22897-NAVY31,Formal Pants,Performance Pants
BOM-SMA-22898-NAVY33,Formal Pants,Performance Pants
BOM-SMA-22899-NAVY35,Formal Pants,Performance Pants
BOM-SMA-23815-KHAKI28,Formal Pants,Performance Pants
BOM-SMA-23816-KHAKI30,Formal Pants,Performance Pants
BOM-SMA-23818-KHAKI32,Formal Pants,Performance Pants
BOM-SMA-23819-KHAKI33,Formal Pants,Performance Pants
BOM-SMA-23820-KHAKI34,Formal Pants,Performance Pants
BOM-SMA-23821-KHAKI35,Formal Pants,Performance Pants
BOM-SMA-23822-KHAKI36,Formal Pants,Performance Pants
BOM-SMA-23823-KHAKI38,Formal Pants,Performance Pants
BOM-SMA-23824-KHAKI40,Formal Pants,Performance Pants
BOM-SMA-23825-KHAKI42,Formal Pants,Performance Pants
BOM-SMA-23826-KHAKI44,Formal Pants,Performance Pants
BOM-SMA-23827-KHAKI46,Formal Pants,Performance Pants
BOM-SMA-23828-KHAKI48,Formal Pants,Performance Pants
BOM-SMA-23829-KHAKI50,Formal Pants,Performance Pants
BOM-SMA-26952-BLUE30,Formal Pants,Performance Pants
BOM-SMA-26953-BLUE32,Formal Pants,Performance Pants
BOM-SMA-26956-BLUE38,Formal Pants,Performance Pants
BOM-SMA-27449-NAVY28,Jeans,Tailored 5 Pocket
BOM-SMA-27450-NAVY30,Jeans,Tailored 5 Pocket
BOM-SMA-27451-NAVY32,Jeans,Tailored 5 Pocket
BOM-SMA-27452-NAVY34,Jeans,Tailored 5 Pocket
BOM-SMA-27453-NAVY36,Jeans,Tailored 5 Pocket
BOM-SMA-27454-NAVY38,Jeans,Tailored 5 Pocket
BOM-SMA-27455-NAVY40,Jeans,Tailored 5 Pocket
BOM-SMA-27456-NAVY42,Jeans,Tailored 5 Pocket
BOM-SMA-27457-NAVY44,Jeans,Tailored 5 Pocket
BOM-SMA-27458-NAVY46,Jeans,Tailored 5 Pocket
BOM-SMA-27459-NAVY48,Jeans,Tailored 5 Pocket
BOM-SMA-27460-NAVY50,Jeans,Tailored 5 Pocket
BOM-SMA-27461-BEIGE28,Jeans,Tailored 5 Pocket
BOM-SMA-27462-BEIGE30,Jeans,Tailored 5 Pocket
BOM-SMA-27463-BEIGE32,Jeans,Tailored 5 Pocket
BOM-SMA-27464-BEIGE34,Jeans,Tailored 5 Pocket
BOM-SMA-27465-BEIGE36,Jeans,Tailored 5 Pocket
BOM-SMA-27466-BEIGE38,Jeans,Tailored 5 Pocket
BOM-SMA-27467-BEIGE40,Jeans,Tailored 5 Pocket
BOM-SMA-27468-BEIGE42,Jeans,Tailored 5 Pocket
BOM-SMA-27469-BEIGE44,Jeans,Tailored 5 Pocket
BOM-SMA-27470-BEIGE46,Jeans,Tailored 5 Pocket
BOM-SMA-27471-BEIGE48,Jeans,Tailored 5 Pocket
BOM-SMA-27472-BEIGE50,Jeans,Tailored 5 Pocket
BOM-SMA-27473-BLACK28,Jeans,Tailored 5 Pocket
BOM-SMA-27474-BLACK30,Jeans,Tailored 5 Pocket
BOM-SMA-27475-BLACK32,Jeans,Tailored 5 Pocket
BOM-SMA-27476-BLACK34,Jeans,Tailored 5 Pocket
BOM-SMA-27477-BLACK36,Jeans,Tailored 5 Pocket
BOM-SMA-27478-BLACK38,Jeans,Tailored 5 Pocket
BOM-SMA-27479-BLACK40,Jeans,Tailored 5 Pocket
BOM-SMA-27480-BLACK42,Jeans,Tailored 5 Pocket
BOM-SMA-27481-BLACK44,Jeans,Tailored 5 Pocket
BOM-SMA-27482-BLACK46,Jeans,Tailored 5 Pocket
BOM-SMA-27483-BLACK48,Jeans,Tailored 5 Pocket
BOM-SMA-27484-BLACK50,Jeans,Tailored 5 Pocket
BOM-SMA-27485-GREY28,Jeans,Tailored 5 Pocket
BOM-SMA-27486-GREY30,Jeans,Tailored 5 Pocket
BOM-SMA-27487-GREY32,Jeans,Tailored 5 Pocket
BOM-SMA-27488-GREY34,Jeans,Tailored 5 Pocket
BOM-SMA-27489-GREY36,Jeans,Tailored 5 Pocket
BOM-SMA-27490-GREY38,Jeans,Tailored 5 Pocket
BOM-SMA-27491-GREY40,Jeans,Tailored 5 Pocket
BOM-SMA-27492-GREY42,Jeans,Tailored 5 Pocket
BOM-SMA-27493-GREY44,Jeans,Tailored 5 Pocket
BOM-SMA-27494-GREY46,Jeans,Tailored 5 Pocket
BOM-SMA-27495-GREY48,Jeans,Tailored 5 Pocket
BOM-SMA-27496-GREY50,Jeans,Tailored 5 Pocket
BOM-SMA-27497-OLIVE28,Jeans,Tailored 5 Pocket
BOM-SMA-27498-OLIVE30,Jeans,Tailored 5 Pocket
BOM-SMA-27499-OLIVE32,Jeans,Tailored 5 Pocket
BOM-SMA-27500-OLIVE34,Jeans,Tailored 5 Pocket
BOM-SMA-27501-OLIVE36,Jeans,Tailored 5 Pocket
BOM-SMA-27502-OLIVE38,Jeans,Tailored 5 Pocket
BOM-SMA-27503-OLIVE40,Jeans,Tailored 5 Pocket
BOM-SMA-27504-OLIVE42,Jeans,Tailored 5 Pocket
BOM-SMA-27505-OLIVE44,Jeans,Tailored 5 Pocket
BOM-SMA-27506-OLIVE46,Jeans,Tailored 5 Pocket
BOM-SMA-27507-OLIVE48,Jeans,Tailored 5 Pocket
BOM-SMA-27580-BEIGE28,Formal Pants,Performance Pants
BOM-SMA-27581-BEIGE30,Formal Pants,Performance Pants
BOM-SMA-27582-BEIGE31,Formal Pants,Performance Pants
BOM-SMA-27583-BEIGE32,Formal Pants,Performance Pants
BOM-SMA-27584-BEIGE33,Formal Pants,Performance Pants
BOM-SMA-27585-BEIGE34,Formal Pants,Performance Pants
BOM-SMA-27586-BEIGE35,Formal Pants,Performance Pants
BOM-SMA-27587-BEIGE36,Formal Pants,Performance Pants
BOM-SMA-27588-BEIGE38,Formal Pants,Performance Pants
BOM-SMA-27589-BEIGE40,Formal Pants,Performance Pants
BOM-SMA-27590-BEIGE42,Formal Pants,Performance Pants
BOM-SMA-27591-BEIGE44,Formal Pants,Performance Pants
BOM-SMA-27592-BEIGE46,Formal Pants,Performance Pants
BOM-SMA-27593-BEIGE48,Formal Pants,Performance Pants
BOM-SMA-27594-BEIGE50,Formal Pants,Performance Pants
BOM-SMA-27595-BLACK28,Formal Pants,Performance Pants
BOM-SMA-27596-BLACK30,Formal Pants,Performance Pants
BOM-SMA-27597-BLACK31,Formal Pants,Performance Pants
BOM-SMA-27598-BLACK32,Formal Pants,Performance Pants
BOM-SMA-27599-BLACK33,Formal Pants,Performance Pants
BOM-SMA-27600-BLACK34,Formal Pants,Performance Pants
BOM-SMA-27601-BLACK35,Formal Pants,Performance Pants
BOM-SMA-27602-BLACK36,Formal Pants,Performance Pants
BOM-SMA-27603-BLACK38,Formal Pants,Performance Pants
BOM-SMA-27604-BLACK40,Formal Pants,Performance Pants
BOM-SMA-27605-BLACK42,Formal Pants,Performance Pants
BOM-SMA-27606-BLACK44,Formal Pants,Performance Pants
BOM-SMA-27607-BLACK46,Formal Pants,Performance Pants
BOM-SMA-27608-BLACK48,Formal Pants,Performance Pants
BOM-SMA-27609-BLACK50,Formal Pants,Performance Pants
BOM-SMA-27610-DARK 28,Formal Pants,Performance Pants
BOM-SMA-27611-DARK 30,Formal Pants,Performance Pants
BOM-SMA-27612-DARK 31,Formal Pants,Performance Pants
BOM-SMA-27613-DARK 32,Formal Pants,Performance Pants
BOM-SMA-27614-DARK 33,Formal Pants,Performance Pants
BOM-SMA-27615-DARK 34,Formal Pants,Performance Pants
BOM-SMA-27616-DARK 35,Formal Pants,Performance Pants
BOM-SMA-27617-DARK 36,Formal Pants,Performance Pants
BOM-SMA-27618-DARK 38,Formal Pants,Performance Pants
BOM-SMA-27619-DARK 40,Formal Pants,Performance Pants
BOM-SMA-27620-DARK 42,Formal Pants,Performance Pants
BOM-SMA-27621-DARK 44,Formal Pants,Performance Pants
BOM-SMA-27622-DARK 46,Formal Pants,Performance Pants
BOM-SMA-27623-DARK 48,Formal Pants,Performance Pants
BOM-SMA-27624-DARK 50,Formal Pants,Performance Pants
BOM-SMA-27625-NAVY28,Formal Pants,Performance Pants
BOM-SMA-27626-NAVY30,Formal Pants,Performance Pants
BOM-SMA-27627-NAVY31,Formal Pants,Performance Pants
BOM-SMA-27628-NAVY32,Formal Pants,Performance Pants
BOM-SMA-27629-NAVY33,Formal Pants,Performance Pants
BOM-SMA-27630-NAVY34,Formal Pants,Performance Pants
BOM-SMA-27631-NAVY35,Formal Pants,Performance Pants
BOM-SMA-27632-NAVY36,Formal Pants,Performance Pants
BOM-SMA-27633-NAVY38,Formal Pants,Performance Pants
BOM-SMA-27634-NAVY40,Formal Pants,Performance Pants
BOM-SMA-27635-NAVY42,Formal Pants,Performance Pants
BOM-SMA-27636-NAVY44,Formal Pants,Performance Pants
BOM-SMA-27637-NAVY46,Formal Pants,Performance Pants
BOM-SMA-27638-NAVY48,Formal Pants,Performance Pants
BOM-SMA-27639-NAVY50,Formal Pants,Performance Pants
BOM-SMA-27640-OLIVE28,Formal Pants,Performance Pants
BOM-SMA-27641-OLIVE30,Formal Pants,Performance Pants
BOM-SMA-27642-OLIVE31,Formal Pants,Performance Pants
BOM-SMA-27643-OLIVE32,Formal Pants,Performance Pants
BOM-SMA-27644-OLIVE33,Formal Pants,Performance Pants
BOM-SMA-27645-OLIVE34,Formal Pants,Performance Pants
BOM-SMA-27646-OLIVE35,Formal Pants,Performance Pants
BOM-SMA-27647-OLIVE36,Formal Pants,Performance Pants
BOM-SMA-27648-OLIVE38,Formal Pants,Performance Pants
BOM-SMA-27649-OLIVE40,Formal Pants,Performance Pants
BOM-SMA-27650-OLIVE42,Formal Pants,Performance Pants
BOM-SMA-27651-OLIVE44,Formal Pants,Performance Pants
BOM-SMA-27652-OLIVE46,Formal Pants,Performance Pants
BOM-SMA-27653-OLIVE48,Formal Pants,Performance Pants
BOM-SMA-27654-OLIVE50,Formal Pants,Performance Pants
BOM-SOF-RE-2809-DARK GREY-36,Jackets,Soft Tailored Jacket
BOM-SOF-RE-2810-DARK GREY-38,Jackets,Soft Tailored Jacket
BOM-SOF-RE-2811-DARK GREY-40,Jackets,Soft Tailored Jacket
BOM-SOF-RE-2812-DARK GREY-42,Jackets,Soft Tailored Jacket
BOM-SOF-RE-2813-DARK GREY-44,Jackets,Soft Tailored Jacket
BOM-SOF-RE-2814-DARK GREY-46,Jackets,Soft Tailored Jacket
BOM-SOF-RE-2816-BROWN-36,Jackets,Soft Tailored Jacket
BOM-SOF-RE-2817-BROWN-38,Jackets,Soft Tailored Jacket
BOM-SOF-RE-2818-BROWN-40,Jackets,Soft Tailored Jacket
BOM-SOF-RE-2819-BROWN-42,Jackets,Soft Tailored Jacket
BOM-SOF-RE-2820-BROWN-44,Jackets,Soft Tailored Jacket
BOM-SOF-RE-2821-BROWN-46,Jackets,Soft Tailored Jacket
BOM-SOF-RE-2824-GREY-36,Jackets,Soft Tailored Jacket
BOM-SOF-RE-2825-GREY-38,Jackets,Soft Tailored Jacket
BOM-SOF-RE-2826-GREY-40,Jackets,Soft Tailored Jacket
BOM-SOF-RE-2827-GREY-42,Jackets,Soft Tailored Jacket
BOM-SOF-RE-2828-GREY-44,Jackets,Soft Tailored Jacket
BOM-SOF-RE-2832-ECRU-36,Jackets,Soft Tailored Jacket
BOM-SOF-RE-2833-ECRU-38,Jackets,Soft Tailored Jacket
BOM-SOF-RE-2834-ECRU-40,Jackets,Soft Tailored Jacket
BOM-SOF-RE-2835-ECRU-42,Jackets,Soft Tailored Jacket
BOM-SOF-RE-2836-ECRU-44,Jackets,Soft Tailored Jacket
BOM-SOF-RE-2837-ECRU-46,Jackets,Soft Tailored Jacket
BOM-SOF-RE-2840-NAVY-36,Jackets,Soft Tailored Jacket
BOM-SOF-RE-2841-NAVY-38,Jackets,Soft Tailored Jacket
BOM-SOF-RE-2842-NAVY-40,Jackets,Soft Tailored Jacket
BOM-SOF-RE-2843-NAVY-42,Jackets,Soft Tailored Jacket
BOM-SOF-RE-2844-NAVY-44,Jackets,Soft Tailored Jacket
BOM-SOF-RE-3024-BROWN-36,Jackets,Soft Tailored Jacket
BOM-SOF-RE-3025-BROWN-38,Jackets,Soft Tailored Jacket
BOM-SOF-RE-3026-BROWN-40,Jackets,Soft Tailored Jacket
BOM-SOF-RE-3027-BROWN-42,Jackets,Soft Tailored Jacket
BOM-SOF-RE-3028-BROWN-44,Jackets,Soft Tailored Jacket
BOM-SOF-RE-3029-BROWN-46,Jackets,Soft Tailored Jacket
BOM-SOF-RE-3056-NAVY-36,Jackets,Soft Tailored Jacket
BOM-SOF-RE-3057-NAVY-38,Jackets,Soft Tailored Jacket
BOM-SOF-RE-3058-NAVY-40,Jackets,Soft Tailored Jacket
BOM-SOF-RE-3059-NAVY-42,Jackets,Soft Tailored Jacket
BOM-SOF-RE-3060-NAVY-44,Jackets,Soft Tailored Jacket
BOM-SOF-RE-3061-NAVY-46,Jackets,Soft Tailored Jacket
BOM-SOF-RE-6208-MID BLUE-38,Jackets,Jackets
BOM-SOF-RE-6209-MID BLUE-40,Jackets,Jackets
BOM-SOF-RE-6210-MID BLUE-42,Jackets,Jackets
BOM-SOF-RE-6211-MID BLUE-44,Jackets,Jackets
BOM-SOF-RE-6212-MID BLUE-46,Jackets,Jackets
BOM-SOF-RE-6215-MID BLUE-36,Jackets,Jackets
BOM-SOF-RE-6232-BROWN-38,Jackets,Jackets
BOM-SOF-RE-6233-BROWN-40,Jackets,Jackets
BOM-SOF-RE-6234-BROWN-42,Jackets,Jackets
BOM-SOF-RE-6235-BROWN-44,Jackets,Jackets
BOM-SOF-RE-6236-BROWN-46,Jackets,Jackets
BOM-SOF-RE-6239-BROWN-36,Jackets,Jackets
BOM-SOF-RE-8144-DARK BROWN-38,Jackets,Jackets
BOM-SOF-RE-8145-DARK BROWN-36,Jackets,Jackets
BOM-SOF-RE-8146-DARK BROWN-40,Jackets,Jackets
BOM-SOF-RE-8147-DARK BROWN-42,Jackets,Jackets
BOM-SOF-RE-8148-DARK BROWN-44,Jackets,Jackets
BOM-SOF-RE-8149-DARK BROWN-46,Jackets,Jackets
BOM-SOF-RE-8164-BLUE-36,Jackets,Jackets
BOM-SOF-RE-8165-BLUE-38,Jackets,Jackets
BOM-SOF-RE-8166-BLUE-40,Jackets,Jackets
BOM-SOF-RE-8167-BLUE-42,Jackets,Jackets
BOM-SOF-RE-8168-BLUE-44,Jackets,Jackets
BOM-SOF-RE-8169-BLUE-46,Jackets,Jackets
BOM-STR-24039-LIGHT30,Jeans,RTW Stretch Jeans
BOM-STR-24040-LIGHT32,Jeans,RTW Stretch Jeans
BOM-STR-24042-LIGHT36,Jeans,RTW Stretch Jeans
BOM-STR-24043-LIGHT38,Jeans,RTW Stretch Jeans
BOM-STR-24045-LIGHT42,Jeans,RTW Stretch Jeans
BOM-STR-24046-LIGHT44,Jeans,RTW Stretch Jeans
BOM-STR-24047-LIGHT46,Jeans,RTW Stretch Jeans
BOM-STR-24048-LIGHT48,Jeans,RTW Stretch Jeans
BOM-STR-24050-BLACK28,Jeans,RTW Stretch Jeans
BOM-STR-24051-BLACK30,Jeans,RTW Stretch Jeans
BOM-STR-24052-BLACK32,Jeans,RTW Stretch Jeans
BOM-STR-24054-BLACK36,Jeans,RTW Stretch Jeans
BOM-STR-24055-BLACK38,Jeans,RTW Stretch Jeans
BOM-STR-24056-BLACK40,Jeans,RTW Stretch Jeans
BOM-STR-24058-BLACK44,Jeans,RTW Stretch Jeans
BOM-STR-24059-BLACK46,Jeans,RTW Stretch Jeans
BOM-STR-24061-BLACK50,Jeans,RTW Stretch Jeans
BOM-STR-24062-DARK 28,Jeans,RTW Stretch Jeans
BOM-STR-24063-DARK 30,Jeans,RTW Stretch Jeans
BOM-STR-24064-DARK 32,Jeans,RTW Stretch Jeans
BOM-STR-24065-DARK 34,Jeans,RTW Stretch Jeans
BOM-STR-24066-DARK 36,Jeans,RTW Stretch Jeans
BOM-STR-24067-DARK 38,Jeans,RTW Stretch Jeans
BOM-STR-24068-DARK 40,Jeans,RTW Stretch Jeans
BOM-STR-24069-DARK 42,Jeans,RTW Stretch Jeans
BOM-STR-24070-DARK 44,Jeans,RTW Stretch Jeans
BOM-STR-24071-DARK 46,Jeans,RTW Stretch Jeans
BOM-STR-24074-BLUE28,Jeans,RTW Stretch Jeans
BOM-STR-24075-BLUE30,Jeans,RTW Stretch Jeans
BOM-STR-24076-BLUE32,Jeans,RTW Stretch Jeans
BOM-STR-24077-BLUE34,Jeans,RTW Stretch Jeans
BOM-STR-24078-BLUE36,Jeans,RTW Stretch Jeans
BOM-STR-24079-BLUE38,Jeans,RTW Stretch Jeans
BOM-STR-24080-BLUE40,Jeans,RTW Stretch Jeans
BOM-STR-24081-BLUE42,Jeans,RTW Stretch Jeans
BOM-STR-24082-BLUE44,Jeans,RTW Stretch Jeans
BOM-STR-24083-BLUE46,Jeans,RTW Stretch Jeans
BOM-STR-24084-BLUE48,Jeans,RTW Stretch Jeans
BOM-STR-24086-BROWN28,Jeans,RTW Stretch Jeans
BOM-STR-24088-BROWN32,Jeans,RTW Stretch Jeans
BOM-STR-24089-BROWN34,Jeans,RTW Stretch Jeans
BOM-STR-24090-BROWN36,Jeans,RTW Stretch Jeans
BOM-STR-24091-BROWN38,Jeans,RTW Stretch Jeans
BOM-STR-24092-BROWN40,Jeans,RTW Stretch Jeans
BOM-STR-24094-BROWN44,Jeans,RTW Stretch Jeans
BOM-STR-24096-BROWN48,Jeans,RTW Stretch Jeans
BOM-STR-24098-NAVY28,Jeans,RTW Stretch Jeans
BOM-STR-24099-NAVY30,Jeans,RTW Stretch Jeans
BOM-STR-24100-NAVY32,Jeans,RTW Stretch Jeans
BOM-STR-24101-NAVY34,Jeans,RTW Stretch Jeans
BOM-STR-24102-NAVY36,Jeans,RTW Stretch Jeans
BOM-STR-24103-NAVY38,Jeans,RTW Stretch Jeans
BOM-STR-24104-NAVY40,Jeans,RTW Stretch Jeans
BOM-STR-24105-NAVY42,Jeans,RTW Stretch Jeans
BOM-STR-24106-NAVY44,Jeans,RTW Stretch Jeans
BOM-STR-24107-NAVY46,Jeans,RTW Stretch Jeans
BOM-STR-24112-BLUE32,Jeans,RTW Stretch Jeans
BOM-STR-24122-NAVY28,Jeans,RTW Stretch Jeans
BOM-STR-24123-NAVY30,Jeans,RTW Stretch Jeans
BOM-STR-24124-NAVY32,Jeans,RTW Stretch Jeans
BOM-STR-24125-NAVY34,Jeans,RTW Stretch Jeans
BOM-STR-24126-NAVY36,Jeans,RTW Stretch Jeans
BOM-STR-24127-NAVY38,Jeans,RTW Stretch Jeans
BOM-STR-24128-NAVY40,Jeans,RTW Stretch Jeans
BOM-STR-24129-NAVY42,Jeans,RTW Stretch Jeans
BOM-STR-24130-NAVY44,Jeans,RTW Stretch Jeans
BOM-STR-24131-NAVY46,Jeans,RTW Stretch Jeans
BOM-STR-24134-ECRU28,Jeans,RTW Stretch Jeans
BOM-STR-24135-ECRU30,Jeans,RTW Stretch Jeans
BOM-STR-24136-ECRU32,Jeans,RTW Stretch Jeans
BOM-STR-24137-ECRU34,Jeans,RTW Stretch Jeans
BOM-STR-24138-ECRU36,Jeans,RTW Stretch Jeans
BOM-STR-24139-ECRU38,Jeans,RTW Stretch Jeans
BOM-STR-24140-ECRU40,Jeans,RTW Stretch Jeans
BOM-STR-24141-ECRU42,Jeans,RTW Stretch Jeans
BOM-STR-24142-ECRU44,Jeans,RTW Stretch Jeans
BOM-STR-24143-ECRU46,Jeans,RTW Stretch Jeans
BOM-STR-24145-ECRU50,Jeans,RTW Stretch Jeans
BOM-STR-24160-BLUE32,Jeans,RTW Stretch Jeans
BOM-STR-24163-BLUE38,Jeans,RTW Stretch Jeans
BOM-STR-24165-BLUE42,Jeans,RTW Stretch Jeans
BOM-STR-24175-LIGHT38,Jeans,RTW Stretch Jeans
BOM-STR-24177-LIGHT42,Jeans,RTW Stretch Jeans
BOM-STR-24181-LIGHT50,Jeans,RTW Stretch Jeans
BOM-STR-24183-BLACK30,Jeans,RTW Stretch Jeans
BOM-STR-24190-BLACK44,Jeans,RTW Stretch Jeans
BOM-STR-24196-PURPL32,Jeans,RTW Stretch Jeans
BOM-STR-24198-PURPL36,Jeans,RTW Stretch Jeans
BOM-STR-24199-PURPL38,Jeans,RTW Stretch Jeans
BOM-STR-24201-PURPL42,Jeans,RTW Stretch Jeans
BOM-STR-24202-PURPL44,Jeans,RTW Stretch Jeans
BOM-STR-24203-PURPL46,Jeans,RTW Stretch Jeans
BOM-STR-24219-LIGHT30,Jeans,RTW Stretch Jeans
BOM-STR-24220-LIGHT32,Jeans,RTW Stretch Jeans
BOM-STR-24221-LIGHT34,Jeans,RTW Stretch Jeans
BOM-STR-24222-LIGHT36,Jeans,RTW Stretch Jeans
BOM-STR-24225-LIGHT42,Jeans,RTW Stretch Jeans
BOM-STR-24227-LIGHT46,Jeans,RTW Stretch Jeans
BOM-STR-24228-LIGHT48,Jeans,RTW Stretch Jeans
BOM-STR-24257-NAVY34,Jeans,RTW Stretch Jeans
BOM-STR-24267-KHAKI30,Jeans,RTW Stretch Jeans
BOM-STR-24272-KHAKI40,Jeans,RTW Stretch Jeans
BOM-STR-24302-KHAKI28,Jeans,RTW Stretch Jeans
BOM-STR-24303-KHAKI30,Jeans,RTW Stretch Jeans
BOM-STR-24304-KHAKI32,Jeans,RTW Stretch Jeans
BOM-STR-24305-KHAKI34,Jeans,RTW Stretch Jeans
BOM-STR-24306-KHAKI36,Jeans,RTW Stretch Jeans
BOM-STR-24307-KHAKI38,Jeans,RTW Stretch Jeans
BOM-STR-24308-KHAKI40,Jeans,RTW Stretch Jeans
BOM-STR-24309-KHAKI42,Jeans,RTW Stretch Jeans
BOM-STR-24314-OLIVE28,Jeans,RTW Stretch Jeans
BOM-STR-24315-OLIVE30,Jeans,RTW Stretch Jeans
BOM-STR-24316-OLIVE32,Jeans,RTW Stretch Jeans
BOM-STR-24317-OLIVE34,Jeans,RTW Stretch Jeans
BOM-STR-24318-OLIVE36,Jeans,RTW Stretch Jeans
BOM-STR-24319-OLIVE38,Jeans,RTW Stretch Jeans
BOM-STR-24320-OLIVE40,Jeans,RTW Stretch Jeans
BOM-STR-24321-OLIVE42,Jeans,RTW Stretch Jeans
BOM-STR-24322-OLIVE44,Jeans,RTW Stretch Jeans
BOM-STR-24323-OLIVE46,Jeans,RTW Stretch Jeans
BOM-STR-24324-OLIVE48,Jeans,RTW Stretch Jeans
BOM-STR-24350-NAVY28,Jeans,RTW Stretch Jeans
BOM-STR-24418-OLIVE44,Jeans,RTW Stretch Jeans
BOM-STR-25944-BEIGE28,Jeans,RTW Stretch Jeans
BOM-STR-25945-BEIGE30,Jeans,RTW Stretch Jeans
BOM-STR-25946-BEIGE32,Jeans,RTW Stretch Jeans
BOM-STR-25947-BEIGE34,Jeans,RTW Stretch Jeans
BOM-STR-25948-BEIGE36,Jeans,RTW Stretch Jeans
BOM-STR-25949-BEIGE38,Jeans,RTW Stretch Jeans
BOM-STR-25950-BEIGE40,Jeans,RTW Stretch Jeans
BOM-STR-25951-BEIGE42,Jeans,RTW Stretch Jeans
BOM-STR-25952-BEIGE44,Jeans,RTW Stretch Jeans
BOM-STR-25953-BEIGE46,Jeans,RTW Stretch Jeans
BOM-STR-25957-BLACK30,Jeans,RTW Stretch Jeans
BOM-STR-25958-BLACK32,Jeans,RTW Stretch Jeans
BOM-STR-25959-BLACK34,Jeans,RTW Stretch Jeans
BOM-STR-25960-BLACK36,Jeans,RTW Stretch Jeans
BOM-STR-25961-BLACK38,Jeans,RTW Stretch Jeans
BOM-STR-25962-BLACK40,Jeans,RTW Stretch Jeans
BOM-STR-25963-BLACK42,Jeans,RTW Stretch Jeans
BOM-STR-25964-BLACK44,Jeans,RTW Stretch Jeans
BOM-STR-25969-MID B30,Jeans,RTW Stretch Jeans
BOM-STR-25970-MID B32,Jeans,RTW Stretch Jeans
BOM-STR-25971-MID B34,Jeans,RTW Stretch Jeans
BOM-STR-25972-MID B36,Jeans,RTW Stretch Jeans
BOM-STR-25973-MID B38,Jeans,RTW Stretch Jeans
BOM-STR-25974-MID B40,Jeans,RTW Stretch Jeans
BOM-STR-25975-MID B42,Jeans,RTW Stretch Jeans
BOM-STR-25980-DARK 28,Jeans,RTW Stretch Jeans
BOM-STR-25981-DARK 30,Jeans,RTW Stretch Jeans
BOM-STR-25982-DARK 32,Jeans,RTW Stretch Jeans
BOM-STR-25983-DARK 34,Jeans,RTW Stretch Jeans
BOM-STR-25984-DARK 36,Jeans,RTW Stretch Jeans
BOM-STR-25985-DARK 38,Jeans,RTW Stretch Jeans
BOM-STR-25986-DARK 40,Jeans,RTW Stretch Jeans
BOM-STR-25987-DARK 42,Jeans,RTW Stretch Jeans
BOM-STR-25988-DARK 44,Jeans,RTW Stretch Jeans
BOM-STR-25992-LIGHT28,Jeans,RTW Stretch Jeans
BOM-STR-25993-LIGHT30,Jeans,RTW Stretch Jeans
BOM-STR-25994-LIGHT32,Jeans,RTW Stretch Jeans
BOM-STR-25995-LIGHT34,Jeans,RTW Stretch Jeans
BOM-STR-25996-LIGHT36,Jeans,RTW Stretch Jeans
BOM-STR-25997-LIGHT38,Jeans,RTW Stretch Jeans
BOM-STR-25998-LIGHT40,Jeans,RTW Stretch Jeans
BOM-STR-25999-LIGHT42,Jeans,RTW Stretch Jeans
BOM-STR-26000-LIGHT44,Jeans,RTW Stretch Jeans
BOM-STR-26001-LIGHT46,Jeans,RTW Stretch Jeans
BOM-STR-26002-LIGHT48,Jeans,RTW Stretch Jeans
BOM-STR-26004-LIGHT28,Jeans,RTW Stretch Jeans
BOM-STR-26005-LIGHT30,Jeans,RTW Stretch Jeans
BOM-STR-26006-LIGHT32,Jeans,RTW Stretch Jeans
BOM-STR-26007-LIGHT34,Jeans,RTW Stretch Jeans
BOM-STR-26008-LIGHT36,Jeans,RTW Stretch Jeans
BOM-STR-26009-LIGHT38,Jeans,RTW Stretch Jeans
BOM-STR-26010-LIGHT40,Jeans,RTW Stretch Jeans
BOM-STR-26011-LIGHT42,Jeans,RTW Stretch Jeans
BOM-STR-26012-LIGHT44,Jeans,RTW Stretch Jeans
BOM-STR-26013-LIGHT46,Jeans,RTW Stretch Jeans
BOM-STR-26014-LIGHT48,Jeans,RTW Stretch Jeans
BOM-STR-26015-LIGHT50,Jeans,RTW Stretch Jeans
BOM-STR-26016-WHITE28,Jeans,RTW Stretch Jeans
BOM-STR-26017-WHITE30,Jeans,RTW Stretch Jeans
BOM-STR-26018-WHITE32,Jeans,RTW Stretch Jeans
BOM-STR-26019-WHITE34,Jeans,RTW Stretch Jeans
BOM-STR-26020-WHITE36,Jeans,RTW Stretch Jeans
BOM-STR-26021-WHITE38,Jeans,RTW Stretch Jeans
BOM-STR-26022-WHITE40,Jeans,RTW Stretch Jeans
BOM-STR-26023-WHITE42,Jeans,RTW Stretch Jeans
BOM-STR-26024-WHITE44,Jeans,RTW Stretch Jeans
BOM-STR-26025-WHITE46,Jeans,RTW Stretch Jeans
BOM-STR-26026-WHITE48,Jeans,RTW Stretch Jeans
BOM-STR-26029-DARK 30,Jeans,RTW Stretch Jeans
BOM-STR-26030-DARK 32,Jeans,RTW Stretch Jeans
BOM-STR-26031-DARK 34,Jeans,RTW Stretch Jeans
BOM-STR-26032-DARK 36,Jeans,RTW Stretch Jeans
BOM-STR-26033-DARK 38,Jeans,RTW Stretch Jeans
BOM-STR-26034-DARK 40,Jeans,RTW Stretch Jeans
BOM-STR-26040-MID G28,Jeans,RTW Stretch Jeans
BOM-STR-26041-MID G30,Jeans,RTW Stretch Jeans
BOM-STR-26042-MID G32,Jeans,RTW Stretch Jeans
BOM-STR-26043-MID G34,Jeans,RTW Stretch Jeans
BOM-STR-26044-MID G36,Jeans,RTW Stretch Jeans
BOM-STR-26045-MID G38,Jeans,RTW Stretch Jeans
BOM-STR-26046-MID G40,Jeans,RTW Stretch Jeans
BOM-STR-26047-MID G42,Jeans,RTW Stretch Jeans
BOM-STR-26050-MID G48,Jeans,RTW Stretch Jeans
BOM-STR-26052-LIGHT28,Jeans,RTW Stretch Jeans
BOM-STR-26053-LIGHT30,Jeans,RTW Stretch Jeans
BOM-STR-26054-LIGHT32,Jeans,RTW Stretch Jeans
BOM-STR-26055-LIGHT34,Jeans,RTW Stretch Jeans
BOM-STR-26056-LIGHT36,Jeans,RTW Stretch Jeans
BOM-STR-26057-LIGHT38,Jeans,RTW Stretch Jeans
BOM-STR-26058-LIGHT40,Jeans,RTW Stretch Jeans
BOM-STR-26059-LIGHT42,Jeans,RTW Stretch Jeans
BOM-STR-26061-LIGHT46,Jeans,RTW Stretch Jeans
BOM-STR-26062-LIGHT48,Jeans,RTW Stretch Jeans
BOM-STR-26065-LIGHT30,Jeans,RTW Stretch Jeans
BOM-STR-26066-LIGHT32,Jeans,RTW Stretch Jeans
BOM-STR-26067-LIGHT34,Jeans,RTW Stretch Jeans
BOM-STR-26068-LIGHT36,Jeans,RTW Stretch Jeans
BOM-STR-26069-LIGHT38,Jeans,RTW Stretch Jeans
BOM-STR-26070-LIGHT40,Jeans,RTW Stretch Jeans
BOM-STR-26071-LIGHT42,Jeans,RTW Stretch Jeans
BOM-STR-26073-LIGHT46,Jeans,RTW Stretch Jeans
BOM-STR-26075-LIGHT50,Jeans,RTW Stretch Jeans
BOM-STR-26324-MID B36,Jeans,RTW Stretch Jeans
BOM-STR-26325-MID B38,Jeans,RTW Stretch Jeans
BOM-STR-26326-MID B40,Jeans,RTW Stretch Jeans
BOM-STR-26327-MID B42,Jeans,RTW Stretch Jeans
BOM-STR-26328-MID B44,Jeans,RTW Stretch Jeans
BOM-STR-29127-DARK 28,Jeans,RTW Stretch Jeans
BOM-STR-29128-DARK 30,Jeans,RTW Stretch Jeans
BOM-STR-29130-DARK 34,Jeans,RTW Stretch Jeans
BOM-STR-29131-DARK 36,Jeans,RTW Stretch Jeans
BOM-STR-29132-DARK 38,Jeans,RTW Stretch Jeans
BOM-STR-29133-DARK 40,Jeans,RTW Stretch Jeans
BOM-STR-29135-DARK 44,Jeans,RTW Stretch Jeans
BOM-STR-29139-WHITE28,Jeans,RTW Stretch Jeans
BOM-STR-29140-WHITE30,Jeans,RTW Stretch Jeans
BOM-STR-29141-WHITE32,Jeans,RTW Stretch Jeans
BOM-STR-29142-WHITE34,Jeans,RTW Stretch Jeans
BOM-STR-29143-WHITE36,Jeans,RTW Stretch Jeans
BOM-STR-29144-WHITE38,Jeans,RTW Stretch Jeans
BOM-STR-29151-DARK 28,Jeans,RTW Stretch Jeans
BOM-STR-29152-DARK 30,Jeans,RTW Stretch Jeans
BOM-STR-29153-DARK 32,Jeans,RTW Stretch Jeans
BOM-STR-29154-DARK 34,Jeans,RTW Stretch Jeans
BOM-STR-29155-DARK 36,Jeans,RTW Stretch Jeans
BOM-STR-29156-DARK 38,Jeans,RTW Stretch Jeans
BOM-STR-29157-DARK 40,Jeans,RTW Stretch Jeans
BOM-STR-29159-DARK 44,Jeans,RTW Stretch Jeans
BOM-STR-29160-DARK 46,Jeans,RTW Stretch Jeans
BOM-STR-29163-OLIVE28,Jeans,RTW Stretch Jeans
BOM-STR-29164-OLIVE30,Jeans,RTW Stretch Jeans
BOM-STR-29165-OLIVE32,Jeans,RTW Stretch Jeans
BOM-STR-29166-OLIVE34,Jeans,RTW Stretch Jeans
BOM-STR-29167-OLIVE36,Jeans,RTW Stretch Jeans
BOM-STR-29168-OLIVE38,Jeans,RTW Stretch Jeans
BOM-STR-29169-OLIVE40,Jeans,RTW Stretch Jeans
BOM-STR-29170-OLIVE42,Jeans,RTW Stretch Jeans
BOM-STR-29171-OLIVE44,Jeans,RTW Stretch Jeans
BOM-STR-29175-MID B28,Jeans,RTW Stretch Jeans
BOM-STR-29176-MID B30,Jeans,RTW Stretch Jeans
BOM-STR-29177-MID B32,Jeans,RTW Stretch Jeans
BOM-STR-29178-MID B34,Jeans,RTW Stretch Jeans
BOM-STR-29179-MID B36,Jeans,RTW Stretch Jeans
BOM-STR-29181-MID B40,Jeans,RTW Stretch Jeans
BOM-STR-29182-MID B42,Jeans,RTW Stretch Jeans
BOM-STR-29183-MID B44,Jeans,RTW Stretch Jeans
BOM-STR-29184-MID B46,Jeans,RTW Stretch Jeans
BOM-STR-29223-GREY28,Jeans,RTW Stretch Jeans
BOM-STR-29224-GREY30,Jeans,RTW Stretch Jeans
BOM-STR-29225-GREY32,Jeans,RTW Stretch Jeans
BOM-STR-29226-GREY34,Jeans,RTW Stretch Jeans
BOM-STR-29227-GREY36,Jeans,RTW Stretch Jeans
BOM-STR-29228-GREY38,Jeans,RTW Stretch Jeans
BOM-STR-29229-GREY40,Jeans,RTW Stretch Jeans
BOM-STR-29230-GREY42,Jeans,RTW Stretch Jeans
BOM-STR-29231-GREY44,Jeans,RTW Stretch Jeans
BOM-STR-29232-GREY46,Jeans,RTW Stretch Jeans
BOM-STR-29851-BLACK28,Jeans,RTW Stretch Jeans
BOM-STR-29852-BLACK30,Jeans,RTW Stretch Jeans
BOM-STR-29853-BLACK32,Jeans,RTW Stretch Jeans
BOM-STR-29854-BLACK34,Jeans,RTW Stretch Jeans
BOM-STR-29855-BLACK36,Jeans,RTW Stretch Jeans
BOM-STR-29856-BLACK38,Jeans,RTW Stretch Jeans
BOM-STR-29857-BLACK40,Jeans,RTW Stretch Jeans
BOM-STR-29858-BLACK42,Jeans,RTW Stretch Jeans
BOM-STR-29859-BLACK44,Jeans,RTW Stretch Jeans
BOM-STR-29863-KHAKI28,Jeans,RTW Stretch Jeans
BOM-STR-29864-KHAKI30,Jeans,RTW Stretch Jeans
BOM-STR-29865-KHAKI32,Jeans,RTW Stretch Jeans
BOM-STR-29866-KHAKI34,Jeans,RTW Stretch Jeans
BOM-STR-29867-KHAKI36,Jeans,RTW Stretch Jeans
BOM-STR-29868-KHAKI38,Jeans,RTW Stretch Jeans
BOM-STR-29869-KHAKI40,Jeans,RTW Stretch Jeans
BOM-STR-29871-KHAKI44,Jeans,RTW Stretch Jeans
BOM-STR-29872-KHAKI46,Jeans,RTW Stretch Jeans
BOM-STR-29875-LIGHT28,Jeans,RTW Stretch Jeans
BOM-STR-29876-LIGHT30,Jeans,RTW Stretch Jeans
BOM-STR-29877-LIGHT32,Jeans,RTW Stretch Jeans
BOM-STR-29878-LIGHT34,Jeans,RTW Stretch Jeans
BOM-STR-29879-LIGHT36,Jeans,RTW Stretch Jeans
BOM-STR-29880-LIGHT38,Jeans,RTW Stretch Jeans
BOM-STR-29881-LIGHT40,Jeans,RTW Stretch Jeans
BOM-STR-29882-LIGHT42,Jeans,RTW Stretch Jeans
BOM-STR-29883-LIGHT44,Jeans,RTW Stretch Jeans
BOM-STR-29884-LIGHT46,Jeans,RTW Stretch Jeans
BOM-STR-32313-DARK 28,Jeans,RTW Stretch Jeans
BOM-STR-32314-DARK 30,Jeans,RTW Stretch Jeans
BOM-STR-32315-DARK 32,Jeans,RTW Stretch Jeans
BOM-STR-32316-DARK 34,Jeans,RTW Stretch Jeans
BOM-STR-32317-DARK 36,Jeans,RTW Stretch Jeans
BOM-STR-32318-DARK 38,Jeans,RTW Stretch Jeans
BOM-STR-32319-DARK 40,Jeans,RTW Stretch Jeans
BOM-STR-32320-DARK 42,Jeans,RTW Stretch Jeans
BOM-STR-32321-DARK 44,Jeans,RTW Stretch Jeans
BOM-STR-32322-DARK 46,Jeans,RTW Stretch Jeans
BOM-STR-32326-GREY28,Jeans,RTW Stretch Jeans
BOM-STR-32327-GREY30,Jeans,RTW Stretch Jeans
BOM-STR-32328-GREY32,Jeans,RTW Stretch Jeans
BOM-STR-32329-GREY34,Jeans,RTW Stretch Jeans
BOM-STR-32330-GREY36,Jeans,RTW Stretch Jeans
BOM-STR-32331-GREY38,Jeans,RTW Stretch Jeans
BOM-STR-32332-GREY40,Jeans,RTW Stretch Jeans
BOM-STR-32333-GREY42,Jeans,RTW Stretch Jeans
BOM-STR-32334-GREY44,Jeans,RTW Stretch Jeans
BOM-STR-32335-GREY46,Jeans,RTW Stretch Jeans
BOM-STR-32338-LIGHT28,Jeans,RTW Stretch Jeans
BOM-STR-32339-LIGHT30,Jeans,RTW Stretch Jeans
BOM-STR-32340-LIGHT32,Jeans,RTW Stretch Jeans
BOM-STR-32341-LIGHT34,Jeans,RTW Stretch Jeans
BOM-STR-32342-LIGHT36,Jeans,RTW Stretch Jeans
BOM-STR-32343-LIGHT38,Jeans,RTW Stretch Jeans
BOM-STR-32344-LIGHT40,Jeans,RTW Stretch Jeans
BOM-STR-32345-LIGHT42,Jeans,RTW Stretch Jeans
BOM-STR-32346-LIGHT44,Jeans,RTW Stretch Jeans
BOM-STR-32347-LIGHT46,Jeans,RTW Stretch Jeans
BOM-STR-32350-KHAKI28,Jeans,RTW Stretch Jeans
BOM-STR-32351-KHAKI30,Jeans,RTW Stretch Jeans
BOM-STR-32352-KHAKI32,Jeans,RTW Stretch Jeans
BOM-STR-32353-KHAKI34,Jeans,RTW Stretch Jeans
BOM-STR-32354-KHAKI36,Jeans,RTW Stretch Jeans
BOM-STR-32355-KHAKI38,Jeans,RTW Stretch Jeans
BOM-STR-32356-KHAKI40,Jeans,RTW Stretch Jeans
BOM-STR-32357-KHAKI42,Jeans,RTW Stretch Jeans
BOM-STR-32358-KHAKI44,Jeans,RTW Stretch Jeans
BOM-STR-32359-KHAKI46,Jeans,RTW Stretch Jeans
BOM-STR-32392-DARK 28,Jeans,RTW Stretch Jeans
BOM-STR-32393-DARK 30,Jeans,RTW Stretch Jeans
BOM-STR-32394-DARK 32,Jeans,RTW Stretch Jeans
BOM-STR-32395-DARK 34,Jeans,RTW Stretch Jeans
BOM-STR-32396-DARK 36,Jeans,RTW Stretch Jeans
BOM-STR-32397-DARK 38,Jeans,RTW Stretch Jeans
BOM-STR-32398-DARK 40,Jeans,RTW Stretch Jeans
BOM-STR-32399-DARK 42,Jeans,RTW Stretch Jeans
BOM-STR-32400-DARK 44,Jeans,RTW Stretch Jeans
BOM-STR-32401-DARK 46,Jeans,RTW Stretch Jeans
BOM-STR-32410-GREY28,Jeans,RTW Stretch Jeans
BOM-STR-32411-GREY30,Jeans,RTW Stretch Jeans
BOM-STR-32412-GREY32,Jeans,RTW Stretch Jeans
BOM-STR-32413-GREY34,Jeans,RTW Stretch Jeans
BOM-STR-32414-GREY36,Jeans,RTW Stretch Jeans
BOM-STR-32415-GREY38,Jeans,RTW Stretch Jeans
BOM-STR-32416-GREY40,Jeans,RTW Stretch Jeans
BOM-STR-32417-GREY42,Jeans,RTW Stretch Jeans
BOM-STR-32418-GREY44,Jeans,RTW Stretch Jeans
BOM-STR-32419-GREY46,Jeans,RTW Stretch Jeans
BOM-STR-33267-DARK 28,Jeans,RTW Stretch Jeans
BOM-STR-33268-DARK 30,Jeans,RTW Stretch Jeans
BOM-STR-33269-DARK 32,Jeans,RTW Stretch Jeans
BOM-STR-33270-DARK 34,Jeans,RTW Stretch Jeans
BOM-STR-33271-DARK 36,Jeans,RTW Stretch Jeans
BOM-STR-33272-DARK 38,Jeans,RTW Stretch Jeans
BOM-STR-33273-DARK 40,Jeans,RTW Stretch Jeans
BOM-STR-33274-DARK 42,Jeans,RTW Stretch Jeans
BOM-STR-33275-DARK 44,Jeans,RTW Stretch Jeans
BOM-STR-33276-DARK 46,Jeans,RTW Stretch Jeans
BOM-STR-33291-DARK 28,Jeans,RTW Stretch Jeans
BOM-STR-33292-DARK 30,Jeans,RTW Stretch Jeans
BOM-STR-33293-DARK 32,Jeans,RTW Stretch Jeans
BOM-STR-33294-DARK 34,Jeans,RTW Stretch Jeans
BOM-STR-33295-DARK 36,Jeans,RTW Stretch Jeans
BOM-STR-33296-DARK 38,Jeans,RTW Stretch Jeans
BOM-STR-33297-DARK 40,Jeans,RTW Stretch Jeans
BOM-STR-33298-DARK 42,Jeans,RTW Stretch Jeans
BOM-STR-33299-DARK 44,Jeans,RTW Stretch Jeans
BOM-STR-33300-DARK 46,Jeans,RTW Stretch Jeans
BOM-STR-33303-LIGHT28,Jeans,RTW Stretch Jeans
BOM-STR-33304-LIGHT30,Jeans,RTW Stretch Jeans
BOM-STR-33305-LIGHT32,Jeans,RTW Stretch Jeans
BOM-STR-33306-LIGHT34,Jeans,RTW Stretch Jeans
BOM-STR-33307-LIGHT36,Jeans,RTW Stretch Jeans
BOM-STR-33308-LIGHT38,Jeans,RTW Stretch Jeans
BOM-STR-33309-LIGHT40,Jeans,RTW Stretch Jeans
BOM-STR-33310-LIGHT42,Jeans,RTW Stretch Jeans
BOM-STR-33311-LIGHT44,Jeans,RTW Stretch Jeans
BOM-STR-33312-LIGHT46,Jeans,RTW Stretch Jeans
BOM-STR-HE-504-DARK KHAKI-28,Jeans,RTW Stretch Jeans
BOM-STR-HE-505-DARK KHAKI-30,Jeans,RTW Stretch Jeans
BOM-STR-HE-506-DARK KHAKI-32,Jeans,RTW Stretch Jeans
BOM-STR-HE-507-DARK KHAKI-34,Jeans,RTW Stretch Jeans
BOM-STR-HE-508-DARK KHAKI-36,Jeans,RTW Stretch Jeans
BOM-STR-HE-509-DARK KHAKI-38,Jeans,RTW Stretch Jeans
BOM-STR-HE-510-DARK KHAKI-40,Jeans,RTW Stretch Jeans
BOM-STR-HE-511-DARK KHAKI-42,Jeans,RTW Stretch Jeans
BOM-STR-HE-512-DARK KHAKI-44,Jeans,RTW Stretch Jeans
BOM-STR-HE-513-DARK KHAKI-46,Jeans,RTW Stretch Jeans
BOM-STR-HE-516-ECRU-28,Jeans,RTW Stretch Jeans
BOM-STR-HE-517-ECRU-30,Jeans,RTW Stretch Jeans
BOM-STR-HE-518-ECRU-32,Jeans,RTW Stretch Jeans
BOM-STR-HE-519-ECRU-34,Jeans,RTW Stretch Jeans
BOM-STR-HE-520-ECRU-36,Jeans,RTW Stretch Jeans
BOM-STR-HE-521-ECRU-38,Jeans,RTW Stretch Jeans
BOM-STR-HE-522-ECRU-40,Jeans,RTW Stretch Jeans
BOM-STR-HE-523-ECRU-42,Jeans,RTW Stretch Jeans
BOM-STR-HE-524-ECRU-44,Jeans,RTW Stretch Jeans
BOM-STR-HE-525-ECRU-46,Jeans,RTW Stretch Jeans
BOM-STR-HE-535-OCHRE-28,Jeans,RTW Stretch Jeans
BOM-STR-HE-536-OCHRE-30,Jeans,RTW Stretch Jeans
BOM-STR-HE-537-OCHRE-32,Jeans,RTW Stretch Jeans
BOM-STR-HE-538-OCHRE-34,Jeans,RTW Stretch Jeans
BOM-STR-HE-539-OCHRE-36,Jeans,RTW Stretch Jeans
BOM-STR-HE-540-OCHRE-38,Jeans,RTW Stretch Jeans
BOM-STR-HE-541-OCHRE-40,Jeans,RTW Stretch Jeans
BOM-STR-HE-542-OCHRE-42,Jeans,RTW Stretch Jeans
BOM-STR-HE-543-OCHRE-44,Jeans,RTW Stretch Jeans
BOM-STR-HE-546-OCHRE-46,Jeans,RTW Stretch Jeans
BOM-SUI-SE-3815-NAVY-36,Jackets,Formal
BOM-SUI-SE-3816-NAVY-38,Jackets,Formal
BOM-SUI-SE-3817-NAVY-40,Jackets,Formal
BOM-SUI-SE-3818-NAVY-42,Jackets,Formal
BOM-SUI-SE-3819-NAVY-44,Jackets,Formal
BOM-SUI-SE-3823-BLUE-36,Jackets,Formal
BOM-SUI-SE-3824-BLUE-38,Jackets,Formal
BOM-SUI-SE-3825-BLUE-40,Jackets,Formal
BOM-SUI-SE-3826-BLUE-42,Jackets,Formal
BOM-SUI-SE-3827-BLUE-44,Jackets,Formal
BOM-SUI-SE-3828-BLUE-46,Jackets,Formal
BOM-SUI-SE-3831-BROWN-36,Jackets,Formal
BOM-SUI-SE-3832-BROWN-38,Jackets,Formal
BOM-SUI-SE-3833-BROWN-40,Jackets,Formal
BOM-SUI-SE-3834-BROWN-42,Jackets,Formal
BOM-SUI-SE-3835-BROWN-44,Jackets,Formal
BOM-SUI-SE-3836-BROWN-46,Jackets,Formal
BOM-SUI-SE-3839-NAVY-36,Jackets,Formal
BOM-SUI-SE-3840-NAVY-38,Jackets,Formal
BOM-SUI-SE-3841-NAVY-40,Jackets,Formal
BOM-SUI-SE-3842-NAVY-42,Jackets,Formal
BOM-SUI-SE-3843-NAVY-44,Jackets,Formal
BOM-SUI-SE-3844-NAVY-46,Jackets,Formal
BOM-SUI-SE-3847-BLACK-36,Jackets,Formal
BOM-SUI-SE-3848-BLACK-38,Jackets,Formal
BOM-SUI-SE-3849-BLACK-40,Jackets,Formal
BOM-SUI-SE-3850-BLACK-42,Jackets,Formal
BOM-SUI-SE-3851-BLACK-44,Jackets,Formal
BOM-SUI-SE-3852-BLACK-46,Jackets,Formal
BOM-SUI-SE-3855-BROWN-36,Jackets,Formal
BOM-SUI-SE-3856-BROWN-38,Jackets,Formal
BOM-SUI-SE-3857-BROWN-40,Jackets,Formal
BOM-SUI-SE-3858-BROWN-42,Jackets,Formal
BOM-SUI-SE-3859-BROWN-44,Jackets,Formal
BOM-SUI-SE-3860-BROWN-46,Jackets,Formal
BOM-SUI-SE-3863-KHAKI-36,Jackets,Formal
BOM-SUI-SE-3864-KHAKI-38,Jackets,Formal
BOM-SUI-SE-3865-KHAKI-40,Jackets,Formal
BOM-SUI-SE-3866-KHAKI-42,Jackets,Formal
BOM-SUI-SE-3867-KHAKI-44,Jackets,Formal
BOM-SUI-SE-3877-NAVY-36,Jackets,Formal
BOM-SUI-SE-3878-NAVY-38,Jackets,Formal
BOM-SUI-SE-3879-NAVY-40,Jackets,Formal
BOM-SUI-SE-3880-NAVY-42,Jackets,Formal
BOM-SUI-SE-3881-NAVY-44,Jackets,Formal
BOM-SUI-SE-3882-NAVY-46,Jackets,Formal
BOM-SUI-SE-3891-BLACK-36,Jackets,Suit Blazer
BOM-SUI-SE-3892-BLACK-38,Jackets,Suit Blazer
BOM-SUI-SE-3893-BLACK-40,Jackets,Suit Blazer
BOM-SUI-SE-3894-BLACK-42,Jackets,Suit Blazer
BOM-SUI-SE-3895-BLACK-44,Jackets,Suit Blazer
BOM-SUI-SE-3896-BLACK-46,Jackets,Suit Blazer
BOM-SUI-SE-3897-BLACK-48,Jackets,Suit Blazer
BOM-SUI-SE-5617-ECRU-36,Jackets,Unstructured
BOM-SUI-SE-5618-ECRU-38,Jackets,Unstructured
BOM-SUI-SE-5619-ECRU-40,Jackets,Unstructured
BOM-SUI-SE-5620-ECRU-42,Jackets,Unstructured
BOM-SUI-SE-5621-ECRU-44,Jackets,Unstructured
BOM-SUI-SE-5622-ECRU-46,Jackets,Unstructured
BOM-SUI-SE-5623-ECRU-48,Jackets,Unstructured
BOM-SUI-SE-5624-BEIGE-36,Jackets,Unstructured
BOM-SUI-SE-5625-BEIGE-38,Jackets,Unstructured
BOM-SUI-SE-5626-BEIGE-40,Jackets,Unstructured
BOM-SUI-SE-5627-BEIGE-42,Jackets,Unstructured
BOM-SUI-SE-5628-BEIGE-44,Jackets,Unstructured
BOM-SUI-SE-5629-BEIGE-46,Jackets,Unstructured
BOM-SUI-SE-5630-BEIGE-48,Jackets,Unstructured
BOM-SUI-SE-5631-LIGHT BROWN-36,Jackets,Unstructured
BOM-SUI-SE-5632-LIGHT BROWN-38,Jackets,Unstructured
BOM-SUI-SE-5633-LIGHT BROWN-40,Jackets,Unstructured
BOM-SUI-SE-5634-LIGHT BROWN-42,Jackets,Unstructured
BOM-SUI-SE-5635-LIGHT BROWN-44,Jackets,Unstructured
BOM-SUI-SE-5636-LIGHT BROWN-46,Jackets,Unstructured
BOM-SUI-SE-5637-LIGHT BROWN-48,Jackets,Unstructured
BOM-SUI-SE-5638-LIGHT OLIVE-36,Jackets,Unstructured
BOM-SUI-SE-5639-LIGHT OLIVE-38,Jackets,Unstructured
BOM-SUI-SE-5640-LIGHT OLIVE-40,Jackets,Unstructured
BOM-SUI-SE-5641-LIGHT OLIVE-42,Jackets,Unstructured
BOM-SUI-SE-5642-LIGHT OLIVE-44,Jackets,Unstructured
BOM-SUI-SE-5643-LIGHT OLIVE-46,Jackets,Unstructured
BOM-SUI-SE-5644-LIGHT OLIVE-48,Jackets,Unstructured
BOM-SUI-SE-5645-NAVY-36,Jackets,Unstructured
BOM-SUI-SE-5646-NAVY-38,Jackets,Unstructured
BOM-SUI-SE-5647-NAVY-40,Jackets,Unstructured
BOM-SUI-SE-5648-NAVY-42,Jackets,Unstructured
BOM-SUI-SE-5649-NAVY-44,Jackets,Unstructured
BOM-SUI-SE-5650-NAVY-46,Jackets,Unstructured
BOM-SUI-SE-5651-NAVY-48,Jackets,Unstructured
BOM-SUI-SE-7649-BLACK-36,Jackets,Formal
BOM-SUI-SE-7650-BLACK-38,Jackets,Formal
BOM-SUI-SE-7651-BLACK-40,Jackets,Formal
BOM-SUI-SE-7652-BLACK-42,Jackets,Formal
BOM-SUI-SE-7653-BLACK-44,Jackets,Formal
BOM-SUI-SE-7654-BLACK-46,Jackets,Formal
BOM-SUI-SE-7655-NAVY-36,Jackets,Formal
BOM-SUI-SE-7656-NAVY-38,Jackets,Formal
BOM-SUI-SE-7657-NAVY-40,Jackets,Formal
BOM-SUI-SE-7658-NAVY-42,Jackets,Formal
BOM-SUI-SE-7659-NAVY-44,Jackets,Formal
BOM-SUI-SE-7660-NAVY-46,Jackets,Formal
BOM-SUI-SE-7661-NAVY-48,Jackets,Formal
BOM-SUI-SE-7663-DARK GREY-36,Jackets,Formal
BOM-SUI-SE-7664-DARK GREY-38,Jackets,Formal
BOM-SUI-SE-7665-DARK GREY-40,Jackets,Formal
BOM-SUI-SE-7666-DARK GREY-42,Jackets,Formal
BOM-SUI-SE-7667-DARK GREY-44,Jackets,Formal
BOM-SUI-SE-7668-DARK GREY-46,Jackets,Formal
BOM-SUI-SE-7669-DARK GREY-48,Jackets,Formal
BOM-SUI-SE-7671-BLACK-48,Jackets,Formal
BOM-SWE-28269-ECRUS,Knitwear,Sweatshirts
BOM-SWE-28270-ECRUM,Knitwear,Sweatshirts
BOM-SWE-28271-ECRUL,Knitwear,Sweatshirts
BOM-SWE-28272-ECRUXL,Knitwear,Sweatshirts
BOM-SWE-28273-ECRU2XL,Knitwear,Sweatshirts
BOM-SWE-28274-DARK S,Knitwear,Sweatshirts
BOM-SWE-28275-DARK M,Knitwear,Sweatshirts
BOM-SWE-28276-DARK L,Knitwear,Sweatshirts
BOM-SWE-28277-DARK XL,Knitwear,Sweatshirts
BOM-SWE-28278-DARK 2XL,Knitwear,Sweatshirts
BOM-SWE-28284-OLIVES,Knitwear,Sweatshirts
BOM-SWE-28285-OLIVEM,Knitwear,Sweatshirts
BOM-SWE-28286-OLIVEL,Knitwear,Sweatshirts
BOM-SWE-28287-OLIVEXL,Knitwear,Sweatshirts
BOM-SWE-28288-OLIVE2XL,Knitwear,Sweatshirts
BOM-SWE-28294-LIGHTS,Knitwear,Sweatshirts
BOM-SWE-28295-LIGHTM,Knitwear,Sweatshirts
BOM-SWE-28296-LIGHTL,Knitwear,Sweatshirts
BOM-SWE-28297-LIGHTXL,Knitwear,Sweatshirts
BOM-SWE-28298-LIGHT2XL,Knitwear,Sweatshirts
BOM-SWE-28713-LIGHTS,Knitwear,Sweatshirts
BOM-SWE-28714-LIGHTM,Knitwear,Sweatshirts
BOM-SWE-28715-LIGHTL,Knitwear,Sweatshirts
BOM-SWE-28716-LIGHTXL,Knitwear,Sweatshirts
BOM-SWE-28717-LIGHT2XL,Knitwear,Sweatshirts
BOM-SWE-33663-BROWNS,Knitwear,Sweatshirts
BOM-SWE-33664-BROWNM,Knitwear,Sweatshirts
BOM-SWE-33665-BROWNL,Knitwear,Sweatshirts
BOM-SWE-33666-BROWNXL,Knitwear,Sweatshirts
BOM-SWE-33667-BROWN2XL,Knitwear,Sweatshirts
BOM-SWE-33688-GREENS,Knitwear,Sweatshirts
BOM-SWE-33689-GREENM,Knitwear,Sweatshirts
BOM-SWE-33690-GREENL,Knitwear,Sweatshirts
BOM-SWE-33691-GREENXL,Knitwear,Sweatshirts
BOM-SWE-33692-GREEN2XL,Knitwear,Sweatshirts
BOM-SWE-33693-BLACKS,Knitwear,Sweatshirts
BOM-SWE-33694-BLACKM,Knitwear,Sweatshirts
BOM-SWE-33695-BLACKL,Knitwear,Sweatshirts
BOM-SWE-33696-BLACKXL,Knitwear,Sweatshirts
BOM-SWE-33697-BLACK2XL,Knitwear,Sweatshirts
BOM-SWE-33698-DARK S,Knitwear,Sweatshirts
BOM-SWE-33699-DARK M,Knitwear,Sweatshirts
BOM-SWE-33700-DARK L,Knitwear,Sweatshirts
BOM-SWE-33701-DARK XL,Knitwear,Sweatshirts
BOM-SWE-33702-DARK 2XL,Knitwear,Sweatshirts
BOM-SWE-33703-BEIGES,Knitwear,Sweatshirts
BOM-SWE-33704-BEIGEM,Knitwear,Sweatshirts
BOM-SWE-33705-BEIGEL,Knitwear,Sweatshirts
BOM-SWE-33706-BEIGEXL,Knitwear,Sweatshirts
BOM-SWE-33707-BEIGE2XL,Knitwear,Sweatshirts
BOM-SWE-33816-BLACKS,Knitwear,Sweater
BOM-SWE-33817-BLACKM,Knitwear,Sweater
BOM-SWE-33818-BLACKL,Knitwear,Sweater
BOM-SWE-33819-BLACKXL,Knitwear,Sweater
BOM-SWE-33820-BLACK2XL,Knitwear,Sweater
BOM-SWE-33821-BLACK3XL,Knitwear,Sweater
BOM-SWE-33823-DARK S,Knitwear,Sweater
BOM-SWE-33824-DARK M,Knitwear,Sweater
BOM-SWE-33825-DARK L,Knitwear,Sweater
BOM-SWE-33826-DARK XL,Knitwear,Sweater
BOM-SWE-33827-DARK 2XL,Knitwear,Sweater
BOM-SWE-33828-DARK 3XL,Knitwear,Sweater
BOM-SWE-33829-NAVYS,Knitwear,Sweater
BOM-SWE-33830-NAVYM,Knitwear,Sweater
BOM-SWE-33831-NAVYL,Knitwear,Sweater
BOM-SWE-33832-NAVYXL,Knitwear,Sweater
BOM-SWE-33833-NAVY2XL,Knitwear,Sweater
BOM-SWE-33834-NAVY3XL,Knitwear,Sweater
BOM-SWE-33835-EGGSHS,Knitwear,Sweater
BOM-SWE-33836-EGGSHM,Knitwear,Sweater
BOM-SWE-33837-EGGSHL,Knitwear,Sweater
BOM-SWE-33838-EGGSHXL,Knitwear,Sweater
BOM-SWE-33839-EGGSH2XL,Knitwear,Sweater
BOM-SWE-33840-EGGSH3XL,Knitwear,Sweater
BOM-SWE-33841-DARK S,Knitwear,Sweater
BOM-SWE-33842-DARK M,Knitwear,Sweater
BOM-SWE-33843-DARK L,Knitwear,Sweater
BOM-SWE-33844-DARK XL,Knitwear,Sweater
BOM-SWE-33845-DARK 2XL,Knitwear,Sweater
BOM-SWE-33846-DARK 3XL,Knitwear,Sweater
BOM-SWE-33847-LIGHTS,Knitwear,Sweater
BOM-SWE-33848-LIGHTM,Knitwear,Sweater
BOM-SWE-33849-LIGHTL,Knitwear,Sweater
BOM-SWE-33850-LIGHTXL,Knitwear,Sweater
BOM-SWE-33851-LIGHT2XL,Knitwear,Sweater
BOM-SWE-33852-LIGHT3XL,Knitwear,Sweater
BOM-SWE-33853-BLACKS,Knitwear,Sweater
BOM-SWE-33854-BLACKM,Knitwear,Sweater
BOM-SWE-33855-BLACKL,Knitwear,Sweater
BOM-SWE-33856-BLACKXL,Knitwear,Sweater
BOM-SWE-33857-BLACK2XL,Knitwear,Sweater
BOM-SWE-33858-BLACK3XL,Knitwear,Sweater
BOM-SWE-33859-DARK S,Knitwear,Sweater
BOM-SWE-33860-DARK M,Knitwear,Sweater
BOM-SWE-33861-DARK L,Knitwear,Sweater
BOM-SWE-33862-DARK XL,Knitwear,Sweater
BOM-SWE-33863-DARK 2XL,Knitwear,Sweater
BOM-SWE-33864-DARK 3XL,Knitwear,Sweater
BOM-SWE-33865-NAVYS,Knitwear,Sweater
BOM-SWE-33866-NAVYM,Knitwear,Sweater
BOM-SWE-33867-NAVYL,Knitwear,Sweater
BOM-SWE-33868-NAVYXL,Knitwear,Sweater
BOM-SWE-33869-NAVY2XL,Knitwear,Sweater
BOM-SWE-33870-NAVY3XL,Knitwear,Sweater
BOM-SWE-33871-BROWNS,Knitwear,Sweater
BOM-SWE-33872-BROWNM,Knitwear,Sweater
BOM-SWE-33873-BROWNL,Knitwear,Sweater
BOM-SWE-33874-BROWNXL,Knitwear,Sweater
BOM-SWE-33875-BROWN2XL,Knitwear,Sweater
BOM-SWE-33876-BROWN3XL,Knitwear,Sweater
BOM-SWE-33877-LIGHTS,Knitwear,Sweater
BOM-SWE-33878-LIGHTM,Knitwear,Sweater
BOM-SWE-33879-LIGHTL,Knitwear,Sweater
BOM-SWE-33880-LIGHTXL,Knitwear,Sweater
BOM-SWE-33881-LIGHT2XL,Knitwear,Sweater
BOM-SWE-33882-LIGHT3XL,Knitwear,Sweater
BOM-SWE-RE-2353-S-ECRU,Knitwear,Sweatshirts
BOM-SWE-RE-2354-ECRU-M,Knitwear,Sweatshirts
BOM-SWE-RE-2355-ECRU-L,Knitwear,Sweatshirts
BOM-SWE-RE-2356-ECRU-XL,Knitwear,Sweatshirts
BOM-SWE-RE-2357-ECRU-2XL,Knitwear,Sweatshirts
BOM-T-S-18632-BLACKXS,Knitwear,Round Neck T-shirts
BOM-T-S-18633-BLACKS,Knitwear,Round Neck T-shirts
BOM-T-S-18634-BLACKM,Knitwear,Round Neck T-shirts
BOM-T-S-18635-BLACKL,Knitwear,Round Neck T-shirts
BOM-T-S-18637-BLACK2XL,Knitwear,Round Neck T-shirts
BOM-T-S-18638-BLACK3XL,Knitwear,Round Neck T-shirts
BOM-T-S-18639-BLACK4XL,Knitwear,Round Neck T-shirts
BOM-T-S-18640-NAVYXS,Knitwear,Round Neck T-shirts
BOM-T-S-18641-NAVYS,Knitwear,Round Neck T-shirts
BOM-T-S-18642-NAVYM,Knitwear,Round Neck T-shirts
BOM-T-S-18643-NAVYL,Knitwear,Round Neck T-shirts
BOM-T-S-18644-NAVYXL,Knitwear,Round Neck T-shirts
BOM-T-S-18645-NAVY2XL,Knitwear,Round Neck T-shirts
BOM-T-S-18646-NAVY3XL,Knitwear,Round Neck T-shirts
BOM-T-S-18647-NAVY4XL,Knitwear,Round Neck T-shirts
BOM-T-S-18716-WHITEXS,Knitwear,Round Neck T-shirts
BOM-T-S-18717-WHITES,Knitwear,Round Neck T-shirts
BOM-T-S-18718-WHITEM,Knitwear,Round Neck T-shirts
BOM-T-S-18719-WHITEL,Knitwear,Round Neck T-shirts
BOM-T-S-18720-WHITEXL,Knitwear,Round Neck T-shirts
BOM-T-S-18721-WHITE2XL,Knitwear,Round Neck T-shirts
BOM-T-S-18722-WHITE3XL,Knitwear,Round Neck T-shirts
BOM-T-S-18723-WHITE4XL,Knitwear,Round Neck T-shirts
BOM-T-S-18800-BLACKXS,Knitwear,Polo T-shirts
BOM-T-S-18801-BLACKS,Knitwear,Polo T-shirts
BOM-T-S-18802-BLACKM,Knitwear,Polo T-shirts
BOM-T-S-18803-BLACKL,Knitwear,Polo T-shirts
BOM-T-S-18804-BLACKXL,Knitwear,Polo T-shirts
BOM-T-S-18805-BLACK2XL,Knitwear,Polo T-shirts
BOM-T-S-18806-BLACK3XL,Knitwear,Polo T-shirts
BOM-T-S-18807-BLACK4XL,Knitwear,Polo T-shirts
BOM-T-S-18832-NAVYXS,Knitwear,Polo T-shirts
BOM-T-S-18833-NAVYS,Knitwear,Polo T-shirts
BOM-T-S-18834-NAVYM,Knitwear,Polo T-shirts
BOM-T-S-18835-NAVYL,Knitwear,Polo T-shirts
BOM-T-S-18836-NAVYXL,Knitwear,Polo T-shirts
BOM-T-S-18837-NAVY2XL,Knitwear,Polo T-shirts
BOM-T-S-18838-NAVY3XL,Knitwear,Polo T-shirts
BOM-T-S-18839-NAVY4XL,Knitwear,Polo T-shirts
BOM-T-S-18849-OLIVES,Knitwear,Polo T-shirts
BOM-T-S-18851-OLIVEL,Knitwear,Polo T-shirts
BOM-T-S-18852-OLIVEXL,Knitwear,Polo T-shirts
BOM-T-S-18853-OLIVE2XL,Knitwear,Polo T-shirts
BOM-T-S-18864-WHITEXS,Knitwear,Polo T-shirts
BOM-T-S-18865-WHITES,Knitwear,Polo T-shirts
BOM-T-S-18866-WHITEM,Knitwear,Polo T-shirts
BOM-T-S-18867-WHITEL,Knitwear,Polo T-shirts
BOM-T-S-18868-WHITEXL,Knitwear,Polo T-shirts
BOM-T-S-18869-WHITE2XL,Knitwear,Polo T-shirts
BOM-T-S-18870-WHITE3XL,Knitwear,Polo T-shirts
BOM-T-S-18871-WHITE4XL,Knitwear,Polo T-shirts
BOM-T-S-18934-LAVEN3XL,Knitwear,Polo T-shirts
BOM-T-S-19716-ROYALXS,Knitwear,Polo T-shirts
BOM-T-S-19719-ROYALL,Knitwear,Polo T-shirts
BOM-T-S-19724-RUSTXS,Knitwear,Polo T-shirts
BOM-T-S-19728-RUSTXL,Knitwear,Polo T-shirts
BOM-T-S-19729-RUST2XL,Knitwear,Polo T-shirts
BOM-T-S-19749-ROYALS,Knitwear,Round Neck T-shirts
BOM-T-S-19750-ROYALM,Knitwear,Round Neck T-shirts
BOM-T-S-19751-ROYALL,Knitwear,Round Neck T-shirts
BOM-T-S-19752-ROYALXL,Knitwear,Round Neck T-shirts
BOM-T-S-19753-ROYAL2XL,Knitwear,Round Neck T-shirts
BOM-T-S-19754-ROYAL3XL,Knitwear,Round Neck T-shirts
BOM-T-S-21111-PURPLXS,Knitwear,Polo T-shirts
BOM-T-S-21112-PURPLS,Knitwear,Polo T-shirts
BOM-T-S-21113-PURPLM,Knitwear,Polo T-shirts
BOM-T-S-21114-PURPLL,Knitwear,Polo T-shirts
BOM-T-S-21115-PURPLXL,Knitwear,Polo T-shirts
BOM-T-S-21116-PURPL2XL,Knitwear,Polo T-shirts
BOM-T-S-21117-PURPL3XL,Knitwear,Polo T-shirts
BOM-T-S-21120-MAROOS,Knitwear,Polo T-shirts
BOM-T-S-21122-MAROOL,Knitwear,Polo T-shirts
BOM-T-S-21123-MAROOXL,Knitwear,Polo T-shirts
BOM-T-S-21124-MAROO2XL,Knitwear,Polo T-shirts
BOM-T-S-21128-GREENS,Knitwear,Polo T-shirts
BOM-T-S-21130-GREENL,Knitwear,Polo T-shirts
BOM-T-S-21135-ORANGXS,Knitwear,Polo T-shirts
BOM-T-S-21136-ORANGS,Knitwear,Polo T-shirts
BOM-T-S-21140-ORANG2XL,Knitwear,Polo T-shirts
BOM-T-S-21141-ORANG3XL,Knitwear,Polo T-shirts
BOM-T-S-21142-ORANG4XL,Knitwear,Polo T-shirts
BOM-T-S-21180-LIGHTS,Knitwear,Round Neck T-shirts
BOM-T-S-21181-LIGHTM,Knitwear,Round Neck T-shirts
BOM-T-S-21182-LIGHTL,Knitwear,Round Neck T-shirts
BOM-T-S-21184-LIGHT2XL,Knitwear,Round Neck T-shirts
BOM-T-S-21188-BROWNS,Knitwear,Round Neck T-shirts
BOM-T-S-21189-BROWNM,Knitwear,Round Neck T-shirts
BOM-T-S-21190-BROWNL,Knitwear,Round Neck T-shirts
BOM-T-S-21191-BROWNXL,Knitwear,Round Neck T-shirts
BOM-T-S-21192-BROWN2XL,Knitwear,Round Neck T-shirts
BOM-T-S-21195-PURPLXS,Knitwear,Round Neck T-shirts
BOM-T-S-21196-PURPLS,Knitwear,Round Neck T-shirts
BOM-T-S-21197-PURPLM,Knitwear,Round Neck T-shirts
BOM-T-S-21198-PURPLL,Knitwear,Round Neck T-shirts
BOM-T-S-21199-PURPLXL,Knitwear,Round Neck T-shirts
BOM-T-S-21200-PURPL2XL,Knitwear,Round Neck T-shirts
BOM-T-S-21202-PURPL4XL,Knitwear,Round Neck T-shirts
BOM-T-S-21230-BLUEXS,Knitwear,Round Neck T-shirts
BOM-T-S-21232-BLUEM,Knitwear,Round Neck T-shirts
BOM-T-S-21233-BLUEL,Knitwear,Round Neck T-shirts
BOM-T-S-21234-BLUEXL,Knitwear,Round Neck T-shirts
BOM-T-S-21235-BLUE2XL,Knitwear,Round Neck T-shirts
BOM-T-S-21236-BLUE3XL,Knitwear,Round Neck T-shirts
BOM-T-S-21237-BLUE4XL,Knitwear,Round Neck T-shirts
BOM-T-S-23031-BLACKXS,Knitwear,Polo T-shirts
BOM-T-S-23032-BLACKS,Knitwear,Polo T-shirts
BOM-T-S-23033-BLACKM,Knitwear,Polo T-shirts
BOM-T-S-23034-BLACKL,Knitwear,Polo T-shirts
BOM-T-S-23035-BLACKXL,Knitwear,Polo T-shirts
BOM-T-S-23036-BLACK2XL,Knitwear,Polo T-shirts
BOM-T-S-23037-BLACK3XL,Knitwear,Polo T-shirts
BOM-T-S-23038-BLACK4XL,Knitwear,Polo T-shirts
BOM-T-S-23040-DARK S,Knitwear,Polo T-shirts
BOM-T-S-23041-DARK M,Knitwear,Polo T-shirts
BOM-T-S-23042-DARK L,Knitwear,Polo T-shirts
BOM-T-S-23044-DARK 2XL,Knitwear,Polo T-shirts
BOM-T-S-23048-NAVYS,Knitwear,Polo T-shirts
BOM-T-S-23050-NAVYL,Knitwear,Polo T-shirts
BOM-T-S-23051-NAVYXL,Knitwear,Polo T-shirts
BOM-T-S-23052-NAVY2XL,Knitwear,Polo T-shirts
BOM-T-S-23056-OLIVES,Knitwear,Polo T-shirts
BOM-T-S-23057-OLIVEM,Knitwear,Polo T-shirts
BOM-T-S-23058-OLIVEL,Knitwear,Polo T-shirts
BOM-T-S-23059-OLIVEXL,Knitwear,Polo T-shirts
BOM-T-S-23060-OLIVE2XL,Knitwear,Polo T-shirts
BOM-T-S-23061-OLIVE3XL,Knitwear,Polo T-shirts
BOM-T-S-23062-OLIVE4XL,Knitwear,Polo T-shirts
BOM-T-S-23063-WHITEXS,Knitwear,Polo T-shirts
BOM-T-S-23064-WHITES,Knitwear,Polo T-shirts
BOM-T-S-23065-WHITEM,Knitwear,Polo T-shirts
BOM-T-S-23066-WHITEL,Knitwear,Polo T-shirts
BOM-T-S-23067-WHITEXL,Knitwear,Polo T-shirts
BOM-T-S-23068-WHITE2XL,Knitwear,Polo T-shirts
BOM-T-S-23069-WHITE3XL,Knitwear,Polo T-shirts
BOM-T-S-23070-WHITE4XL,Knitwear,Polo T-shirts
BOM-T-S-25472-DARK XS,Knitwear,Round Neck T-shirts
BOM-T-S-25473-DARK S,Knitwear,Round Neck T-shirts
BOM-T-S-25474-DARK M,Knitwear,Round Neck T-shirts
BOM-T-S-25475-DARK L,Knitwear,Round Neck T-shirts
BOM-T-S-25477-DARK 2XL,Knitwear,Round Neck T-shirts
BOM-T-S-25478-DARK 3XL,Knitwear,Round Neck T-shirts
BOM-T-S-25630-BLUEXS,Knitwear,Round Neck T-shirts
BOM-T-S-25631-BLUES,Knitwear,Round Neck T-shirts
BOM-T-S-25632-BLUEM,Knitwear,Round Neck T-shirts
BOM-T-S-25633-BLUEL,Knitwear,Round Neck T-shirts
BOM-T-S-25634-BLUEXL,Knitwear,Round Neck T-shirts
BOM-T-S-25635-BLUE2XL,Knitwear,Round Neck T-shirts
BOM-T-S-26077-OLIVES,Knitwear,Polo T-shirts
BOM-T-S-26078-OLIVEM,Knitwear,Polo T-shirts
BOM-T-S-26080-OLIVEXL,Knitwear,Polo T-shirts
BOM-T-S-26081-OLIVE2XL,Knitwear,Polo T-shirts
BOM-T-S-26083-OLIVE4XL,Knitwear,Polo T-shirts
BOM-T-S-26085-DARK S,Knitwear,Polo T-shirts
BOM-T-S-26086-DARK M,Knitwear,Polo T-shirts
BOM-T-S-26087-DARK L,Knitwear,Polo T-shirts
BOM-T-S-26088-DARK XL,Knitwear,Polo T-shirts
BOM-T-S-26089-DARK 2XL,Knitwear,Polo T-shirts
BOM-T-S-26091-DARK 4XL,Knitwear,Polo T-shirts
BOM-T-S-26092-BROWNXS,Knitwear,Polo T-shirts
BOM-T-S-26093-BROWNS,Knitwear,Polo T-shirts
BOM-T-S-26094-BROWNM,Knitwear,Polo T-shirts
BOM-T-S-26095-BROWNL,Knitwear,Polo T-shirts
BOM-T-S-26096-BROWNXL,Knitwear,Polo T-shirts
BOM-T-S-26097-BROWN2XL,Knitwear,Polo T-shirts
BOM-T-S-26098-BROWN3XL,Knitwear,Polo T-shirts
BOM-T-S-26099-BROWN4XL,Knitwear,Polo T-shirts
BOM-T-S-26169-WHITES,Knitwear,Round Neck T-shirts
BOM-T-S-26170-WHITEM,Knitwear,Round Neck T-shirts
BOM-T-S-26171-WHITEL,Knitwear,Round Neck T-shirts
BOM-T-S-26172-WHITEXL,Knitwear,Round Neck T-shirts
BOM-T-S-26173-WHITE2XL,Knitwear,Round Neck T-shirts
BOM-T-S-26174-WHITE3XL,Knitwear,Round Neck T-shirts
BOM-T-S-26175-WHITE4XL,Knitwear,Round Neck T-shirts
BOM-T-S-26176-LIGHTXS,Knitwear,Round Neck T-shirts
BOM-T-S-26177-LIGHTS,Knitwear,Round Neck T-shirts
BOM-T-S-26178-LIGHTM,Knitwear,Round Neck T-shirts
BOM-T-S-26179-LIGHTL,Knitwear,Round Neck T-shirts
BOM-T-S-26180-LIGHTXL,Knitwear,Round Neck T-shirts
BOM-T-S-26181-LIGHT2XL,Knitwear,Round Neck T-shirts
BOM-T-S-26182-LIGHT3XL,Knitwear,Round Neck T-shirts
BOM-T-S-26184-BLACKXS,Knitwear,Round Neck T-shirts
BOM-T-S-26185-BLACKS,Knitwear,Round Neck T-shirts
BOM-T-S-26186-BLACKM,Knitwear,Round Neck T-shirts
BOM-T-S-26187-BLACKL,Knitwear,Round Neck T-shirts
BOM-T-S-26188-BLACKXL,Knitwear,Round Neck T-shirts
BOM-T-S-26189-BLACK2XL,Knitwear,Round Neck T-shirts
BOM-T-S-26190-BLACK3XL,Knitwear,Round Neck T-shirts
BOM-T-S-26191-BLACK4XL,Knitwear,Round Neck T-shirts
BOM-T-S-26205-WHITES,Knitwear,Round Neck T-shirts
BOM-T-S-26206-WHITEM,Knitwear,Round Neck T-shirts
BOM-T-S-26207-WHITEL,Knitwear,Round Neck T-shirts
BOM-T-S-26208-WHITEXL,Knitwear,Round Neck T-shirts
BOM-T-S-26209-WHITE2XL,Knitwear,Round Neck T-shirts
BOM-T-S-26210-WHITE3XL,Knitwear,Round Neck T-shirts
BOM-T-S-26211-WHITE4XL,Knitwear,Round Neck T-shirts
BOM-T-S-26212-BLACKXS,Knitwear,Round Neck T-shirts
BOM-T-S-26213-BLACKS,Knitwear,Round Neck T-shirts
BOM-T-S-26214-BLACKM,Knitwear,Round Neck T-shirts
BOM-T-S-26215-BLACKL,Knitwear,Round Neck T-shirts
BOM-T-S-26216-BLACKXL,Knitwear,Round Neck T-shirts
BOM-T-S-26217-BLACK2XL,Knitwear,Round Neck T-shirts
BOM-T-S-26218-BLACK3XL,Knitwear,Round Neck T-shirts
BOM-T-S-26219-BLACK4XL,Knitwear,Round Neck T-shirts
BOM-T-S-26221-BROWNS,Knitwear,Round Neck T-shirts
BOM-T-S-26223-BROWNL,Knitwear,Round Neck T-shirts
BOM-T-S-26224-BROWNXL,Knitwear,Round Neck T-shirts
BOM-T-S-26225-BROWN2XL,Knitwear,Round Neck T-shirts
BOM-T-S-26226-BROWN3XL,Knitwear,Round Neck T-shirts
BOM-T-S-26229-GREYS,Knitwear,Round Neck T-shirts
BOM-T-S-26230-GREYM,Knitwear,Round Neck T-shirts
BOM-T-S-26231-GREYL,Knitwear,Round Neck T-shirts
BOM-T-S-26232-GREYXL,Knitwear,Round Neck T-shirts
BOM-T-S-26233-GREY2XL,Knitwear,Round Neck T-shirts
BOM-T-S-26234-GREY3XL,Knitwear,Round Neck T-shirts
BOM-T-S-26236-NAVYXS,Knitwear,Round Neck T-shirts
BOM-T-S-26237-NAVYS,Knitwear,Round Neck T-shirts
BOM-T-S-26238-NAVYM,Knitwear,Round Neck T-shirts
BOM-T-S-26239-NAVYL,Knitwear,Round Neck T-shirts
BOM-T-S-26240-NAVYXL,Knitwear,Round Neck T-shirts
BOM-T-S-26241-NAVY2XL,Knitwear,Round Neck T-shirts
BOM-T-S-26242-NAVY3XL,Knitwear,Round Neck T-shirts
BOM-T-S-26253-GREENS,Knitwear,Round Neck T-shirts
BOM-T-S-26254-GREENM,Knitwear,Round Neck T-shirts
BOM-T-S-26255-GREENL,Knitwear,Round Neck T-shirts
BOM-T-S-26256-GREENXL,Knitwear,Round Neck T-shirts
BOM-T-S-26257-GREEN2XL,Knitwear,Round Neck T-shirts
BOM-T-S-26258-GREEN3XL,Knitwear,Round Neck T-shirts
BOM-T-S-26259-GREEN4XL,Knitwear,Round Neck T-shirts
BOM-T-S-26260-LIGHTXS,Knitwear,Polo T-shirts
BOM-T-S-26261-LIGHTS,Knitwear,Polo T-shirts
BOM-T-S-26262-LIGHTM,Knitwear,Polo T-shirts
BOM-T-S-26263-LIGHTL,Knitwear,Polo T-shirts
BOM-T-S-26264-LIGHTXL,Knitwear,Polo T-shirts
BOM-T-S-26265-LIGHT2XL,Knitwear,Polo T-shirts
BOM-T-S-26266-LIGHT3XL,Knitwear,Polo T-shirts
BOM-T-S-26267-LIGHT4XL,Knitwear,Polo T-shirts
BOM-T-S-26276-MILITXS,Knitwear,Polo T-shirts
BOM-T-S-26277-MILITS,Knitwear,Polo T-shirts
BOM-T-S-26278-MILITM,Knitwear,Polo T-shirts
BOM-T-S-26279-MILITL,Knitwear,Polo T-shirts
BOM-T-S-26280-MILITXL,Knitwear,Polo T-shirts
BOM-T-S-26281-MILIT2XL,Knitwear,Polo T-shirts
BOM-T-S-26283-MILIT4XL,Knitwear,Polo T-shirts
BOM-T-S-26368-DARK XS,Knitwear,Round Neck T-shirts
BOM-T-S-26369-DARK S,Knitwear,Round Neck T-shirts
BOM-T-S-26370-DARK M,Knitwear,Round Neck T-shirts
BOM-T-S-26371-DARK L,Knitwear,Round Neck T-shirts
BOM-T-S-26372-DARK XL,Knitwear,Round Neck T-shirts
BOM-T-S-26374-DARK 3XL,Knitwear,Round Neck T-shirts
BOM-T-S-26623-BLUEXS,Knitwear,Polo T-shirts
BOM-T-S-26624-BLUES,Knitwear,Polo T-shirts
BOM-T-S-26625-BLUEM,Knitwear,Polo T-shirts
BOM-T-S-26626-BLUEL,Knitwear,Polo T-shirts
BOM-T-S-26627-BLUEXL,Knitwear,Polo T-shirts
BOM-T-S-26629-BLUE3XL,Knitwear,Polo T-shirts
BOM-T-S-26630-BLUE4XL,Knitwear,Polo T-shirts
BOM-T-S-26963-BLUEXS,Knitwear,Round Neck T-shirts
BOM-T-S-26964-BLUES,Knitwear,Round Neck T-shirts
BOM-T-S-26965-BLUEM,Knitwear,Round Neck T-shirts
BOM-T-S-26966-BLUEL,Knitwear,Round Neck T-shirts
BOM-T-S-26967-BLUEXL,Knitwear,Round Neck T-shirts
BOM-T-S-26968-BLUE2XL,Knitwear,Round Neck T-shirts
BOM-T-S-26969-BLUE3XL,Knitwear,Round Neck T-shirts
BOM-T-S-26970-BLUE4XL,Knitwear,Round Neck T-shirts
BOM-T-S-27126-BLACKXS,Knitwear,Polo T-shirts
BOM-T-S-27127-BLACKS,Knitwear,Polo T-shirts
BOM-T-S-27128-BLACKM,Knitwear,Polo T-shirts
BOM-T-S-27129-BLACKL,Knitwear,Polo T-shirts
BOM-T-S-27130-BLACKXL,Knitwear,Polo T-shirts
BOM-T-S-27131-BLACK2XL,Knitwear,Polo T-shirts
BOM-T-S-27132-BLACK3XL,Knitwear,Polo T-shirts
BOM-T-S-27133-BLACK4XL,Knitwear,Polo T-shirts
BOM-T-S-28021-LIGHTXS,Knitwear,Polo T-shirts
BOM-T-S-28022-LIGHTS,Knitwear,Polo T-shirts
BOM-T-S-28023-LIGHTM,Knitwear,Polo T-shirts
BOM-T-S-28024-LIGHTL,Knitwear,Polo T-shirts
BOM-T-S-28025-LIGHTXL,Knitwear,Polo T-shirts
BOM-T-S-28026-LIGHT2XL,Knitwear,Polo T-shirts
BOM-T-S-28027-LIGHT3XL,Knitwear,Polo T-shirts
BOM-T-S-28028-LIGHT4XL,Knitwear,Polo T-shirts
BOM-T-S-28029-DARK XS,Knitwear,Round Neck T-shirts
BOM-T-S-28030-DARK S,Knitwear,Round Neck T-shirts
BOM-T-S-28031-DARK M,Knitwear,Round Neck T-shirts
BOM-T-S-28032-DARK L,Knitwear,Round Neck T-shirts
BOM-T-S-28033-DARK XL,Knitwear,Round Neck T-shirts
BOM-T-S-28034-DARK 2XL,Knitwear,Round Neck T-shirts
BOM-T-S-28035-DARK 3XL,Knitwear,Round Neck T-shirts
BOM-T-S-28036-DARK 4XL,Knitwear,Round Neck T-shirts
BOM-T-S-28037-SANDXS,Knitwear,Round Neck T-shirts
BOM-T-S-28038-SANDS,Knitwear,Round Neck T-shirts
BOM-T-S-28039-SANDM,Knitwear,Round Neck T-shirts
BOM-T-S-28040-SANDL,Knitwear,Round Neck T-shirts
BOM-T-S-28041-SANDXL,Knitwear,Round Neck T-shirts
BOM-T-S-28042-SAND2XL,Knitwear,Round Neck T-shirts
BOM-T-S-28043-SAND3XL,Knitwear,Round Neck T-shirts
BOM-T-S-28044-SAND4XL,Knitwear,Round Neck T-shirts
BOM-T-S-29255-LIGHTXS,Knitwear,Round Neck T-shirts
BOM-T-S-29256-LIGHTS,Knitwear,Round Neck T-shirts
BOM-T-S-29257-LIGHTM,Knitwear,Round Neck T-shirts
BOM-T-S-29258-LIGHTL,Knitwear,Round Neck T-shirts
BOM-T-S-29259-LIGHTXL,Knitwear,Round Neck T-shirts
BOM-T-S-29260-LIGHT2XL,Knitwear,Round Neck T-shirts
BOM-T-S-29261-LIGHT3XL,Knitwear,Round Neck T-shirts
BOM-T-S-29262-LIGHT4XL,Knitwear,Round Neck T-shirts
BOM-T-S-29263-LIGHTXS,Knitwear,Round Neck T-shirts
BOM-T-S-29264-LIGHTS,Knitwear,Round Neck T-shirts
BOM-T-S-29265-LIGHTM,Knitwear,Round Neck T-shirts
BOM-T-S-29266-LIGHTL,Knitwear,Round Neck T-shirts
BOM-T-S-29267-LIGHTXL,Knitwear,Round Neck T-shirts
BOM-T-S-29268-LIGHT2XL,Knitwear,Round Neck T-shirts
BOM-T-S-29269-LIGHT3XL,Knitwear,Round Neck T-shirts
BOM-T-S-29270-LIGHT4XL,Knitwear,Round Neck T-shirts
BOM-T-S-29271-LIGHTXS,Knitwear,Round Neck T-shirts
BOM-T-S-29272-LIGHTS,Knitwear,Round Neck T-shirts
BOM-T-S-29273-LIGHTM,Knitwear,Round Neck T-shirts
BOM-T-S-29274-LIGHTL,Knitwear,Round Neck T-shirts
BOM-T-S-29275-LIGHTXL,Knitwear,Round Neck T-shirts
BOM-T-S-29276-LIGHT2XL,Knitwear,Round Neck T-shirts
BOM-T-S-29277-LIGHT3XL,Knitwear,Round Neck T-shirts
BOM-T-S-29278-LIGHT4XL,Knitwear,Round Neck T-shirts
BOM-T-S-29279-BEIGEXS,Knitwear,Polo T-shirts
BOM-T-S-29280-BEIGES,Knitwear,Polo T-shirts
BOM-T-S-29281-BEIGEM,Knitwear,Polo T-shirts
BOM-T-S-29282-BEIGEL,Knitwear,Polo T-shirts
BOM-T-S-29283-BEIGEXL,Knitwear,Polo T-shirts
BOM-T-S-29284-BEIGE2XL,Knitwear,Polo T-shirts
BOM-T-S-29285-BEIGE3XL,Knitwear,Polo T-shirts
BOM-T-S-29286-BEIGE4XL,Knitwear,Polo T-shirts
BOM-T-S-29287-LIGHTXS,Knitwear,Polo T-shirts
BOM-T-S-29288-LIGHTS,Knitwear,Polo T-shirts
BOM-T-S-29289-LIGHTM,Knitwear,Polo T-shirts
BOM-T-S-29290-LIGHTL,Knitwear,Polo T-shirts
BOM-T-S-29291-LIGHTXL,Knitwear,Polo T-shirts
BOM-T-S-29292-LIGHT2XL,Knitwear,Polo T-shirts
BOM-T-S-29293-LIGHT3XL,Knitwear,Polo T-shirts
BOM-T-S-29294-LIGHT4XL,Knitwear,Polo T-shirts
BOM-T-S-29295-LIGHTXS,Knitwear,Polo T-shirts
BOM-T-S-29296-LIGHTS,Knitwear,Polo T-shirts
BOM-T-S-29297-LIGHTM,Knitwear,Polo T-shirts
BOM-T-S-29298-LIGHTL,Knitwear,Polo T-shirts
BOM-T-S-29299-LIGHTXL,Knitwear,Polo T-shirts
BOM-T-S-29300-LIGHT2XL,Knitwear,Polo T-shirts
BOM-T-S-29301-LIGHT3XL,Knitwear,Polo T-shirts
BOM-T-S-29302-LIGHT4XL,Knitwear,Polo T-shirts
BOM-T-S-29303-LIGHTXS,Knitwear,Polo T-shirts
BOM-T-S-29304-LIGHTS,Knitwear,Polo T-shirts
BOM-T-S-29305-LIGHTM,Knitwear,Polo T-shirts
BOM-T-S-29306-LIGHTL,Knitwear,Polo T-shirts
BOM-T-S-29307-LIGHTXL,Knitwear,Polo T-shirts
BOM-T-S-29308-LIGHT2XL,Knitwear,Polo T-shirts
BOM-T-S-29309-LIGHT3XL,Knitwear,Polo T-shirts
BOM-T-S-29310-LIGHT4XL,Knitwear,Polo T-shirts
BOM-T-S-29311-BLACKXS,Knitwear,Round Neck T-shirts
BOM-T-S-29312-BLACKS,Knitwear,Round Neck T-shirts
BOM-T-S-29313-BLACKM,Knitwear,Round Neck T-shirts
BOM-T-S-29314-BLACKL,Knitwear,Round Neck T-shirts
BOM-T-S-29315-BLACKXL,Knitwear,Round Neck T-shirts
BOM-T-S-29316-BLACK2XL,Knitwear,Round Neck T-shirts
BOM-T-S-29317-BLACK3XL,Knitwear,Round Neck T-shirts
BOM-T-S-29318-BLACK4XL,Knitwear,Round Neck T-shirts
BOM-T-S-29319-WHITEXS,Knitwear,Round Neck T-shirts
BOM-T-S-29320-WHITES,Knitwear,Round Neck T-shirts
BOM-T-S-29321-WHITEM,Knitwear,Round Neck T-shirts
BOM-T-S-29322-WHITEL,Knitwear,Round Neck T-shirts
BOM-T-S-29323-WHITEXL,Knitwear,Round Neck T-shirts
BOM-T-S-29324-WHITE2XL,Knitwear,Round Neck T-shirts
BOM-T-S-29325-WHITE3XL,Knitwear,Round Neck T-shirts
BOM-T-S-29326-WHITE4XL,Knitwear,Round Neck T-shirts
BOM-T-S-29327-DARK XS,Knitwear,Round Neck T-shirts
BOM-T-S-29328-DARK S,Knitwear,Round Neck T-shirts
BOM-T-S-29329-DARK M,Knitwear,Round Neck T-shirts
BOM-T-S-29330-DARK L,Knitwear,Round Neck T-shirts
BOM-T-S-29331-DARK XL,Knitwear,Round Neck T-shirts
BOM-T-S-29332-DARK 2XL,Knitwear,Round Neck T-shirts
BOM-T-S-29333-DARK 3XL,Knitwear,Round Neck T-shirts
BOM-T-S-29334-DARK 4XL,Knitwear,Round Neck T-shirts
BOM-T-S-29611-DARK XS,Knitwear,Round Neck T-shirts
BOM-T-S-29612-DARK S,Knitwear,Round Neck T-shirts
BOM-T-S-29613-DARK M,Knitwear,Round Neck T-shirts
BOM-T-S-29614-DARK L,Knitwear,Round Neck T-shirts
BOM-T-S-29615-DARK XL,Knitwear,Round Neck T-shirts
BOM-T-S-29616-DARK 2XL,Knitwear,Round Neck T-shirts
BOM-T-S-29617-DARK 3XL,Knitwear,Round Neck T-shirts
BOM-T-S-29618-DARK 4XL,Knitwear,Round Neck T-shirts
BOM-T-S-30928-LIGHTXS,Knitwear,Polo T-shirts
BOM-T-S-30929-LIGHTS,Knitwear,Polo T-shirts
BOM-T-S-30930-LIGHTM,Knitwear,Polo T-shirts
BOM-T-S-30931-LIGHTL,Knitwear,Polo T-shirts
BOM-T-S-30932-LIGHTXL,Knitwear,Polo T-shirts
BOM-T-S-30933-LIGHT2XL,Knitwear,Polo T-shirts
BOM-T-S-30934-LIGHT3XL,Knitwear,Polo T-shirts
BOM-T-S-30935-LIGHT4XL,Knitwear,Polo T-shirts
BOM-T-S-30944-GREYXS,Knitwear,Polo T-shirts
BOM-T-S-30945-GREYS,Knitwear,Polo T-shirts
BOM-T-S-30946-GREYM,Knitwear,Polo T-shirts
BOM-T-S-30947-GREYL,Knitwear,Polo T-shirts
BOM-T-S-30948-GREYXL,Knitwear,Polo T-shirts
BOM-T-S-30949-GREY2XL,Knitwear,Polo T-shirts
BOM-T-S-30950-GREY3XL,Knitwear,Polo T-shirts
BOM-T-S-30952-DARK XS,Knitwear,Polo T-shirts
BOM-T-S-30953-DARK S,Knitwear,Polo T-shirts
BOM-T-S-30954-DARK M,Knitwear,Polo T-shirts
BOM-T-S-30955-DARK L,Knitwear,Polo T-shirts
BOM-T-S-30956-DARK XL,Knitwear,Polo T-shirts
BOM-T-S-30957-DARK 2XL,Knitwear,Polo T-shirts
BOM-T-S-30958-DARK 3XL,Knitwear,Polo T-shirts
BOM-T-S-30959-DARK 4XL,Knitwear,Polo T-shirts
BOM-T-S-31274-LIGHTXS,Knitwear,Round Neck T-shirts
BOM-T-S-31275-LIGHTS,Knitwear,Round Neck T-shirts
BOM-T-S-31276-LIGHTM,Knitwear,Round Neck T-shirts
BOM-T-S-31277-LIGHTL,Knitwear,Round Neck T-shirts
BOM-T-S-31278-LIGHTXL,Knitwear,Round Neck T-shirts
BOM-T-S-31279-LIGHT2XL,Knitwear,Round Neck T-shirts
BOM-T-S-31280-LIGHT3XL,Knitwear,Round Neck T-shirts
BOM-T-S-31281-LIGHT4XL,Knitwear,Round Neck T-shirts
BOM-T-S-31282-CREAMXS,Knitwear,Round Neck T-shirts
BOM-T-S-31283-CREAMS,Knitwear,Round Neck T-shirts
BOM-T-S-31284-CREAMM,Knitwear,Round Neck T-shirts
BOM-T-S-31285-CREAML,Knitwear,Round Neck T-shirts
BOM-T-S-31286-CREAMXL,Knitwear,Round Neck T-shirts
BOM-T-S-31287-CREAM2XL,Knitwear,Round Neck T-shirts
BOM-T-S-31288-CREAM3XL,Knitwear,Round Neck T-shirts
BOM-T-S-31289-CREAM4XL,Knitwear,Round Neck T-shirts
BOM-T-S-31290-GREYXS,Knitwear,Round Neck T-shirts
BOM-T-S-31291-GREYS,Knitwear,Round Neck T-shirts
BOM-T-S-31292-GREYM,Knitwear,Round Neck T-shirts
BOM-T-S-31293-GREYL,Knitwear,Round Neck T-shirts
BOM-T-S-31294-GREYXL,Knitwear,Round Neck T-shirts
BOM-T-S-31295-GREY2XL,Knitwear,Round Neck T-shirts
BOM-T-S-31296-GREY3XL,Knitwear,Round Neck T-shirts
BOM-T-S-31297-GREY4XL,Knitwear,Round Neck T-shirts
BOM-T-S-31649-GREENXS,Knitwear,Polo T-shirts
BOM-T-S-31650-GREENS,Knitwear,Polo T-shirts
BOM-T-S-31651-GREENM,Knitwear,Polo T-shirts
BOM-T-S-31652-GREENL,Knitwear,Polo T-shirts
BOM-T-S-31653-GREENXL,Knitwear,Polo T-shirts
BOM-T-S-31654-GREEN2XL,Knitwear,Polo T-shirts
BOM-T-S-31669-BLUEXS,Knitwear,Polo T-shirts
BOM-T-S-31670-BLUES,Knitwear,Polo T-shirts
BOM-T-S-31671-BLUEM,Knitwear,Polo T-shirts
BOM-T-S-31672-BLUEL,Knitwear,Polo T-shirts
BOM-T-S-31673-BLUEXL,Knitwear,Polo T-shirts
BOM-T-S-31674-BLUE2XL,Knitwear,Polo T-shirts
BOM-T-S-31677-DARK XS,Knitwear,Polo T-shirts
BOM-T-S-31678-DARK S,Knitwear,Polo T-shirts
BOM-T-S-31679-DARK M,Knitwear,Polo T-shirts
BOM-T-S-31680-DARK L,Knitwear,Polo T-shirts
BOM-T-S-31681-DARK XL,Knitwear,Polo T-shirts
BOM-T-S-31682-DARK 2XL,Knitwear,Polo T-shirts
BOM-T-S-31683-DARK 3XL,Knitwear,Polo T-shirts
BOM-T-S-31684-DARK 4XL,Knitwear,Polo T-shirts
BOM-T-S-31685-PURPLXS,Knitwear,Polo T-shirts
BOM-T-S-31686-PURPLS,Knitwear,Polo T-shirts
BOM-T-S-31687-PURPLM,Knitwear,Polo T-shirts
BOM-T-S-31688-PURPLL,Knitwear,Polo T-shirts
BOM-T-S-31689-PURPLXL,Knitwear,Polo T-shirts
BOM-T-S-31690-PURPL2XL,Knitwear,Polo T-shirts
BOM-T-S-31691-PURPL3XL,Knitwear,Polo T-shirts
BOM-T-S-31693-REDXS,Knitwear,Polo T-shirts
BOM-T-S-31694-REDS,Knitwear,Polo T-shirts
BOM-T-S-31695-REDM,Knitwear,Polo T-shirts
BOM-T-S-31696-REDL,Knitwear,Polo T-shirts
BOM-T-S-31697-REDXL,Knitwear,Polo T-shirts
BOM-T-S-31698-RED2XL,Knitwear,Polo T-shirts
BOM-T-S-31699-RED3XL,Knitwear,Polo T-shirts
BOM-T-S-31700-RED4XL,Knitwear,Polo T-shirts
BOM-T-S-31713-DARK XS,Knitwear,Polo T-shirts
BOM-T-S-31715-DARK M,Knitwear,Polo T-shirts
BOM-T-S-31716-DARK L,Knitwear,Polo T-shirts
BOM-T-S-31717-DARK XL,Knitwear,Polo T-shirts
BOM-T-S-31718-DARK 2XL,Knitwear,Polo T-shirts
BOM-T-S-31719-DARK 3XL,Knitwear,Polo T-shirts
BOM-T-S-31721-LIGHTXS,Knitwear,Polo T-shirts
BOM-T-S-31722-LIGHTS,Knitwear,Polo T-shirts
BOM-T-S-31723-LIGHTM,Knitwear,Polo T-shirts
BOM-T-S-31724-LIGHTL,Knitwear,Polo T-shirts
BOM-T-S-31725-LIGHTXL,Knitwear,Polo T-shirts
BOM-T-S-31726-LIGHT2XL,Knitwear,Polo T-shirts
BOM-T-S-31727-LIGHT3XL,Knitwear,Polo T-shirts
BOM-T-S-31729-GREENXS,Knitwear,Polo T-shirts
BOM-T-S-31730-GREENS,Knitwear,Polo T-shirts
BOM-T-S-31731-GREENM,Knitwear,Polo T-shirts
BOM-T-S-31732-GREENL,Knitwear,Polo T-shirts
BOM-T-S-31733-GREENXL,Knitwear,Polo T-shirts
BOM-T-S-31734-GREEN2XL,Knitwear,Polo T-shirts
BOM-T-S-31735-GREEN3XL,Knitwear,Polo T-shirts
BOM-T-S-31736-GREEN4XL,Knitwear,Polo T-shirts
BOM-T-S-31753-PINKXS,Knitwear,Round Neck T-shirts
BOM-T-S-31754-PINKS,Knitwear,Round Neck T-shirts
BOM-T-S-31755-PINKM,Knitwear,Round Neck T-shirts
BOM-T-S-31756-PINKL,Knitwear,Round Neck T-shirts
BOM-T-S-31757-PINKXL,Knitwear,Round Neck T-shirts
BOM-T-S-31759-PINK3XL,Knitwear,Round Neck T-shirts
BOM-T-S-31761-BROWNXS,Knitwear,Round Neck T-shirts
BOM-T-S-31762-BROWNS,Knitwear,Round Neck T-shirts
BOM-T-S-31763-BROWNM,Knitwear,Round Neck T-shirts
BOM-T-S-31764-BROWNL,Knitwear,Round Neck T-shirts
BOM-T-S-31765-BROWNXL,Knitwear,Round Neck T-shirts
BOM-T-S-31766-BROWN2XL,Knitwear,Round Neck T-shirts
BOM-T-S-31767-BROWN3XL,Knitwear,Round Neck T-shirts
BOM-T-S-31768-BROWN4XL,Knitwear,Round Neck T-shirts
BOM-T-S-31769-OLIVEXS,Knitwear,Round Neck T-shirts
BOM-T-S-31770-OLIVES,Knitwear,Round Neck T-shirts
BOM-T-S-31771-OLIVEM,Knitwear,Round Neck T-shirts
BOM-T-S-31772-OLIVEL,Knitwear,Round Neck T-shirts
BOM-T-S-31773-OLIVEXL,Knitwear,Round Neck T-shirts
BOM-T-S-31774-OLIVE2XL,Knitwear,Round Neck T-shirts
BOM-T-S-31775-OLIVE3XL,Knitwear,Round Neck T-shirts
BOM-T-S-31776-OLIVE4XL,Knitwear,Round Neck T-shirts
BOM-T-S-31777-MID BXS,Knitwear,Round Neck T-shirts
BOM-T-S-31778-MID BS,Knitwear,Round Neck T-shirts
BOM-T-S-31779-MID BM,Knitwear,Round Neck T-shirts
BOM-T-S-31780-MID BL,Knitwear,Round Neck T-shirts
BOM-T-S-31781-MID BXL,Knitwear,Round Neck T-shirts
BOM-T-S-31782-MID B2XL,Knitwear,Round Neck T-shirts
BOM-T-S-31783-MID B3XL,Knitwear,Round Neck T-shirts
BOM-T-S-31784-MID B4XL,Knitwear,Round Neck T-shirts
BOM-T-S-31809-DARK XS,Knitwear,Round Neck T-shirts
BOM-T-S-31810-DARK S,Knitwear,Round Neck T-shirts
BOM-T-S-31811-DARK M,Knitwear,Round Neck T-shirts
BOM-T-S-31812-DARK L,Knitwear,Round Neck T-shirts
BOM-T-S-31813-DARK XL,Knitwear,Round Neck T-shirts
BOM-T-S-31814-DARK 2XL,Knitwear,Round Neck T-shirts
BOM-T-S-31815-DARK 3XL,Knitwear,Round Neck T-shirts
BOM-T-S-31816-DARK 4XL,Knitwear,Round Neck T-shirts
BOM-T-S-31823-PURPLS,Knitwear,Polo T-shirts
BOM-T-S-31824-PURPLM,Knitwear,Polo T-shirts
BOM-T-S-31825-PURPLL,Knitwear,Polo T-shirts
BOM-T-S-31826-PURPLXL,Knitwear,Polo T-shirts
BOM-T-S-31827-PURPL2XL,Knitwear,Polo T-shirts
BOM-T-S-31828-PURPL3XL,Knitwear,Polo T-shirts
BOM-T-S-31829-PURPL4XL,Knitwear,Polo T-shirts
BOM-T-S-31830-PURPLXS,Knitwear,Polo T-shirts
BOM-T-S-31831-GREYXS,Knitwear,Polo T-shirts
BOM-T-S-31832-GREYS,Knitwear,Polo T-shirts
BOM-T-S-31833-GREYM,Knitwear,Polo T-shirts
BOM-T-S-31834-GREYL,Knitwear,Polo T-shirts
BOM-T-S-31835-GREYXL,Knitwear,Polo T-shirts
BOM-T-S-31836-GREY2XL,Knitwear,Polo T-shirts
BOM-T-S-31837-GREY3XL,Knitwear,Polo T-shirts
BOM-T-S-31839-BROWNXS,Knitwear,Polo T-shirts
BOM-T-S-31840-BROWNS,Knitwear,Polo T-shirts
BOM-T-S-31841-BROWNM,Knitwear,Polo T-shirts
BOM-T-S-31842-BROWNL,Knitwear,Polo T-shirts
BOM-T-S-31843-BROWNXL,Knitwear,Polo T-shirts
BOM-T-S-31844-BROWN2XL,Knitwear,Polo T-shirts
BOM-T-S-31845-BROWN3XL,Knitwear,Polo T-shirts
BOM-T-S-31846-BROWN4XL,Knitwear,Polo T-shirts
BOM-T-S-31847-PEACHXS,Knitwear,Polo T-shirts
BOM-T-S-31848-PEACHS,Knitwear,Polo T-shirts
BOM-T-S-31849-PEACHM,Knitwear,Polo T-shirts
BOM-T-S-31850-PEACHL,Knitwear,Polo T-shirts
BOM-T-S-31851-PEACHXL,Knitwear,Polo T-shirts
BOM-T-S-31852-PEACH2XL,Knitwear,Polo T-shirts
BOM-T-S-31853-PEACH3XL,Knitwear,Polo T-shirts
BOM-T-S-31854-PEACH4XL,Knitwear,Polo T-shirts
BOM-T-S-31855-CREAMXS,Knitwear,Round Neck T-shirts
BOM-T-S-31856-CREAMS,Knitwear,Round Neck T-shirts
BOM-T-S-31857-CREAMM,Knitwear,Round Neck T-shirts
BOM-T-S-31858-CREAML,Knitwear,Round Neck T-shirts
BOM-T-S-31859-CREAMXL,Knitwear,Round Neck T-shirts
BOM-T-S-31860-CREAM2XL,Knitwear,Round Neck T-shirts
BOM-T-S-31861-CREAM3XL,Knitwear,Round Neck T-shirts
BOM-T-S-31862-CREAM4XL,Knitwear,Round Neck T-shirts
BOM-T-S-31863-GREENXS,Knitwear,Round Neck T-shirts
BOM-T-S-31864-GREENS,Knitwear,Round Neck T-shirts
BOM-T-S-31865-GREENM,Knitwear,Round Neck T-shirts
BOM-T-S-31866-GREENL,Knitwear,Round Neck T-shirts
BOM-T-S-31867-GREENXL,Knitwear,Round Neck T-shirts
BOM-T-S-31868-GREEN2XL,Knitwear,Round Neck T-shirts
BOM-T-S-31869-GREEN3XL,Knitwear,Round Neck T-shirts
BOM-T-S-31870-GREEN4XL,Knitwear,Round Neck T-shirts
BOM-T-S-31879-MAROOXS,Knitwear,Round Neck T-shirts
BOM-T-S-31880-MAROOS,Knitwear,Round Neck T-shirts
BOM-T-S-31881-MAROOM,Knitwear,Round Neck T-shirts
BOM-T-S-31882-MAROOL,Knitwear,Round Neck T-shirts
BOM-T-S-31883-MAROOXL,Knitwear,Round Neck T-shirts
BOM-T-S-31884-MAROO2XL,Knitwear,Round Neck T-shirts
BOM-T-S-31885-MAROO3XL,Knitwear,Round Neck T-shirts
BOM-T-S-31886-MAROO4XL,Knitwear,Round Neck T-shirts
BOM-T-S-31887-REDXS,Knitwear,Round Neck T-shirts
BOM-T-S-31888-REDS,Knitwear,Round Neck T-shirts
BOM-T-S-31889-REDM,Knitwear,Round Neck T-shirts
BOM-T-S-31890-REDL,Knitwear,Round Neck T-shirts
BOM-T-S-31891-REDXL,Knitwear,Round Neck T-shirts
BOM-T-S-31892-RED2XL,Knitwear,Round Neck T-shirts
BOM-T-S-31893-RED3XL,Knitwear,Round Neck T-shirts
BOM-T-S-31894-RED4XL,Knitwear,Round Neck T-shirts
BOM-T-S-31895-GREENXS,Knitwear,Round Neck T-shirts
BOM-T-S-31896-GREENS,Knitwear,Round Neck T-shirts
BOM-T-S-31897-GREENM,Knitwear,Round Neck T-shirts
BOM-T-S-31898-GREENL,Knitwear,Round Neck T-shirts
BOM-T-S-31899-GREENXL,Knitwear,Round Neck T-shirts
BOM-T-S-31900-GREEN2XL,Knitwear,Round Neck T-shirts
BOM-T-S-31901-GREEN3XL,Knitwear,Round Neck T-shirts
BOM-T-S-31902-GREEN4XL,Knitwear,Round Neck T-shirts
BOM-T-S-31903-MAROOXS,Knitwear,Round Neck T-shirts
BOM-T-S-31904-MAROOS,Knitwear,Round Neck T-shirts
BOM-T-S-31905-MAROOM,Knitwear,Round Neck T-shirts
BOM-T-S-31906-MAROOL,Knitwear,Round Neck T-shirts
BOM-T-S-31907-MAROOXL,Knitwear,Round Neck T-shirts
BOM-T-S-31908-MAROO2XL,Knitwear,Round Neck T-shirts
BOM-T-S-31909-MAROO3XL,Knitwear,Round Neck T-shirts
BOM-T-S-31910-MAROO4XL,Knitwear,Round Neck T-shirts
BOM-T-S-31919-CHARCXS,Knitwear,Round Neck T-shirts
BOM-T-S-31920-CHARCS,Knitwear,Round Neck T-shirts
BOM-T-S-31921-CHARCM,Knitwear,Round Neck T-shirts
BOM-T-S-31922-CHARCL,Knitwear,Round Neck T-shirts
BOM-T-S-31923-CHARCXL,Knitwear,Round Neck T-shirts
BOM-T-S-31924-CHARC2XL,Knitwear,Round Neck T-shirts
BOM-T-S-31925-CHARC3XL,Knitwear,Round Neck T-shirts
BOM-T-S-31926-CHARC4XL,Knitwear,Round Neck T-shirts
BOM-T-S-32119-BLUEXS,Knitwear,Round Neck T-shirts
BOM-T-S-32120-BLUES,Knitwear,Round Neck T-shirts
BOM-T-S-32121-BLUEM,Knitwear,Round Neck T-shirts
BOM-T-S-32122-BLUEL,Knitwear,Round Neck T-shirts
BOM-T-S-32123-BLUEXL,Knitwear,Round Neck T-shirts
BOM-T-S-32124-BLUE2XL,Knitwear,Round Neck T-shirts
BOM-T-S-32125-BLUE3XL,Knitwear,Round Neck T-shirts
BOM-T-S-32126-BLUE4XL,Knitwear,Round Neck T-shirts
BOM-T-S-32753-WHITEXS,Knitwear,Polo T-shirts
BOM-T-S-32754-WHITES,Knitwear,Polo T-shirts
BOM-T-S-32755-WHITEM,Knitwear,Polo T-shirts
BOM-T-S-32756-WHITEL,Knitwear,Polo T-shirts
BOM-T-S-32757-WHITEXL,Knitwear,Polo T-shirts
BOM-T-S-32758-WHITE2XL,Knitwear,Polo T-shirts
BOM-T-S-32771-BLACKXS,Knitwear,Polo T-shirts
BOM-T-S-32772-BLACKS,Knitwear,Polo T-shirts
BOM-T-S-32773-BLACKM,Knitwear,Polo T-shirts
BOM-T-S-32774-BLACKL,Knitwear,Polo T-shirts
BOM-T-S-32775-BLACKXL,Knitwear,Polo T-shirts
BOM-T-S-32776-BLACK2XL,Knitwear,Polo T-shirts
BOM-T-S-32777-GREYXS,Knitwear,Polo T-shirts
BOM-T-S-32778-GREYS,Knitwear,Polo T-shirts
BOM-T-S-32779-GREYM,Knitwear,Polo T-shirts
BOM-T-S-32780-GREYL,Knitwear,Polo T-shirts
BOM-T-S-32781-GREYXL,Knitwear,Polo T-shirts
BOM-T-S-32782-GREY2XL,Knitwear,Polo T-shirts
BOM-T-S-32783-NAVYXS,Knitwear,Polo T-shirts
BOM-T-S-32784-NAVYS,Knitwear,Polo T-shirts
BOM-T-S-32785-NAVYM,Knitwear,Polo T-shirts
BOM-T-S-32786-NAVYL,Knitwear,Polo T-shirts
BOM-T-S-32787-NAVYXL,Knitwear,Polo T-shirts
BOM-T-S-32788-NAVY2XL,Knitwear,Polo T-shirts
BOM-T-S-32789-OLIVEXS,Knitwear,Polo T-shirts
BOM-T-S-32790-OLIVES,Knitwear,Polo T-shirts
BOM-T-S-32791-OLIVEM,Knitwear,Polo T-shirts
BOM-T-S-32792-OLIVEL,Knitwear,Polo T-shirts
BOM-T-S-32793-OLIVEXL,Knitwear,Polo T-shirts
BOM-T-S-32794-OLIVE2XL,Knitwear,Polo T-shirts
BOM-T-S-32795-BROWNXS,Knitwear,Polo T-shirts
BOM-T-S-32796-BROWNS,Knitwear,Polo T-shirts
BOM-T-S-32797-BROWNM,Knitwear,Polo T-shirts
BOM-T-S-32798-BROWNL,Knitwear,Polo T-shirts
BOM-T-S-32799-BROWNXL,Knitwear,Polo T-shirts
BOM-T-S-32800-BROWN2XL,Knitwear,Polo T-shirts
BOM-T-S-32865-BOTTLXS,Knitwear,Polo T-shirts
BOM-T-S-32866-BOTTLS,Knitwear,Polo T-shirts
BOM-T-S-32867-BOTTLM,Knitwear,Polo T-shirts
BOM-T-S-32868-BOTTLL,Knitwear,Polo T-shirts
BOM-T-S-32869-BOTTLXL,Knitwear,Polo T-shirts
BOM-T-S-32870-BOTTL2XL,Knitwear,Polo T-shirts
BOM-T-S-32871-BOTTL3XL,Knitwear,Polo T-shirts
BOM-T-S-32872-BOTTL4XL,Knitwear,Polo T-shirts
BOM-T-S-32873-MID BXS,Knitwear,Polo T-shirts
BOM-T-S-32874-MID BS,Knitwear,Polo T-shirts
BOM-T-S-32875-MID BM,Knitwear,Polo T-shirts
BOM-T-S-32876-MID BL,Knitwear,Polo T-shirts
BOM-T-S-32877-MID BXL,Knitwear,Polo T-shirts
BOM-T-S-32878-MID B2XL,Knitwear,Polo T-shirts
BOM-T-S-32879-MID B3XL,Knitwear,Polo T-shirts
BOM-T-S-32880-MID B4XL,Knitwear,Polo T-shirts
BOM-T-S-32881-BROWNXS,Knitwear,Polo T-shirts
BOM-T-S-32882-BROWNS,Knitwear,Polo T-shirts
BOM-T-S-32883-BROWNM,Knitwear,Polo T-shirts
BOM-T-S-32884-BROWNL,Knitwear,Polo T-shirts
BOM-T-S-32885-BROWNXL,Knitwear,Polo T-shirts
BOM-T-S-32886-BROWN2XL,Knitwear,Polo T-shirts
BOM-T-S-32887-BROWN3XL,Knitwear,Polo T-shirts
BOM-T-S-32888-BROWN4XL,Knitwear,Polo T-shirts
BOM-T-S-33328-BROWNS,Knitwear,Round Neck T-shirts
BOM-T-S-33329-BROWNM,Knitwear,Round Neck T-shirts
BOM-T-S-33330-BROWNL,Knitwear,Round Neck T-shirts
BOM-T-S-33331-BROWNXL,Knitwear,Round Neck T-shirts
BOM-T-S-33332-BROWN2XL,Knitwear,Round Neck T-shirts
BOM-T-S-33336-GREYS,Knitwear,Round Neck T-shirts
BOM-T-S-33337-GREYM,Knitwear,Round Neck T-shirts
BOM-T-S-33338-GREYL,Knitwear,Round Neck T-shirts
BOM-T-S-33339-GREYXL,Knitwear,Round Neck T-shirts
BOM-T-S-33340-GREY2XL,Knitwear,Round Neck T-shirts
BOM-T-S-33344-CREAMS,Knitwear,Round Neck T-shirts
BOM-T-S-33345-CREAMM,Knitwear,Round Neck T-shirts
BOM-T-S-33346-CREAML,Knitwear,Round Neck T-shirts
BOM-T-S-33347-CREAMXL,Knitwear,Round Neck T-shirts
BOM-T-S-33348-CREAM2XL,Knitwear,Round Neck T-shirts
BOM-T-S-34041-BROWNXS,Knitwear,Round Neck T-shirts
BOM-T-S-34042-BROWNS,Knitwear,Round Neck T-shirts
BOM-T-S-34043-BROWNM,Knitwear,Round Neck T-shirts
BOM-T-S-34044-BROWNL,Knitwear,Round Neck T-shirts
BOM-T-S-34045-BROWNXL,Knitwear,Round Neck T-shirts
BOM-T-S-34046-BROWN2XL,Knitwear,Round Neck T-shirts
BOM-T-S-34047-BROWN3XL,Knitwear,Round Neck T-shirts
BOM-T-S-34048-BROWN4XL,Knitwear,Round Neck T-shirts
BOM-T-S-34049-PURPLXS,Knitwear,Round Neck T-shirts
BOM-T-S-34050-PURPLS,Knitwear,Round Neck T-shirts
BOM-T-S-34051-PURPLM,Knitwear,Round Neck T-shirts
BOM-T-S-34052-PURPLL,Knitwear,Round Neck T-shirts
BOM-T-S-34053-PURPL2XL,Knitwear,Round Neck T-shirts
BOM-T-S-34054-PURPL3XL,Knitwear,Round Neck T-shirts
BOM-T-S-34055-PURPL4XL,Knitwear,Round Neck T-shirts
BOM-T-S-34056-MID BXS,Knitwear,Round Neck T-shirts
BOM-T-S-34057-MID BS,Knitwear,Round Neck T-shirts
BOM-T-S-34058-MID BM,Knitwear,Round Neck T-shirts
BOM-T-S-34059-MID BL,Knitwear,Round Neck T-shirts
BOM-T-S-34060-MID BXL,Knitwear,Round Neck T-shirts
BOM-T-S-34061-MID B2XL,Knitwear,Round Neck T-shirts
BOM-T-S-34062-MID B3XL,Knitwear,Round Neck T-shirts
BOM-T-S-34063-MID B4XL,Knitwear,Round Neck T-shirts
BOM-T-S-34317-PURPLXL,Knitwear,Round Neck T-shirts
BOM-TIE-AC-4150,Accessories,Ties
BOM-TIE-AC-4255,Accessories,Ties
BOM-TIE-AC-4256,Accessories,Ties
BOM-TIE-AC-4257,Accessories,Ties
BOM-TIE-AC-4258,Accessories,Ties
BOM-TIE-AC-4259,Accessories,Ties
BOM-TIE-AC-4260,Accessories,Ties
BOM-TIE-AC-4261,Accessories,Ties
BOM-TIE-AC-4262,Accessories,Ties
BOM-TIE-AC-4263,Accessories,Ties
BOM-TIE-AC-4284,Accessories,Ties
BOM-TIE-AC-4286,Accessories,Ties
BOM-TIE-AC-4288,Accessories,Ties
BOM-TIE-AC-4290,Accessories,Ties
BOM-TIE-AC-4292,Accessories,Ties
BOM-TSH-SE-1000-OLIVE-XL,Knitwear,Polo T-shirts
BOM-TSH-SE-1001-OLIVE-2XL,Knitwear,Polo T-shirts
BOM-TSH-SE-1002-XS-OLIVE,Knitwear,Polo T-shirts
BOM-TSH-SE-1003-OLIVE-S,Knitwear,Polo T-shirts
BOM-TSH-SE-1004-OLIVE-M,Knitwear,Polo T-shirts
BOM-TSH-SE-1005-OLIVE-L,Knitwear,Polo T-shirts
BOM-TSH-SE-1006-OLIVE-XL,Knitwear,Polo T-shirts
BOM-TSH-SE-1007-OLIVE-2XL,Knitwear,Polo T-shirts
BOM-TSH-SE-1008-XS-BROWN,Knitwear,Polo T-shirts
BOM-TSH-SE-1009-BROWN-S,Knitwear,Polo T-shirts
BOM-TSH-SE-1010-BROWN-M,Knitwear,Polo T-shirts
BOM-TSH-SE-1011-BROWN-L,Knitwear,Polo T-shirts
BOM-TSH-SE-1012-BROWN-XL,Knitwear,Polo T-shirts
BOM-TSH-SE-1013-BROWN-2XL,Knitwear,Polo T-shirts
BOM-TSH-SE-1328-XS-BROWN,Knitwear,Round Neck T-shirts
BOM-TSH-SE-1329-BROWN-S,Knitwear,Round Neck T-shirts
BOM-TSH-SE-1330-BROWN-M,Knitwear,Round Neck T-shirts
BOM-TSH-SE-1331-BROWN-L,Knitwear,Round Neck T-shirts
BOM-TSH-SE-1332-BROWN-XL,Knitwear,Round Neck T-shirts
BOM-TSH-SE-1333-BROWN-2XL,Knitwear,Round Neck T-shirts
BOM-TSH-SE-1334-BROWN-3XL,Knitwear,Round Neck T-shirts
BOM-TSH-SE-1335-BROWN-4XL,Knitwear,Round Neck T-shirts
BOM-TSH-SE-1336-XS-BEIGE,Knitwear,Round Neck T-shirts
BOM-TSH-SE-1337-BEIGE-S,Knitwear,Round Neck T-shirts
BOM-TSH-SE-1338-BEIGE-M,Knitwear,Round Neck T-shirts
BOM-TSH-SE-1339-BEIGE-L,Knitwear,Round Neck T-shirts
BOM-TSH-SE-1340-BEIGE-XL,Knitwear,Round Neck T-shirts
BOM-TSH-SE-1341-BEIGE-2XL,Knitwear,Round Neck T-shirts
BOM-TSH-SE-1342-BEIGE-3XL,Knitwear,Round Neck T-shirts
BOM-TSH-SE-1343-BEIGE-4XL,Knitwear,Round Neck T-shirts
BOM-TSH-SE-1344-XS-WHITE,Knitwear,Round Neck T-shirts
BOM-TSH-SE-1345-WHITE-S,Knitwear,Round Neck T-shirts
BOM-TSH-SE-1346-WHITE-M,Knitwear,Round Neck T-shirts
BOM-TSH-SE-1347-WHITE-L,Knitwear,Round Neck T-shirts
BOM-TSH-SE-1348-WHITE-XL,Knitwear,Round Neck T-shirts
BOM-TSH-SE-1349-WHITE-2XL,Knitwear,Round Neck T-shirts
BOM-TSH-SE-1350-WHITE-3XL,Knitwear,Round Neck T-shirts
BOM-TSH-SE-1351-WHITE-4XL,Knitwear,Round Neck T-shirts
BOM-TSH-SE-1352-XS-BLACK,Knitwear,Round Neck T-shirts
BOM-TSH-SE-1353-BLACK-S,Knitwear,Round Neck T-shirts
BOM-TSH-SE-1354-BLACK-M,Knitwear,Round Neck T-shirts
BOM-TSH-SE-1355-BLACK-L,Knitwear,Round Neck T-shirts
BOM-TSH-SE-1356-BLACK-XL,Knitwear,Round Neck T-shirts
BOM-TSH-SE-1357-BLACK-2XL,Knitwear,Round Neck T-shirts
BOM-TSH-SE-1358-BLACK-3XL,Knitwear,Round Neck T-shirts
BOM-TSH-SE-1359-BLACK-4XL,Knitwear,Round Neck T-shirts
BOM-TSH-SE-1361-XS-NAVY,Knitwear,Round Neck T-shirts
BOM-TSH-SE-1362-NAVY-S,Knitwear,Round Neck T-shirts
BOM-TSH-SE-1363-NAVY-M,Knitwear,Round Neck T-shirts
BOM-TSH-SE-1364-NAVY-XL,Knitwear,Round Neck T-shirts
BOM-TSH-SE-1365-NAVY-2XL,Knitwear,Round Neck T-shirts
BOM-TSH-SE-1366-NAVY-3XL,Knitwear,Round Neck T-shirts
BOM-TSH-SE-1367-NAVY-4XL,Knitwear,Round Neck T-shirts
BOM-TSH-SE-1604-S-RED,Knitwear,Polo T-shirts
BOM-TSH-SE-1605-RED-M,Knitwear,Polo T-shirts
BOM-TSH-SE-1606-RED-L,Knitwear,Polo T-shirts
BOM-TSH-SE-1607-RED-XL,Knitwear,Polo T-shirts
BOM-TSH-SE-1608-RED-2XL,Knitwear,Polo T-shirts
BOM-TSH-SE-1609-RED-3XL,Knitwear,Polo T-shirts
BOM-TSH-SE-1720-S-NAVY,Knitwear,Polo T-shirts
BOM-TSH-SE-1721-NAVY-M,Knitwear,Polo T-shirts
BOM-TSH-SE-1722-NAVY-L,Knitwear,Polo T-shirts
BOM-TSH-SE-1723-NAVY-XL,Knitwear,Polo T-shirts
BOM-TSH-SE-1724-NAVY-2XL,Knitwear,Polo T-shirts
BOM-TSH-SE-1725-NAVY-3XL,Knitwear,Polo T-shirts
BOM-TSH-SE-1726-S-OLIVE,Knitwear,Polo T-shirts
BOM-TSH-SE-1727-OLIVE-M,Knitwear,Polo T-shirts
BOM-TSH-SE-1728-OLIVE-L,Knitwear,Polo T-shirts
BOM-TSH-SE-1729-OLIVE-XL,Knitwear,Polo T-shirts
BOM-TSH-SE-1730-OLIVE-2XL,Knitwear,Polo T-shirts
BOM-TSH-SE-1731-OLIVE-3XL,Knitwear,Polo T-shirts
BOM-TSH-SE-1823-XS-PINK,Knitwear,Polo T-shirts
BOM-TSH-SE-1824-PINK-S,Knitwear,Polo T-shirts
BOM-TSH-SE-1825-PINK-M,Knitwear,Polo T-shirts
BOM-TSH-SE-1826-PINK-L,Knitwear,Polo T-shirts
BOM-TSH-SE-1827-PINK-XL,Knitwear,Polo T-shirts
BOM-TSH-SE-1828-PINK-2XL,Knitwear,Polo T-shirts
BOM-TSH-SE-1829-PINK-3XL,Knitwear,Polo T-shirts
BOM-TSH-SE-1830-PINK-4XL,Knitwear,Polo T-shirts
BOM-TSH-SE-1831-YELLOW-XS,Knitwear,Polo T-shirts
BOM-TSH-SE-1832-YELLOW-S,Knitwear,Polo T-shirts
BOM-TSH-SE-1833-YELLOW-M,Knitwear,Polo T-shirts
BOM-TSH-SE-1834-YELLOW-L,Knitwear,Polo T-shirts
BOM-TSH-SE-1835-YELLOW-XL,Knitwear,Polo T-shirts
BOM-TSH-SE-1836-YELLOW-2XL,Knitwear,Polo T-shirts
BOM-TSH-SE-1837-YELLOW-3XL,Knitwear,Polo T-shirts
BOM-TSH-SE-1838-YELLOW-4XL,Knitwear,Polo T-shirts
BOM-TSH-SE-1851-XS-CARAMEL,Knitwear,Polo T-shirts
BOM-TSH-SE-1852-CARAMEL-S,Knitwear,Polo T-shirts
BOM-TSH-SE-1853-CARAMEL-M,Knitwear,Polo T-shirts
BOM-TSH-SE-1854-CARAMEL-L,Knitwear,Polo T-shirts
BOM-TSH-SE-1855-CARAMEL-XL,Knitwear,Polo T-shirts
BOM-TSH-SE-1856-CARAMEL-2XL,Knitwear,Polo T-shirts
BOM-TSH-SE-1857-CARAMEL-3XL,Knitwear,Polo T-shirts
BOM-TSH-SE-1858-CARAMEL-4XL,Knitwear,Polo T-shirts
BOM-TSH-SE-1859-XS-FRESH BLUE,Knitwear,Polo T-shirts
BOM-TSH-SE-1860-FRESH BLUE-S,Knitwear,Polo T-shirts
BOM-TSH-SE-1861-FRESH BLUE-M,Knitwear,Polo T-shirts
BOM-TSH-SE-1862-FRESH BLUE-L,Knitwear,Polo T-shirts
BOM-TSH-SE-1863-FRESH BLUE-XL,Knitwear,Polo T-shirts
BOM-TSH-SE-1864-FRESH BLUE-2XL,Knitwear,Polo T-shirts
BOM-TSH-SE-1865-FRESH BLUE-3XL,Knitwear,Polo T-shirts
BOM-TSH-SE-1866-FRESH BLUE-4XL,Knitwear,Polo T-shirts
BOM-TSH-SE-2228-XS-GREY,Knitwear,Round Neck T-shirts
BOM-TSH-SE-2229-GREY-S,Knitwear,Round Neck T-shirts
BOM-TSH-SE-2230-GREY-M,Knitwear,Round Neck T-shirts
BOM-TSH-SE-2231-GREY-L,Knitwear,Round Neck T-shirts
BOM-TSH-SE-2232-GREY-XL,Knitwear,Round Neck T-shirts
BOM-TSH-SE-2233-GREY-2XL,Knitwear,Round Neck T-shirts
BOM-TSH-SE-2234-GREY-3XL,Knitwear,Round Neck T-shirts
BOM-TSH-SE-2235-GREY-4XL,Knitwear,Round Neck T-shirts
BOM-TSH-SE-2376-XS-OLIVE,Knitwear,Polo T-shirts
BOM-TSH-SE-2377-OLIVE-S,Knitwear,Polo T-shirts
BOM-TSH-SE-2378-OLIVE-M,Knitwear,Polo T-shirts
BOM-TSH-SE-2379-OLIVE-L,Knitwear,Polo T-shirts
BOM-TSH-SE-2380-OLIVE-XL,Knitwear,Polo T-shirts
BOM-TSH-SE-2381-OLIVE-2XL,Knitwear,Polo T-shirts
BOM-TSH-SE-2382-OLIVE-3XL,Knitwear,Polo T-shirts
BOM-TSH-SE-2383-OLIVE-4XL,Knitwear,Polo T-shirts
BOM-TSH-SE-2384-XS-NAVY,Knitwear,Polo T-shirts
BOM-TSH-SE-2385-NAVY-S,Knitwear,Polo T-shirts
BOM-TSH-SE-2386-NAVY-M,Knitwear,Polo T-shirts
BOM-TSH-SE-2387-NAVY-L,Knitwear,Polo T-shirts
BOM-TSH-SE-2388-NAVY-XL,Knitwear,Polo T-shirts
BOM-TSH-SE-2389-NAVY-2XL,Knitwear,Polo T-shirts
BOM-TSH-SE-2390-NAVY-3XL,Knitwear,Polo T-shirts
BOM-TSH-SE-2391-NAVY-4XL,Knitwear,Polo T-shirts
BOM-TSH-SE-2692-NAVY-L,Knitwear,Round Neck T-shirts
BOM-TSH-SE-3331-XS-BLACK,Knitwear,Polo T-shirts
BOM-TSH-SE-3332-BLACK-S,Knitwear,Polo T-shirts
BOM-TSH-SE-3333-BLACK-M,Knitwear,Polo T-shirts
BOM-TSH-SE-3334-BLACK-L,Knitwear,Polo T-shirts
BOM-TSH-SE-3335-BLACK-XL,Knitwear,Polo T-shirts
BOM-TSH-SE-3336-BLACK-2XL,Knitwear,Polo T-shirts
BOM-TSH-SE-3339-XS-MID BLUE,Knitwear,Polo T-shirts
BOM-TSH-SE-3340-MID BLUE -S,Knitwear,Polo T-shirts
BOM-TSH-SE-3341-MID BLUE -M,Knitwear,Polo T-shirts
BOM-TSH-SE-3342-MID BLUE -L,Knitwear,Polo T-shirts
BOM-TSH-SE-3343-MID BLUE -XL,Knitwear,Polo T-shirts
BOM-TSH-SE-3344-MID BLUE -2XL,Knitwear,Polo T-shirts
BOM-TSH-SE-3347-XS-ECRU,Knitwear,Polo T-shirts
BOM-TSH-SE-3348-ECRU-S,Knitwear,Polo T-shirts
BOM-TSH-SE-3349-ECRU-M,Knitwear,Polo T-shirts
BOM-TSH-SE-3350-ECRU-L,Knitwear,Polo T-shirts
BOM-TSH-SE-3351-ECRU-XL,Knitwear,Polo T-shirts
BOM-TSH-SE-3352-ECRU-2XL,Knitwear,Polo T-shirts
BOM-TSH-SE-3355-XS-CHOCOLATE BROWN,Knitwear,Polo T-shirts
BOM-TSH-SE-3356-CHOCOLATE BROWN -S,Knitwear,Polo T-shirts
BOM-TSH-SE-3357-CHOCOLATE BROWN -M,Knitwear,Polo T-shirts
BOM-TSH-SE-3358-CHOCOLATE BROWN -L,Knitwear,Polo T-shirts
BOM-TSH-SE-3359-CHOCOLATE BROWN -XL,Knitwear,Polo T-shirts
BOM-TSH-SE-3360-CHOCOLATE BROWN -2XL,Knitwear,Polo T-shirts
BOM-TSH-SE-3361-CHOCOLATE BROWN -3XL,Knitwear,Polo T-shirts
BOM-TSH-SE-3362-CHOCOLATE BROWN -4XL,Knitwear,Polo T-shirts
BOM-TSH-SE-3363-XS-DARK GREEN,Knitwear,Polo T-shirts
BOM-TSH-SE-3364-DARK GREEN -S,Knitwear,Polo T-shirts
BOM-TSH-SE-3365-DARK GREEN -M,Knitwear,Polo T-shirts
BOM-TSH-SE-3366-DARK GREEN -L,Knitwear,Polo T-shirts
BOM-TSH-SE-3367-DARK GREEN -XL,Knitwear,Polo T-shirts
BOM-TSH-SE-3368-DARK GREEN -2XL,Knitwear,Polo T-shirts
BOM-TSH-SE-3369-DARK GREEN -3XL,Knitwear,Polo T-shirts
BOM-TSH-SE-3370-DARK GREEN -4XL,Knitwear,Polo T-shirts
BOM-TSH-SE-3371-XS-DARK WINE,Knitwear,Polo T-shirts
BOM-TSH-SE-3372-DARK WINE -S,Knitwear,Polo T-shirts
BOM-TSH-SE-3373-DARK WINE -M,Knitwear,Polo T-shirts
BOM-TSH-SE-3374-DARK WINE -L,Knitwear,Polo T-shirts
BOM-TSH-SE-3375-DARK WINE -XL,Knitwear,Polo T-shirts
BOM-TSH-SE-3376-DARK WINE -2XL,Knitwear,Polo T-shirts
BOM-TSH-SE-3377-DARK WINE -3XL,Knitwear,Polo T-shirts
BOM-TSH-SE-3378-DARK WINE -4XL,Knitwear,Polo T-shirts
BOM-TSH-SE-3379-XS-GREEN,Knitwear,Polo T-shirts
BOM-TSH-SE-3380-GREEN -S,Knitwear,Polo T-shirts
BOM-TSH-SE-3381-GREEN -M,Knitwear,Polo T-shirts
BOM-TSH-SE-3382-GREEN -L,Knitwear,Polo T-shirts
BOM-TSH-SE-3383-GREEN -XL,Knitwear,Polo T-shirts
BOM-TSH-SE-3384-GREEN -2XL,Knitwear,Polo T-shirts
BOM-TSH-SE-3387-XS-NAVY,Knitwear,Polo T-shirts
BOM-TSH-SE-3388-NAVY-S,Knitwear,Polo T-shirts
BOM-TSH-SE-3389-NAVY-M,Knitwear,Polo T-shirts
BOM-TSH-SE-3390-NAVY-L,Knitwear,Polo T-shirts
BOM-TSH-SE-3391-NAVY-XL,Knitwear,Polo T-shirts
BOM-TSH-SE-3392-NAVY-2XL,Knitwear,Polo T-shirts
BOM-TSH-SE-3395-XS-LIGHT BLUE,Knitwear,Polo T-shirts
BOM-TSH-SE-3396-LIGHT BLUE -S,Knitwear,Polo T-shirts
BOM-TSH-SE-3397-LIGHT BLUE -M,Knitwear,Polo T-shirts
BOM-TSH-SE-3398-LIGHT BLUE -L,Knitwear,Polo T-shirts
BOM-TSH-SE-3399-LIGHT BLUE -XL,Knitwear,Polo T-shirts
BOM-TSH-SE-3400-LIGHT BLUE -2XL,Knitwear,Polo T-shirts
BOM-TSH-SE-3403-XS-GREEN,Knitwear,Polo T-shirts
BOM-TSH-SE-3404-GREEN -S,Knitwear,Polo T-shirts
BOM-TSH-SE-3405-GREEN -M,Knitwear,Polo T-shirts
BOM-TSH-SE-3406-GREEN -L,Knitwear,Polo T-shirts
BOM-TSH-SE-3407-GREEN -XL,Knitwear,Polo T-shirts
BOM-TSH-SE-3408-GREEN -2XL,Knitwear,Polo T-shirts
BOM-TSH-SE-3411-XS-NAVY,Knitwear,Polo T-shirts
BOM-TSH-SE-3412-NAVY-S,Knitwear,Polo T-shirts
BOM-TSH-SE-3413-NAVY-M,Knitwear,Polo T-shirts
BOM-TSH-SE-3414-NAVY-L,Knitwear,Polo T-shirts
BOM-TSH-SE-3415-NAVY-XL,Knitwear,Polo T-shirts
BOM-TSH-SE-3416-NAVY-2XL,Knitwear,Polo T-shirts
BOM-TSH-SE-3419-XS-JET BLACK,Knitwear,Polo T-shirts
BOM-TSH-SE-3420-JET BLACK-S,Knitwear,Polo T-shirts
BOM-TSH-SE-3421-JET BLACK-M,Knitwear,Polo T-shirts
BOM-TSH-SE-3422-JET BLACK-L,Knitwear,Polo T-shirts
BOM-TSH-SE-3423-JET BLACK-XL,Knitwear,Polo T-shirts
BOM-TSH-SE-3424-JET BLACK-2XL,Knitwear,Polo T-shirts
BOM-TSH-SE-3807-XS-ECRU,Knitwear,Polo T-shirts
BOM-TSH-SE-3808-ECRU-S,Knitwear,Polo T-shirts
BOM-TSH-SE-3809-ECRU-M,Knitwear,Polo T-shirts
BOM-TSH-SE-3810-ECRU-L,Knitwear,Polo T-shirts
BOM-TSH-SE-3811-ECRU-XL,Knitwear,Polo T-shirts
BOM-TSH-SE-3812-ECRU-2XL,Knitwear,Polo T-shirts
BOM-TSH-SE-3813-ECRU-3XL,Knitwear,Polo T-shirts
BOM-TSH-SE-3814-ECRU-4XL,Knitwear,Polo T-shirts
BOM-TSH-SE-3948-XS-DARK BLUE,Knitwear,Polo T-shirts
BOM-TSH-SE-3949-DARK BLUE-S,Knitwear,Polo T-shirts
BOM-TSH-SE-3950-DARK BLUE-M,Knitwear,Polo T-shirts
BOM-TSH-SE-3951-DARK BLUE-L,Knitwear,Polo T-shirts
BOM-TSH-SE-3952-DARK BLUE-XL,Knitwear,Polo T-shirts
BOM-TSH-SE-3953-DARK BLUE-2XL,Knitwear,Polo T-shirts
BOM-TSH-SE-3954-DARK BLUE-3XL,Knitwear,Polo T-shirts
BOM-TSH-SE-3955-DARK BLUE-4XL,Knitwear,Polo T-shirts
BOM-TSH-SE-3956-XS-GREEN,Knitwear,Polo T-shirts
BOM-TSH-SE-3957-GREEN-S,Knitwear,Polo T-shirts
BOM-TSH-SE-3958-GREEN-M,Knitwear,Polo T-shirts
BOM-TSH-SE-3959-GREEN-L,Knitwear,Polo T-shirts
BOM-TSH-SE-3960-GREEN-XL,Knitwear,Polo T-shirts
BOM-TSH-SE-3961-GREEN-2XL,Knitwear,Polo T-shirts
BOM-TSH-SE-3962-GREEN-3XL,Knitwear,Polo T-shirts
BOM-TSH-SE-3963-GREEN-4XL,Knitwear,Polo T-shirts
BOM-TSH-SE-3964-XS-BEIGE,Knitwear,Polo T-shirts
BOM-TSH-SE-3965-BEIGE-S,Knitwear,Polo T-shirts
BOM-TSH-SE-3966-BEIGE-M,Knitwear,Polo T-shirts
BOM-TSH-SE-3967-BEIGE-L,Knitwear,Polo T-shirts
BOM-TSH-SE-3968-BEIGE-XL,Knitwear,Polo T-shirts
BOM-TSH-SE-3969-BEIGE-2XL,Knitwear,Polo T-shirts
BOM-TSH-SE-3970-BEIGE-3XL,Knitwear,Polo T-shirts
BOM-TSH-SE-3971-BEIGE-4XL,Knitwear,Polo T-shirts
BOM-TSH-SE-3972-XS-MAROON,Knitwear,Polo T-shirts
BOM-TSH-SE-3973-MAROON-S,Knitwear,Polo T-shirts
BOM-TSH-SE-3974-MAROON-M,Knitwear,Polo T-shirts
BOM-TSH-SE-3975-MAROON-L,Knitwear,Polo T-shirts
BOM-TSH-SE-3976-MAROON-XL,Knitwear,Polo T-shirts
BOM-TSH-SE-3977-MAROON-2XL,Knitwear,Polo T-shirts
BOM-TSH-SE-3978-MAROON-3XL,Knitwear,Polo T-shirts
BOM-TSH-SE-3979-MAROON-4XL,Knitwear,Polo T-shirts
BOM-TSH-SE-4104-GREEN-S,Knitwear,Polo T-shirts
BOM-TSH-SE-4105-GREEN-M,Knitwear,Polo T-shirts
BOM-TSH-SE-4106-GREEN-L,Knitwear,Polo T-shirts
BOM-TSH-SE-4107-GREEN-XL,Knitwear,Polo T-shirts
BOM-TSH-SE-4108-GREEN-2XL,Knitwear,Polo T-shirts
BOM-TSH-SE-4109-GREEN-3XL,Knitwear,Polo T-shirts
BOM-TSH-SE-4112-BLACK-S,Knitwear,Polo T-shirts
BOM-TSH-SE-4113-BLACK-M,Knitwear,Polo T-shirts
BOM-TSH-SE-4114-BLACK-L,Knitwear,Polo T-shirts
BOM-TSH-SE-4115-BLACK-XL,Knitwear,Polo T-shirts
BOM-TSH-SE-4116-BLACK-2XL,Knitwear,Polo T-shirts
BOM-TSH-SE-4117-BLACK-3XL,Knitwear,Polo T-shirts
BOM-TSH-SE-4120-BEIGE-S,Knitwear,Polo T-shirts
BOM-TSH-SE-4121-BEIGE-M,Knitwear,Polo T-shirts
BOM-TSH-SE-4122-BEIGE-L,Knitwear,Polo T-shirts
BOM-TSH-SE-4123-BEIGE-XL,Knitwear,Polo T-shirts
BOM-TSH-SE-4124-BEIGE-2XL,Knitwear,Polo T-shirts
BOM-TSH-SE-4125-BEIGE-3XL,Knitwear,Polo T-shirts
BOM-TSH-SE-4445-XS-PINK,Knitwear,Round Neck T-shirts
BOM-TSH-SE-4446-PINK-S,Knitwear,Round Neck T-shirts
BOM-TSH-SE-4447-PINK-M,Knitwear,Round Neck T-shirts
BOM-TSH-SE-4448-PINK-L,Knitwear,Round Neck T-shirts
BOM-TSH-SE-4449-PINK-XL,Knitwear,Round Neck T-shirts
BOM-TSH-SE-4450-PINK-2XL,Knitwear,Round Neck T-shirts
BOM-TSH-SE-4451-PINK-3XL,Knitwear,Round Neck T-shirts
BOM-TSH-SE-4452-PINK-4XL,Knitwear,Round Neck T-shirts
BOM-TSH-SE-4453-XS-OLIVE,Knitwear,Round Neck T-shirts
BOM-TSH-SE-4454-OLIVE-S,Knitwear,Round Neck T-shirts
BOM-TSH-SE-4455-OLIVE-M,Knitwear,Round Neck T-shirts
BOM-TSH-SE-4456-OLIVE-L,Knitwear,Round Neck T-shirts
BOM-TSH-SE-4457-OLIVE-XL,Knitwear,Round Neck T-shirts
BOM-TSH-SE-4458-OLIVE-2XL,Knitwear,Round Neck T-shirts
BOM-TSH-SE-4459-OLIVE-3XL,Knitwear,Round Neck T-shirts
BOM-TSH-SE-4460-OLIVE-4XL,Knitwear,Round Neck T-shirts
BOM-TSH-SE-4461-XS-LIGHT BLUE,Knitwear,Round Neck T-shirts
BOM-TSH-SE-4462-LIGHT BLUE-S,Knitwear,Round Neck T-shirts
BOM-TSH-SE-4463-LIGHT BLUE-M,Knitwear,Round Neck T-shirts
BOM-TSH-SE-4464-LIGHT BLUE-L,Knitwear,Round Neck T-shirts
BOM-TSH-SE-4465-LIGHT BLUE-XL,Knitwear,Round Neck T-shirts
BOM-TSH-SE-4466-LIGHT BLUE-2XL,Knitwear,Round Neck T-shirts
BOM-TSH-SE-4467-LIGHT BLUE-3XL,Knitwear,Round Neck T-shirts
BOM-TSH-SE-4468-LIGHT BLUE-4XL,Knitwear,Round Neck T-shirts
BOM-TSH-SE-73-XS-WHITE,Knitwear,Polo T-shirts
BOM-TSH-SE-74-WHITE-S,Knitwear,Polo T-shirts
BOM-TSH-SE-75-WHITE-M,Knitwear,Polo T-shirts
BOM-TSH-SE-76-WHITE-L,Knitwear,Polo T-shirts
BOM-TSH-SE-77-WHITE-XL,Knitwear,Polo T-shirts
BOM-TSH-SE-78-WHITE-2XL,Knitwear,Polo T-shirts
BOM-TSH-SE-79-WHITE-3XL,Knitwear,Polo T-shirts
BOM-TSH-SE-80-WHITE-4XL,Knitwear,Polo T-shirts
BOM-TSH-SE-89-XS-BLACK,Knitwear,Polo T-shirts
BOM-TSH-SE-90-BLACK-S,Knitwear,Polo T-shirts
BOM-TSH-SE-903-BROWN-S,Knitwear,Polo T-shirts
BOM-TSH-SE-904-BROWN-M,Knitwear,Polo T-shirts
BOM-TSH-SE-905-BROWN-L,Knitwear,Polo T-shirts
BOM-TSH-SE-906-BROWN-XL,Knitwear,Polo T-shirts
BOM-TSH-SE-907-BROWN-2XL,Knitwear,Polo T-shirts
BOM-TSH-SE-91-BLACK-M,Knitwear,Polo T-shirts
BOM-TSH-SE-910-XS-BLACK,Knitwear,Polo T-shirts
BOM-TSH-SE-911-BLACK-S,Knitwear,Polo T-shirts
BOM-TSH-SE-912-BLACK-M,Knitwear,Polo T-shirts
BOM-TSH-SE-913-BLACK-L,Knitwear,Polo T-shirts
BOM-TSH-SE-914-BLACK-XL,Knitwear,Polo T-shirts
BOM-TSH-SE-915-BLACK-2XL,Knitwear,Polo T-shirts
BOM-TSH-SE-917-ECRU-S,Knitwear,Polo T-shirts
BOM-TSH-SE-918-ECRU-M,Knitwear,Polo T-shirts
BOM-TSH-SE-919-ECRU-L,Knitwear,Polo T-shirts
BOM-TSH-SE-92-BLACK-L,Knitwear,Polo T-shirts
BOM-TSH-SE-920-ECRU-XL,Knitwear,Polo T-shirts
BOM-TSH-SE-921-ECRU-2XL,Knitwear,Polo T-shirts
BOM-TSH-SE-924-XS-GREY,Knitwear,Polo T-shirts
BOM-TSH-SE-925-GREY-S,Knitwear,Polo T-shirts
BOM-TSH-SE-926-GREY-M,Knitwear,Polo T-shirts
BOM-TSH-SE-927-GREY-L,Knitwear,Polo T-shirts
BOM-TSH-SE-928-GREY-XL,Knitwear,Polo T-shirts
BOM-TSH-SE-929-GREY-2XL,Knitwear,Polo T-shirts
BOM-TSH-SE-93-BLACK-XL,Knitwear,Polo T-shirts
BOM-TSH-SE-930-XS-ECRU,Knitwear,Polo T-shirts
BOM-TSH-SE-931-ECRU-S,Knitwear,Polo T-shirts
BOM-TSH-SE-932-ECRU-M,Knitwear,Polo T-shirts
BOM-TSH-SE-933-ECRU-L,Knitwear,Polo T-shirts
BOM-TSH-SE-934-ECRU-XL,Knitwear,Polo T-shirts
BOM-TSH-SE-935-ECRU-2XL,Knitwear,Polo T-shirts
BOM-TSH-SE-937-BLACK-S,Knitwear,Polo T-shirts
BOM-TSH-SE-938-BLACK-M,Knitwear,Polo T-shirts
BOM-TSH-SE-939-BLACK-L,Knitwear,Polo T-shirts
BOM-TSH-SE-94-BLACK-2XL,Knitwear,Polo T-shirts
BOM-TSH-SE-940-BLACK-XL,Knitwear,Polo T-shirts
BOM-TSH-SE-941-BLACK-2XL,Knitwear,Polo T-shirts
BOM-TSH-SE-95-BLACK-3XL,Knitwear,Polo T-shirts
BOM-TSH-SE-96-BLACK-4XL,Knitwear,Polo T-shirts
BOM-TSH-SE-960-XS-BROWN,Knitwear,Polo T-shirts
BOM-TSH-SE-961-BROWN-S,Knitwear,Polo T-shirts
BOM-TSH-SE-962-BROWN-M,Knitwear,Polo T-shirts
BOM-TSH-SE-963-BROWN-L,Knitwear,Polo T-shirts
BOM-TSH-SE-964-BROWN-XL,Knitwear,Polo T-shirts
BOM-TSH-SE-965-BROWN-2XL,Knitwear,Polo T-shirts
BOM-TSH-SE-966-XS-BLACK,Knitwear,Polo T-shirts
BOM-TSH-SE-967-BLACK-S,Knitwear,Polo T-shirts
BOM-TSH-SE-968-BLACK-M,Knitwear,Polo T-shirts
BOM-TSH-SE-969-BLACK-L,Knitwear,Polo T-shirts
BOM-TSH-SE-970-BLACK-XL,Knitwear,Polo T-shirts
BOM-TSH-SE-972-BLACK-3XL,Knitwear,Polo T-shirts
BOM-TSH-SE-973-BLACK-4XL,Knitwear,Polo T-shirts
BOM-TSH-SE-974-XS-MAROON,Knitwear,Polo T-shirts
BOM-TSH-SE-975-MAROON-S,Knitwear,Polo T-shirts
BOM-TSH-SE-976-MAROON-M,Knitwear,Polo T-shirts
BOM-TSH-SE-977-MAROON-L,Knitwear,Polo T-shirts
BOM-TSH-SE-978-MAROON-XL,Knitwear,Polo T-shirts
BOM-TSH-SE-979-MAROON-2XL,Knitwear,Polo T-shirts
BOM-TSH-SE-980-MAROON-3XL,Knitwear,Polo T-shirts
BOM-TSH-SE-981-MAROON-4XL,Knitwear,Polo T-shirts
BOM-TSH-SE-982-XS-BROWN,Knitwear,Polo T-shirts
BOM-TSH-SE-983-BROWN-S,Knitwear,Polo T-shirts
BOM-TSH-SE-984-BROWN-M,Knitwear,Polo T-shirts
BOM-TSH-SE-985-BROWN-L,Knitwear,Polo T-shirts
BOM-TSH-SE-986-BROWN-XL,Knitwear,Polo T-shirts
BOM-TSH-SE-987-BROWN-2XL,Knitwear,Polo T-shirts
BOM-TSH-SE-988-BROWN-3XL,Knitwear,Polo T-shirts
BOM-TSH-SE-989-BROWN-4XL,Knitwear,Polo T-shirts
BOM-TSH-SE-990-XS-ECRU,Knitwear,Polo T-shirts
BOM-TSH-SE-991-ECRU-S,Knitwear,Polo T-shirts
BOM-TSH-SE-992-ECRU-M,Knitwear,Polo T-shirts
BOM-TSH-SE-993-ECRU-L,Knitwear,Polo T-shirts
BOM-TSH-SE-994-ECRU-XL,Knitwear,Polo T-shirts
BOM-TSH-SE-995-ECRU-2XL,Knitwear,Polo T-shirts
BOM-TSH-SE-996-XS-OLIVE,Knitwear,Polo T-shirts
BOM-TSH-SE-997-OLIVE-S,Knitwear,Polo T-shirts
BOM-TSH-SE-998-OLIVE-M,Knitwear,Polo T-shirts
BOM-TSH-SE-999-OLIVE-L,Knitwear,Polo T-shirts
BOM-WAS-31315-NAVY30,Shorts,Washed Shorts
BOM-WAS-31316-NAVY32,Shorts,Washed Shorts
BOM-WAS-31317-NAVY34,Shorts,Washed Shorts
BOM-WAS-31318-NAVY36,Shorts,Washed Shorts
BOM-WAS-31319-NAVY38,Shorts,Washed Shorts
BOM-WAS-31320-NAVY40,Shorts,Washed Shorts
BOM-WAS-31477-OLIVE30,Shorts,Washed Shorts
BOM-WAS-31478-OLIVE32,Shorts,Washed Shorts
BOM-WAS-31479-OLIVE34,Shorts,Washed Shorts
BOM-WAS-31480-OLIVE36,Shorts,Washed Shorts
BOM-WAS-31481-OLIVE38,Shorts,Washed Shorts
BOM-WAS-31482-OLIVE40,Shorts,Washed Shorts
BOM-WAS-31487-ORANG30,Shorts,Washed Shorts
BOM-WAS-31488-ORANG32,Shorts,Washed Shorts
BOM-WAS-31489-ORANG34,Shorts,Washed Shorts
BOM-WAS-31490-ORANG36,Shorts,Washed Shorts
BOM-WAS-31491-ORANG38,Shorts,Washed Shorts
BOM-WAS-31492-ORANG40,Shorts,Washed Shorts
BOM-WAS-31497-GREEN30,Shorts,Washed Shorts
BOM-WAS-31498-GREEN32,Shorts,Washed Shorts
BOM-WAS-31499-GREEN34,Shorts,Washed Shorts
BOM-WAS-31500-GREEN36,Shorts,Washed Shorts
BOM-WAS-31501-GREEN38,Shorts,Washed Shorts
BOM-WAS-31502-GREEN40,Shorts,Washed Shorts
BOM-WAS-31508-LIGHT30,Shorts,Washed Shorts
BOM-WAS-31509-LIGHT32,Shorts,Washed Shorts
BOM-WAS-31510-LIGHT34,Shorts,Washed Shorts
BOM-WAS-31511-LIGHT36,Shorts,Washed Shorts
BOM-WAS-31512-LIGHT38,Shorts,Washed Shorts
BOM-WAS-31513-LIGHT40,Shorts,Washed Shorts
BOM-WID-HE-2848-DARK GREY-28,Casual Pants,Wide leg Pants
BOM-WID-HE-2849-DARK GREY-30,Casual Pants,Wide leg Pants
BOM-WID-HE-2850-DARK GREY-32,Casual Pants,Wide leg Pants
BOM-WID-HE-2851-DARK GREY-34,Casual Pants,Wide leg Pants
BOM-WID-HE-2852-DARK GREY-36,Casual Pants,Wide leg Pants
BOM-WID-HE-2853-DARK GREY-38,Casual Pants,Wide leg Pants
BOM-WID-HE-2855-DARK GREY-40,Casual Pants,Wide leg Pants
BOM-WID-HE-2858-DARK GREY-46,Casual Pants,Wide leg Pants
BOM-WID-HE-2861-ECRU-28,Casual Pants,Wide leg Pants
BOM-WID-HE-2862-ECRU-30,Casual Pants,Wide leg Pants
BOM-WID-HE-2863-ECRU-32,Casual Pants,Wide leg Pants
BOM-WID-HE-2864-ECRU-34,Casual Pants,Wide leg Pants
BOM-WID-HE-2865-ECRU-36,Casual Pants,Wide leg Pants
BOM-WID-HE-2866-ECRU-38,Casual Pants,Wide leg Pants
BOM-WID-HE-2868-ECRU-40,Casual Pants,Wide leg Pants
BOM-WID-HE-2875-NAVY-30,Casual Pants,Wide leg Pants
BOM-WID-HE-2876-NAVY-32,Casual Pants,Wide leg Pants
BOM-WID-HE-2877-NAVY-34,Casual Pants,Wide leg Pants
BOM-WID-HE-2878-NAVY-36,Casual Pants,Wide leg Pants
BOM-WID-HE-2879-NAVY-38,Casual Pants,Wide leg Pants
BOM-WID-HE-2887-GREY-30,Casual Pants,Wide leg Pants
BOM-WID-HE-2888-GREY-32,Casual Pants,Wide leg Pants
BOM-WID-HE-2889-GREY-34,Casual Pants,Wide leg Pants
BOM-WID-HE-2890-GREY-36,Casual Pants,Wide leg Pants
BOM-WID-HE-2891-GREY-38,Casual Pants,Wide leg Pants
BOM-WID-HE-2898-BROWN-28,Casual Pants,Wide leg Pants
BOM-WID-HE-2899-BROWN-30,Casual Pants,Wide leg Pants
BOM-WID-HE-2900-BROWN-32,Casual Pants,Wide leg Pants
BOM-WID-HE-2901-BROWN-34,Casual Pants,Wide leg Pants
BOM-WID-HE-2902-BROWN-36,Casual Pants,Wide leg Pants
BOM-WID-HE-2903-BROWN-38,Casual Pants,Wide leg Pants
BOM-WID-HE-2904-BROWN-40,Casual Pants,Wide leg Pants
BOM-WID-HE-3032-BROWN-28,Casual Pants,Wide leg Pants
BOM-WID-HE-3033-BROWN-30,Casual Pants,Wide leg Pants
BOM-WID-HE-3034-BROWN-32,Casual Pants,Wide leg Pants
BOM-WID-HE-3035-BROWN-34,Casual Pants,Wide leg Pants
BOM-WID-HE-3036-BROWN-36,Casual Pants,Wide leg Pants
BOM-WID-HE-3037-BROWN-38,Casual Pants,Wide leg Pants
BOM-WID-HE-3038-BROWN-40,Casual Pants,Wide leg Pants
BOM-WID-HE-3044-NAVY-28,Casual Pants,Wide leg Pants
BOM-WID-HE-3045-NAVY-30,Casual Pants,Wide leg Pants
BOM-WID-HE-3046-NAVY-32,Casual Pants,Wide leg Pants
BOM-WID-HE-3047-NAVY-34,Casual Pants,Wide leg Pants
BOM-WID-HE-3048-NAVY-36,Casual Pants,Wide leg Pants
BOM-WID-HE-3049-NAVY-38,Casual Pants,Wide leg Pants
BOM-WID-HE-3050-NAVY-40,Casual Pants,Wide leg Pants
